# Generated by generate_bionic_fish.py
# Units: meters
# Neutral-pose body-frame assembly for visual inspection only.
# Do NOT use this combined mesh as the articulated Stonefish robot.
o BionicFishV1_NeutralAssembly
v -0.181000000 0.050211107 0.000000000
v -0.181000000 0.049065339 0.012808568
v -0.181000000 0.045669565 0.023503862
v -0.181000000 0.040144859 0.032679923
v -0.181000000 0.032679923 0.040144859
v -0.181000000 0.023503862 0.045669565
v -0.181000000 0.012808568 0.049065339
v -0.181000000 0.000000000 0.050211107
v -0.181000000 -0.012808568 0.049065339
v -0.181000000 -0.023503862 0.045669565
v -0.181000000 -0.032679923 0.040144859
v -0.181000000 -0.040144859 0.032679923
v -0.181000000 -0.045669565 0.023503862
v -0.181000000 -0.049065339 0.012808568
v -0.181000000 -0.050211107 0.000000000
v -0.181000000 -0.049065339 -0.012808568
v -0.181000000 -0.045669565 -0.023503862
v -0.181000000 -0.040144859 -0.032679923
v -0.181000000 -0.032679923 -0.040144859
v -0.181000000 -0.023503862 -0.045669565
v -0.181000000 -0.012808568 -0.049065339
v -0.181000000 -0.000000000 -0.050211107
v -0.181000000 0.012808568 -0.049065339
v -0.181000000 0.023503862 -0.045669565
v -0.181000000 0.032679923 -0.040144859
v -0.181000000 0.040144859 -0.032679923
v -0.181000000 0.045669565 -0.023503862
v -0.181000000 0.049065339 -0.012808568
v -0.175343750 0.050876917 0.000000000
v -0.175343750 0.049715955 0.012910475
v -0.175343750 0.046275153 0.023690862
v -0.175343750 0.040677188 0.032939929
v -0.175343750 0.033113266 0.040464257
v -0.175343750 0.023815528 0.046032918
v -0.175343750 0.012978413 0.049455709
v -0.175343750 0.000000000 0.050610593
v -0.175343750 -0.012978413 0.049455709
v -0.175343750 -0.023815528 0.046032918
v -0.175343750 -0.033113266 0.040464257
v -0.175343750 -0.040677188 0.032939929
v -0.175343750 -0.046275153 0.023690862
v -0.175343750 -0.049715955 0.012910475
v -0.175343750 -0.050876917 0.000000000
v -0.175343750 -0.049715955 -0.012910475
v -0.175343750 -0.046275153 -0.023690862
v -0.175343750 -0.040677188 -0.032939929
v -0.175343750 -0.033113266 -0.040464257
v -0.175343750 -0.023815528 -0.046032918
v -0.175343750 -0.012978413 -0.049455709
v -0.175343750 -0.000000000 -0.050610593
v -0.175343750 0.012978413 -0.049455709
v -0.175343750 0.023815528 -0.046032918
v -0.175343750 0.033113266 -0.040464257
v -0.175343750 0.040677188 -0.032939929
v -0.175343750 0.046275153 -0.023690862
v -0.175343750 0.049715955 -0.012910475
v -0.169687500 0.052562744 0.000000000
v -0.169687500 0.051363313 0.013168502
v -0.169687500 0.047808499 0.024164344
v -0.169687500 0.042025043 0.033598262
v -0.169687500 0.034210487 0.041272970
v -0.169687500 0.024604665 0.046952925
v -0.169687500 0.013408458 0.050444124
v -0.169687500 0.000000000 0.051622089
v -0.169687500 -0.013408458 0.050444124
v -0.169687500 -0.024604665 0.046952925
v -0.169687500 -0.034210487 0.041272970
v -0.169687500 -0.042025043 0.033598262
v -0.169687500 -0.047808499 0.024164344
v -0.169687500 -0.051363313 0.013168502
v -0.169687500 -0.052562744 0.000000000
v -0.169687500 -0.051363313 -0.013168502
v -0.169687500 -0.047808499 -0.024164344
v -0.169687500 -0.042025043 -0.033598262
v -0.169687500 -0.034210487 -0.041272970
v -0.169687500 -0.024604665 -0.046952925
v -0.169687500 -0.013408458 -0.050444124
v -0.169687500 -0.000000000 -0.051622089
v -0.169687500 0.013408458 -0.050444124
v -0.169687500 0.024604665 -0.046952925
v -0.169687500 0.034210487 -0.041272970
v -0.169687500 0.042025043 -0.033598262
v -0.169687500 0.047808499 -0.024164344
v -0.169687500 0.051363313 -0.013168502
v -0.164031250 0.054801189 0.000000000
v -0.164031250 0.053550679 0.013511111
v -0.164031250 0.049844478 0.024793035
v -0.164031250 0.043814728 0.034472397
v -0.164031250 0.035667380 0.042346780
v -0.164031250 0.025652483 0.048174513
v -0.164031250 0.013979472 0.051756543
v -0.164031250 0.000000000 0.052965156
v -0.164031250 -0.013979472 0.051756543
v -0.164031250 -0.025652483 0.048174513
v -0.164031250 -0.035667380 0.042346780
v -0.164031250 -0.043814728 0.034472397
v -0.164031250 -0.049844478 0.024793035
v -0.164031250 -0.053550679 0.013511111
v -0.164031250 -0.054801189 0.000000000
v -0.164031250 -0.053550679 -0.013511111
v -0.164031250 -0.049844478 -0.024793035
v -0.164031250 -0.043814728 -0.034472397
v -0.164031250 -0.035667380 -0.042346780
v -0.164031250 -0.025652483 -0.048174513
v -0.164031250 -0.013979472 -0.051756543
v -0.164031250 -0.000000000 -0.052965156
v -0.164031250 0.013979472 -0.051756543
v -0.164031250 0.025652483 -0.048174513
v -0.164031250 0.035667380 -0.042346780
v -0.164031250 0.043814728 -0.034472397
v -0.164031250 0.049844478 -0.024793035
v -0.164031250 0.053550679 -0.013511111
v -0.158375000 0.057124850 0.000000000
v -0.158375000 0.055821317 0.013866762
v -0.158375000 0.051957967 0.025445659
v -0.158375000 0.045672545 0.035379811
v -0.158375000 0.037179736 0.043461471
v -0.158375000 0.026740191 0.049442606
v -0.158375000 0.014572225 0.053118926
v -0.158375000 0.000000000 0.054359353
v -0.158375000 -0.014572225 0.053118926
v -0.158375000 -0.026740191 0.049442606
v -0.158375000 -0.037179736 0.043461471
v -0.158375000 -0.045672545 0.035379811
v -0.158375000 -0.051957967 0.025445659
v -0.158375000 -0.055821317 0.013866762
v -0.158375000 -0.057124850 0.000000000
v -0.158375000 -0.055821317 -0.013866762
v -0.158375000 -0.051957967 -0.025445659
v -0.158375000 -0.045672545 -0.035379811
v -0.158375000 -0.037179736 -0.043461471
v -0.158375000 -0.026740191 -0.049442606
v -0.158375000 -0.014572225 -0.053118926
v -0.158375000 -0.000000000 -0.054359353
v -0.158375000 0.014572225 -0.053118926
v -0.158375000 0.026740191 -0.049442606
v -0.158375000 0.037179736 -0.043461471
v -0.158375000 0.045672545 -0.035379811
v -0.158375000 0.051957967 -0.025445659
v -0.158375000 0.055821317 -0.013866762
v -0.152718750 0.059066327 0.000000000
v -0.152718750 0.057718491 0.014163918
v -0.152718750 0.053723840 0.025990944
v -0.152718750 0.047224798 0.036137978
v -0.152718750 0.038443348 0.044392822
v -0.152718750 0.027648998 0.050502130
v -0.152718750 0.015067485 0.054257230
v -0.152718750 0.000000000 0.055524239
v -0.152718750 -0.015067485 0.054257230
v -0.152718750 -0.027648998 0.050502130
v -0.152718750 -0.038443348 0.044392822
v -0.152718750 -0.047224798 0.036137978
v -0.152718750 -0.053723840 0.025990944
v -0.152718750 -0.057718491 0.014163918
v -0.152718750 -0.059066327 0.000000000
v -0.152718750 -0.057718491 -0.014163918
v -0.152718750 -0.053723840 -0.025990944
v -0.152718750 -0.047224798 -0.036137978
v -0.152718750 -0.038443348 -0.044392822
v -0.152718750 -0.027648998 -0.050502130
v -0.152718750 -0.015067485 -0.054257230
v -0.152718750 -0.000000000 -0.055524239
v -0.152718750 0.015067485 -0.054257230
v -0.152718750 0.027648998 -0.050502130
v -0.152718750 0.038443348 -0.044392822
v -0.152718750 0.047224798 -0.036137978
v -0.152718750 0.053723840 -0.025990944
v -0.152718750 0.057718491 -0.014163918
v -0.147062500 0.060158220 0.000000000
v -0.147062500 0.058785468 0.014331040
v -0.147062500 0.054716972 0.026297613
v -0.147062500 0.048097790 0.036564373
v -0.147062500 0.039154006 0.044916617
v -0.147062500 0.028160114 0.051098009
v -0.147062500 0.015346020 0.054897417
v -0.147062500 0.000000000 0.056179375
v -0.147062500 -0.015346020 0.054897417
v -0.147062500 -0.028160114 0.051098009
v -0.147062500 -0.039154006 0.044916617
v -0.147062500 -0.048097790 0.036564373
v -0.147062500 -0.054716972 0.026297613
v -0.147062500 -0.058785468 0.014331040
v -0.147062500 -0.060158220 0.000000000
v -0.147062500 -0.058785468 -0.014331040
v -0.147062500 -0.054716972 -0.026297613
v -0.147062500 -0.048097790 -0.036564373
v -0.147062500 -0.039154006 -0.044916617
v -0.147062500 -0.028160114 -0.051098009
v -0.147062500 -0.015346020 -0.054897417
v -0.147062500 -0.000000000 -0.056179375
v -0.147062500 0.015346020 -0.054897417
v -0.147062500 0.028160114 -0.051098009
v -0.147062500 0.039154006 -0.044916617
v -0.147062500 0.048097790 -0.036564373
v -0.147062500 0.054716972 -0.026297613
v -0.147062500 0.058785468 -0.014331040
v -0.145000000 0.060253329 0.000000000
v -0.145000000 0.058878407 0.014345597
v -0.145000000 0.054803478 0.026324326
v -0.145000000 0.048173831 0.036601514
v -0.145000000 0.039215908 0.044962242
v -0.145000000 0.028204635 0.051149913
v -0.145000000 0.015370282 0.054953180
v -0.145000000 0.000000000 0.056236440
v -0.145000000 -0.015370282 0.054953180
v -0.145000000 -0.028204635 0.051149913
v -0.145000000 -0.039215908 0.044962242
v -0.145000000 -0.048173831 0.036601514
v -0.145000000 -0.054803478 0.026324326
v -0.145000000 -0.058878407 0.014345597
v -0.145000000 -0.060253329 0.000000000
v -0.145000000 -0.058878407 -0.014345597
v -0.145000000 -0.054803478 -0.026324326
v -0.145000000 -0.048173831 -0.036601514
v -0.145000000 -0.039215908 -0.044962242
v -0.145000000 -0.028204635 -0.051149913
v -0.145000000 -0.015370282 -0.054953180
v -0.145000000 -0.000000000 -0.056236440
v -0.145000000 0.015370282 -0.054953180
v -0.145000000 0.028204635 -0.051149913
v -0.145000000 0.039215908 -0.044962242
v -0.145000000 0.048173831 -0.036601514
v -0.145000000 0.054803478 -0.026324326
v -0.145000000 0.058878407 -0.014345597
v -0.141406250 0.060480719 0.000000000
v -0.141406250 0.059100608 0.014392001
v -0.141406250 0.055010301 0.026409479
v -0.141406250 0.048355634 0.036719912
v -0.141406250 0.039363905 0.045107685
v -0.141406250 0.028311076 0.051315371
v -0.141406250 0.015428288 0.055130941
v -0.141406250 0.000000000 0.056418352
v -0.141406250 -0.015428288 0.055130941
v -0.141406250 -0.028311076 0.051315371
v -0.141406250 -0.039363905 0.045107685
v -0.141406250 -0.048355634 0.036719912
v -0.141406250 -0.055010301 0.026409479
v -0.141406250 -0.059100608 0.014392001
v -0.141406250 -0.060480719 0.000000000
v -0.141406250 -0.059100608 -0.014392001
v -0.141406250 -0.055010301 -0.026409479
v -0.141406250 -0.048355634 -0.036719912
v -0.141406250 -0.039363905 -0.045107685
v -0.141406250 -0.028311076 -0.051315371
v -0.141406250 -0.015428288 -0.055130941
v -0.141406250 -0.000000000 -0.056418352
v -0.141406250 0.015428288 -0.055130941
v -0.141406250 0.028311076 -0.051315371
v -0.141406250 0.039363905 -0.045107685
v -0.141406250 0.048355634 -0.036719912
v -0.141406250 0.055010301 -0.026409479
v -0.141406250 0.059100608 -0.014392001
v -0.135750000 0.061626459 0.000000000
v -0.135750000 0.060220203 0.014625819
v -0.135750000 0.056052410 0.026838536
v -0.135750000 0.049271678 0.037316476
v -0.135750000 0.040109611 0.045840520
v -0.135750000 0.028847398 0.052149058
v -0.135750000 0.015720560 0.056026617
v -0.135750000 0.000000000 0.057334944
v -0.135750000 -0.015720560 0.056026617
v -0.135750000 -0.028847398 0.052149058
v -0.135750000 -0.040109611 0.045840520
v -0.135750000 -0.049271678 0.037316476
v -0.135750000 -0.056052410 0.026838536
v -0.135750000 -0.060220203 0.014625819
v -0.135750000 -0.061626459 0.000000000
v -0.135750000 -0.060220203 -0.014625819
v -0.135750000 -0.056052410 -0.026838536
v -0.135750000 -0.049271678 -0.037316476
v -0.135750000 -0.040109611 -0.045840520
v -0.135750000 -0.028847398 -0.052149058
v -0.135750000 -0.015720560 -0.056026617
v -0.135750000 -0.000000000 -0.057334944
v -0.135750000 0.015720560 -0.056026617
v -0.135750000 0.028847398 -0.052149058
v -0.135750000 0.040109611 -0.045840520
v -0.135750000 0.049271678 -0.037316476
v -0.135750000 0.056052410 -0.026838536
v -0.135750000 0.060220203 -0.014625819
v -0.130093750 0.063472938 0.000000000
v -0.130093750 0.062024548 0.015002640
v -0.130093750 0.057731877 0.027530007
v -0.130093750 0.050747978 0.038277902
v -0.130093750 0.041311393 0.047021560
v -0.130093750 0.029711737 0.053492632
v -0.130093750 0.016191586 0.057470093
v -0.130093750 0.000000000 0.058812128
v -0.130093750 -0.016191586 0.057470093
v -0.130093750 -0.029711737 0.053492632
v -0.130093750 -0.041311393 0.047021560
v -0.130093750 -0.050747978 0.038277902
v -0.130093750 -0.057731877 0.027530007
v -0.130093750 -0.062024548 0.015002640
v -0.130093750 -0.063472938 0.000000000
v -0.130093750 -0.062024548 -0.015002640
v -0.130093750 -0.057731877 -0.027530007
v -0.130093750 -0.050747978 -0.038277902
v -0.130093750 -0.041311393 -0.047021560
v -0.130093750 -0.029711737 -0.053492632
v -0.130093750 -0.016191586 -0.057470093
v -0.130093750 -0.000000000 -0.058812128
v -0.130093750 0.016191586 -0.057470093
v -0.130093750 0.029711737 -0.053492632
v -0.130093750 0.041311393 -0.047021560
v -0.130093750 0.050747978 -0.038277902
v -0.130093750 0.057731877 -0.027530007
v -0.130093750 0.062024548 -0.015002640
v -0.124437500 0.065721021 0.000000000
v -0.124437500 0.064221331 0.015461418
v -0.124437500 0.059776623 0.028371871
v -0.124437500 0.052545368 0.039448434
v -0.124437500 0.042774558 0.048459472
v -0.124437500 0.030764066 0.055128429
v -0.124437500 0.016765059 0.059227519
v -0.124437500 0.000000000 0.060610594
v -0.124437500 -0.016765059 0.059227519
v -0.124437500 -0.030764066 0.055128429
v -0.124437500 -0.042774558 0.048459472
v -0.124437500 -0.052545368 0.039448434
v -0.124437500 -0.059776623 0.028371871
v -0.124437500 -0.064221331 0.015461418
v -0.124437500 -0.065721021 0.000000000
v -0.124437500 -0.064221331 -0.015461418
v -0.124437500 -0.059776623 -0.028371871
v -0.124437500 -0.052545368 -0.039448434
v -0.124437500 -0.042774558 -0.048459472
v -0.124437500 -0.030764066 -0.055128429
v -0.124437500 -0.016765059 -0.059227519
v -0.124437500 -0.000000000 -0.060610594
v -0.124437500 0.016765059 -0.059227519
v -0.124437500 0.030764066 -0.055128429
v -0.124437500 0.042774558 -0.048459472
v -0.124437500 0.052545368 -0.039448434
v -0.124437500 0.059776623 -0.028371871
v -0.124437500 0.064221331 -0.015461418
v -0.118781250 0.068071570 0.000000000
v -0.118781250 0.066518243 0.015941108
v -0.118781250 0.061914568 0.029252106
v -0.118781250 0.054424683 0.040672319
v -0.118781250 0.044304414 0.049962924
v -0.118781250 0.031864360 0.056838785
v -0.118781250 0.017364671 0.061065049
v -0.118781250 0.000000000 0.062491033
v -0.118781250 -0.017364671 0.061065049
v -0.118781250 -0.031864360 0.056838785
v -0.118781250 -0.044304414 0.049962924
v -0.118781250 -0.054424683 0.040672319
v -0.118781250 -0.061914568 0.029252106
v -0.118781250 -0.066518243 0.015941108
v -0.118781250 -0.068071570 0.000000000
v -0.118781250 -0.066518243 -0.015941108
v -0.118781250 -0.061914568 -0.029252106
v -0.118781250 -0.054424683 -0.040672319
v -0.118781250 -0.044304414 -0.049962924
v -0.118781250 -0.031864360 -0.056838785
v -0.118781250 -0.017364671 -0.061065049
v -0.118781250 -0.000000000 -0.062491033
v -0.118781250 0.017364671 -0.061065049
v -0.118781250 0.031864360 -0.056838785
v -0.118781250 0.044304414 -0.049962924
v -0.118781250 0.054424683 -0.040672319
v -0.118781250 0.061914568 -0.029252106
v -0.118781250 0.066518243 -0.015941108
v -0.113125000 0.070225449 0.000000000
v -0.113125000 0.068622973 0.016380662
v -0.113125000 0.063873631 0.030058692
v -0.113125000 0.056146756 0.041793802
v -0.113125000 0.045706268 0.051340582
v -0.113125000 0.032872593 0.058406035
v -0.113125000 0.017914114 0.062748833
v -0.113125000 0.000000000 0.064214137
v -0.113125000 -0.017914114 0.062748833
v -0.113125000 -0.032872593 0.058406035
v -0.113125000 -0.045706268 0.051340582
v -0.113125000 -0.056146756 0.041793802
v -0.113125000 -0.063873631 0.030058692
v -0.113125000 -0.068622973 0.016380662
v -0.113125000 -0.070225449 0.000000000
v -0.113125000 -0.068622973 -0.016380662
v -0.113125000 -0.063873631 -0.030058692
v -0.113125000 -0.056146756 -0.041793802
v -0.113125000 -0.045706268 -0.051340582
v -0.113125000 -0.032872593 -0.058406035
v -0.113125000 -0.017914114 -0.062748833
v -0.113125000 -0.000000000 -0.064214137
v -0.113125000 0.017914114 -0.062748833
v -0.113125000 0.032872593 -0.058406035
v -0.113125000 0.045706268 -0.051340582
v -0.113125000 0.056146756 -0.041793802
v -0.113125000 0.063873631 -0.030058692
v -0.113125000 0.068622973 -0.016380662
v -0.107468750 0.071883523 0.000000000
v -0.107468750 0.070243211 0.016719034
v -0.107468750 0.065381733 0.030679608
v -0.107468750 0.057472421 0.042657128
v -0.107468750 0.046785425 0.052401114
v -0.107468750 0.033648738 0.059612517
v -0.107468750 0.018337079 0.064045023
v -0.107468750 0.000000000 0.065540595
v -0.107468750 -0.018337079 0.064045023
v -0.107468750 -0.033648738 0.059612517
v -0.107468750 -0.046785425 0.052401114
v -0.107468750 -0.057472421 0.042657128
v -0.107468750 -0.065381733 0.030679608
v -0.107468750 -0.070243211 0.016719034
v -0.107468750 -0.071883523 0.000000000
v -0.107468750 -0.070243211 -0.016719034
v -0.107468750 -0.065381733 -0.030679608
v -0.107468750 -0.057472421 -0.042657128
v -0.107468750 -0.046785425 -0.052401114
v -0.107468750 -0.033648738 -0.059612517
v -0.107468750 -0.018337079 -0.064045023
v -0.107468750 -0.000000000 -0.065540595
v -0.107468750 0.018337079 -0.064045023
v -0.107468750 0.033648738 -0.059612517
v -0.107468750 0.046785425 -0.052401114
v -0.107468750 0.057472421 -0.042657128
v -0.107468750 0.065381733 -0.030679608
v -0.107468750 0.070243211 -0.016719034
v -0.101812500 0.072746653 0.000000000
v -0.101812500 0.071086646 0.016895178
v -0.101812500 0.066166794 0.031002834
v -0.101812500 0.058162512 0.043106543
v -0.101812500 0.047347194 0.052953187
v -0.101812500 0.034052770 0.060240566
v -0.101812500 0.018557258 0.064719771
v -0.101812500 0.000000000 0.066231100
v -0.101812500 -0.018557258 0.064719771
v -0.101812500 -0.034052770 0.060240566
v -0.101812500 -0.047347194 0.052953187
v -0.101812500 -0.058162512 0.043106543
v -0.101812500 -0.066166794 0.031002834
v -0.101812500 -0.071086646 0.016895178
v -0.101812500 -0.072746653 0.000000000
v -0.101812500 -0.071086646 -0.016895178
v -0.101812500 -0.066166794 -0.031002834
v -0.101812500 -0.058162512 -0.043106543
v -0.101812500 -0.047347194 -0.052953187
v -0.101812500 -0.034052770 -0.060240566
v -0.101812500 -0.018557258 -0.064719771
v -0.101812500 -0.000000000 -0.066231100
v -0.101812500 0.018557258 -0.064719771
v -0.101812500 0.034052770 -0.060240566
v -0.101812500 0.047347194 -0.052953187
v -0.101812500 0.058162512 -0.043106543
v -0.101812500 0.066166794 -0.031002834
v -0.101812500 0.071086646 -0.016895178
v -0.100000000 0.072806106 0.000000000
v -0.100000000 0.071144742 0.016907310
v -0.100000000 0.066220870 0.031025098
v -0.100000000 0.058210046 0.043137499
v -0.100000000 0.047385889 0.052991214
v -0.100000000 0.034080600 0.060283826
v -0.100000000 0.018572424 0.064766247
v -0.100000000 0.000000000 0.066278662
v -0.100000000 -0.018572424 0.064766247
v -0.100000000 -0.034080600 0.060283826
v -0.100000000 -0.047385889 0.052991214
v -0.100000000 -0.058210046 0.043137499
v -0.100000000 -0.066220870 0.031025098
v -0.100000000 -0.071144742 0.016907310
v -0.100000000 -0.072806106 0.000000000
v -0.100000000 -0.071144742 -0.016907310
v -0.100000000 -0.066220870 -0.031025098
v -0.100000000 -0.058210046 -0.043137499
v -0.100000000 -0.047385889 -0.052991214
v -0.100000000 -0.034080600 -0.060283826
v -0.100000000 -0.018572424 -0.064766247
v -0.100000000 -0.000000000 -0.066278662
v -0.100000000 0.018572424 -0.064766247
v -0.100000000 0.034080600 -0.060283826
v -0.100000000 0.047385889 -0.052991214
v -0.100000000 0.058210046 -0.043137499
v -0.100000000 0.066220870 -0.031025098
v -0.100000000 0.071144742 -0.016907310
v -0.096156250 0.072924465 0.000000000
v -0.096156250 0.071260400 0.016926936
v -0.096156250 0.066328524 0.031061111
v -0.096156250 0.058304677 0.043187571
v -0.096156250 0.047462923 0.053052724
v -0.096156250 0.034136004 0.060353801
v -0.096156250 0.018602617 0.064841426
v -0.096156250 0.000000000 0.066355595
v -0.096156250 -0.018602617 0.064841426
v -0.096156250 -0.034136004 0.060353801
v -0.096156250 -0.047462923 0.053052724
v -0.096156250 -0.058304677 0.043187571
v -0.096156250 -0.066328524 0.031061111
v -0.096156250 -0.071260400 0.016926936
v -0.096156250 -0.072924465 0.000000000
v -0.096156250 -0.071260400 -0.016926936
v -0.096156250 -0.066328524 -0.031061111
v -0.096156250 -0.058304677 -0.043187571
v -0.096156250 -0.047462923 -0.053052724
v -0.096156250 -0.034136004 -0.060353801
v -0.096156250 -0.018602617 -0.064841426
v -0.096156250 -0.000000000 -0.066355595
v -0.096156250 0.018602617 -0.064841426
v -0.096156250 0.034136004 -0.060353801
v -0.096156250 0.047462923 -0.053052724
v -0.096156250 0.058304677 -0.043187571
v -0.096156250 0.066328524 -0.031061111
v -0.096156250 0.071260400 -0.016926936
v -0.090500000 0.073481643 0.000000000
v -0.090500000 0.071804863 0.017019322
v -0.090500000 0.066835305 0.031230641
v -0.090500000 0.058750152 0.043423287
v -0.090500000 0.047825563 0.053342283
v -0.090500000 0.034396820 0.060683209
v -0.090500000 0.018744750 0.065195327
v -0.090500000 0.000000000 0.066717761
v -0.090500000 -0.018744750 0.065195327
v -0.090500000 -0.034396820 0.060683209
v -0.090500000 -0.047825563 0.053342283
v -0.090500000 -0.058750152 0.043423287
v -0.090500000 -0.066835305 0.031230641
v -0.090500000 -0.071804863 0.017019322
v -0.090500000 -0.073481643 0.000000000
v -0.090500000 -0.071804863 -0.017019322
v -0.090500000 -0.066835305 -0.031230641
v -0.090500000 -0.058750152 -0.043423287
v -0.090500000 -0.047825563 -0.053342283
v -0.090500000 -0.034396820 -0.060683209
v -0.090500000 -0.018744750 -0.065195327
v -0.090500000 -0.000000000 -0.066717761
v -0.090500000 0.018744750 -0.065195327
v -0.090500000 0.034396820 -0.060683209
v -0.090500000 0.047825563 -0.053342283
v -0.090500000 0.058750152 -0.043423287
v -0.090500000 0.066835305 -0.031230641
v -0.090500000 0.071804863 -0.017019322
v -0.084843750 0.074404725 0.000000000
v -0.084843750 0.072706882 0.017172380
v -0.084843750 0.067674896 0.031511503
v -0.084843750 0.059488177 0.043813799
v -0.084843750 0.048426351 0.053821999
v -0.084843750 0.034828915 0.061228943
v -0.084843750 0.018980223 0.065781639
v -0.084843750 0.000000000 0.067317764
v -0.084843750 -0.018980223 0.065781639
v -0.084843750 -0.034828915 0.061228943
v -0.084843750 -0.048426351 0.053821999
v -0.084843750 -0.059488177 0.043813799
v -0.084843750 -0.067674896 0.031511503
v -0.084843750 -0.072706882 0.017172380
v -0.084843750 -0.074404725 0.000000000
v -0.084843750 -0.072706882 -0.017172380
v -0.084843750 -0.067674896 -0.031511503
v -0.084843750 -0.059488177 -0.043813799
v -0.084843750 -0.048426351 -0.053821999
v -0.084843750 -0.034828915 -0.061228943
v -0.084843750 -0.018980223 -0.065781639
v -0.084843750 -0.000000000 -0.067317764
v -0.084843750 0.018980223 -0.065781639
v -0.084843750 0.034828915 -0.061228943
v -0.084843750 0.048426351 -0.053821999
v -0.084843750 0.059488177 -0.043813799
v -0.084843750 0.067674896 -0.031511503
v -0.084843750 0.072706882 -0.017172380
v -0.079187500 0.075592754 0.000000000
v -0.079187500 0.073867801 0.017369368
v -0.079187500 0.068755469 0.031872979
v -0.079187500 0.060438031 0.044316398
v -0.079187500 0.049199581 0.054439405
v -0.079187500 0.035385033 0.061931315
v -0.079187500 0.019283282 0.066536236
v -0.079187500 0.000000000 0.068089983
v -0.079187500 -0.019283282 0.066536236
v -0.079187500 -0.035385033 0.061931315
v -0.079187500 -0.049199581 0.054439405
v -0.079187500 -0.060438031 0.044316398
v -0.079187500 -0.068755469 0.031872979
v -0.079187500 -0.073867801 0.017369368
v -0.079187500 -0.075592754 0.000000000
v -0.079187500 -0.073867801 -0.017369368
v -0.079187500 -0.068755469 -0.031872979
v -0.079187500 -0.060438031 -0.044316398
v -0.079187500 -0.049199581 -0.054439405
v -0.079187500 -0.035385033 -0.061931315
v -0.079187500 -0.019283282 -0.066536236
v -0.079187500 -0.000000000 -0.068089983
v -0.079187500 0.019283282 -0.066536236
v -0.079187500 0.035385033 -0.061931315
v -0.079187500 0.049199581 -0.054439405
v -0.079187500 0.060438031 -0.044316398
v -0.079187500 0.068755469 -0.031872979
v -0.079187500 0.073867801 -0.017369368
v -0.073531250 0.076944771 0.000000000
v -0.073531250 0.075188967 0.017593548
v -0.073531250 0.069985197 0.032284351
v -0.073531250 0.061518998 0.044888373
v -0.073531250 0.050079541 0.055142033
v -0.073531250 0.036017913 0.062730639
v -0.073531250 0.019628174 0.067394994
v -0.073531250 0.000000000 0.068968794
v -0.073531250 -0.019628174 0.067394994
v -0.073531250 -0.036017913 0.062730639
v -0.073531250 -0.050079541 0.055142033
v -0.073531250 -0.061518998 0.044888373
v -0.073531250 -0.069985197 0.032284351
v -0.073531250 -0.075188967 0.017593548
v -0.073531250 -0.076944771 0.000000000
v -0.073531250 -0.075188967 -0.017593548
v -0.073531250 -0.069985197 -0.032284351
v -0.073531250 -0.061518998 -0.044888373
v -0.073531250 -0.050079541 -0.055142033
v -0.073531250 -0.036017913 -0.062730639
v -0.073531250 -0.019628174 -0.067394994
v -0.073531250 -0.000000000 -0.068968794
v -0.073531250 0.019628174 -0.067394994
v -0.073531250 0.036017913 -0.062730639
v -0.073531250 0.050079541 -0.055142033
v -0.073531250 0.061518998 -0.044888373
v -0.073531250 0.069985197 -0.032284351
v -0.073531250 0.075188967 -0.017593548
v -0.067875000 0.078359817 0.000000000
v -0.067875000 0.076571723 0.017828179
v -0.067875000 0.071272254 0.032714901
v -0.067875000 0.062650358 0.045487012
v -0.067875000 0.051000525 0.055877417
v -0.067875000 0.036680297 0.063567226
v -0.067875000 0.019989145 0.068293785
v -0.067875000 0.000000000 0.069888574
v -0.067875000 -0.019989145 0.068293785
v -0.067875000 -0.036680297 0.063567226
v -0.067875000 -0.051000525 0.055877417
v -0.067875000 -0.062650358 0.045487012
v -0.067875000 -0.071272254 0.032714901
v -0.067875000 -0.076571723 0.017828179
v -0.067875000 -0.078359817 0.000000000
v -0.067875000 -0.076571723 -0.017828179
v -0.067875000 -0.071272254 -0.032714901
v -0.067875000 -0.062650358 -0.045487012
v -0.067875000 -0.051000525 -0.055877417
v -0.067875000 -0.036680297 -0.063567226
v -0.067875000 -0.019989145 -0.068293785
v -0.067875000 -0.000000000 -0.069888574
v -0.067875000 0.019989145 -0.068293785
v -0.067875000 0.036680297 -0.063567226
v -0.067875000 0.051000525 -0.055877417
v -0.067875000 0.062650358 -0.045487012
v -0.067875000 0.071272254 -0.032714901
v -0.067875000 0.076571723 -0.017828179
v -0.062218750 0.079736934 0.000000000
v -0.062218750 0.077917415 0.018056520
v -0.062218750 0.072524812 0.033133910
v -0.062218750 0.063751392 0.046069606
v -0.062218750 0.051896822 0.056593089
v -0.062218750 0.037324927 0.064381389
v -0.062218750 0.020340439 0.069168485
v -0.062218750 0.000000000 0.070783700
v -0.062218750 -0.020340439 0.069168485
v -0.062218750 -0.037324927 0.064381389
v -0.062218750 -0.051896822 0.056593089
v -0.062218750 -0.063751392 0.046069606
v -0.062218750 -0.072524812 0.033133910
v -0.062218750 -0.077917415 0.018056520
v -0.062218750 -0.079736934 0.000000000
v -0.062218750 -0.077917415 -0.018056520
v -0.062218750 -0.072524812 -0.033133910
v -0.062218750 -0.063751392 -0.046069606
v -0.062218750 -0.051896822 -0.056593089
v -0.062218750 -0.037324927 -0.064381389
v -0.062218750 -0.020340439 -0.069168485
v -0.062218750 -0.000000000 -0.070783700
v -0.062218750 0.020340439 -0.069168485
v -0.062218750 0.037324927 -0.064381389
v -0.062218750 0.051896822 -0.056593089
v -0.062218750 0.063751392 -0.046069606
v -0.062218750 0.072524812 -0.033133910
v -0.062218750 0.077917415 -0.018056520
v -0.056562500 0.080975164 0.000000000
v -0.056562500 0.079127390 0.018261833
v -0.056562500 0.073651045 0.033510661
v -0.056562500 0.064741383 0.046593442
v -0.056562500 0.052702724 0.057236584
v -0.056562500 0.037904543 0.065113440
v -0.056562500 0.020656305 0.069954969
v -0.056562500 0.000000000 0.071588549
v -0.056562500 -0.020656305 0.069954969
v -0.056562500 -0.037904543 0.065113440
v -0.056562500 -0.052702724 0.057236584
v -0.056562500 -0.064741383 0.046593442
v -0.056562500 -0.073651045 0.033510661
v -0.056562500 -0.079127390 0.018261833
v -0.056562500 -0.080975164 0.000000000
v -0.056562500 -0.079127390 -0.018261833
v -0.056562500 -0.073651045 -0.033510661
v -0.056562500 -0.064741383 -0.046593442
v -0.056562500 -0.052702724 -0.057236584
v -0.056562500 -0.037904543 -0.065113440
v -0.056562500 -0.020656305 -0.069954969
v -0.056562500 -0.000000000 -0.071588549
v -0.056562500 0.020656305 -0.069954969
v -0.056562500 0.037904543 -0.065113440
v -0.056562500 0.052702724 -0.057236584
v -0.056562500 0.064741383 -0.046593442
v -0.056562500 0.073651045 -0.033510661
v -0.056562500 0.079127390 -0.018261833
v -0.050906250 0.081973547 0.000000000
v -0.050906250 0.080102990 0.018427376
v -0.050906250 0.074559125 0.033814435
v -0.050906250 0.065539612 0.047015811
v -0.050906250 0.053352522 0.057755432
v -0.050906250 0.038371887 0.065703692
v -0.050906250 0.020910986 0.070589109
v -0.050906250 0.000000000 0.072237498
v -0.050906250 -0.020910986 0.070589109
v -0.050906250 -0.038371887 0.065703692
v -0.050906250 -0.053352522 0.057755432
v -0.050906250 -0.065539612 0.047015811
v -0.050906250 -0.074559125 0.033814435
v -0.050906250 -0.080102990 0.018427376
v -0.050906250 -0.081973547 0.000000000
v -0.050906250 -0.080102990 -0.018427376
v -0.050906250 -0.074559125 -0.033814435
v -0.050906250 -0.065539612 -0.047015811
v -0.050906250 -0.053352522 -0.057755432
v -0.050906250 -0.038371887 -0.065703692
v -0.050906250 -0.020910986 -0.070589109
v -0.050906250 -0.000000000 -0.072237498
v -0.050906250 0.020910986 -0.070589109
v -0.050906250 0.038371887 -0.065703692
v -0.050906250 0.053352522 -0.057755432
v -0.050906250 0.065539612 -0.047015811
v -0.050906250 0.074559125 -0.033814435
v -0.050906250 0.080102990 -0.018427376
v -0.045250000 0.082631125 0.000000000
v -0.045250000 0.080745563 0.018536410
v -0.045250000 0.075157226 0.034014513
v -0.045250000 0.066065360 0.047294001
v -0.045250000 0.053780508 0.058097168
v -0.045250000 0.038679700 0.066092458
v -0.045250000 0.021078731 0.071006782
v -0.045250000 0.000000000 0.072664924
v -0.045250000 -0.021078731 0.071006782
v -0.045250000 -0.038679700 0.066092458
v -0.045250000 -0.053780508 0.058097168
v -0.045250000 -0.066065360 0.047294001
v -0.045250000 -0.075157226 0.034014513
v -0.045250000 -0.080745563 0.018536410
v -0.045250000 -0.082631125 0.000000000
v -0.045250000 -0.080745563 -0.018536410
v -0.045250000 -0.075157226 -0.034014513
v -0.045250000 -0.066065360 -0.047294001
v -0.045250000 -0.053780508 -0.058097168
v -0.045250000 -0.038679700 -0.066092458
v -0.045250000 -0.021078731 -0.071006782
v -0.045250000 -0.000000000 -0.072664924
v -0.045250000 0.021078731 -0.071006782
v -0.045250000 0.038679700 -0.066092458
v -0.045250000 0.053780508 -0.058097168
v -0.045250000 0.066065360 -0.047294001
v -0.045250000 0.075157226 -0.034014513
v -0.045250000 0.080745563 -0.018536410
v -0.040000000 0.082848327 0.000000000
v -0.040000000 0.080957809 0.018572424
v -0.040000000 0.075354783 0.034080600
v -0.040000000 0.066239018 0.047385889
v -0.040000000 0.053921874 0.058210046
v -0.040000000 0.038781373 0.066220870
v -0.040000000 0.021134138 0.071144742
v -0.040000000 0.000000000 0.072806106
v -0.040000000 -0.021134138 0.071144742
v -0.040000000 -0.038781373 0.066220870
v -0.040000000 -0.053921874 0.058210046
v -0.040000000 -0.066239018 0.047385889
v -0.040000000 -0.075354783 0.034080600
v -0.040000000 -0.080957809 0.018572424
v -0.040000000 -0.082848327 0.000000000
v -0.040000000 -0.080957809 -0.018572424
v -0.040000000 -0.075354783 -0.034080600
v -0.040000000 -0.066239018 -0.047385889
v -0.040000000 -0.053921874 -0.058210046
v -0.040000000 -0.038781373 -0.066220870
v -0.040000000 -0.021134138 -0.071144742
v -0.040000000 -0.000000000 -0.072806106
v -0.040000000 0.021134138 -0.071144742
v -0.040000000 0.038781373 -0.066220870
v -0.040000000 0.053921874 -0.058210046
v -0.040000000 0.066239018 -0.047385889
v -0.040000000 0.075354783 -0.034080600
v -0.040000000 0.080957809 -0.018572424
v -0.039593750 0.082848671 0.000000000
v -0.039593750 0.080958145 0.018572424
v -0.039593750 0.075355095 0.034080600
v -0.039593750 0.066239293 0.047385889
v -0.039593750 0.053922097 0.058210046
v -0.039593750 0.038781533 0.066220870
v -0.039593750 0.021134226 0.071144742
v -0.039593750 0.000000000 0.072806106
v -0.039593750 -0.021134226 0.071144742
v -0.039593750 -0.038781533 0.066220870
v -0.039593750 -0.053922097 0.058210046
v -0.039593750 -0.066239293 0.047385889
v -0.039593750 -0.075355095 0.034080600
v -0.039593750 -0.080958145 0.018572424
v -0.039593750 -0.082848671 0.000000000
v -0.039593750 -0.080958145 -0.018572424
v -0.039593750 -0.075355095 -0.034080600
v -0.039593750 -0.066239293 -0.047385889
v -0.039593750 -0.053922097 -0.058210046
v -0.039593750 -0.038781533 -0.066220870
v -0.039593750 -0.021134226 -0.071144742
v -0.039593750 -0.000000000 -0.072806106
v -0.039593750 0.021134226 -0.071144742
v -0.039593750 0.038781533 -0.066220870
v -0.039593750 0.053922097 -0.058210046
v -0.039593750 0.066239293 -0.047385889
v -0.039593750 0.075355095 -0.034080600
v -0.039593750 0.080958145 -0.018572424
v -0.033937500 0.082920041 0.000000000
v -0.033937500 0.081027887 0.018572424
v -0.033937500 0.075420010 0.034080600
v -0.033937500 0.066296355 0.047385889
v -0.033937500 0.053968549 0.058210046
v -0.033937500 0.038814942 0.066220870
v -0.033937500 0.021152432 0.071144742
v -0.033937500 0.000000000 0.072806106
v -0.033937500 -0.021152432 0.071144742
v -0.033937500 -0.038814942 0.066220870
v -0.033937500 -0.053968549 0.058210046
v -0.033937500 -0.066296355 0.047385889
v -0.033937500 -0.075420010 0.034080600
v -0.033937500 -0.081027887 0.018572424
v -0.033937500 -0.082920041 0.000000000
v -0.033937500 -0.081027887 -0.018572424
v -0.033937500 -0.075420010 -0.034080600
v -0.033937500 -0.066296355 -0.047385889
v -0.033937500 -0.053968549 -0.058210046
v -0.033937500 -0.038814942 -0.066220870
v -0.033937500 -0.021152432 -0.071144742
v -0.033937500 -0.000000000 -0.072806106
v -0.033937500 0.021152432 -0.071144742
v -0.033937500 0.038814942 -0.066220870
v -0.033937500 0.053968549 -0.058210046
v -0.033937500 0.066296355 -0.047385889
v -0.033937500 0.075420010 -0.034080600
v -0.033937500 0.081027887 -0.018572424
v -0.028281250 0.083098227 0.000000000
v -0.028281250 0.081202007 0.018572424
v -0.028281250 0.075582079 0.034080600
v -0.028281250 0.066438818 0.047385889
v -0.028281250 0.054084521 0.058210046
v -0.028281250 0.038898351 0.066220870
v -0.028281250 0.021197886 0.071144742
v -0.028281250 0.000000000 0.072806106
v -0.028281250 -0.021197886 0.071144742
v -0.028281250 -0.038898351 0.066220870
v -0.028281250 -0.054084521 0.058210046
v -0.028281250 -0.066438818 0.047385889
v -0.028281250 -0.075582079 0.034080600
v -0.028281250 -0.081202007 0.018572424
v -0.028281250 -0.083098227 0.000000000
v -0.028281250 -0.081202007 -0.018572424
v -0.028281250 -0.075582079 -0.034080600
v -0.028281250 -0.066438818 -0.047385889
v -0.028281250 -0.054084521 -0.058210046
v -0.028281250 -0.038898351 -0.066220870
v -0.028281250 -0.021197886 -0.071144742
v -0.028281250 -0.000000000 -0.072806106
v -0.028281250 0.021197886 -0.071144742
v -0.028281250 0.038898351 -0.066220870
v -0.028281250 0.054084521 -0.058210046
v -0.028281250 0.066438818 -0.047385889
v -0.028281250 0.075582079 -0.034080600
v -0.028281250 0.081202007 -0.018572424
v -0.022625000 0.083357989 0.000000000
v -0.022625000 0.081455841 0.018572424
v -0.022625000 0.075818346 0.034080600
v -0.022625000 0.066646503 0.047385889
v -0.022625000 0.054253587 0.058210046
v -0.022625000 0.039019945 0.066220870
v -0.022625000 0.021264150 0.071144742
v -0.022625000 0.000000000 0.072806106
v -0.022625000 -0.021264150 0.071144742
v -0.022625000 -0.039019945 0.066220870
v -0.022625000 -0.054253587 0.058210046
v -0.022625000 -0.066646503 0.047385889
v -0.022625000 -0.075818346 0.034080600
v -0.022625000 -0.081455841 0.018572424
v -0.022625000 -0.083357989 0.000000000
v -0.022625000 -0.081455841 -0.018572424
v -0.022625000 -0.075818346 -0.034080600
v -0.022625000 -0.066646503 -0.047385889
v -0.022625000 -0.054253587 -0.058210046
v -0.022625000 -0.039019945 -0.066220870
v -0.022625000 -0.021264150 -0.071144742
v -0.022625000 -0.000000000 -0.072806106
v -0.022625000 0.021264150 -0.071144742
v -0.022625000 0.039019945 -0.066220870
v -0.022625000 0.054253587 -0.058210046
v -0.022625000 0.066646503 -0.047385889
v -0.022625000 0.075818346 -0.034080600
v -0.022625000 0.081455841 -0.018572424
v -0.016968750 0.083674086 0.000000000
v -0.016968750 0.081764725 0.018572424
v -0.016968750 0.076105852 0.034080600
v -0.016968750 0.066899230 0.047385889
v -0.016968750 0.054459319 0.058210046
v -0.016968750 0.039167911 0.066220870
v -0.016968750 0.021344784 0.071144742
v -0.016968750 0.000000000 0.072806106
v -0.016968750 -0.021344784 0.071144742
v -0.016968750 -0.039167911 0.066220870
v -0.016968750 -0.054459319 0.058210046
v -0.016968750 -0.066899230 0.047385889
v -0.016968750 -0.076105852 0.034080600
v -0.016968750 -0.081764725 0.018572424
v -0.016968750 -0.083674086 0.000000000
v -0.016968750 -0.081764725 -0.018572424
v -0.016968750 -0.076105852 -0.034080600
v -0.016968750 -0.066899230 -0.047385889
v -0.016968750 -0.054459319 -0.058210046
v -0.016968750 -0.039167911 -0.066220870
v -0.016968750 -0.021344784 -0.071144742
v -0.016968750 -0.000000000 -0.072806106
v -0.016968750 0.021344784 -0.071144742
v -0.016968750 0.039167911 -0.066220870
v -0.016968750 0.054459319 -0.058210046
v -0.016968750 0.066899230 -0.047385889
v -0.016968750 0.076105852 -0.034080600
v -0.016968750 0.081764725 -0.018572424
v -0.011312500 0.084021280 0.000000000
v -0.011312500 0.082103996 0.018572424
v -0.011312500 0.076421643 0.034080600
v -0.011312500 0.067176819 0.047385889
v -0.011312500 0.054685291 0.058210046
v -0.011312500 0.039330433 0.066220870
v -0.011312500 0.021433352 0.071144742
v -0.011312500 0.000000000 0.072806106
v -0.011312500 -0.021433352 0.071144742
v -0.011312500 -0.039330433 0.066220870
v -0.011312500 -0.054685291 0.058210046
v -0.011312500 -0.067176819 0.047385889
v -0.011312500 -0.076421643 0.034080600
v -0.011312500 -0.082103996 0.018572424
v -0.011312500 -0.084021280 0.000000000
v -0.011312500 -0.082103996 -0.018572424
v -0.011312500 -0.076421643 -0.034080600
v -0.011312500 -0.067176819 -0.047385889
v -0.011312500 -0.054685291 -0.058210046
v -0.011312500 -0.039330433 -0.066220870
v -0.011312500 -0.021433352 -0.071144742
v -0.011312500 -0.000000000 -0.072806106
v -0.011312500 0.021433352 -0.071144742
v -0.011312500 0.039330433 -0.066220870
v -0.011312500 0.054685291 -0.058210046
v -0.011312500 0.067176819 -0.047385889
v -0.011312500 0.076421643 -0.034080600
v -0.011312500 0.082103996 -0.018572424
v -0.005656250 0.084374330 0.000000000
v -0.005656250 0.082448991 0.018572424
v -0.005656250 0.076742760 0.034080600
v -0.005656250 0.067459090 0.047385889
v -0.005656250 0.054915074 0.058210046
v -0.005656250 0.039495696 0.066220870
v -0.005656250 0.021523413 0.071144742
v -0.005656250 0.000000000 0.072806106
v -0.005656250 -0.021523413 0.071144742
v -0.005656250 -0.039495696 0.066220870
v -0.005656250 -0.054915074 0.058210046
v -0.005656250 -0.067459090 0.047385889
v -0.005656250 -0.076742760 0.034080600
v -0.005656250 -0.082448991 0.018572424
v -0.005656250 -0.084374330 0.000000000
v -0.005656250 -0.082448991 -0.018572424
v -0.005656250 -0.076742760 -0.034080600
v -0.005656250 -0.067459090 -0.047385889
v -0.005656250 -0.054915074 -0.058210046
v -0.005656250 -0.039495696 -0.066220870
v -0.005656250 -0.021523413 -0.071144742
v -0.005656250 -0.000000000 -0.072806106
v -0.005656250 0.021523413 -0.071144742
v -0.005656250 0.039495696 -0.066220870
v -0.005656250 0.054915074 -0.058210046
v -0.005656250 0.067459090 -0.047385889
v -0.005656250 0.076742760 -0.034080600
v -0.005656250 0.082448991 -0.018572424
v 0.000000000 0.084707998 0.000000000
v 0.000000000 0.082775044 0.018572424
v 0.000000000 0.077046248 0.034080600
v 0.000000000 0.067725864 0.047385889
v 0.000000000 0.055132241 0.058210046
v 0.000000000 0.039651886 0.066220870
v 0.000000000 0.021608529 0.071144742
v 0.000000000 0.000000000 0.072806106
v 0.000000000 -0.021608529 0.071144742
v 0.000000000 -0.039651886 0.066220870
v 0.000000000 -0.055132241 0.058210046
v 0.000000000 -0.067725864 0.047385889
v 0.000000000 -0.077046248 0.034080600
v 0.000000000 -0.082775044 0.018572424
v 0.000000000 -0.084707998 0.000000000
v 0.000000000 -0.082775044 -0.018572424
v 0.000000000 -0.077046248 -0.034080600
v 0.000000000 -0.067725864 -0.047385889
v 0.000000000 -0.055132241 -0.058210046
v 0.000000000 -0.039651886 -0.066220870
v 0.000000000 -0.021608529 -0.071144742
v 0.000000000 -0.000000000 -0.072806106
v 0.000000000 0.021608529 -0.071144742
v 0.000000000 0.039651886 -0.066220870
v 0.000000000 0.055132241 -0.058210046
v 0.000000000 0.067725864 -0.047385889
v 0.000000000 0.077046248 -0.034080600
v 0.000000000 0.082775044 -0.018572424
v 0.005656250 0.084997043 0.000000000
v 0.005656250 0.083057493 0.018572424
v 0.005656250 0.077309149 0.034080600
v 0.005656250 0.067956962 0.047385889
v 0.005656250 0.055320366 0.058210046
v 0.005656250 0.039787188 0.066220870
v 0.005656250 0.021682263 0.071144742
v 0.005656250 0.000000000 0.072806106
v 0.005656250 -0.021682263 0.071144742
v 0.005656250 -0.039787188 0.066220870
v 0.005656250 -0.055320366 0.058210046
v 0.005656250 -0.067956962 0.047385889
v 0.005656250 -0.077309149 0.034080600
v 0.005656250 -0.083057493 0.018572424
v 0.005656250 -0.084997043 0.000000000
v 0.005656250 -0.083057493 -0.018572424
v 0.005656250 -0.077309149 -0.034080600
v 0.005656250 -0.067956962 -0.047385889
v 0.005656250 -0.055320366 -0.058210046
v 0.005656250 -0.039787188 -0.066220870
v 0.005656250 -0.021682263 -0.071144742
v 0.005656250 -0.000000000 -0.072806106
v 0.005656250 0.021682263 -0.071144742
v 0.005656250 0.039787188 -0.066220870
v 0.005656250 0.055320366 -0.058210046
v 0.005656250 0.067956962 -0.047385889
v 0.005656250 0.077309149 -0.034080600
v 0.005656250 0.083057493 -0.018572424
v 0.011312500 0.085216226 0.000000000
v 0.011312500 0.083271675 0.018572424
v 0.011312500 0.077508507 0.034080600
v 0.011312500 0.068132204 0.047385889
v 0.011312500 0.055463022 0.058210046
v 0.011312500 0.039889788 0.066220870
v 0.011312500 0.021738175 0.071144742
v 0.011312500 0.000000000 0.072806106
v 0.011312500 -0.021738175 0.071144742
v 0.011312500 -0.039889788 0.066220870
v 0.011312500 -0.055463022 0.058210046
v 0.011312500 -0.068132204 0.047385889
v 0.011312500 -0.077508507 0.034080600
v 0.011312500 -0.083271675 0.018572424
v 0.011312500 -0.085216226 0.000000000
v 0.011312500 -0.083271675 -0.018572424
v 0.011312500 -0.077508507 -0.034080600
v 0.011312500 -0.068132204 -0.047385889
v 0.011312500 -0.055463022 -0.058210046
v 0.011312500 -0.039889788 -0.066220870
v 0.011312500 -0.021738175 -0.071144742
v 0.011312500 -0.000000000 -0.072806106
v 0.011312500 0.021738175 -0.071144742
v 0.011312500 0.039889788 -0.066220870
v 0.011312500 0.055463022 -0.058210046
v 0.011312500 0.068132204 -0.047385889
v 0.011312500 0.077508507 -0.034080600
v 0.011312500 0.083271675 -0.018572424
v 0.016968750 0.085340307 0.000000000
v 0.016968750 0.083392924 0.018572424
v 0.016968750 0.077621365 0.034080600
v 0.016968750 0.068231409 0.047385889
v 0.016968750 0.055543780 0.058210046
v 0.016968750 0.039947870 0.066220870
v 0.016968750 0.021769828 0.071144742
v 0.016968750 0.000000000 0.072806106
v 0.016968750 -0.021769828 0.071144742
v 0.016968750 -0.039947870 0.066220870
v 0.016968750 -0.055543780 0.058210046
v 0.016968750 -0.068231409 0.047385889
v 0.016968750 -0.077621365 0.034080600
v 0.016968750 -0.083392924 0.018572424
v 0.016968750 -0.085340307 0.000000000
v 0.016968750 -0.083392924 -0.018572424
v 0.016968750 -0.077621365 -0.034080600
v 0.016968750 -0.068231409 -0.047385889
v 0.016968750 -0.055543780 -0.058210046
v 0.016968750 -0.039947870 -0.066220870
v 0.016968750 -0.021769828 -0.071144742
v 0.016968750 -0.000000000 -0.072806106
v 0.016968750 0.021769828 -0.071144742
v 0.016968750 0.039947870 -0.066220870
v 0.016968750 0.055543780 -0.058210046
v 0.016968750 0.068231409 -0.047385889
v 0.016968750 0.077621365 -0.034080600
v 0.016968750 0.083392924 -0.018572424
v 0.020000000 0.085358883 0.000000000
v 0.020000000 0.083411076 0.018572424
v 0.020000000 0.077638261 0.034080600
v 0.020000000 0.068246261 0.047385889
v 0.020000000 0.055555870 0.058210046
v 0.020000000 0.039956566 0.066220870
v 0.020000000 0.021774566 0.071144742
v 0.020000000 0.000000000 0.072806106
v 0.020000000 -0.021774566 0.071144742
v 0.020000000 -0.039956566 0.066220870
v 0.020000000 -0.055555870 0.058210046
v 0.020000000 -0.068246261 0.047385889
v 0.020000000 -0.077638261 0.034080600
v 0.020000000 -0.083411076 0.018572424
v 0.020000000 -0.085358883 0.000000000
v 0.020000000 -0.083411076 -0.018572424
v 0.020000000 -0.077638261 -0.034080600
v 0.020000000 -0.068246261 -0.047385889
v 0.020000000 -0.055555870 -0.058210046
v 0.020000000 -0.039956566 -0.066220870
v 0.020000000 -0.021774566 -0.071144742
v 0.020000000 -0.000000000 -0.072806106
v 0.020000000 0.021774566 -0.071144742
v 0.020000000 0.039956566 -0.066220870
v 0.020000000 0.055555870 -0.058210046
v 0.020000000 0.068246261 -0.047385889
v 0.020000000 0.077638261 -0.034080600
v 0.020000000 0.083411076 -0.018572424
v 0.022625000 0.085338850 0.000000000
v 0.022625000 0.083391501 0.018567314
v 0.022625000 0.077620040 0.034071223
v 0.022625000 0.068230244 0.047372851
v 0.022625000 0.055542832 0.058194030
v 0.022625000 0.039947188 0.066202649
v 0.022625000 0.021769456 0.071125166
v 0.022625000 0.000000000 0.072786073
v 0.022625000 -0.021769456 0.071125166
v 0.022625000 -0.039947188 0.066202649
v 0.022625000 -0.055542832 0.058194030
v 0.022625000 -0.068230244 0.047372851
v 0.022625000 -0.077620040 0.034071223
v 0.022625000 -0.083391501 0.018567314
v 0.022625000 -0.085338850 0.000000000
v 0.022625000 -0.083391501 -0.018567314
v 0.022625000 -0.077620040 -0.034071223
v 0.022625000 -0.068230244 -0.047372851
v 0.022625000 -0.055542832 -0.058194030
v 0.022625000 -0.039947188 -0.066202649
v 0.022625000 -0.021769456 -0.071125166
v 0.022625000 -0.000000000 -0.072786073
v 0.022625000 0.021769456 -0.071125166
v 0.022625000 0.039947188 -0.066202649
v 0.022625000 0.055542832 -0.058194030
v 0.022625000 0.068230244 -0.047372851
v 0.022625000 0.077620040 -0.034071223
v 0.022625000 0.083391501 -0.018567314
v 0.028281250 0.085175089 0.000000000
v 0.028281250 0.083231477 0.018525540
v 0.028281250 0.077471091 0.033994566
v 0.028281250 0.068099314 0.047266267
v 0.028281250 0.055436248 0.058063099
v 0.028281250 0.039870532 0.066053700
v 0.028281250 0.021727682 0.070965142
v 0.028281250 0.000000000 0.072622313
v 0.028281250 -0.021727682 0.070965142
v 0.028281250 -0.039870532 0.066053700
v 0.028281250 -0.055436248 0.058063099
v 0.028281250 -0.068099314 0.047266267
v 0.028281250 -0.077471091 0.033994566
v 0.028281250 -0.083231477 0.018525540
v 0.028281250 -0.085175089 0.000000000
v 0.028281250 -0.083231477 -0.018525540
v 0.028281250 -0.077471091 -0.033994566
v 0.028281250 -0.068099314 -0.047266267
v 0.028281250 -0.055436248 -0.058063099
v 0.028281250 -0.039870532 -0.066053700
v 0.028281250 -0.021727682 -0.070965142
v 0.028281250 -0.000000000 -0.072622313
v 0.028281250 0.021727682 -0.070965142
v 0.028281250 0.039870532 -0.066053700
v 0.028281250 0.055436248 -0.058063099
v 0.028281250 0.068099314 -0.047266267
v 0.028281250 0.077471091 -0.033994566
v 0.028281250 0.083231477 -0.018525540
v 0.033937500 0.084882414 0.000000000
v 0.033937500 0.082945480 0.018450880
v 0.033937500 0.077204888 0.033857565
v 0.033937500 0.067865314 0.047075779
v 0.033937500 0.055245760 0.057829099
v 0.033937500 0.039733530 0.065787497
v 0.033937500 0.021653022 0.070679146
v 0.033937500 0.000000000 0.072329637
v 0.033937500 -0.021653022 0.070679146
v 0.033937500 -0.039733530 0.065787497
v 0.033937500 -0.055245760 0.057829099
v 0.033937500 -0.067865314 0.047075779
v 0.033937500 -0.077204888 0.033857565
v 0.033937500 -0.082945480 0.018450880
v 0.033937500 -0.084882414 0.000000000
v 0.033937500 -0.082945480 -0.018450880
v 0.033937500 -0.077204888 -0.033857565
v 0.033937500 -0.067865314 -0.047075779
v 0.033937500 -0.055245760 -0.057829099
v 0.033937500 -0.039733530 -0.065787497
v 0.033937500 -0.021653022 -0.070679146
v 0.033937500 -0.000000000 -0.072329637
v 0.033937500 0.021653022 -0.070679146
v 0.033937500 0.039733530 -0.065787497
v 0.033937500 0.055245760 -0.057829099
v 0.033937500 0.067865314 -0.047075779
v 0.033937500 0.077204888 -0.033857565
v 0.033937500 0.082945480 -0.018450880
v 0.039593750 0.084504438 0.000000000
v 0.039593750 0.082576130 0.018354460
v 0.039593750 0.076861100 0.033680634
v 0.039593750 0.067563114 0.046829774
v 0.039593750 0.054999755 0.057526900
v 0.039593750 0.039556600 0.065443709
v 0.039593750 0.021556603 0.070309795
v 0.039593750 0.000000000 0.071951662
v 0.039593750 -0.021556603 0.070309795
v 0.039593750 -0.039556600 0.065443709
v 0.039593750 -0.054999755 0.057526900
v 0.039593750 -0.067563114 0.046829774
v 0.039593750 -0.076861100 0.033680634
v 0.039593750 -0.082576130 0.018354460
v 0.039593750 -0.084504438 0.000000000
v 0.039593750 -0.082576130 -0.018354460
v 0.039593750 -0.076861100 -0.033680634
v 0.039593750 -0.067563114 -0.046829774
v 0.039593750 -0.054999755 -0.057526900
v 0.039593750 -0.039556600 -0.065443709
v 0.039593750 -0.021556603 -0.070309795
v 0.039593750 -0.000000000 -0.071951662
v 0.039593750 0.021556603 -0.070309795
v 0.039593750 0.039556600 -0.065443709
v 0.039593750 0.054999755 -0.057526900
v 0.039593750 0.067563114 -0.046829774
v 0.039593750 0.076861100 -0.033680634
v 0.039593750 0.082576130 -0.018354460
v 0.045250000 0.084084776 0.000000000
v 0.045250000 0.082166044 0.018247407
v 0.045250000 0.076479396 0.033484190
v 0.045250000 0.067227586 0.046556636
v 0.045250000 0.054726617 0.057191371
v 0.045250000 0.039360155 0.065062005
v 0.045250000 0.021449549 0.069899709
v 0.045250000 0.000000000 0.071532000
v 0.045250000 -0.021449549 0.069899709
v 0.045250000 -0.039360155 0.065062005
v 0.045250000 -0.054726617 0.057191371
v 0.045250000 -0.067227586 0.046556636
v 0.045250000 -0.076479396 0.033484190
v 0.045250000 -0.082166044 0.018247407
v 0.045250000 -0.084084776 0.000000000
v 0.045250000 -0.082166044 -0.018247407
v 0.045250000 -0.076479396 -0.033484190
v 0.045250000 -0.067227586 -0.046556636
v 0.045250000 -0.054726617 -0.057191371
v 0.045250000 -0.039360155 -0.065062005
v 0.045250000 -0.021449549 -0.069899709
v 0.045250000 -0.000000000 -0.071532000
v 0.045250000 0.021449549 -0.069899709
v 0.045250000 0.039360155 -0.065062005
v 0.045250000 0.054726617 -0.057191371
v 0.045250000 0.067227586 -0.046556636
v 0.045250000 0.076479396 -0.033484190
v 0.045250000 0.082166044 -0.018247407
v 0.050906250 0.083667042 0.000000000
v 0.050906250 0.081757842 0.018140845
v 0.050906250 0.076099445 0.033288648
v 0.050906250 0.066893598 0.046284754
v 0.050906250 0.054454735 0.056857383
v 0.050906250 0.039164614 0.064682054
v 0.050906250 0.021342987 0.069491507
v 0.050906250 0.000000000 0.071114265
v 0.050906250 -0.021342987 0.069491507
v 0.050906250 -0.039164614 0.064682054
v 0.050906250 -0.054454735 0.056857383
v 0.050906250 -0.066893598 0.046284754
v 0.050906250 -0.076099445 0.033288648
v 0.050906250 -0.081757842 0.018140845
v 0.050906250 -0.083667042 0.000000000
v 0.050906250 -0.081757842 -0.018140845
v 0.050906250 -0.076099445 -0.033288648
v 0.050906250 -0.066893598 -0.046284754
v 0.050906250 -0.054454735 -0.056857383
v 0.050906250 -0.039164614 -0.064682054
v 0.050906250 -0.021342987 -0.069491507
v 0.050906250 -0.000000000 -0.071114265
v 0.050906250 0.021342987 -0.069491507
v 0.050906250 0.039164614 -0.064682054
v 0.050906250 0.054454735 -0.056857383
v 0.050906250 0.066893598 -0.046284754
v 0.050906250 0.076099445 -0.033288648
v 0.050906250 0.081757842 -0.018140845
v 0.056562500 0.083294849 0.000000000
v 0.056562500 0.081394142 0.018045901
v 0.056562500 0.075760917 0.033114424
v 0.056562500 0.066596022 0.046042512
v 0.056562500 0.054212493 0.056559807
v 0.056562500 0.038990390 0.064343526
v 0.056562500 0.021248043 0.069127808
v 0.056562500 0.000000000 0.070742072
v 0.056562500 -0.021248043 0.069127808
v 0.056562500 -0.038990390 0.064343526
v 0.056562500 -0.054212493 0.056559807
v 0.056562500 -0.066596022 0.046042512
v 0.056562500 -0.075760917 0.033114424
v 0.056562500 -0.081394142 0.018045901
v 0.056562500 -0.083294849 0.000000000
v 0.056562500 -0.081394142 -0.018045901
v 0.056562500 -0.075760917 -0.033114424
v 0.056562500 -0.066596022 -0.046042512
v 0.056562500 -0.054212493 -0.056559807
v 0.056562500 -0.038990390 -0.064343526
v 0.056562500 -0.021248043 -0.069127808
v 0.056562500 -0.000000000 -0.070742072
v 0.056562500 0.021248043 -0.069127808
v 0.056562500 0.038990390 -0.064343526
v 0.056562500 0.054212493 -0.056559807
v 0.056562500 0.066596022 -0.046042512
v 0.056562500 0.075760917 -0.033114424
v 0.056562500 0.081394142 -0.018045901
v 0.062218750 0.083011813 0.000000000
v 0.062218750 0.081117564 0.017973700
v 0.062218750 0.075503481 0.032981935
v 0.062218750 0.066369728 0.045858297
v 0.062218750 0.054028278 0.056333513
v 0.062218750 0.038857900 0.064086090
v 0.062218750 0.021175842 0.068851229
v 0.062218750 0.000000000 0.070459036
v 0.062218750 -0.021175842 0.068851229
v 0.062218750 -0.038857900 0.064086090
v 0.062218750 -0.054028278 0.056333513
v 0.062218750 -0.066369728 0.045858297
v 0.062218750 -0.075503481 0.032981935
v 0.062218750 -0.081117564 0.017973700
v 0.062218750 -0.083011813 0.000000000
v 0.062218750 -0.081117564 -0.017973700
v 0.062218750 -0.075503481 -0.032981935
v 0.062218750 -0.066369728 -0.045858297
v 0.062218750 -0.054028278 -0.056333513
v 0.062218750 -0.038857900 -0.064086090
v 0.062218750 -0.021175842 -0.068851229
v 0.062218750 -0.000000000 -0.070459036
v 0.062218750 0.021175842 -0.068851229
v 0.062218750 0.038857900 -0.064086090
v 0.062218750 0.054028278 -0.056333513
v 0.062218750 0.066369728 -0.045858297
v 0.062218750 0.075503481 -0.032981935
v 0.062218750 0.081117564 -0.017973700
v 0.067875000 0.082861546 0.000000000
v 0.067875000 0.080970726 0.017935368
v 0.067875000 0.075366806 0.032911595
v 0.067875000 0.066249586 0.045760496
v 0.067875000 0.053930477 0.056213372
v 0.067875000 0.038787560 0.063949414
v 0.067875000 0.021137510 0.068704392
v 0.067875000 0.000000000 0.070308769
v 0.067875000 -0.021137510 0.068704392
v 0.067875000 -0.038787560 0.063949414
v 0.067875000 -0.053930477 0.056213372
v 0.067875000 -0.066249586 0.045760496
v 0.067875000 -0.075366806 0.032911595
v 0.067875000 -0.080970726 0.017935368
v 0.067875000 -0.082861546 0.000000000
v 0.067875000 -0.080970726 -0.017935368
v 0.067875000 -0.075366806 -0.032911595
v 0.067875000 -0.066249586 -0.045760496
v 0.067875000 -0.053930477 -0.056213372
v 0.067875000 -0.038787560 -0.063949414
v 0.067875000 -0.021137510 -0.068704392
v 0.067875000 -0.000000000 -0.070308769
v 0.067875000 0.021137510 -0.068704392
v 0.067875000 0.038787560 -0.063949414
v 0.067875000 0.053930477 -0.056213372
v 0.067875000 0.066249586 -0.045760496
v 0.067875000 0.075366806 -0.032911595
v 0.067875000 0.080970726 -0.017935368
v 0.070000000 0.082848327 0.000000000
v 0.070000000 0.080957809 0.017931996
v 0.070000000 0.075354783 0.032905407
v 0.070000000 0.066239018 0.045751893
v 0.070000000 0.053921874 0.056202803
v 0.070000000 0.038781373 0.063937391
v 0.070000000 0.021134138 0.068691475
v 0.070000000 0.000000000 0.070295550
v 0.070000000 -0.021134138 0.068691475
v 0.070000000 -0.038781373 0.063937391
v 0.070000000 -0.053921874 0.056202803
v 0.070000000 -0.066239018 0.045751893
v 0.070000000 -0.075354783 0.032905407
v 0.070000000 -0.080957809 0.017931996
v 0.070000000 -0.082848327 0.000000000
v 0.070000000 -0.080957809 -0.017931996
v 0.070000000 -0.075354783 -0.032905407
v 0.070000000 -0.066239018 -0.045751893
v 0.070000000 -0.053921874 -0.056202803
v 0.070000000 -0.038781373 -0.063937391
v 0.070000000 -0.021134138 -0.068691475
v 0.070000000 -0.000000000 -0.070295550
v 0.070000000 0.021134138 -0.068691475
v 0.070000000 0.038781373 -0.063937391
v 0.070000000 0.053921874 -0.056202803
v 0.070000000 0.066239018 -0.045751893
v 0.070000000 0.075354783 -0.032905407
v 0.070000000 0.080957809 -0.017931996
v 0.073531250 0.082669336 0.000000000
v 0.073531250 0.080782902 0.017886336
v 0.073531250 0.075191980 0.032821621
v 0.073531250 0.066095910 0.045635396
v 0.073531250 0.053805377 0.056059695
v 0.073531250 0.038697586 0.063774589
v 0.073531250 0.021088478 0.068516567
v 0.073531250 0.000000000 0.070116559
v 0.073531250 -0.021088478 0.068516567
v 0.073531250 -0.038697586 0.063774589
v 0.073531250 -0.053805377 0.056059695
v 0.073531250 -0.066095910 0.045635396
v 0.073531250 -0.075191980 0.032821621
v 0.073531250 -0.080782902 0.017886336
v 0.073531250 -0.082669336 0.000000000
v 0.073531250 -0.080782902 -0.017886336
v 0.073531250 -0.075191980 -0.032821621
v 0.073531250 -0.066095910 -0.045635396
v 0.073531250 -0.053805377 -0.056059695
v 0.073531250 -0.038697586 -0.063774589
v 0.073531250 -0.021088478 -0.068516567
v 0.073531250 -0.000000000 -0.070116559
v 0.073531250 0.021088478 -0.068516567
v 0.073531250 0.038697586 -0.063774589
v 0.073531250 0.053805377 -0.056059695
v 0.073531250 0.066095910 -0.045635396
v 0.073531250 0.075191980 -0.032821621
v 0.073531250 0.080782902 -0.017886336
v 0.079187500 0.081732588 0.000000000
v 0.079187500 0.079867530 0.017647377
v 0.079187500 0.074339960 0.032383128
v 0.079187500 0.065346960 0.045025713
v 0.079187500 0.053195694 0.055310745
v 0.079187500 0.038259094 0.062922569
v 0.079187500 0.020849519 0.067601195
v 0.079187500 0.000000000 0.069179811
v 0.079187500 -0.020849519 0.067601195
v 0.079187500 -0.038259094 0.062922569
v 0.079187500 -0.053195694 0.055310745
v 0.079187500 -0.065346960 0.045025713
v 0.079187500 -0.074339960 0.032383128
v 0.079187500 -0.079867530 0.017647377
v 0.079187500 -0.081732588 0.000000000
v 0.079187500 -0.079867530 -0.017647377
v 0.079187500 -0.074339960 -0.032383128
v 0.079187500 -0.065346960 -0.045025713
v 0.079187500 -0.053195694 -0.055310745
v 0.079187500 -0.038259094 -0.062922569
v 0.079187500 -0.020849519 -0.067601195
v 0.079187500 -0.000000000 -0.069179811
v 0.079187500 0.020849519 -0.067601195
v 0.079187500 0.038259094 -0.062922569
v 0.079187500 0.053195694 -0.055310745
v 0.079187500 0.065346960 -0.045025713
v 0.079187500 0.074339960 -0.032383128
v 0.079187500 0.079867530 -0.017647377
v 0.084843750 0.080186206 0.000000000
v 0.084843750 0.078356435 0.017252904
v 0.084843750 0.072933448 0.031659266
v 0.084843750 0.064110595 0.044019250
v 0.084843750 0.052189231 0.054074380
v 0.084843750 0.037535231 0.061516056
v 0.084843750 0.020455046 0.066090100
v 0.084843750 0.000000000 0.067633429
v 0.084843750 -0.020455046 0.066090100
v 0.084843750 -0.037535231 0.061516056
v 0.084843750 -0.052189231 0.054074380
v 0.084843750 -0.064110595 0.044019250
v 0.084843750 -0.072933448 0.031659266
v 0.084843750 -0.078356435 0.017252904
v 0.084843750 -0.080186206 0.000000000
v 0.084843750 -0.078356435 -0.017252904
v 0.084843750 -0.072933448 -0.031659266
v 0.084843750 -0.064110595 -0.044019250
v 0.084843750 -0.052189231 -0.054074380
v 0.084843750 -0.037535231 -0.061516056
v 0.084843750 -0.020455046 -0.066090100
v 0.084843750 -0.000000000 -0.067633429
v 0.084843750 0.020455046 -0.066090100
v 0.084843750 0.037535231 -0.061516056
v 0.084843750 0.052189231 -0.054074380
v 0.084843750 0.064110595 -0.044019250
v 0.084843750 0.072933448 -0.031659266
v 0.084843750 0.078356435 -0.017252904
v 0.090500000 0.078248262 0.000000000
v 0.090500000 0.076462713 0.016758545
v 0.090500000 0.071170788 0.030752112
v 0.090500000 0.062561167 0.042757938
v 0.090500000 0.050927919 0.052524952
v 0.090500000 0.036628078 0.059753397
v 0.090500000 0.019960687 0.064196378
v 0.090500000 0.000000000 0.065695485
v 0.090500000 -0.019960687 0.064196378
v 0.090500000 -0.036628078 0.059753397
v 0.090500000 -0.050927919 0.052524952
v 0.090500000 -0.062561167 0.042757938
v 0.090500000 -0.071170788 0.030752112
v 0.090500000 -0.076462713 0.016758545
v 0.090500000 -0.078248262 0.000000000
v 0.090500000 -0.076462713 -0.016758545
v 0.090500000 -0.071170788 -0.030752112
v 0.090500000 -0.062561167 -0.042757938
v 0.090500000 -0.050927919 -0.052524952
v 0.090500000 -0.036628078 -0.059753397
v 0.090500000 -0.019960687 -0.064196378
v 0.090500000 -0.000000000 -0.065695485
v 0.090500000 0.019960687 -0.064196378
v 0.090500000 0.036628078 -0.059753397
v 0.090500000 0.050927919 -0.052524952
v 0.090500000 0.062561167 -0.042757938
v 0.090500000 0.071170788 -0.030752112
v 0.090500000 0.076462713 -0.016758545
v 0.096156250 0.076136825 0.000000000
v 0.096156250 0.074399457 0.016219930
v 0.096156250 0.069250329 0.029763747
v 0.096156250 0.060873027 0.041383708
v 0.096156250 0.049553689 0.050836813
v 0.096156250 0.035639713 0.057832937
v 0.096156250 0.019422072 0.062133122
v 0.096156250 0.000000000 0.063584048
v 0.096156250 -0.019422072 0.062133122
v 0.096156250 -0.035639713 0.057832937
v 0.096156250 -0.049553689 0.050836813
v 0.096156250 -0.060873027 0.041383708
v 0.096156250 -0.069250329 0.029763747
v 0.096156250 -0.074399457 0.016219930
v 0.096156250 -0.076136825 0.000000000
v 0.096156250 -0.074399457 -0.016219930
v 0.096156250 -0.069250329 -0.029763747
v 0.096156250 -0.060873027 -0.041383708
v 0.096156250 -0.049553689 -0.050836813
v 0.096156250 -0.035639713 -0.057832937
v 0.096156250 -0.019422072 -0.062133122
v 0.096156250 -0.000000000 -0.063584048
v 0.096156250 0.019422072 -0.062133122
v 0.096156250 0.035639713 -0.057832937
v 0.096156250 0.049553689 -0.050836813
v 0.096156250 0.060873027 -0.041383708
v 0.096156250 0.069250329 -0.029763747
v 0.096156250 0.074399457 -0.016219930
v 0.101812500 0.074069966 0.000000000
v 0.101812500 0.072379762 0.015692686
v 0.101812500 0.067370415 0.028796249
v 0.101812500 0.059220529 0.040038492
v 0.101812500 0.048208473 0.049184314
v 0.101812500 0.034672214 0.055953023
v 0.101812500 0.018894828 0.060113427
v 0.101812500 0.000000000 0.061517189
v 0.101812500 -0.018894828 0.060113427
v 0.101812500 -0.034672214 0.055953023
v 0.101812500 -0.048208473 0.049184314
v 0.101812500 -0.059220529 0.040038492
v 0.101812500 -0.067370415 0.028796249
v 0.101812500 -0.072379762 0.015692686
v 0.101812500 -0.074069966 0.000000000
v 0.101812500 -0.072379762 -0.015692686
v 0.101812500 -0.067370415 -0.028796249
v 0.101812500 -0.059220529 -0.040038492
v 0.101812500 -0.048208473 -0.049184314
v 0.101812500 -0.034672214 -0.055953023
v 0.101812500 -0.018894828 -0.060113427
v 0.101812500 -0.000000000 -0.061517189
v 0.101812500 0.018894828 -0.060113427
v 0.101812500 0.034672214 -0.055953023
v 0.101812500 0.048208473 -0.049184314
v 0.101812500 0.059220529 -0.040038492
v 0.101812500 0.067370415 -0.028796249
v 0.101812500 0.072379762 -0.015692686
v 0.107468750 0.072265755 0.000000000
v 0.107468750 0.070616721 0.015232442
v 0.107468750 0.065729393 0.027951696
v 0.107468750 0.057778024 0.038864221
v 0.107468750 0.047034202 0.047741809
v 0.107468750 0.033827662 0.054312002
v 0.107468750 0.018434584 0.058350387
v 0.107468750 0.000000000 0.059712978
v 0.107468750 -0.018434584 0.058350387
v 0.107468750 -0.033827662 0.054312002
v 0.107468750 -0.047034202 0.047741809
v 0.107468750 -0.057778024 0.038864221
v 0.107468750 -0.065729393 0.027951696
v 0.107468750 -0.070616721 0.015232442
v 0.107468750 -0.072265755 0.000000000
v 0.107468750 -0.070616721 -0.015232442
v 0.107468750 -0.065729393 -0.027951696
v 0.107468750 -0.057778024 -0.038864221
v 0.107468750 -0.047034202 -0.047741809
v 0.107468750 -0.033827662 -0.054312002
v 0.107468750 -0.018434584 -0.058350387
v 0.107468750 -0.000000000 -0.059712978
v 0.107468750 0.018434584 -0.058350387
v 0.107468750 0.033827662 -0.054312002
v 0.107468750 0.047034202 -0.047741809
v 0.107468750 0.057778024 -0.038864221
v 0.107468750 0.065729393 -0.027951696
v 0.107468750 0.070616721 -0.015232442
v 0.113125000 0.070942264 0.000000000
v 0.113125000 0.069323430 0.014894827
v 0.113125000 0.064525610 0.027332168
v 0.113125000 0.056719864 0.038002826
v 0.113125000 0.046172806 0.046683649
v 0.113125000 0.033208134 0.053108219
v 0.113125000 0.018096969 0.057057096
v 0.113125000 0.000000000 0.058389487
v 0.113125000 -0.018096969 0.057057096
v 0.113125000 -0.033208134 0.053108219
v 0.113125000 -0.046172806 0.046683649
v 0.113125000 -0.056719864 0.038002826
v 0.113125000 -0.064525610 0.027332168
v 0.113125000 -0.069323430 0.014894827
v 0.113125000 -0.070942264 0.000000000
v 0.113125000 -0.069323430 -0.014894827
v 0.113125000 -0.064525610 -0.027332168
v 0.113125000 -0.056719864 -0.038002826
v 0.113125000 -0.046172806 -0.046683649
v 0.113125000 -0.033208134 -0.053108219
v 0.113125000 -0.018096969 -0.057057096
v 0.113125000 -0.000000000 -0.058389487
v 0.113125000 0.018096969 -0.057057096
v 0.113125000 0.033208134 -0.053108219
v 0.113125000 0.046172806 -0.046683649
v 0.113125000 0.056719864 -0.038002826
v 0.113125000 0.064525610 -0.027332168
v 0.113125000 0.069323430 -0.014894827
v 0.118781250 0.070317561 0.000000000
v 0.118781250 0.068712983 0.014735469
v 0.118781250 0.063957411 0.027039745
v 0.118781250 0.056220401 0.037596238
v 0.118781250 0.045766219 0.046184186
v 0.118781250 0.032915710 0.052540020
v 0.118781250 0.017937611 0.056446648
v 0.118781250 0.000000000 0.057764784
v 0.118781250 -0.017937611 0.056446648
v 0.118781250 -0.032915710 0.052540020
v 0.118781250 -0.045766219 0.046184186
v 0.118781250 -0.056220401 0.037596238
v 0.118781250 -0.063957411 0.027039745
v 0.118781250 -0.068712983 0.014735469
v 0.118781250 -0.070317561 0.000000000
v 0.118781250 -0.068712983 -0.014735469
v 0.118781250 -0.063957411 -0.027039745
v 0.118781250 -0.056220401 -0.037596238
v 0.118781250 -0.045766219 -0.046184186
v 0.118781250 -0.032915710 -0.052540020
v 0.118781250 -0.017937611 -0.056446648
v 0.118781250 -0.000000000 -0.057764784
v 0.118781250 0.017937611 -0.056446648
v 0.118781250 0.032915710 -0.052540020
v 0.118781250 0.045766219 -0.046184186
v 0.118781250 0.056220401 -0.037596238
v 0.118781250 0.063957411 -0.027039745
v 0.118781250 0.068712983 -0.014735469
v 0.120000000 0.070295550 0.000000000
v 0.120000000 0.068691475 0.014729854
v 0.120000000 0.063937391 0.027029441
v 0.120000000 0.056202803 0.037581912
v 0.120000000 0.045751893 0.046166588
v 0.120000000 0.032905407 0.052520000
v 0.120000000 0.017931996 0.056425140
v 0.120000000 0.000000000 0.057742774
v 0.120000000 -0.017931996 0.056425140
v 0.120000000 -0.032905407 0.052520000
v 0.120000000 -0.045751893 0.046166588
v 0.120000000 -0.056202803 0.037581912
v 0.120000000 -0.063937391 0.027029441
v 0.120000000 -0.068691475 0.014729854
v 0.120000000 -0.070295550 0.000000000
v 0.120000000 -0.068691475 -0.014729854
v 0.120000000 -0.063937391 -0.027029441
v 0.120000000 -0.056202803 -0.037581912
v 0.120000000 -0.045751893 -0.046166588
v 0.120000000 -0.032905407 -0.052520000
v 0.120000000 -0.017931996 -0.056425140
v 0.120000000 -0.000000000 -0.057742774
v 0.120000000 0.017931996 -0.056425140
v 0.120000000 0.032905407 -0.052520000
v 0.120000000 0.045751893 -0.046166588
v 0.120000000 0.056202803 -0.037581912
v 0.120000000 0.063937391 -0.027029441
v 0.120000000 0.068691475 -0.014729854
v 0.124437500 0.069076360 0.000000000
v 0.124437500 0.067500105 0.014503666
v 0.124437500 0.062828476 0.026614384
v 0.124437500 0.055228034 0.037004813
v 0.124437500 0.044958382 0.045457666
v 0.124437500 0.032334703 0.051713516
v 0.124437500 0.017620987 0.055558689
v 0.124437500 0.000000000 0.056856090
v 0.124437500 -0.017620987 0.055558689
v 0.124437500 -0.032334703 0.051713516
v 0.124437500 -0.044958382 0.045457666
v 0.124437500 -0.055228034 0.037004813
v 0.124437500 -0.062828476 0.026614384
v 0.124437500 -0.067500105 0.014503666
v 0.124437500 -0.069076360 0.000000000
v 0.124437500 -0.067500105 -0.014503666
v 0.124437500 -0.062828476 -0.026614384
v 0.124437500 -0.055228034 -0.037004813
v 0.124437500 -0.044958382 -0.045457666
v 0.124437500 -0.032334703 -0.051713516
v 0.124437500 -0.017620987 -0.055558689
v 0.124437500 -0.000000000 -0.056856090
v 0.124437500 0.017620987 -0.055558689
v 0.124437500 0.032334703 -0.051713516
v 0.124437500 0.044958382 -0.045457666
v 0.124437500 0.055228034 -0.037004813
v 0.124437500 0.062828476 -0.026614384
v 0.124437500 0.067500105 -0.014503666
v 0.130093750 0.064729805 0.000000000
v 0.130093750 0.063252734 0.013697279
v 0.130093750 0.058875062 0.025134656
v 0.130093750 0.051752870 0.034947390
v 0.130093750 0.042129425 0.042930273
v 0.130093750 0.030300077 0.048838306
v 0.130093750 0.016512206 0.052469692
v 0.130093750 0.000000000 0.053694959
v 0.130093750 -0.016512206 0.052469692
v 0.130093750 -0.030300077 0.048838306
v 0.130093750 -0.042129425 0.042930273
v 0.130093750 -0.051752870 0.034947390
v 0.130093750 -0.058875062 0.025134656
v 0.130093750 -0.063252734 0.013697279
v 0.130093750 -0.064729805 0.000000000
v 0.130093750 -0.063252734 -0.013697279
v 0.130093750 -0.058875062 -0.025134656
v 0.130093750 -0.051752870 -0.034947390
v 0.130093750 -0.042129425 -0.042930273
v 0.130093750 -0.030300077 -0.048838306
v 0.130093750 -0.016512206 -0.052469692
v 0.130093750 -0.000000000 -0.053694959
v 0.130093750 0.016512206 -0.052469692
v 0.130093750 0.030300077 -0.048838306
v 0.130093750 0.042129425 -0.042930273
v 0.130093750 0.051752870 -0.034947390
v 0.130093750 0.058875062 -0.025134656
v 0.130093750 0.063252734 -0.013697279
v 0.135750000 0.058551800 0.000000000
v 0.135750000 0.057215705 0.012551116
v 0.135750000 0.053255851 0.023031434
v 0.135750000 0.046813422 0.032023057
v 0.135750000 0.038108467 0.039337948
v 0.135750000 0.027408147 0.044751607
v 0.135750000 0.014936232 0.048079126
v 0.135750000 0.000000000 0.049201864
v 0.135750000 -0.014936232 0.048079126
v 0.135750000 -0.027408147 0.044751607
v 0.135750000 -0.038108467 0.039337948
v 0.135750000 -0.046813422 0.032023057
v 0.135750000 -0.053255851 0.023031434
v 0.135750000 -0.057215705 0.012551116
v 0.135750000 -0.058551800 0.000000000
v 0.135750000 -0.057215705 -0.012551116
v 0.135750000 -0.053255851 -0.023031434
v 0.135750000 -0.046813422 -0.032023057
v 0.135750000 -0.038108467 -0.039337948
v 0.135750000 -0.027408147 -0.044751607
v 0.135750000 -0.014936232 -0.048079126
v 0.135750000 -0.000000000 -0.049201864
v 0.135750000 0.014936232 -0.048079126
v 0.135750000 0.027408147 -0.044751607
v 0.135750000 0.038108467 -0.039337948
v 0.135750000 0.046813422 -0.032023057
v 0.135750000 0.053255851 -0.023031434
v 0.135750000 0.057215705 -0.012551116
v 0.141406250 0.051941047 0.000000000
v 0.141406250 0.050755803 0.011324669
v 0.141406250 0.047243033 0.020780890
v 0.141406250 0.041527983 0.028893885
v 0.141406250 0.033805855 0.035493992
v 0.141406250 0.024313648 0.040378649
v 0.141406250 0.013249866 0.043381015
v 0.141406250 0.000000000 0.044394044
v 0.141406250 -0.013249866 0.043381015
v 0.141406250 -0.024313648 0.040378649
v 0.141406250 -0.033805855 0.035493992
v 0.141406250 -0.041527983 0.028893885
v 0.141406250 -0.047243033 0.020780890
v 0.141406250 -0.050755803 0.011324669
v 0.141406250 -0.051941047 0.000000000
v 0.141406250 -0.050755803 -0.011324669
v 0.141406250 -0.047243033 -0.020780890
v 0.141406250 -0.041527983 -0.028893885
v 0.141406250 -0.033805855 -0.035493992
v 0.141406250 -0.024313648 -0.040378649
v 0.141406250 -0.013249866 -0.043381015
v 0.141406250 -0.000000000 -0.044394044
v 0.141406250 0.013249866 -0.043381015
v 0.141406250 0.024313648 -0.040378649
v 0.141406250 0.033805855 -0.035493992
v 0.141406250 0.041527983 -0.028893885
v 0.141406250 0.047243033 -0.020780890
v 0.141406250 0.050755803 -0.011324669
v 0.147062500 0.046296249 0.000000000
v 0.147062500 0.045239813 0.010277428
v 0.147062500 0.042108801 0.018859192
v 0.147062500 0.037014846 0.026221943
v 0.147062500 0.030131936 0.032211710
v 0.147062500 0.021671313 0.036644662
v 0.147062500 0.011809910 0.039369386
v 0.147062500 0.000000000 0.040288736
v 0.147062500 -0.011809910 0.039369386
v 0.147062500 -0.021671313 0.036644662
v 0.147062500 -0.030131936 0.032211710
v 0.147062500 -0.037014846 0.026221943
v 0.147062500 -0.042108801 0.018859192
v 0.147062500 -0.045239813 0.010277428
v 0.147062500 -0.046296249 0.000000000
v 0.147062500 -0.045239813 -0.010277428
v 0.147062500 -0.042108801 -0.018859192
v 0.147062500 -0.037014846 -0.026221943
v 0.147062500 -0.030131936 -0.032211710
v 0.147062500 -0.021671313 -0.036644662
v 0.147062500 -0.011809910 -0.039369386
v 0.147062500 -0.000000000 -0.040288736
v 0.147062500 0.011809910 -0.039369386
v 0.147062500 0.021671313 -0.036644662
v 0.147062500 0.030131936 -0.032211710
v 0.147062500 0.037014846 -0.026221943
v 0.147062500 0.042108801 -0.018859192
v 0.147062500 0.045239813 -0.010277428
v 0.152718750 0.043016108 0.000000000
v 0.152718750 0.042034522 0.009668886
v 0.152718750 0.039125346 0.017742510
v 0.152718750 0.034392303 0.024669302
v 0.152718750 0.027997055 0.030304406
v 0.152718750 0.020135877 0.034474876
v 0.152718750 0.010973165 0.037038265
v 0.152718750 0.000000000 0.037903179
v 0.152718750 -0.010973165 0.037038265
v 0.152718750 -0.020135877 0.034474876
v 0.152718750 -0.027997055 0.030304406
v 0.152718750 -0.034392303 0.024669302
v 0.152718750 -0.039125346 0.017742510
v 0.152718750 -0.042034522 0.009668886
v 0.152718750 -0.043016108 0.000000000
v 0.152718750 -0.042034522 -0.009668886
v 0.152718750 -0.039125346 -0.017742510
v 0.152718750 -0.034392303 -0.024669302
v 0.152718750 -0.027997055 -0.030304406
v 0.152718750 -0.020135877 -0.034474876
v 0.152718750 -0.010973165 -0.037038265
v 0.152718750 -0.000000000 -0.037903179
v 0.152718750 0.010973165 -0.037038265
v 0.152718750 0.020135877 -0.034474876
v 0.152718750 0.027997055 -0.030304406
v 0.152718750 0.034392303 -0.024669302
v 0.152718750 0.039125346 -0.017742510
v 0.152718750 0.042034522 -0.009668886
v 0.155000000 0.042679441 0.000000000
v 0.155000000 0.041705538 0.009606426
v 0.155000000 0.038819130 0.017627897
v 0.155000000 0.034123130 0.024509943
v 0.155000000 0.027777935 0.030108644
v 0.155000000 0.019978283 0.034252174
v 0.155000000 0.010887283 0.036799004
v 0.155000000 0.000000000 0.037658331
v 0.155000000 -0.010887283 0.036799004
v 0.155000000 -0.019978283 0.034252174
v 0.155000000 -0.027777935 0.030108644
v 0.155000000 -0.034123130 0.024509943
v 0.155000000 -0.038819130 0.017627897
v 0.155000000 -0.041705538 0.009606426
v 0.155000000 -0.042679441 0.000000000
v 0.155000000 -0.041705538 -0.009606426
v 0.155000000 -0.038819130 -0.017627897
v 0.155000000 -0.034123130 -0.024509943
v 0.155000000 -0.027777935 -0.030108644
v 0.155000000 -0.019978283 -0.034252174
v 0.155000000 -0.010887283 -0.036799004
v 0.155000000 -0.000000000 -0.037658331
v 0.155000000 0.010887283 -0.036799004
v 0.155000000 0.019978283 -0.034252174
v 0.155000000 0.027777935 -0.030108644
v 0.155000000 0.034123130 -0.024509943
v 0.155000000 0.038819130 -0.017627897
v 0.155000000 0.041705538 -0.009606426
v 0.158375000 0.040986916 0.000000000
v 0.158375000 0.040051635 0.009281133
v 0.158375000 0.037279693 0.017030979
v 0.158375000 0.032769920 0.023679985
v 0.158375000 0.026676354 0.029089103
v 0.158375000 0.019186011 0.033092324
v 0.158375000 0.010455530 0.035552913
v 0.158375000 0.000000000 0.036383141
v 0.158375000 -0.010455530 0.035552913
v 0.158375000 -0.019186011 0.033092324
v 0.158375000 -0.026676354 0.029089103
v 0.158375000 -0.032769920 0.023679985
v 0.158375000 -0.037279693 0.017030979
v 0.158375000 -0.040051635 0.009281133
v 0.158375000 -0.040986916 0.000000000
v 0.158375000 -0.040051635 -0.009281133
v 0.158375000 -0.037279693 -0.017030979
v 0.158375000 -0.032769920 -0.023679985
v 0.158375000 -0.026676354 -0.029089103
v 0.158375000 -0.019186011 -0.033092324
v 0.158375000 -0.010455530 -0.035552913
v 0.158375000 -0.000000000 -0.036383141
v 0.158375000 0.010455530 -0.035552913
v 0.158375000 0.019186011 -0.033092324
v 0.158375000 0.026676354 -0.029089103
v 0.158375000 0.032769920 -0.023679985
v 0.158375000 0.037279693 -0.017030979
v 0.158375000 0.040051635 -0.009281133
v 0.164031250 0.032484213 0.000000000
v 0.164031250 0.031742955 0.007646961
v 0.164031250 0.029546050 0.014032256
v 0.164031250 0.025971826 0.019510541
v 0.164031250 0.021142365 0.023967251
v 0.164031250 0.015205888 0.027265606
v 0.164031250 0.008286538 0.029292948
v 0.164031250 0.000000000 0.029976994
v 0.164031250 -0.008286538 0.029292948
v 0.164031250 -0.015205888 0.027265606
v 0.164031250 -0.021142365 0.023967251
v 0.164031250 -0.025971826 0.019510541
v 0.164031250 -0.029546050 0.014032256
v 0.164031250 -0.031742955 0.007646961
v 0.164031250 -0.032484213 0.000000000
v 0.164031250 -0.031742955 -0.007646961
v 0.164031250 -0.029546050 -0.014032256
v 0.164031250 -0.025971826 -0.019510541
v 0.164031250 -0.021142365 -0.023967251
v 0.164031250 -0.015205888 -0.027265606
v 0.164031250 -0.008286538 -0.029292948
v 0.164031250 -0.000000000 -0.029976994
v 0.164031250 0.008286538 -0.029292948
v 0.164031250 0.015205888 -0.027265606
v 0.164031250 0.021142365 -0.023967251
v 0.164031250 0.025971826 -0.019510541
v 0.164031250 0.029546050 -0.014032256
v 0.164031250 0.031742955 -0.007646961
v 0.169687500 0.020803941 0.000000000
v 0.169687500 0.020329216 0.005402079
v 0.169687500 0.018922246 0.009912873
v 0.169687500 0.016633198 0.013782924
v 0.169687500 0.013540255 0.016931298
v 0.169687500 0.009738343 0.019261371
v 0.169687500 0.005306967 0.020693556
v 0.169687500 0.000000000 0.021176789
v 0.169687500 -0.005306967 0.020693556
v 0.169687500 -0.009738343 0.019261371
v 0.169687500 -0.013540255 0.016931298
v 0.169687500 -0.016633198 0.013782924
v 0.169687500 -0.018922246 0.009912873
v 0.169687500 -0.020329216 0.005402079
v 0.169687500 -0.020803941 0.000000000
v 0.169687500 -0.020329216 -0.005402079
v 0.169687500 -0.018922246 -0.009912873
v 0.169687500 -0.016633198 -0.013782924
v 0.169687500 -0.013540255 -0.016931298
v 0.169687500 -0.009738343 -0.019261371
v 0.169687500 -0.005306967 -0.020693556
v 0.169687500 -0.000000000 -0.021176789
v 0.169687500 0.005306967 -0.020693556
v 0.169687500 0.009738343 -0.019261371
v 0.169687500 0.013540255 -0.016931298
v 0.169687500 0.016633198 -0.013782924
v 0.169687500 0.018922246 -0.009912873
v 0.169687500 0.020329216 -0.005402079
v 0.175343750 0.010474762 0.000000000
v 0.175343750 0.010235738 0.003416869
v 0.175343750 0.009527330 0.006269991
v 0.175343750 0.008374797 0.008717837
v 0.175343750 0.006817504 0.010709215
v 0.175343750 0.004903245 0.012183009
v 0.175343750 0.002672052 0.013088881
v 0.175343750 0.000000000 0.013394531
v 0.175343750 -0.002672052 0.013088881
v 0.175343750 -0.004903245 0.012183009
v 0.175343750 -0.006817504 0.010709215
v 0.175343750 -0.008374797 0.008717837
v 0.175343750 -0.009527330 0.006269991
v 0.175343750 -0.010235738 0.003416869
v 0.175343750 -0.010474762 0.000000000
v 0.175343750 -0.010235738 -0.003416869
v 0.175343750 -0.009527330 -0.006269991
v 0.175343750 -0.008374797 -0.008717837
v 0.175343750 -0.006817504 -0.010709215
v 0.175343750 -0.004903245 -0.012183009
v 0.175343750 -0.002672052 -0.013088881
v 0.175343750 -0.000000000 -0.013394531
v 0.175343750 0.002672052 -0.013088881
v 0.175343750 0.004903245 -0.012183009
v 0.175343750 0.006817504 -0.010709215
v 0.175343750 0.008374797 -0.008717837
v 0.175343750 0.009527330 -0.006269991
v 0.175343750 0.010235738 -0.003416869
v 0.181000000 0.006025333 0.000000000
v 0.181000000 0.005887841 0.002561714
v 0.181000000 0.005480348 0.004700772
v 0.181000000 0.004817383 0.006535985
v 0.181000000 0.003921591 0.008028972
v 0.181000000 0.002820463 0.009133913
v 0.181000000 0.001537028 0.009813068
v 0.181000000 0.000000000 0.010042221
v 0.181000000 -0.001537028 0.009813068
v 0.181000000 -0.002820463 0.009133913
v 0.181000000 -0.003921591 0.008028972
v 0.181000000 -0.004817383 0.006535985
v 0.181000000 -0.005480348 0.004700772
v 0.181000000 -0.005887841 0.002561714
v 0.181000000 -0.006025333 0.000000000
v 0.181000000 -0.005887841 -0.002561714
v 0.181000000 -0.005480348 -0.004700772
v 0.181000000 -0.004817383 -0.006535985
v 0.181000000 -0.003921591 -0.008028972
v 0.181000000 -0.002820463 -0.009133913
v 0.181000000 -0.001537028 -0.009813068
v 0.181000000 -0.000000000 -0.010042221
v 0.181000000 0.001537028 -0.009813068
v 0.181000000 0.002820463 -0.009133913
v 0.181000000 0.003921591 -0.008028972
v 0.181000000 0.004817383 -0.006535985
v 0.181000000 0.005480348 -0.004700772
v 0.181000000 0.005887841 -0.002561714
v -0.181000000 0.000000000 0.000000000
v 0.181000000 0.000000000 0.000000000
v -0.210500000 0.040168487 0.000000000
v -0.210500000 0.039161379 0.010614266
v -0.210500000 0.036190556 0.020696288
v -0.210500000 0.031404988 0.029740512
v -0.210500000 0.025044642 0.037293423
v -0.210500000 0.017428453 0.042976285
v -0.210500000 0.008938329 0.046504138
v -0.210500000 0.000000000 0.047700078
v -0.210500000 -0.008938329 0.046504138
v -0.210500000 -0.017428453 0.042976285
v -0.210500000 -0.025044642 0.037293423
v -0.210500000 -0.031404988 0.029740512
v -0.210500000 -0.036190556 0.020696288
v -0.210500000 -0.039161379 0.010614266
v -0.210500000 -0.040168487 0.000000000
v -0.210500000 -0.039161379 -0.010614266
v -0.210500000 -0.036190556 -0.020696288
v -0.210500000 -0.031404988 -0.029740512
v -0.210500000 -0.025044642 -0.037293423
v -0.210500000 -0.017428453 -0.042976285
v -0.210500000 -0.008938329 -0.046504138
v -0.210500000 -0.000000000 -0.047700078
v -0.210500000 0.008938329 -0.046504138
v -0.210500000 0.017428453 -0.042976285
v -0.210500000 0.025044642 -0.037293423
v -0.210500000 0.031404988 -0.029740512
v -0.210500000 0.036190556 -0.020696288
v -0.210500000 0.039161379 -0.010614266
v -0.205583333 0.040912348 0.000000000
v -0.205583333 0.039886590 0.010655647
v -0.205583333 0.036860752 0.020776976
v -0.205583333 0.031986562 0.029856460
v -0.205583333 0.025508432 0.037438816
v -0.205583333 0.017751202 0.043143834
v -0.205583333 0.009103854 0.046685440
v -0.205583333 0.000000000 0.047886043
v -0.205583333 -0.009103854 0.046685440
v -0.205583333 -0.017751202 0.043143834
v -0.205583333 -0.025508432 0.037438816
v -0.205583333 -0.031986562 0.029856460
v -0.205583333 -0.036860752 0.020776976
v -0.205583333 -0.039886590 0.010655647
v -0.205583333 -0.040912348 0.000000000
v -0.205583333 -0.039886590 -0.010655647
v -0.205583333 -0.036860752 -0.020776976
v -0.205583333 -0.031986562 -0.029856460
v -0.205583333 -0.025508432 -0.037438816
v -0.205583333 -0.017751202 -0.043143834
v -0.205583333 -0.009103854 -0.046685440
v -0.205583333 -0.000000000 -0.047886043
v -0.205583333 0.009103854 -0.046685440
v -0.205583333 0.017751202 -0.043143834
v -0.205583333 0.025508432 -0.037438816
v -0.205583333 0.031986562 -0.029856460
v -0.205583333 0.036860752 -0.020776976
v -0.205583333 0.039886590 -0.010655647
v -0.200666667 0.042772000 0.000000000
v -0.200666667 0.041699617 0.010759100
v -0.200666667 0.038536240 0.020978694
v -0.200666667 0.033440496 0.030146328
v -0.200666667 0.026667906 0.037802300
v -0.200666667 0.018558075 0.043562707
v -0.200666667 0.009517665 0.047138697
v -0.200666667 0.000000000 0.048350956
v -0.200666667 -0.009517665 0.047138697
v -0.200666667 -0.018558075 0.043562707
v -0.200666667 -0.026667906 0.037802300
v -0.200666667 -0.033440496 0.030146328
v -0.200666667 -0.038536240 0.020978694
v -0.200666667 -0.041699617 0.010759100
v -0.200666667 -0.042772000 0.000000000
v -0.200666667 -0.041699617 -0.010759100
v -0.200666667 -0.038536240 -0.020978694
v -0.200666667 -0.033440496 -0.030146328
v -0.200666667 -0.026667906 -0.037802300
v -0.200666667 -0.018558075 -0.043562707
v -0.200666667 -0.009517665 -0.047138697
v -0.200666667 -0.000000000 -0.048350956
v -0.200666667 0.009517665 -0.047138697
v -0.200666667 0.018558075 -0.043562707
v -0.200666667 0.026667906 -0.037802300
v -0.200666667 0.033440496 -0.030146328
v -0.200666667 0.038536240 -0.020978694
v -0.200666667 0.041699617 -0.010759100
v -0.195750000 0.045189548 0.000000000
v -0.195750000 0.044056551 0.010893589
v -0.195750000 0.040714376 0.021240927
v -0.195750000 0.035330611 0.030523157
v -0.195750000 0.028175222 0.038274829
v -0.195750000 0.019607010 0.044107240
v -0.195750000 0.010055620 0.047727931
v -0.195750000 0.000000000 0.048955343
v -0.195750000 -0.010055620 0.047727931
v -0.195750000 -0.019607010 0.044107240
v -0.195750000 -0.028175222 0.038274829
v -0.195750000 -0.035330611 0.030523157
v -0.195750000 -0.040714376 0.021240927
v -0.195750000 -0.044056551 0.010893589
v -0.195750000 -0.045189548 0.000000000
v -0.195750000 -0.044056551 -0.010893589
v -0.195750000 -0.040714376 -0.021240927
v -0.195750000 -0.035330611 -0.030523157
v -0.195750000 -0.028175222 -0.038274829
v -0.195750000 -0.019607010 -0.044107240
v -0.195750000 -0.010055620 -0.047727931
v -0.195750000 -0.000000000 -0.048955343
v -0.195750000 0.010055620 -0.047727931
v -0.195750000 0.019607010 -0.044107240
v -0.195750000 0.028175222 -0.038274829
v -0.195750000 0.035330611 -0.030523157
v -0.195750000 0.040714376 -0.021240927
v -0.195750000 0.044056551 -0.010893589
v -0.190833333 0.047607096 0.000000000
v -0.190833333 0.046413486 0.011028077
v -0.190833333 0.042892511 0.021503161
v -0.190833333 0.037220726 0.030899986
v -0.190833333 0.029682539 0.038747357
v -0.190833333 0.020655945 0.044651774
v -0.190833333 0.010593575 0.048317164
v -0.190833333 0.000000000 0.049559730
v -0.190833333 -0.010593575 0.048317164
v -0.190833333 -0.020655945 0.044651774
v -0.190833333 -0.029682539 0.038747357
v -0.190833333 -0.037220726 0.030899986
v -0.190833333 -0.042892511 0.021503161
v -0.190833333 -0.046413486 0.011028077
v -0.190833333 -0.047607096 0.000000000
v -0.190833333 -0.046413486 -0.011028077
v -0.190833333 -0.042892511 -0.021503161
v -0.190833333 -0.037220726 -0.030899986
v -0.190833333 -0.029682539 -0.038747357
v -0.190833333 -0.020655945 -0.044651774
v -0.190833333 -0.010593575 -0.048317164
v -0.190833333 -0.000000000 -0.049559730
v -0.190833333 0.010593575 -0.048317164
v -0.190833333 0.020655945 -0.044651774
v -0.190833333 0.029682539 -0.038747357
v -0.190833333 0.037220726 -0.030899986
v -0.190833333 0.042892511 -0.021503161
v -0.190833333 0.046413486 -0.011028077
v -0.185916667 0.049466748 0.000000000
v -0.185916667 0.048226513 0.011131530
v -0.185916667 0.044568000 0.021704879
v -0.185916667 0.038674661 0.031189855
v -0.185916667 0.030842013 0.039110841
v -0.185916667 0.021462817 0.045070646
v -0.185916667 0.011007387 0.048770421
v -0.185916667 0.000000000 0.050024643
v -0.185916667 -0.011007387 0.048770421
v -0.185916667 -0.021462817 0.045070646
v -0.185916667 -0.030842013 0.039110841
v -0.185916667 -0.038674661 0.031189855
v -0.185916667 -0.044568000 0.021704879
v -0.185916667 -0.048226513 0.011131530
v -0.185916667 -0.049466748 0.000000000
v -0.185916667 -0.048226513 -0.011131530
v -0.185916667 -0.044568000 -0.021704879
v -0.185916667 -0.038674661 -0.031189855
v -0.185916667 -0.030842013 -0.039110841
v -0.185916667 -0.021462817 -0.045070646
v -0.185916667 -0.011007387 -0.048770421
v -0.185916667 -0.000000000 -0.050024643
v -0.185916667 0.011007387 -0.048770421
v -0.185916667 0.021462817 -0.045070646
v -0.185916667 0.030842013 -0.039110841
v -0.185916667 0.038674661 -0.031189855
v -0.185916667 0.044568000 -0.021704879
v -0.185916667 0.048226513 -0.011131530
v -0.181000000 0.050210609 0.000000000
v -0.181000000 0.048951724 0.011172912
v -0.181000000 0.045238195 0.021785567
v -0.181000000 0.039256235 0.031305802
v -0.181000000 0.031305802 0.039256235
v -0.181000000 0.021785567 0.045238195
v -0.181000000 0.011172912 0.048951724
v -0.181000000 0.000000000 0.050210609
v -0.181000000 -0.011172912 0.048951724
v -0.181000000 -0.021785567 0.045238195
v -0.181000000 -0.031305802 0.039256235
v -0.181000000 -0.039256235 0.031305802
v -0.181000000 -0.045238195 0.021785567
v -0.181000000 -0.048951724 0.011172912
v -0.181000000 -0.050210609 0.000000000
v -0.181000000 -0.048951724 -0.011172912
v -0.181000000 -0.045238195 -0.021785567
v -0.181000000 -0.039256235 -0.031305802
v -0.181000000 -0.031305802 -0.039256235
v -0.181000000 -0.021785567 -0.045238195
v -0.181000000 -0.011172912 -0.048951724
v -0.181000000 -0.000000000 -0.050210609
v -0.181000000 0.011172912 -0.048951724
v -0.181000000 0.021785567 -0.045238195
v -0.181000000 0.031305802 -0.039256235
v -0.181000000 0.039256235 -0.031305802
v -0.181000000 0.045238195 -0.021785567
v -0.181000000 0.048951724 -0.011172912
v -0.210500000 0.000000000 0.000000000
v -0.181000000 0.000000000 0.000000000
v -0.241500000 0.030126365 0.000000000
v -0.241500000 0.029371034 0.010055620
v -0.241500000 0.027142917 0.019607010
v -0.241500000 0.023553741 0.028175222
v -0.241500000 0.018783481 0.035330611
v -0.241500000 0.013071340 0.040714376
v -0.241500000 0.006703747 0.044056551
v -0.241500000 0.000000000 0.045189548
v -0.241500000 -0.006703747 0.044056551
v -0.241500000 -0.013071340 0.040714376
v -0.241500000 -0.018783481 0.035330611
v -0.241500000 -0.023553741 0.028175222
v -0.241500000 -0.027142917 0.019607010
v -0.241500000 -0.029371034 0.010055620
v -0.241500000 -0.030126365 0.000000000
v -0.241500000 -0.029371034 -0.010055620
v -0.241500000 -0.027142917 -0.019607010
v -0.241500000 -0.023553741 -0.028175222
v -0.241500000 -0.018783481 -0.035330611
v -0.241500000 -0.013071340 -0.040714376
v -0.241500000 -0.006703747 -0.044056551
v -0.241500000 -0.000000000 -0.045189548
v -0.241500000 0.006703747 -0.044056551
v -0.241500000 0.013071340 -0.040714376
v -0.241500000 0.018783481 -0.035330611
v -0.241500000 0.023553741 -0.028175222
v -0.241500000 0.027142917 -0.019607010
v -0.241500000 0.029371034 -0.010055620
v -0.236333333 0.030870226 0.000000000
v -0.236333333 0.030096245 0.010097002
v -0.236333333 0.027813113 0.019687697
v -0.236333333 0.024135315 0.028291170
v -0.236333333 0.019247271 0.035476005
v -0.236333333 0.013394089 0.040881925
v -0.236333333 0.006869272 0.044237854
v -0.236333333 0.000000000 0.045375513
v -0.236333333 -0.006869272 0.044237854
v -0.236333333 -0.013394089 0.040881925
v -0.236333333 -0.019247271 0.035476005
v -0.236333333 -0.024135315 0.028291170
v -0.236333333 -0.027813113 0.019687697
v -0.236333333 -0.030096245 0.010097002
v -0.236333333 -0.030870226 0.000000000
v -0.236333333 -0.030096245 -0.010097002
v -0.236333333 -0.027813113 -0.019687697
v -0.236333333 -0.024135315 -0.028291170
v -0.236333333 -0.019247271 -0.035476005
v -0.236333333 -0.013394089 -0.040881925
v -0.236333333 -0.006869272 -0.044237854
v -0.236333333 -0.000000000 -0.045375513
v -0.236333333 0.006869272 -0.044237854
v -0.236333333 0.013394089 -0.040881925
v -0.236333333 0.019247271 -0.035476005
v -0.236333333 0.024135315 -0.028291170
v -0.236333333 0.027813113 -0.019687697
v -0.236333333 0.030096245 -0.010097002
v -0.231166667 0.032729878 0.000000000
v -0.231166667 0.031909272 0.010200454
v -0.231166667 0.029488601 0.019889415
v -0.231166667 0.025589249 0.028581038
v -0.231166667 0.020406745 0.035839488
v -0.231166667 0.014200962 0.041300797
v -0.231166667 0.007283083 0.044691111
v -0.231166667 0.000000000 0.045840426
v -0.231166667 -0.007283083 0.044691111
v -0.231166667 -0.014200962 0.041300797
v -0.231166667 -0.020406745 0.035839488
v -0.231166667 -0.025589249 0.028581038
v -0.231166667 -0.029488601 0.019889415
v -0.231166667 -0.031909272 0.010200454
v -0.231166667 -0.032729878 0.000000000
v -0.231166667 -0.031909272 -0.010200454
v -0.231166667 -0.029488601 -0.019889415
v -0.231166667 -0.025589249 -0.028581038
v -0.231166667 -0.020406745 -0.035839488
v -0.231166667 -0.014200962 -0.041300797
v -0.231166667 -0.007283083 -0.044691111
v -0.231166667 -0.000000000 -0.045840426
v -0.231166667 0.007283083 -0.044691111
v -0.231166667 0.014200962 -0.041300797
v -0.231166667 0.020406745 -0.035839488
v -0.231166667 0.025589249 -0.028581038
v -0.231166667 0.029488601 -0.019889415
v -0.231166667 0.031909272 -0.010200454
v -0.226000000 0.035147426 0.000000000
v -0.226000000 0.034266207 0.010334943
v -0.226000000 0.031666737 0.020151649
v -0.226000000 0.027479364 0.028957867
v -0.226000000 0.021914062 0.036312017
v -0.226000000 0.015249897 0.041845331
v -0.226000000 0.007821038 0.045280345
v -0.226000000 0.000000000 0.046444813
v -0.226000000 -0.007821038 0.045280345
v -0.226000000 -0.015249897 0.041845331
v -0.226000000 -0.021914062 0.036312017
v -0.226000000 -0.027479364 0.028957867
v -0.226000000 -0.031666737 0.020151649
v -0.226000000 -0.034266207 0.010334943
v -0.226000000 -0.035147426 0.000000000
v -0.226000000 -0.034266207 -0.010334943
v -0.226000000 -0.031666737 -0.020151649
v -0.226000000 -0.027479364 -0.028957867
v -0.226000000 -0.021914062 -0.036312017
v -0.226000000 -0.015249897 -0.041845331
v -0.226000000 -0.007821038 -0.045280345
v -0.226000000 -0.000000000 -0.046444813
v -0.226000000 0.007821038 -0.045280345
v -0.226000000 0.015249897 -0.041845331
v -0.226000000 0.021914062 -0.036312017
v -0.226000000 0.027479364 -0.028957867
v -0.226000000 0.031666737 -0.020151649
v -0.226000000 0.034266207 -0.010334943
v -0.220833333 0.037564974 0.000000000
v -0.220833333 0.036623142 0.010469432
v -0.220833333 0.033844872 0.020413883
v -0.220833333 0.029369479 0.029334696
v -0.220833333 0.023421378 0.036784546
v -0.220833333 0.016298831 0.042389864
v -0.220833333 0.008358993 0.045869578
v -0.220833333 0.000000000 0.047049200
v -0.220833333 -0.008358993 0.045869578
v -0.220833333 -0.016298831 0.042389864
v -0.220833333 -0.023421378 0.036784546
v -0.220833333 -0.029369479 0.029334696
v -0.220833333 -0.033844872 0.020413883
v -0.220833333 -0.036623142 0.010469432
v -0.220833333 -0.037564974 0.000000000
v -0.220833333 -0.036623142 -0.010469432
v -0.220833333 -0.033844872 -0.020413883
v -0.220833333 -0.029369479 -0.029334696
v -0.220833333 -0.023421378 -0.036784546
v -0.220833333 -0.016298831 -0.042389864
v -0.220833333 -0.008358993 -0.045869578
v -0.220833333 -0.000000000 -0.047049200
v -0.220833333 0.008358993 -0.045869578
v -0.220833333 0.016298831 -0.042389864
v -0.220833333 0.023421378 -0.036784546
v -0.220833333 0.029369479 -0.029334696
v -0.220833333 0.033844872 -0.020413883
v -0.220833333 0.036623142 -0.010469432
v -0.215666667 0.039424626 0.000000000
v -0.215666667 0.038436168 0.010572885
v -0.215666667 0.035520361 0.020615601
v -0.215666667 0.030823414 0.029624565
v -0.215666667 0.024580852 0.037148029
v -0.215666667 0.017105704 0.042808737
v -0.215666667 0.008772805 0.046322835
v -0.215666667 0.000000000 0.047514113
v -0.215666667 -0.008772805 0.046322835
v -0.215666667 -0.017105704 0.042808737
v -0.215666667 -0.024580852 0.037148029
v -0.215666667 -0.030823414 0.029624565
v -0.215666667 -0.035520361 0.020615601
v -0.215666667 -0.038436168 0.010572885
v -0.215666667 -0.039424626 0.000000000
v -0.215666667 -0.038436168 -0.010572885
v -0.215666667 -0.035520361 -0.020615601
v -0.215666667 -0.030823414 -0.029624565
v -0.215666667 -0.024580852 -0.037148029
v -0.215666667 -0.017105704 -0.042808737
v -0.215666667 -0.008772805 -0.046322835
v -0.215666667 -0.000000000 -0.047514113
v -0.215666667 0.008772805 -0.046322835
v -0.215666667 0.017105704 -0.042808737
v -0.215666667 0.024580852 -0.037148029
v -0.215666667 0.030823414 -0.029624565
v -0.215666667 0.035520361 -0.020615601
v -0.215666667 0.038436168 -0.010572885
v -0.210500000 0.040168487 0.000000000
v -0.210500000 0.039161379 0.010614266
v -0.210500000 0.036190556 0.020696288
v -0.210500000 0.031404988 0.029740512
v -0.210500000 0.025044642 0.037293423
v -0.210500000 0.017428453 0.042976285
v -0.210500000 0.008938329 0.046504138
v -0.210500000 0.000000000 0.047700078
v -0.210500000 -0.008938329 0.046504138
v -0.210500000 -0.017428453 0.042976285
v -0.210500000 -0.025044642 0.037293423
v -0.210500000 -0.031404988 0.029740512
v -0.210500000 -0.036190556 0.020696288
v -0.210500000 -0.039161379 0.010614266
v -0.210500000 -0.040168487 0.000000000
v -0.210500000 -0.039161379 -0.010614266
v -0.210500000 -0.036190556 -0.020696288
v -0.210500000 -0.031404988 -0.029740512
v -0.210500000 -0.025044642 -0.037293423
v -0.210500000 -0.017428453 -0.042976285
v -0.210500000 -0.008938329 -0.046504138
v -0.210500000 -0.000000000 -0.047700078
v -0.210500000 0.008938329 -0.046504138
v -0.210500000 0.017428453 -0.042976285
v -0.210500000 0.025044642 -0.037293423
v -0.210500000 0.031404988 -0.029740512
v -0.210500000 0.036190556 -0.020696288
v -0.210500000 0.039161379 -0.010614266
v -0.241500000 0.000000000 0.000000000
v -0.210500000 0.000000000 0.000000000
v -0.272000000 0.020084243 0.000000000
v -0.272000000 0.019580690 0.009496975
v -0.272000000 0.018095278 0.018517732
v -0.272000000 0.015702494 0.026609932
v -0.272000000 0.012522321 0.033367799
v -0.272000000 0.008714227 0.038452466
v -0.272000000 0.004469165 0.041608965
v -0.272000000 0.000000000 0.042679017
v -0.272000000 -0.004469165 0.041608965
v -0.272000000 -0.008714227 0.038452466
v -0.272000000 -0.012522321 0.033367799
v -0.272000000 -0.015702494 0.026609932
v -0.272000000 -0.018095278 0.018517732
v -0.272000000 -0.019580690 0.009496975
v -0.272000000 -0.020084243 0.000000000
v -0.272000000 -0.019580690 -0.009496975
v -0.272000000 -0.018095278 -0.018517732
v -0.272000000 -0.015702494 -0.026609932
v -0.272000000 -0.012522321 -0.033367799
v -0.272000000 -0.008714227 -0.038452466
v -0.272000000 -0.004469165 -0.041608965
v -0.272000000 -0.000000000 -0.042679017
v -0.272000000 0.004469165 -0.041608965
v -0.272000000 0.008714227 -0.038452466
v -0.272000000 0.012522321 -0.033367799
v -0.272000000 0.015702494 -0.026609932
v -0.272000000 0.018095278 -0.018517732
v -0.272000000 0.019580690 -0.009496975
v -0.266916667 0.020828104 0.000000000
v -0.266916667 0.020305900 0.009538356
v -0.266916667 0.018765474 0.018598419
v -0.266916667 0.016284068 0.026725879
v -0.266916667 0.012986111 0.033513193
v -0.266916667 0.009036976 0.038620015
v -0.266916667 0.004634689 0.041790268
v -0.266916667 0.000000000 0.042864983
v -0.266916667 -0.004634689 0.041790268
v -0.266916667 -0.009036976 0.038620015
v -0.266916667 -0.012986111 0.033513193
v -0.266916667 -0.016284068 0.026725879
v -0.266916667 -0.018765474 0.018598419
v -0.266916667 -0.020305900 0.009538356
v -0.266916667 -0.020828104 0.000000000
v -0.266916667 -0.020305900 -0.009538356
v -0.266916667 -0.018765474 -0.018598419
v -0.266916667 -0.016284068 -0.026725879
v -0.266916667 -0.012986111 -0.033513193
v -0.266916667 -0.009036976 -0.038620015
v -0.266916667 -0.004634689 -0.041790268
v -0.266916667 -0.000000000 -0.042864983
v -0.266916667 0.004634689 -0.041790268
v -0.266916667 0.009036976 -0.038620015
v -0.266916667 0.012986111 -0.033513193
v -0.266916667 0.016284068 -0.026725879
v -0.266916667 0.018765474 -0.018598419
v -0.266916667 0.020305900 -0.009538356
v -0.261833333 0.022687756 0.000000000
v -0.261833333 0.022118927 0.009641809
v -0.261833333 0.020440962 0.018800137
v -0.261833333 0.017738002 0.027015748
v -0.261833333 0.014145585 0.033876677
v -0.261833333 0.009843849 0.039038887
v -0.261833333 0.005048501 0.042243525
v -0.261833333 0.000000000 0.043329896
v -0.261833333 -0.005048501 0.042243525
v -0.261833333 -0.009843849 0.039038887
v -0.261833333 -0.014145585 0.033876677
v -0.261833333 -0.017738002 0.027015748
v -0.261833333 -0.020440962 0.018800137
v -0.261833333 -0.022118927 0.009641809
v -0.261833333 -0.022687756 0.000000000
v -0.261833333 -0.022118927 -0.009641809
v -0.261833333 -0.020440962 -0.018800137
v -0.261833333 -0.017738002 -0.027015748
v -0.261833333 -0.014145585 -0.033876677
v -0.261833333 -0.009843849 -0.039038887
v -0.261833333 -0.005048501 -0.042243525
v -0.261833333 -0.000000000 -0.043329896
v -0.261833333 0.005048501 -0.042243525
v -0.261833333 0.009843849 -0.039038887
v -0.261833333 0.014145585 -0.033876677
v -0.261833333 0.017738002 -0.027015748
v -0.261833333 0.020440962 -0.018800137
v -0.261833333 0.022118927 -0.009641809
v -0.256750000 0.025105304 0.000000000
v -0.256750000 0.024475862 0.009776298
v -0.256750000 0.022619098 0.019062371
v -0.256750000 0.019628117 0.027392577
v -0.256750000 0.015652901 0.034349205
v -0.256750000 0.010892783 0.039583421
v -0.256750000 0.005586456 0.042832758
v -0.256750000 0.000000000 0.043934283
v -0.256750000 -0.005586456 0.042832758
v -0.256750000 -0.010892783 0.039583421
v -0.256750000 -0.015652901 0.034349205
v -0.256750000 -0.019628117 0.027392577
v -0.256750000 -0.022619098 0.019062371
v -0.256750000 -0.024475862 0.009776298
v -0.256750000 -0.025105304 0.000000000
v -0.256750000 -0.024475862 -0.009776298
v -0.256750000 -0.022619098 -0.019062371
v -0.256750000 -0.019628117 -0.027392577
v -0.256750000 -0.015652901 -0.034349205
v -0.256750000 -0.010892783 -0.039583421
v -0.256750000 -0.005586456 -0.042832758
v -0.256750000 -0.000000000 -0.043934283
v -0.256750000 0.005586456 -0.042832758
v -0.256750000 0.010892783 -0.039583421
v -0.256750000 0.015652901 -0.034349205
v -0.256750000 0.019628117 -0.027392577
v -0.256750000 0.022619098 -0.019062371
v -0.256750000 0.024475862 -0.009776298
v -0.251666667 0.027522852 0.000000000
v -0.251666667 0.026832797 0.009910786
v -0.251666667 0.024797233 0.019324604
v -0.251666667 0.021518232 0.027769406
v -0.251666667 0.017160218 0.034821734
v -0.251666667 0.011941718 0.040127955
v -0.251666667 0.006124411 0.043421992
v -0.251666667 0.000000000 0.044538670
v -0.251666667 -0.006124411 0.043421992
v -0.251666667 -0.011941718 0.040127955
v -0.251666667 -0.017160218 0.034821734
v -0.251666667 -0.021518232 0.027769406
v -0.251666667 -0.024797233 0.019324604
v -0.251666667 -0.026832797 0.009910786
v -0.251666667 -0.027522852 0.000000000
v -0.251666667 -0.026832797 -0.009910786
v -0.251666667 -0.024797233 -0.019324604
v -0.251666667 -0.021518232 -0.027769406
v -0.251666667 -0.017160218 -0.034821734
v -0.251666667 -0.011941718 -0.040127955
v -0.251666667 -0.006124411 -0.043421992
v -0.251666667 -0.000000000 -0.044538670
v -0.251666667 0.006124411 -0.043421992
v -0.251666667 0.011941718 -0.040127955
v -0.251666667 0.017160218 -0.034821734
v -0.251666667 0.021518232 -0.027769406
v -0.251666667 0.024797233 -0.019324604
v -0.251666667 0.026832797 -0.009910786
v -0.246583333 0.029382504 0.000000000
v -0.246583333 0.028645824 0.010014239
v -0.246583333 0.026472722 0.019526323
v -0.246583333 0.022972167 0.028059275
v -0.246583333 0.018319692 0.035185218
v -0.246583333 0.012748591 0.040546827
v -0.246583333 0.006538222 0.043875249
v -0.246583333 0.000000000 0.045003583
v -0.246583333 -0.006538222 0.043875249
v -0.246583333 -0.012748591 0.040546827
v -0.246583333 -0.018319692 0.035185218
v -0.246583333 -0.022972167 0.028059275
v -0.246583333 -0.026472722 0.019526323
v -0.246583333 -0.028645824 0.010014239
v -0.246583333 -0.029382504 0.000000000
v -0.246583333 -0.028645824 -0.010014239
v -0.246583333 -0.026472722 -0.019526323
v -0.246583333 -0.022972167 -0.028059275
v -0.246583333 -0.018319692 -0.035185218
v -0.246583333 -0.012748591 -0.040546827
v -0.246583333 -0.006538222 -0.043875249
v -0.246583333 -0.000000000 -0.045003583
v -0.246583333 0.006538222 -0.043875249
v -0.246583333 0.012748591 -0.040546827
v -0.246583333 0.018319692 -0.035185218
v -0.246583333 0.022972167 -0.028059275
v -0.246583333 0.026472722 -0.019526323
v -0.246583333 0.028645824 -0.010014239
v -0.241500000 0.030126365 0.000000000
v -0.241500000 0.029371034 0.010055620
v -0.241500000 0.027142917 0.019607010
v -0.241500000 0.023553741 0.028175222
v -0.241500000 0.018783481 0.035330611
v -0.241500000 0.013071340 0.040714376
v -0.241500000 0.006703747 0.044056551
v -0.241500000 0.000000000 0.045189548
v -0.241500000 -0.006703747 0.044056551
v -0.241500000 -0.013071340 0.040714376
v -0.241500000 -0.018783481 0.035330611
v -0.241500000 -0.023553741 0.028175222
v -0.241500000 -0.027142917 0.019607010
v -0.241500000 -0.029371034 0.010055620
v -0.241500000 -0.030126365 0.000000000
v -0.241500000 -0.029371034 -0.010055620
v -0.241500000 -0.027142917 -0.019607010
v -0.241500000 -0.023553741 -0.028175222
v -0.241500000 -0.018783481 -0.035330611
v -0.241500000 -0.013071340 -0.040714376
v -0.241500000 -0.006703747 -0.044056551
v -0.241500000 -0.000000000 -0.045189548
v -0.241500000 0.006703747 -0.044056551
v -0.241500000 0.013071340 -0.040714376
v -0.241500000 0.018783481 -0.035330611
v -0.241500000 0.023553741 -0.028175222
v -0.241500000 0.027142917 -0.019607010
v -0.241500000 0.029371034 -0.010055620
v -0.272000000 0.000000000 0.000000000
v -0.241500000 0.000000000 0.000000000
v -0.297000000 0.010042122 0.000000000
v -0.297000000 0.009790345 0.008938329
v -0.297000000 0.009047639 0.017428453
v -0.297000000 0.007851247 0.025044642
v -0.297000000 0.006261160 0.031404988
v -0.297000000 0.004357113 0.036190556
v -0.297000000 0.002234582 0.039161379
v -0.297000000 0.000000000 0.040168487
v -0.297000000 -0.002234582 0.039161379
v -0.297000000 -0.004357113 0.036190556
v -0.297000000 -0.006261160 0.031404988
v -0.297000000 -0.007851247 0.025044642
v -0.297000000 -0.009047639 0.017428453
v -0.297000000 -0.009790345 0.008938329
v -0.297000000 -0.010042122 0.000000000
v -0.297000000 -0.009790345 -0.008938329
v -0.297000000 -0.009047639 -0.017428453
v -0.297000000 -0.007851247 -0.025044642
v -0.297000000 -0.006261160 -0.031404988
v -0.297000000 -0.004357113 -0.036190556
v -0.297000000 -0.002234582 -0.039161379
v -0.297000000 -0.000000000 -0.040168487
v -0.297000000 0.002234582 -0.039161379
v -0.297000000 0.004357113 -0.036190556
v -0.297000000 0.006261160 -0.031404988
v -0.297000000 0.007851247 -0.025044642
v -0.297000000 0.009047639 -0.017428453
v -0.297000000 0.009790345 -0.008938329
v -0.292833333 0.010785983 0.000000000
v -0.292833333 0.010515555 0.008979710
v -0.292833333 0.009717835 0.017509141
v -0.292833333 0.008432821 0.025160589
v -0.292833333 0.006724950 0.031550381
v -0.292833333 0.004679862 0.036358105
v -0.292833333 0.002400107 0.039342682
v -0.292833333 0.000000000 0.040354452
v -0.292833333 -0.002400107 0.039342682
v -0.292833333 -0.004679862 0.036358105
v -0.292833333 -0.006724950 0.031550381
v -0.292833333 -0.008432821 0.025160589
v -0.292833333 -0.009717835 0.017509141
v -0.292833333 -0.010515555 0.008979710
v -0.292833333 -0.010785983 0.000000000
v -0.292833333 -0.010515555 -0.008979710
v -0.292833333 -0.009717835 -0.017509141
v -0.292833333 -0.008432821 -0.025160589
v -0.292833333 -0.006724950 -0.031550381
v -0.292833333 -0.004679862 -0.036358105
v -0.292833333 -0.002400107 -0.039342682
v -0.292833333 -0.000000000 -0.040354452
v -0.292833333 0.002400107 -0.039342682
v -0.292833333 0.004679862 -0.036358105
v -0.292833333 0.006724950 -0.031550381
v -0.292833333 0.008432821 -0.025160589
v -0.292833333 0.009717835 -0.017509141
v -0.292833333 0.010515555 -0.008979710
v -0.288666667 0.012645635 0.000000000
v -0.288666667 0.012328582 0.009083163
v -0.288666667 0.011393323 0.017710859
v -0.288666667 0.009886755 0.025450458
v -0.288666667 0.007884424 0.031913865
v -0.288666667 0.005486735 0.036776977
v -0.288666667 0.002813918 0.039795938
v -0.288666667 0.000000000 0.040819365
v -0.288666667 -0.002813918 0.039795938
v -0.288666667 -0.005486735 0.036776977
v -0.288666667 -0.007884424 0.031913865
v -0.288666667 -0.009886755 0.025450458
v -0.288666667 -0.011393323 0.017710859
v -0.288666667 -0.012328582 0.009083163
v -0.288666667 -0.012645635 0.000000000
v -0.288666667 -0.012328582 -0.009083163
v -0.288666667 -0.011393323 -0.017710859
v -0.288666667 -0.009886755 -0.025450458
v -0.288666667 -0.007884424 -0.031913865
v -0.288666667 -0.005486735 -0.036776977
v -0.288666667 -0.002813918 -0.039795938
v -0.288666667 -0.000000000 -0.040819365
v -0.288666667 0.002813918 -0.039795938
v -0.288666667 0.005486735 -0.036776977
v -0.288666667 0.007884424 -0.031913865
v -0.288666667 0.009886755 -0.025450458
v -0.288666667 0.011393323 -0.017710859
v -0.288666667 0.012328582 -0.009083163
v -0.284500000 0.015063183 0.000000000
v -0.284500000 0.014685517 0.009217652
v -0.284500000 0.013571459 0.017973092
v -0.284500000 0.011776870 0.025827287
v -0.284500000 0.009391741 0.032386394
v -0.284500000 0.006535670 0.037321511
v -0.284500000 0.003351873 0.040385172
v -0.284500000 0.000000000 0.041423752
v -0.284500000 -0.003351873 0.040385172
v -0.284500000 -0.006535670 0.037321511
v -0.284500000 -0.009391741 0.032386394
v -0.284500000 -0.011776870 0.025827287
v -0.284500000 -0.013571459 0.017973092
v -0.284500000 -0.014685517 0.009217652
v -0.284500000 -0.015063183 0.000000000
v -0.284500000 -0.014685517 -0.009217652
v -0.284500000 -0.013571459 -0.017973092
v -0.284500000 -0.011776870 -0.025827287
v -0.284500000 -0.009391741 -0.032386394
v -0.284500000 -0.006535670 -0.037321511
v -0.284500000 -0.003351873 -0.040385172
v -0.284500000 -0.000000000 -0.041423752
v -0.284500000 0.003351873 -0.040385172
v -0.284500000 0.006535670 -0.037321511
v -0.284500000 0.009391741 -0.032386394
v -0.284500000 0.011776870 -0.025827287
v -0.284500000 0.013571459 -0.017973092
v -0.284500000 0.014685517 -0.009217652
v -0.280333333 0.017480730 0.000000000
v -0.280333333 0.017042452 0.009352141
v -0.280333333 0.015749594 0.018235326
v -0.280333333 0.013666985 0.026204116
v -0.280333333 0.010899057 0.032858922
v -0.280333333 0.007584605 0.037866045
v -0.280333333 0.003889828 0.040974406
v -0.280333333 0.000000000 0.042028139
v -0.280333333 -0.003889828 0.040974406
v -0.280333333 -0.007584605 0.037866045
v -0.280333333 -0.010899057 0.032858922
v -0.280333333 -0.013666985 0.026204116
v -0.280333333 -0.015749594 0.018235326
v -0.280333333 -0.017042452 0.009352141
v -0.280333333 -0.017480730 0.000000000
v -0.280333333 -0.017042452 -0.009352141
v -0.280333333 -0.015749594 -0.018235326
v -0.280333333 -0.013666985 -0.026204116
v -0.280333333 -0.010899057 -0.032858922
v -0.280333333 -0.007584605 -0.037866045
v -0.280333333 -0.003889828 -0.040974406
v -0.280333333 -0.000000000 -0.042028139
v -0.280333333 0.003889828 -0.040974406
v -0.280333333 0.007584605 -0.037866045
v -0.280333333 0.010899057 -0.032858922
v -0.280333333 0.013666985 -0.026204116
v -0.280333333 0.015749594 -0.018235326
v -0.280333333 0.017042452 -0.009352141
v -0.276166667 0.019340383 0.000000000
v -0.276166667 0.018855479 0.009455594
v -0.276166667 0.017425083 0.018437044
v -0.276166667 0.015120920 0.026493985
v -0.276166667 0.012058531 0.033222406
v -0.276166667 0.008391478 0.038284917
v -0.276166667 0.004303640 0.041427663
v -0.276166667 0.000000000 0.042493052
v -0.276166667 -0.004303640 0.041427663
v -0.276166667 -0.008391478 0.038284917
v -0.276166667 -0.012058531 0.033222406
v -0.276166667 -0.015120920 0.026493985
v -0.276166667 -0.017425083 0.018437044
v -0.276166667 -0.018855479 0.009455594
v -0.276166667 -0.019340383 0.000000000
v -0.276166667 -0.018855479 -0.009455594
v -0.276166667 -0.017425083 -0.018437044
v -0.276166667 -0.015120920 -0.026493985
v -0.276166667 -0.012058531 -0.033222406
v -0.276166667 -0.008391478 -0.038284917
v -0.276166667 -0.004303640 -0.041427663
v -0.276166667 -0.000000000 -0.042493052
v -0.276166667 0.004303640 -0.041427663
v -0.276166667 0.008391478 -0.038284917
v -0.276166667 0.012058531 -0.033222406
v -0.276166667 0.015120920 -0.026493985
v -0.276166667 0.017425083 -0.018437044
v -0.276166667 0.018855479 -0.009455594
v -0.272000000 0.020084243 0.000000000
v -0.272000000 0.019580690 0.009496975
v -0.272000000 0.018095278 0.018517732
v -0.272000000 0.015702494 0.026609932
v -0.272000000 0.012522321 0.033367799
v -0.272000000 0.008714227 0.038452466
v -0.272000000 0.004469165 0.041608965
v -0.272000000 0.000000000 0.042679017
v -0.272000000 -0.004469165 0.041608965
v -0.272000000 -0.008714227 0.038452466
v -0.272000000 -0.012522321 0.033367799
v -0.272000000 -0.015702494 0.026609932
v -0.272000000 -0.018095278 0.018517732
v -0.272000000 -0.019580690 0.009496975
v -0.272000000 -0.020084243 0.000000000
v -0.272000000 -0.019580690 -0.009496975
v -0.272000000 -0.018095278 -0.018517732
v -0.272000000 -0.015702494 -0.026609932
v -0.272000000 -0.012522321 -0.033367799
v -0.272000000 -0.008714227 -0.038452466
v -0.272000000 -0.004469165 -0.041608965
v -0.272000000 -0.000000000 -0.042679017
v -0.272000000 0.004469165 -0.041608965
v -0.272000000 0.008714227 -0.038452466
v -0.272000000 0.012522321 -0.033367799
v -0.272000000 0.015702494 -0.026609932
v -0.272000000 0.018095278 -0.018517732
v -0.272000000 0.019580690 -0.009496975
v -0.297000000 0.000000000 0.000000000
v -0.272000000 0.000000000 0.000000000
v -0.318550000 0.006025273 0.000000000
v -0.318550000 0.005874207 0.006703747
v -0.318550000 0.005428583 0.013071340
v -0.318550000 0.004710748 0.018783481
v -0.318550000 0.003756696 0.023553741
v -0.318550000 0.002614268 0.027142917
v -0.318550000 0.001340749 0.029371034
v -0.318550000 0.000000000 0.030126365
v -0.318550000 -0.001340749 0.029371034
v -0.318550000 -0.002614268 0.027142917
v -0.318550000 -0.003756696 0.023553741
v -0.318550000 -0.004710748 0.018783481
v -0.318550000 -0.005428583 0.013071340
v -0.318550000 -0.005874207 0.006703747
v -0.318550000 -0.006025273 0.000000000
v -0.318550000 -0.005874207 -0.006703747
v -0.318550000 -0.005428583 -0.013071340
v -0.318550000 -0.004710748 -0.018783481
v -0.318550000 -0.003756696 -0.023553741
v -0.318550000 -0.002614268 -0.027142917
v -0.318550000 -0.001340749 -0.029371034
v -0.318550000 -0.000000000 -0.030126365
v -0.318550000 0.001340749 -0.029371034
v -0.318550000 0.002614268 -0.027142917
v -0.318550000 0.003756696 -0.023553741
v -0.318550000 0.004710748 -0.018783481
v -0.318550000 0.005428583 -0.013071340
v -0.318550000 0.005874207 -0.006703747
v -0.314958333 0.006322817 0.000000000
v -0.314958333 0.006164291 0.006869272
v -0.314958333 0.005696662 0.013394089
v -0.314958333 0.004943378 0.019247271
v -0.314958333 0.003942212 0.024135315
v -0.314958333 0.002743368 0.027813113
v -0.314958333 0.001406959 0.030096245
v -0.314958333 0.000000000 0.030870226
v -0.314958333 -0.001406959 0.030096245
v -0.314958333 -0.002743368 0.027813113
v -0.314958333 -0.003942212 0.024135315
v -0.314958333 -0.004943378 0.019247271
v -0.314958333 -0.005696662 0.013394089
v -0.314958333 -0.006164291 0.006869272
v -0.314958333 -0.006322817 0.000000000
v -0.314958333 -0.006164291 -0.006869272
v -0.314958333 -0.005696662 -0.013394089
v -0.314958333 -0.004943378 -0.019247271
v -0.314958333 -0.003942212 -0.024135315
v -0.314958333 -0.002743368 -0.027813113
v -0.314958333 -0.001406959 -0.030096245
v -0.314958333 -0.000000000 -0.030870226
v -0.314958333 0.001406959 -0.030096245
v -0.314958333 0.002743368 -0.027813113
v -0.314958333 0.003942212 -0.024135315
v -0.314958333 0.004943378 -0.019247271
v -0.314958333 0.005696662 -0.013394089
v -0.314958333 0.006164291 -0.006869272
v -0.311366667 0.007066678 0.000000000
v -0.311366667 0.006889502 0.007283083
v -0.311366667 0.006366857 0.014200962
v -0.311366667 0.005524952 0.020406745
v -0.311366667 0.004406002 0.025589249
v -0.311366667 0.003066117 0.029488601
v -0.311366667 0.001572484 0.031909272
v -0.311366667 0.000000000 0.032729878
v -0.311366667 -0.001572484 0.031909272
v -0.311366667 -0.003066117 0.029488601
v -0.311366667 -0.004406002 0.025589249
v -0.311366667 -0.005524952 0.020406745
v -0.311366667 -0.006366857 0.014200962
v -0.311366667 -0.006889502 0.007283083
v -0.311366667 -0.007066678 0.000000000
v -0.311366667 -0.006889502 -0.007283083
v -0.311366667 -0.006366857 -0.014200962
v -0.311366667 -0.005524952 -0.020406745
v -0.311366667 -0.004406002 -0.025589249
v -0.311366667 -0.003066117 -0.029488601
v -0.311366667 -0.001572484 -0.031909272
v -0.311366667 -0.000000000 -0.032729878
v -0.311366667 0.001572484 -0.031909272
v -0.311366667 0.003066117 -0.029488601
v -0.311366667 0.004406002 -0.025589249
v -0.311366667 0.005524952 -0.020406745
v -0.311366667 0.006366857 -0.014200962
v -0.311366667 0.006889502 -0.007283083
v -0.307775000 0.008033697 0.000000000
v -0.307775000 0.007832276 0.007821038
v -0.307775000 0.007238111 0.015249897
v -0.307775000 0.006280998 0.021914062
v -0.307775000 0.005008928 0.027479364
v -0.307775000 0.003485691 0.031666737
v -0.307775000 0.001787666 0.034266207
v -0.307775000 0.000000000 0.035147426
v -0.307775000 -0.001787666 0.034266207
v -0.307775000 -0.003485691 0.031666737
v -0.307775000 -0.005008928 0.027479364
v -0.307775000 -0.006280998 0.021914062
v -0.307775000 -0.007238111 0.015249897
v -0.307775000 -0.007832276 0.007821038
v -0.307775000 -0.008033697 0.000000000
v -0.307775000 -0.007832276 -0.007821038
v -0.307775000 -0.007238111 -0.015249897
v -0.307775000 -0.006280998 -0.021914062
v -0.307775000 -0.005008928 -0.027479364
v -0.307775000 -0.003485691 -0.031666737
v -0.307775000 -0.001787666 -0.034266207
v -0.307775000 -0.000000000 -0.035147426
v -0.307775000 0.001787666 -0.034266207
v -0.307775000 0.003485691 -0.031666737
v -0.307775000 0.005008928 -0.027479364
v -0.307775000 0.006280998 -0.021914062
v -0.307775000 0.007238111 -0.015249897
v -0.307775000 0.007832276 -0.007821038
v -0.304183333 0.009000717 0.000000000
v -0.304183333 0.008775050 0.008358993
v -0.304183333 0.008109365 0.016298831
v -0.304183333 0.007037044 0.023421378
v -0.304183333 0.005611855 0.029369479
v -0.304183333 0.003905265 0.033844872
v -0.304183333 0.002002848 0.036623142
v -0.304183333 0.000000000 0.037564974
v -0.304183333 -0.002002848 0.036623142
v -0.304183333 -0.003905265 0.033844872
v -0.304183333 -0.005611855 0.029369479
v -0.304183333 -0.007037044 0.023421378
v -0.304183333 -0.008109365 0.016298831
v -0.304183333 -0.008775050 0.008358993
v -0.304183333 -0.009000717 0.000000000
v -0.304183333 -0.008775050 -0.008358993
v -0.304183333 -0.008109365 -0.016298831
v -0.304183333 -0.007037044 -0.023421378
v -0.304183333 -0.005611855 -0.029369479
v -0.304183333 -0.003905265 -0.033844872
v -0.304183333 -0.002002848 -0.036623142
v -0.304183333 -0.000000000 -0.037564974
v -0.304183333 0.002002848 -0.036623142
v -0.304183333 0.003905265 -0.033844872
v -0.304183333 0.005611855 -0.029369479
v -0.304183333 0.007037044 -0.023421378
v -0.304183333 0.008109365 -0.016298831
v -0.304183333 0.008775050 -0.008358993
v -0.300591667 0.009744577 0.000000000
v -0.300591667 0.009500260 0.008772805
v -0.300591667 0.008779561 0.017105704
v -0.300591667 0.007618617 0.024580852
v -0.300591667 0.006075645 0.030823414
v -0.300591667 0.004228014 0.035520361
v -0.300591667 0.002168372 0.038436168
v -0.300591667 0.000000000 0.039424626
v -0.300591667 -0.002168372 0.038436168
v -0.300591667 -0.004228014 0.035520361
v -0.300591667 -0.006075645 0.030823414
v -0.300591667 -0.007618617 0.024580852
v -0.300591667 -0.008779561 0.017105704
v -0.300591667 -0.009500260 0.008772805
v -0.300591667 -0.009744577 0.000000000
v -0.300591667 -0.009500260 -0.008772805
v -0.300591667 -0.008779561 -0.017105704
v -0.300591667 -0.007618617 -0.024580852
v -0.300591667 -0.006075645 -0.030823414
v -0.300591667 -0.004228014 -0.035520361
v -0.300591667 -0.002168372 -0.038436168
v -0.300591667 -0.000000000 -0.039424626
v -0.300591667 0.002168372 -0.038436168
v -0.300591667 0.004228014 -0.035520361
v -0.300591667 0.006075645 -0.030823414
v -0.300591667 0.007618617 -0.024580852
v -0.300591667 0.008779561 -0.017105704
v -0.300591667 0.009500260 -0.008772805
v -0.297000000 0.010042122 0.000000000
v -0.297000000 0.009790345 0.008938329
v -0.297000000 0.009047639 0.017428453
v -0.297000000 0.007851247 0.025044642
v -0.297000000 0.006261160 0.031404988
v -0.297000000 0.004357113 0.036190556
v -0.297000000 0.002234582 0.039161379
v -0.297000000 0.000000000 0.040168487
v -0.297000000 -0.002234582 0.039161379
v -0.297000000 -0.004357113 0.036190556
v -0.297000000 -0.006261160 0.031404988
v -0.297000000 -0.007851247 0.025044642
v -0.297000000 -0.009047639 0.017428453
v -0.297000000 -0.009790345 0.008938329
v -0.297000000 -0.010042122 0.000000000
v -0.297000000 -0.009790345 -0.008938329
v -0.297000000 -0.009047639 -0.017428453
v -0.297000000 -0.007851247 -0.025044642
v -0.297000000 -0.006261160 -0.031404988
v -0.297000000 -0.004357113 -0.036190556
v -0.297000000 -0.002234582 -0.039161379
v -0.297000000 -0.000000000 -0.040168487
v -0.297000000 0.002234582 -0.039161379
v -0.297000000 0.004357113 -0.036190556
v -0.297000000 0.006261160 -0.031404988
v -0.297000000 0.007851247 -0.025044642
v -0.297000000 0.009047639 -0.017428453
v -0.297000000 0.009790345 -0.008938329
v -0.318550000 0.000000000 0.000000000
v -0.297000000 0.000000000 0.000000000
v -0.360591000 -0.001000000 0.000000000
v -0.360729000 -0.001000000 -0.001787000
v -0.360890000 -0.001000000 -0.003519000
v -0.361073000 -0.001000000 -0.005202000
v -0.361279000 -0.001000000 -0.006839000
v -0.361505000 -0.001000000 -0.008433000
v -0.361751000 -0.001000000 -0.009991000
v -0.362016000 -0.001000000 -0.011513000
v -0.362299000 -0.001000000 -0.013006000
v -0.362918000 -0.001000000 -0.015912000
v -0.363598000 -0.001000000 -0.018733000
v -0.364333000 -0.001000000 -0.021492000
v -0.365114000 -0.001000000 -0.024207000
v -0.365935000 -0.001000000 -0.026897000
v -0.366786000 -0.001000000 -0.029574000
v -0.368550000 -0.001000000 -0.034939000
v -0.370341000 -0.001000000 -0.040373000
v -0.371226000 -0.001000000 -0.043129000
v -0.372093000 -0.001000000 -0.045914000
v -0.372935000 -0.001000000 -0.048727000
v -0.373743000 -0.001000000 -0.051567000
v -0.374510000 -0.001000000 -0.054431000
v -0.375227000 -0.001000000 -0.057313000
v -0.375889000 -0.001000000 -0.060208000
v -0.376486000 -0.001000000 -0.063106000
v -0.377013000 -0.001000000 -0.065999000
v -0.377463000 -0.001000000 -0.068878000
v -0.377829000 -0.001000000 -0.071729000
v -0.378105000 -0.001000000 -0.074541000
v -0.378286000 -0.001000000 -0.077301000
v -0.378366000 -0.001000000 -0.079994000
v -0.378366000 -0.001000000 -0.081311000
v -0.378340000 -0.001000000 -0.082605000
v -0.378286000 -0.001000000 -0.083875000
v -0.378203000 -0.001000000 -0.085119000
v -0.378093000 -0.001000000 -0.086334000
v -0.377953000 -0.001000000 -0.087519000
v -0.377784000 -0.001000000 -0.088671000
v -0.377585000 -0.001000000 -0.089789000
v -0.377355000 -0.001000000 -0.090869000
v -0.377095000 -0.001000000 -0.091910000
v -0.376805000 -0.001000000 -0.092910000
v -0.376483000 -0.001000000 -0.093867000
v -0.376130000 -0.001000000 -0.094778000
v -0.375745000 -0.001000000 -0.095641000
v -0.375329000 -0.001000000 -0.096453000
v -0.374881000 -0.001000000 -0.097214000
v -0.374401000 -0.001000000 -0.097919000
v -0.373889000 -0.001000000 -0.098568000
v -0.373346000 -0.001000000 -0.099157000
v -0.372770000 -0.001000000 -0.099685000
v -0.372163000 -0.001000000 -0.100149000
v -0.371525000 -0.001000000 -0.100548000
v -0.370855000 -0.001000000 -0.100878000
v -0.370154000 -0.001000000 -0.101138000
v -0.369423000 -0.001000000 -0.101326000
v -0.368661000 -0.001000000 -0.101440000
v -0.367869000 -0.001000000 -0.101476000
v -0.367047000 -0.001000000 -0.101434000
v -0.366197000 -0.001000000 -0.101312000
v -0.365317000 -0.001000000 -0.101106000
v -0.364410000 -0.001000000 -0.100816000
v -0.363475000 -0.001000000 -0.100439000
v -0.362514000 -0.001000000 -0.099974000
v -0.361527000 -0.001000000 -0.099418000
v -0.360514000 -0.001000000 -0.098770000
v -0.359478000 -0.001000000 -0.098028000
v -0.358418000 -0.001000000 -0.097191000
v -0.357336000 -0.001000000 -0.096256000
v -0.356232000 -0.001000000 -0.095222000
v -0.355109000 -0.001000000 -0.094088000
v -0.353966000 -0.001000000 -0.092852000
v -0.352805000 -0.001000000 -0.091513000
v -0.351628000 -0.001000000 -0.090070000
v -0.350436000 -0.001000000 -0.088521000
v -0.349230000 -0.001000000 -0.086864000
v -0.348012000 -0.001000000 -0.085100000
v -0.346783000 -0.001000000 -0.083227000
v -0.345545000 -0.001000000 -0.081244000
v -0.344300000 -0.001000000 -0.079150000
v -0.343049000 -0.001000000 -0.076944000
v -0.341794000 -0.001000000 -0.074626000
v -0.340537000 -0.001000000 -0.072196000
v -0.339280000 -0.001000000 -0.069652000
v -0.338025000 -0.001000000 -0.066995000
v -0.336774000 -0.001000000 -0.064224000
v -0.335529000 -0.001000000 -0.061339000
v -0.334293000 -0.001000000 -0.058340000
v -0.333068000 -0.001000000 -0.055227000
v -0.331856000 -0.001000000 -0.052000000
v -0.330660000 -0.001000000 -0.048660000
v -0.329482000 -0.001000000 -0.045206000
v -0.328325000 -0.001000000 -0.041640000
v -0.327192000 -0.001000000 -0.037962000
v -0.326086000 -0.001000000 -0.034173000
v -0.325008000 -0.001000000 -0.030274000
v -0.323964000 -0.001000000 -0.026266000
v -0.322954000 -0.001000000 -0.022149000
v -0.321983000 -0.001000000 -0.017926000
v -0.321054000 -0.001000000 -0.013598000
v -0.320170000 -0.001000000 -0.009167000
v -0.319334000 -0.001000000 -0.004633000
v -0.318550000 -0.001000000 0.000000000
v -0.319334000 -0.001000000 0.004633000
v -0.320170000 -0.001000000 0.009167000
v -0.321054000 -0.001000000 0.013598000
v -0.321983000 -0.001000000 0.017926000
v -0.322954000 -0.001000000 0.022149000
v -0.323964000 -0.001000000 0.026266000
v -0.325008000 -0.001000000 0.030274000
v -0.326086000 -0.001000000 0.034173000
v -0.327192000 -0.001000000 0.037962000
v -0.328325000 -0.001000000 0.041640000
v -0.329482000 -0.001000000 0.045206000
v -0.330660000 -0.001000000 0.048660000
v -0.331856000 -0.001000000 0.052000000
v -0.333068000 -0.001000000 0.055227000
v -0.334293000 -0.001000000 0.058340000
v -0.335529000 -0.001000000 0.061339000
v -0.336774000 -0.001000000 0.064224000
v -0.338025000 -0.001000000 0.066995000
v -0.339280000 -0.001000000 0.069652000
v -0.340537000 -0.001000000 0.072196000
v -0.341794000 -0.001000000 0.074626000
v -0.343049000 -0.001000000 0.076944000
v -0.344300000 -0.001000000 0.079150000
v -0.345545000 -0.001000000 0.081244000
v -0.346783000 -0.001000000 0.083227000
v -0.348012000 -0.001000000 0.085100000
v -0.349230000 -0.001000000 0.086864000
v -0.350436000 -0.001000000 0.088521000
v -0.351628000 -0.001000000 0.090070000
v -0.352805000 -0.001000000 0.091513000
v -0.353966000 -0.001000000 0.092852000
v -0.355109000 -0.001000000 0.094088000
v -0.356232000 -0.001000000 0.095222000
v -0.357336000 -0.001000000 0.096256000
v -0.358418000 -0.001000000 0.097191000
v -0.359478000 -0.001000000 0.098028000
v -0.360514000 -0.001000000 0.098770000
v -0.361527000 -0.001000000 0.099418000
v -0.362514000 -0.001000000 0.099974000
v -0.363475000 -0.001000000 0.100439000
v -0.364410000 -0.001000000 0.100816000
v -0.365317000 -0.001000000 0.101106000
v -0.366197000 -0.001000000 0.101312000
v -0.367047000 -0.001000000 0.101434000
v -0.367869000 -0.001000000 0.101476000
v -0.368661000 -0.001000000 0.101440000
v -0.369423000 -0.001000000 0.101326000
v -0.370154000 -0.001000000 0.101138000
v -0.370855000 -0.001000000 0.100878000
v -0.371525000 -0.001000000 0.100548000
v -0.372163000 -0.001000000 0.100149000
v -0.372770000 -0.001000000 0.099685000
v -0.373346000 -0.001000000 0.099157000
v -0.373889000 -0.001000000 0.098568000
v -0.374401000 -0.001000000 0.097919000
v -0.374881000 -0.001000000 0.097214000
v -0.375329000 -0.001000000 0.096453000
v -0.375745000 -0.001000000 0.095641000
v -0.376130000 -0.001000000 0.094778000
v -0.376483000 -0.001000000 0.093867000
v -0.376805000 -0.001000000 0.092910000
v -0.377095000 -0.001000000 0.091910000
v -0.377355000 -0.001000000 0.090869000
v -0.377585000 -0.001000000 0.089789000
v -0.377784000 -0.001000000 0.088671000
v -0.377953000 -0.001000000 0.087519000
v -0.378093000 -0.001000000 0.086334000
v -0.378203000 -0.001000000 0.085119000
v -0.378286000 -0.001000000 0.083875000
v -0.378340000 -0.001000000 0.082605000
v -0.378366000 -0.001000000 0.081311000
v -0.378366000 -0.001000000 0.079994000
v -0.378286000 -0.001000000 0.077301000
v -0.378105000 -0.001000000 0.074541000
v -0.377829000 -0.001000000 0.071729000
v -0.377463000 -0.001000000 0.068878000
v -0.377013000 -0.001000000 0.065999000
v -0.376486000 -0.001000000 0.063106000
v -0.375889000 -0.001000000 0.060208000
v -0.375227000 -0.001000000 0.057313000
v -0.374510000 -0.001000000 0.054431000
v -0.373743000 -0.001000000 0.051567000
v -0.372935000 -0.001000000 0.048727000
v -0.372093000 -0.001000000 0.045914000
v -0.371226000 -0.001000000 0.043129000
v -0.370341000 -0.001000000 0.040373000
v -0.368550000 -0.001000000 0.034939000
v -0.366786000 -0.001000000 0.029574000
v -0.365935000 -0.001000000 0.026897000
v -0.365114000 -0.001000000 0.024207000
v -0.364333000 -0.001000000 0.021492000
v -0.363598000 -0.001000000 0.018733000
v -0.362918000 -0.001000000 0.015912000
v -0.362299000 -0.001000000 0.013006000
v -0.362016000 -0.001000000 0.011513000
v -0.361751000 -0.001000000 0.009991000
v -0.361505000 -0.001000000 0.008433000
v -0.361279000 -0.001000000 0.006839000
v -0.361073000 -0.001000000 0.005202000
v -0.360890000 -0.001000000 0.003519000
v -0.360729000 -0.001000000 0.001787000
v -0.318550000 0.001000000 0.000000000
v -0.319334000 0.001000000 0.004633000
v -0.320170000 0.001000000 0.009167000
v -0.321054000 0.001000000 0.013598000
v -0.321983000 0.001000000 0.017926000
v -0.322954000 0.001000000 0.022149000
v -0.323964000 0.001000000 0.026266000
v -0.325008000 0.001000000 0.030274000
v -0.326086000 0.001000000 0.034173000
v -0.327192000 0.001000000 0.037962000
v -0.328325000 0.001000000 0.041640000
v -0.329482000 0.001000000 0.045206000
v -0.330660000 0.001000000 0.048660000
v -0.331856000 0.001000000 0.052000000
v -0.333068000 0.001000000 0.055227000
v -0.334293000 0.001000000 0.058340000
v -0.335529000 0.001000000 0.061339000
v -0.336774000 0.001000000 0.064224000
v -0.338025000 0.001000000 0.066995000
v -0.339280000 0.001000000 0.069652000
v -0.340537000 0.001000000 0.072196000
v -0.341794000 0.001000000 0.074626000
v -0.343049000 0.001000000 0.076944000
v -0.344300000 0.001000000 0.079150000
v -0.345545000 0.001000000 0.081244000
v -0.346783000 0.001000000 0.083227000
v -0.348012000 0.001000000 0.085100000
v -0.349230000 0.001000000 0.086864000
v -0.350436000 0.001000000 0.088521000
v -0.351628000 0.001000000 0.090070000
v -0.352805000 0.001000000 0.091513000
v -0.353966000 0.001000000 0.092852000
v -0.355109000 0.001000000 0.094088000
v -0.356232000 0.001000000 0.095222000
v -0.357336000 0.001000000 0.096256000
v -0.358418000 0.001000000 0.097191000
v -0.359478000 0.001000000 0.098028000
v -0.360514000 0.001000000 0.098770000
v -0.361527000 0.001000000 0.099418000
v -0.362514000 0.001000000 0.099974000
v -0.363475000 0.001000000 0.100439000
v -0.364410000 0.001000000 0.100816000
v -0.365317000 0.001000000 0.101106000
v -0.366197000 0.001000000 0.101312000
v -0.367047000 0.001000000 0.101434000
v -0.367869000 0.001000000 0.101476000
v -0.368661000 0.001000000 0.101440000
v -0.369423000 0.001000000 0.101326000
v -0.370154000 0.001000000 0.101138000
v -0.370855000 0.001000000 0.100878000
v -0.371525000 0.001000000 0.100548000
v -0.372163000 0.001000000 0.100149000
v -0.372770000 0.001000000 0.099685000
v -0.373346000 0.001000000 0.099157000
v -0.373889000 0.001000000 0.098568000
v -0.374401000 0.001000000 0.097919000
v -0.374881000 0.001000000 0.097214000
v -0.375329000 0.001000000 0.096453000
v -0.375745000 0.001000000 0.095641000
v -0.376130000 0.001000000 0.094778000
v -0.376483000 0.001000000 0.093867000
v -0.376805000 0.001000000 0.092910000
v -0.377095000 0.001000000 0.091910000
v -0.377355000 0.001000000 0.090869000
v -0.377585000 0.001000000 0.089789000
v -0.377784000 0.001000000 0.088671000
v -0.377953000 0.001000000 0.087519000
v -0.378093000 0.001000000 0.086334000
v -0.378203000 0.001000000 0.085119000
v -0.378286000 0.001000000 0.083875000
v -0.378340000 0.001000000 0.082605000
v -0.378366000 0.001000000 0.081311000
v -0.378366000 0.001000000 0.079994000
v -0.378286000 0.001000000 0.077301000
v -0.378105000 0.001000000 0.074541000
v -0.377829000 0.001000000 0.071729000
v -0.377463000 0.001000000 0.068878000
v -0.377013000 0.001000000 0.065999000
v -0.376486000 0.001000000 0.063106000
v -0.375889000 0.001000000 0.060208000
v -0.375227000 0.001000000 0.057313000
v -0.374510000 0.001000000 0.054431000
v -0.373743000 0.001000000 0.051567000
v -0.372935000 0.001000000 0.048727000
v -0.372093000 0.001000000 0.045914000
v -0.371226000 0.001000000 0.043129000
v -0.370341000 0.001000000 0.040373000
v -0.368550000 0.001000000 0.034939000
v -0.366786000 0.001000000 0.029574000
v -0.365935000 0.001000000 0.026897000
v -0.365114000 0.001000000 0.024207000
v -0.364333000 0.001000000 0.021492000
v -0.363598000 0.001000000 0.018733000
v -0.362918000 0.001000000 0.015912000
v -0.362299000 0.001000000 0.013006000
v -0.362016000 0.001000000 0.011513000
v -0.361751000 0.001000000 0.009991000
v -0.361505000 0.001000000 0.008433000
v -0.361279000 0.001000000 0.006839000
v -0.361073000 0.001000000 0.005202000
v -0.360890000 0.001000000 0.003519000
v -0.360729000 0.001000000 0.001787000
v -0.360591000 0.001000000 0.000000000
v -0.360729000 0.001000000 -0.001787000
v -0.360890000 0.001000000 -0.003519000
v -0.361073000 0.001000000 -0.005202000
v -0.361279000 0.001000000 -0.006839000
v -0.361505000 0.001000000 -0.008433000
v -0.361751000 0.001000000 -0.009991000
v -0.362016000 0.001000000 -0.011513000
v -0.362299000 0.001000000 -0.013006000
v -0.362918000 0.001000000 -0.015912000
v -0.363598000 0.001000000 -0.018733000
v -0.364333000 0.001000000 -0.021492000
v -0.365114000 0.001000000 -0.024207000
v -0.365935000 0.001000000 -0.026897000
v -0.366786000 0.001000000 -0.029574000
v -0.368550000 0.001000000 -0.034939000
v -0.370341000 0.001000000 -0.040373000
v -0.371226000 0.001000000 -0.043129000
v -0.372093000 0.001000000 -0.045914000
v -0.372935000 0.001000000 -0.048727000
v -0.373743000 0.001000000 -0.051567000
v -0.374510000 0.001000000 -0.054431000
v -0.375227000 0.001000000 -0.057313000
v -0.375889000 0.001000000 -0.060208000
v -0.376486000 0.001000000 -0.063106000
v -0.377013000 0.001000000 -0.065999000
v -0.377463000 0.001000000 -0.068878000
v -0.377829000 0.001000000 -0.071729000
v -0.378105000 0.001000000 -0.074541000
v -0.378286000 0.001000000 -0.077301000
v -0.378366000 0.001000000 -0.079994000
v -0.378366000 0.001000000 -0.081311000
v -0.378340000 0.001000000 -0.082605000
v -0.378286000 0.001000000 -0.083875000
v -0.378203000 0.001000000 -0.085119000
v -0.378093000 0.001000000 -0.086334000
v -0.377953000 0.001000000 -0.087519000
v -0.377784000 0.001000000 -0.088671000
v -0.377585000 0.001000000 -0.089789000
v -0.377355000 0.001000000 -0.090869000
v -0.377095000 0.001000000 -0.091910000
v -0.376805000 0.001000000 -0.092910000
v -0.376483000 0.001000000 -0.093867000
v -0.376130000 0.001000000 -0.094778000
v -0.375745000 0.001000000 -0.095641000
v -0.375329000 0.001000000 -0.096453000
v -0.374881000 0.001000000 -0.097214000
v -0.374401000 0.001000000 -0.097919000
v -0.373889000 0.001000000 -0.098568000
v -0.373346000 0.001000000 -0.099157000
v -0.372770000 0.001000000 -0.099685000
v -0.372163000 0.001000000 -0.100149000
v -0.371525000 0.001000000 -0.100548000
v -0.370855000 0.001000000 -0.100878000
v -0.370154000 0.001000000 -0.101138000
v -0.369423000 0.001000000 -0.101326000
v -0.368661000 0.001000000 -0.101440000
v -0.367869000 0.001000000 -0.101476000
v -0.367047000 0.001000000 -0.101434000
v -0.366197000 0.001000000 -0.101312000
v -0.365317000 0.001000000 -0.101106000
v -0.364410000 0.001000000 -0.100816000
v -0.363475000 0.001000000 -0.100439000
v -0.362514000 0.001000000 -0.099974000
v -0.361527000 0.001000000 -0.099418000
v -0.360514000 0.001000000 -0.098770000
v -0.359478000 0.001000000 -0.098028000
v -0.358418000 0.001000000 -0.097191000
v -0.357336000 0.001000000 -0.096256000
v -0.356232000 0.001000000 -0.095222000
v -0.355109000 0.001000000 -0.094088000
v -0.353966000 0.001000000 -0.092852000
v -0.352805000 0.001000000 -0.091513000
v -0.351628000 0.001000000 -0.090070000
v -0.350436000 0.001000000 -0.088521000
v -0.349230000 0.001000000 -0.086864000
v -0.348012000 0.001000000 -0.085100000
v -0.346783000 0.001000000 -0.083227000
v -0.345545000 0.001000000 -0.081244000
v -0.344300000 0.001000000 -0.079150000
v -0.343049000 0.001000000 -0.076944000
v -0.341794000 0.001000000 -0.074626000
v -0.340537000 0.001000000 -0.072196000
v -0.339280000 0.001000000 -0.069652000
v -0.338025000 0.001000000 -0.066995000
v -0.336774000 0.001000000 -0.064224000
v -0.335529000 0.001000000 -0.061339000
v -0.334293000 0.001000000 -0.058340000
v -0.333068000 0.001000000 -0.055227000
v -0.331856000 0.001000000 -0.052000000
v -0.330660000 0.001000000 -0.048660000
v -0.329482000 0.001000000 -0.045206000
v -0.328325000 0.001000000 -0.041640000
v -0.327192000 0.001000000 -0.037962000
v -0.326086000 0.001000000 -0.034173000
v -0.325008000 0.001000000 -0.030274000
v -0.323964000 0.001000000 -0.026266000
v -0.322954000 0.001000000 -0.022149000
v -0.321983000 0.001000000 -0.017926000
v -0.321054000 0.001000000 -0.013598000
v -0.320170000 0.001000000 -0.009167000
v -0.319334000 0.001000000 -0.004633000
v -0.096000000 -0.001500000 -0.040000000
v -0.156000000 -0.001500000 -0.040000000
v -0.181455000 -0.001500000 -0.135000000
v -0.180670000 -0.001500000 -0.134981000
v -0.179858000 -0.001500000 -0.134925000
v -0.179019000 -0.001500000 -0.134832000
v -0.178154000 -0.001500000 -0.134702000
v -0.177263000 -0.001500000 -0.134536000
v -0.176347000 -0.001500000 -0.134334000
v -0.175407000 -0.001500000 -0.134098000
v -0.174445000 -0.001500000 -0.133828000
v -0.173462000 -0.001500000 -0.133526000
v -0.172458000 -0.001500000 -0.133192000
v -0.171437000 -0.001500000 -0.132829000
v -0.170398000 -0.001500000 -0.132437000
v -0.169345000 -0.001500000 -0.132017000
v -0.168278000 -0.001500000 -0.131572000
v -0.167200000 -0.001500000 -0.131103000
v -0.166113000 -0.001500000 -0.130612000
v -0.165018000 -0.001500000 -0.130099000
v -0.163918000 -0.001500000 -0.129568000
v -0.162814000 -0.001500000 -0.129018000
v -0.161708000 -0.001500000 -0.128453000
v -0.160603000 -0.001500000 -0.127874000
v -0.159500000 -0.001500000 -0.127282000
v -0.157308000 -0.001500000 -0.126065000
v -0.155146000 -0.001500000 -0.124817000
v -0.154082000 -0.001500000 -0.124185000
v -0.153029000 -0.001500000 -0.123549000
v -0.151991000 -0.001500000 -0.122910000
v -0.150969000 -0.001500000 -0.122270000
v -0.149963000 -0.001500000 -0.121630000
v -0.148975000 -0.001500000 -0.120990000
v -0.148006000 -0.001500000 -0.120352000
v -0.147056000 -0.001500000 -0.119717000
v -0.146127000 -0.001500000 -0.119083000
v -0.145217000 -0.001500000 -0.118453000
v -0.144327000 -0.001500000 -0.117825000
v -0.143458000 -0.001500000 -0.117200000
v -0.142608000 -0.001500000 -0.116578000
v -0.141776000 -0.001500000 -0.115957000
v -0.140963000 -0.001500000 -0.115338000
v -0.140166000 -0.001500000 -0.114720000
v -0.139385000 -0.001500000 -0.114100000
v -0.138618000 -0.001500000 -0.113480000
v -0.137119000 -0.001500000 -0.112228000
v -0.135656000 -0.001500000 -0.110952000
v -0.134212000 -0.001500000 -0.109642000
v -0.132775000 -0.001500000 -0.108287000
v -0.132056000 -0.001500000 -0.107590000
v -0.131335000 -0.001500000 -0.106879000
v -0.130612000 -0.001500000 -0.106153000
v -0.129885000 -0.001500000 -0.105413000
v -0.129155000 -0.001500000 -0.104657000
v -0.128421000 -0.001500000 -0.103886000
v -0.127683000 -0.001500000 -0.103100000
v -0.126942000 -0.001500000 -0.102299000
v -0.126197000 -0.001500000 -0.101483000
v -0.125449000 -0.001500000 -0.100652000
v -0.124697000 -0.001500000 -0.099807000
v -0.123942000 -0.001500000 -0.098948000
v -0.123185000 -0.001500000 -0.098074000
v -0.122426000 -0.001500000 -0.097188000
v -0.120902000 -0.001500000 -0.095376000
v -0.119376000 -0.001500000 -0.093517000
v -0.117854000 -0.001500000 -0.091616000
v -0.116342000 -0.001500000 -0.089679000
v -0.114848000 -0.001500000 -0.087713000
v -0.113378000 -0.001500000 -0.085724000
v -0.111940000 -0.001500000 -0.083719000
v -0.110543000 -0.001500000 -0.081705000
v -0.109192000 -0.001500000 -0.079689000
v -0.108536000 -0.001500000 -0.078681000
v -0.107895000 -0.001500000 -0.077675000
v -0.107268000 -0.001500000 -0.076672000
v -0.106657000 -0.001500000 -0.075671000
v -0.106062000 -0.001500000 -0.074674000
v -0.105484000 -0.001500000 -0.073681000
v -0.104923000 -0.001500000 -0.072692000
v -0.104379000 -0.001500000 -0.071709000
v -0.103853000 -0.001500000 -0.070730000
v -0.103346000 -0.001500000 -0.069758000
v -0.102857000 -0.001500000 -0.068791000
v -0.102387000 -0.001500000 -0.067831000
v -0.101935000 -0.001500000 -0.066877000
v -0.101502000 -0.001500000 -0.065929000
v -0.101088000 -0.001500000 -0.064988000
v -0.100693000 -0.001500000 -0.064054000
v -0.100315000 -0.001500000 -0.063126000
v -0.099957000 -0.001500000 -0.062205000
v -0.099616000 -0.001500000 -0.061290000
v -0.099293000 -0.001500000 -0.060382000
v -0.098988000 -0.001500000 -0.059480000
v -0.098700000 -0.001500000 -0.058585000
v -0.098429000 -0.001500000 -0.057695000
v -0.098175000 -0.001500000 -0.056811000
v -0.097936000 -0.001500000 -0.055933000
v -0.097714000 -0.001500000 -0.055060000
v -0.097507000 -0.001500000 -0.054192000
v -0.097316000 -0.001500000 -0.053329000
v -0.097139000 -0.001500000 -0.052471000
v -0.096976000 -0.001500000 -0.051617000
v -0.096827000 -0.001500000 -0.050768000
v -0.096692000 -0.001500000 -0.049922000
v -0.096570000 -0.001500000 -0.049080000
v -0.096461000 -0.001500000 -0.048241000
v -0.096279000 -0.001500000 -0.046574000
v -0.096144000 -0.001500000 -0.044917000
v -0.096053000 -0.001500000 -0.043270000
v -0.096006000 -0.001500000 -0.041631000
v -0.156000000 0.001500000 -0.040000000
v -0.181455000 0.001500000 -0.135000000
v -0.180670000 0.001500000 -0.134981000
v -0.179858000 0.001500000 -0.134925000
v -0.179019000 0.001500000 -0.134832000
v -0.178154000 0.001500000 -0.134702000
v -0.177263000 0.001500000 -0.134536000
v -0.176347000 0.001500000 -0.134334000
v -0.175407000 0.001500000 -0.134098000
v -0.174445000 0.001500000 -0.133828000
v -0.173462000 0.001500000 -0.133526000
v -0.172458000 0.001500000 -0.133192000
v -0.171437000 0.001500000 -0.132829000
v -0.170398000 0.001500000 -0.132437000
v -0.169345000 0.001500000 -0.132017000
v -0.168278000 0.001500000 -0.131572000
v -0.167200000 0.001500000 -0.131103000
v -0.166113000 0.001500000 -0.130612000
v -0.165018000 0.001500000 -0.130099000
v -0.163918000 0.001500000 -0.129568000
v -0.162814000 0.001500000 -0.129018000
v -0.161708000 0.001500000 -0.128453000
v -0.160603000 0.001500000 -0.127874000
v -0.159500000 0.001500000 -0.127282000
v -0.157308000 0.001500000 -0.126065000
v -0.155146000 0.001500000 -0.124817000
v -0.154082000 0.001500000 -0.124185000
v -0.153029000 0.001500000 -0.123549000
v -0.151991000 0.001500000 -0.122910000
v -0.150969000 0.001500000 -0.122270000
v -0.149963000 0.001500000 -0.121630000
v -0.148975000 0.001500000 -0.120990000
v -0.148006000 0.001500000 -0.120352000
v -0.147056000 0.001500000 -0.119717000
v -0.146127000 0.001500000 -0.119083000
v -0.145217000 0.001500000 -0.118453000
v -0.144327000 0.001500000 -0.117825000
v -0.143458000 0.001500000 -0.117200000
v -0.142608000 0.001500000 -0.116578000
v -0.141776000 0.001500000 -0.115957000
v -0.140963000 0.001500000 -0.115338000
v -0.140166000 0.001500000 -0.114720000
v -0.139385000 0.001500000 -0.114100000
v -0.138618000 0.001500000 -0.113480000
v -0.137119000 0.001500000 -0.112228000
v -0.135656000 0.001500000 -0.110952000
v -0.134212000 0.001500000 -0.109642000
v -0.132775000 0.001500000 -0.108287000
v -0.132056000 0.001500000 -0.107590000
v -0.131335000 0.001500000 -0.106879000
v -0.130612000 0.001500000 -0.106153000
v -0.129885000 0.001500000 -0.105413000
v -0.129155000 0.001500000 -0.104657000
v -0.128421000 0.001500000 -0.103886000
v -0.127683000 0.001500000 -0.103100000
v -0.126942000 0.001500000 -0.102299000
v -0.126197000 0.001500000 -0.101483000
v -0.125449000 0.001500000 -0.100652000
v -0.124697000 0.001500000 -0.099807000
v -0.123942000 0.001500000 -0.098948000
v -0.123185000 0.001500000 -0.098074000
v -0.122426000 0.001500000 -0.097188000
v -0.120902000 0.001500000 -0.095376000
v -0.119376000 0.001500000 -0.093517000
v -0.117854000 0.001500000 -0.091616000
v -0.116342000 0.001500000 -0.089679000
v -0.114848000 0.001500000 -0.087713000
v -0.113378000 0.001500000 -0.085724000
v -0.111940000 0.001500000 -0.083719000
v -0.110543000 0.001500000 -0.081705000
v -0.109192000 0.001500000 -0.079689000
v -0.108536000 0.001500000 -0.078681000
v -0.107895000 0.001500000 -0.077675000
v -0.107268000 0.001500000 -0.076672000
v -0.106657000 0.001500000 -0.075671000
v -0.106062000 0.001500000 -0.074674000
v -0.105484000 0.001500000 -0.073681000
v -0.104923000 0.001500000 -0.072692000
v -0.104379000 0.001500000 -0.071709000
v -0.103853000 0.001500000 -0.070730000
v -0.103346000 0.001500000 -0.069758000
v -0.102857000 0.001500000 -0.068791000
v -0.102387000 0.001500000 -0.067831000
v -0.101935000 0.001500000 -0.066877000
v -0.101502000 0.001500000 -0.065929000
v -0.101088000 0.001500000 -0.064988000
v -0.100693000 0.001500000 -0.064054000
v -0.100315000 0.001500000 -0.063126000
v -0.099957000 0.001500000 -0.062205000
v -0.099616000 0.001500000 -0.061290000
v -0.099293000 0.001500000 -0.060382000
v -0.098988000 0.001500000 -0.059480000
v -0.098700000 0.001500000 -0.058585000
v -0.098429000 0.001500000 -0.057695000
v -0.098175000 0.001500000 -0.056811000
v -0.097936000 0.001500000 -0.055933000
v -0.097714000 0.001500000 -0.055060000
v -0.097507000 0.001500000 -0.054192000
v -0.097316000 0.001500000 -0.053329000
v -0.097139000 0.001500000 -0.052471000
v -0.096976000 0.001500000 -0.051617000
v -0.096827000 0.001500000 -0.050768000
v -0.096692000 0.001500000 -0.049922000
v -0.096570000 0.001500000 -0.049080000
v -0.096461000 0.001500000 -0.048241000
v -0.096279000 0.001500000 -0.046574000
v -0.096144000 0.001500000 -0.044917000
v -0.096053000 0.001500000 -0.043270000
v -0.096006000 0.001500000 -0.041631000
v -0.096000000 0.001500000 -0.040000000
v 0.112500000 -0.080000000 0.010000006
v 0.111606088 -0.080000000 0.010525929
v 0.108954792 -0.080000000 0.010998219
v 0.104636400 -0.080000000 0.011399167
v 0.098797968 -0.080000000 0.011708490
v 0.091638318 -0.080000000 0.011909894
v 0.083401264 -0.080000000 0.011996316
v 0.074367307 -0.080000000 0.011972109
v 0.064844089 -0.080000000 0.011851795
v 0.055155911 -0.080000000 0.011656469
v 0.045632693 -0.080000000 0.011409684
v 0.036598736 -0.080000000 0.011134465
v 0.028361682 -0.080000000 0.010852188
v 0.021202032 -0.080000000 0.010582922
v 0.015363600 -0.080000000 0.010346056
v 0.011045208 -0.080000000 0.010160080
v 0.008393912 -0.080000000 0.010041021
v 0.007500000 -0.080000000 0.010000000
v 0.008393912 -0.080000000 0.009958979
v 0.011045208 -0.080000000 0.009839920
v 0.015363600 -0.080000000 0.009653944
v 0.021202032 -0.080000000 0.009417078
v 0.028361682 -0.080000000 0.009147812
v 0.036598736 -0.080000000 0.008865535
v 0.045632693 -0.080000000 0.008590316
v 0.055155911 -0.080000000 0.008343531
v 0.064844089 -0.080000000 0.008148205
v 0.074367307 -0.080000000 0.008027891
v 0.083401264 -0.080000000 0.008003684
v 0.091638318 -0.080000000 0.008090106
v 0.098797968 -0.080000000 0.008291510
v 0.104636400 -0.080000000 0.008600833
v 0.108954792 -0.080000000 0.009001781
v 0.111606088 -0.080000000 0.009474071
v 0.107854520 -0.087857143 0.010000006
v 0.106991013 -0.087857143 0.010514660
v 0.104429897 -0.087857143 0.010976829
v 0.100258389 -0.087857143 0.011369185
v 0.094618543 -0.087857143 0.011671880
v 0.087702419 -0.087857143 0.011868967
v 0.079745536 -0.087857143 0.011953538
v 0.071018857 -0.087857143 0.011929850
v 0.061819558 -0.087857143 0.011812113
v 0.052460910 -0.087857143 0.011620973
v 0.043261611 -0.087857143 0.011379476
v 0.034534932 -0.087857143 0.011110155
v 0.026578049 -0.087857143 0.010833927
v 0.019661925 -0.087857143 0.010570430
v 0.014022079 -0.087857143 0.010338640
v 0.009850571 -0.087857143 0.010156650
v 0.007289455 -0.087857143 0.010040142
v 0.006425948 -0.087857143 0.010000000
v 0.007289455 -0.087857143 0.009959858
v 0.009850571 -0.087857143 0.009843350
v 0.014022079 -0.087857143 0.009661360
v 0.019661925 -0.087857143 0.009429570
v 0.026578049 -0.087857143 0.009166073
v 0.034534932 -0.087857143 0.008889845
v 0.043261611 -0.087857143 0.008620524
v 0.052460910 -0.087857143 0.008379027
v 0.061819558 -0.087857143 0.008187887
v 0.071018857 -0.087857143 0.008070150
v 0.079745536 -0.087857143 0.008046462
v 0.087702419 -0.087857143 0.008131033
v 0.094618543 -0.087857143 0.008328120
v 0.100258389 -0.087857143 0.008630815
v 0.104429897 -0.087857143 0.009023171
v 0.106991013 -0.087857143 0.009485340
v 0.103209039 -0.095714286 0.010000006
v 0.102375937 -0.095714286 0.010503390
v 0.099905002 -0.095714286 0.010955439
v 0.095880378 -0.095714286 0.011339203
v 0.090439118 -0.095714286 0.011635269
v 0.083766520 -0.095714286 0.011828041
v 0.076089809 -0.095714286 0.011910760
v 0.067670407 -0.095714286 0.011887590
v 0.058795027 -0.095714286 0.011772432
v 0.049765909 -0.095714286 0.011585477
v 0.040890529 -0.095714286 0.011349269
v 0.032471127 -0.095714286 0.011085845
v 0.024794416 -0.095714286 0.010815666
v 0.018121817 -0.095714286 0.010557939
v 0.012680558 -0.095714286 0.010331225
v 0.008655934 -0.095714286 0.010153219
v 0.006184998 -0.095714286 0.010039263
v 0.005351896 -0.095714286 0.010000000
v 0.006184998 -0.095714286 0.009960737
v 0.008655934 -0.095714286 0.009846781
v 0.012680558 -0.095714286 0.009668775
v 0.018121817 -0.095714286 0.009442061
v 0.024794416 -0.095714286 0.009184334
v 0.032471127 -0.095714286 0.008914155
v 0.040890529 -0.095714286 0.008650731
v 0.049765909 -0.095714286 0.008414523
v 0.058795027 -0.095714286 0.008227568
v 0.067670407 -0.095714286 0.008112410
v 0.076089809 -0.095714286 0.008089240
v 0.083766520 -0.095714286 0.008171959
v 0.090439118 -0.095714286 0.008364731
v 0.095880378 -0.095714286 0.008660797
v 0.099905002 -0.095714286 0.009044561
v 0.102375937 -0.095714286 0.009496610
v 0.098563559 -0.103571429 0.010000006
v 0.097760862 -0.103571429 0.010492120
v 0.095380107 -0.103571429 0.010934048
v 0.091502367 -0.103571429 0.011309221
v 0.086259693 -0.103571429 0.011598659
v 0.079830620 -0.103571429 0.011787115
v 0.072434081 -0.103571429 0.011867981
v 0.064321957 -0.103571429 0.011845331
v 0.055770496 -0.103571429 0.011732751
v 0.047070908 -0.103571429 0.011549981
v 0.038519446 -0.103571429 0.011319061
v 0.030407322 -0.103571429 0.011061535
v 0.023010783 -0.103571429 0.010797405
v 0.016581710 -0.103571429 0.010545448
v 0.011339037 -0.103571429 0.010323809
v 0.007461297 -0.103571429 0.010149789
v 0.005080541 -0.103571429 0.010038384
v 0.004277844 -0.103571429 0.010000000
v 0.005080541 -0.103571429 0.009961616
v 0.007461297 -0.103571429 0.009850211
v 0.011339037 -0.103571429 0.009676191
v 0.016581710 -0.103571429 0.009454552
v 0.023010783 -0.103571429 0.009202595
v 0.030407322 -0.103571429 0.008938465
v 0.038519446 -0.103571429 0.008680939
v 0.047070908 -0.103571429 0.008450019
v 0.055770496 -0.103571429 0.008267249
v 0.064321957 -0.103571429 0.008154669
v 0.072434081 -0.103571429 0.008132019
v 0.079830620 -0.103571429 0.008212885
v 0.086259693 -0.103571429 0.008401341
v 0.091502367 -0.103571429 0.008690779
v 0.095380107 -0.103571429 0.009065952
v 0.097760862 -0.103571429 0.009507880
v 0.093918078 -0.111428571 0.010000005
v 0.093145787 -0.111428571 0.010480850
v 0.090855212 -0.111428571 0.010912658
v 0.087124356 -0.111428571 0.011279238
v 0.082080269 -0.111428571 0.011562048
v 0.075894721 -0.111428571 0.011746188
v 0.068778354 -0.111428571 0.011825203
v 0.060973507 -0.111428571 0.011803071
v 0.052745965 -0.111428571 0.011693069
v 0.044375906 -0.111428571 0.011514486
v 0.036148364 -0.111428571 0.011288854
v 0.028343517 -0.111428571 0.011037225
v 0.021227150 -0.111428571 0.010779144
v 0.015041602 -0.111428571 0.010532957
v 0.009997515 -0.111428571 0.010316394
v 0.006266659 -0.111428571 0.010146359
v 0.003976084 -0.111428571 0.010037505
v 0.003203793 -0.111428571 0.010000000
v 0.003976084 -0.111428571 0.009962495
v 0.006266659 -0.111428571 0.009853641
v 0.009997515 -0.111428571 0.009683606
v 0.015041602 -0.111428571 0.009467043
v 0.021227150 -0.111428571 0.009220856
v 0.028343517 -0.111428571 0.008962775
v 0.036148364 -0.111428571 0.008711146
v 0.044375906 -0.111428571 0.008485514
v 0.052745965 -0.111428571 0.008306931
v 0.060973507 -0.111428571 0.008196929
v 0.068778354 -0.111428571 0.008174797
v 0.075894721 -0.111428571 0.008253812
v 0.082080269 -0.111428571 0.008437952
v 0.087124356 -0.111428571 0.008720762
v 0.090855212 -0.111428571 0.009087342
v 0.093145787 -0.111428571 0.009519150
v 0.089272598 -0.119285714 0.010000005
v 0.088530712 -0.119285714 0.010469580
v 0.086330317 -0.119285714 0.010891267
v 0.082746345 -0.119285714 0.011249256
v 0.077900844 -0.119285714 0.011525438
v 0.071958821 -0.119285714 0.011705262
v 0.065122626 -0.119285714 0.011782425
v 0.057625057 -0.119285714 0.011760812
v 0.049721434 -0.119285714 0.011653388
v 0.041680905 -0.119285714 0.011478990
v 0.033777282 -0.119285714 0.011258646
v 0.026279712 -0.119285714 0.011012915
v 0.019443517 -0.119285714 0.010760882
v 0.013501495 -0.119285714 0.010520466
v 0.008655994 -0.119285714 0.010308978
v 0.005072022 -0.119285714 0.010142928
v 0.002871627 -0.119285714 0.010036626
v 0.002129741 -0.119285714 0.010000000
v 0.002871627 -0.119285714 0.009963374
v 0.005072022 -0.119285714 0.009857072
v 0.008655994 -0.119285714 0.009691022
v 0.013501495 -0.119285714 0.009479534
v 0.019443517 -0.119285714 0.009239118
v 0.026279712 -0.119285714 0.008987085
v 0.033777282 -0.119285714 0.008741354
v 0.041680905 -0.119285714 0.008521010
v 0.049721434 -0.119285714 0.008346612
v 0.057625057 -0.119285714 0.008239188
v 0.065122626 -0.119285714 0.008217575
v 0.071958821 -0.119285714 0.008294738
v 0.077900844 -0.119285714 0.008474562
v 0.082746345 -0.119285714 0.008750744
v 0.086330317 -0.119285714 0.009108733
v 0.088530712 -0.119285714 0.009530420
v 0.084627118 -0.127142857 0.010000005
v 0.083915636 -0.127142857 0.010458310
v 0.081805421 -0.127142857 0.010869877
v 0.078368334 -0.127142857 0.011219274
v 0.073721419 -0.127142857 0.011488827
v 0.068022922 -0.127142857 0.011664336
v 0.061466899 -0.127142857 0.011739647
v 0.054276607 -0.127142857 0.011718552
v 0.046696903 -0.127142857 0.011613707
v 0.038985904 -0.127142857 0.011443494
v 0.031406200 -0.127142857 0.011228439
v 0.024215908 -0.127142857 0.010988605
v 0.017659885 -0.127142857 0.010742621
v 0.011961388 -0.127142857 0.010507975
v 0.007314473 -0.127142857 0.010301563
v 0.003877385 -0.127142857 0.010139498
v 0.001767170 -0.127142857 0.010035747
v 0.001055689 -0.127142857 0.010000000
v 0.001767170 -0.127142857 0.009964253
v 0.003877385 -0.127142857 0.009860502
v 0.007314473 -0.127142857 0.009698437
v 0.011961388 -0.127142857 0.009492025
v 0.017659885 -0.127142857 0.009257379
v 0.024215908 -0.127142857 0.009011395
v 0.031406200 -0.127142857 0.008771561
v 0.038985904 -0.127142857 0.008556506
v 0.046696903 -0.127142857 0.008386293
v 0.054276607 -0.127142857 0.008281448
v 0.061466899 -0.127142857 0.008260353
v 0.068022922 -0.127142857 0.008335664
v 0.073721419 -0.127142857 0.008511173
v 0.078368334 -0.127142857 0.008780726
v 0.081805421 -0.127142857 0.009130123
v 0.083915636 -0.127142857 0.009541690
v 0.079981637 -0.135000000 0.010000005
v 0.079300561 -0.135000000 0.010447040
v 0.077280526 -0.135000000 0.010848486
v 0.073990323 -0.135000000 0.011189292
v 0.069541994 -0.135000000 0.011452217
v 0.064087023 -0.135000000 0.011623409
v 0.057811171 -0.135000000 0.011696869
v 0.050928157 -0.135000000 0.011676293
v 0.043672371 -0.135000000 0.011574025
v 0.036290903 -0.135000000 0.011407998
v 0.029035118 -0.135000000 0.011198231
v 0.022152103 -0.135000000 0.010964295
v 0.015876252 -0.135000000 0.010724360
v 0.010421280 -0.135000000 0.010495483
v 0.005972952 -0.135000000 0.010294147
v 0.002682748 -0.135000000 0.010136068
v 0.000662713 -0.135000000 0.010034868
v -0.000018363 -0.135000000 0.010000000
v 0.000662713 -0.135000000 0.009965132
v 0.002682748 -0.135000000 0.009863932
v 0.005972952 -0.135000000 0.009705853
v 0.010421280 -0.135000000 0.009504517
v 0.015876252 -0.135000000 0.009275640
v 0.022152103 -0.135000000 0.009035705
v 0.029035118 -0.135000000 0.008801769
v 0.036290903 -0.135000000 0.008592002
v 0.043672371 -0.135000000 0.008425975
v 0.050928157 -0.135000000 0.008323707
v 0.057811171 -0.135000000 0.008303131
v 0.064087023 -0.135000000 0.008376591
v 0.069541994 -0.135000000 0.008547783
v 0.073990323 -0.135000000 0.008810708
v 0.077280526 -0.135000000 0.009151514
v 0.079300561 -0.135000000 0.009552960
v 0.075336157 -0.142857143 0.010000005
v 0.074685486 -0.142857143 0.010435770
v 0.072755631 -0.142857143 0.010827096
v 0.069612312 -0.142857143 0.011159310
v 0.065362569 -0.142857143 0.011415606
v 0.060151123 -0.142857143 0.011582483
v 0.054155444 -0.142857143 0.011654090
v 0.047579707 -0.142857143 0.011634033
v 0.040647840 -0.142857143 0.011534344
v 0.033595902 -0.142857143 0.011372503
v 0.026664035 -0.142857143 0.011168024
v 0.020088298 -0.142857143 0.010939985
v 0.014092619 -0.142857143 0.010706099
v 0.008881173 -0.142857143 0.010482992
v 0.004631430 -0.142857143 0.010286732
v 0.001488111 -0.142857143 0.010132638
v -0.000441744 -0.142857143 0.010033989
v -0.001092415 -0.142857143 0.010000000
v -0.000441744 -0.142857143 0.009966011
v 0.001488111 -0.142857143 0.009867362
v 0.004631430 -0.142857143 0.009713268
v 0.008881173 -0.142857143 0.009517008
v 0.014092619 -0.142857143 0.009293901
v 0.020088298 -0.142857143 0.009060015
v 0.026664035 -0.142857143 0.008831976
v 0.033595902 -0.142857143 0.008627497
v 0.040647840 -0.142857143 0.008465656
v 0.047579707 -0.142857143 0.008365967
v 0.054155444 -0.142857143 0.008345910
v 0.060151123 -0.142857143 0.008417517
v 0.065362569 -0.142857143 0.008584394
v 0.069612312 -0.142857143 0.008840690
v 0.072755631 -0.142857143 0.009172904
v 0.074685486 -0.142857143 0.009564230
v 0.070690676 -0.150714286 0.010000005
v 0.070070411 -0.150714286 0.010424500
v 0.068230736 -0.150714286 0.010805706
v 0.065234301 -0.150714286 0.011129328
v 0.061183144 -0.150714286 0.011378996
v 0.056215224 -0.150714286 0.011541557
v 0.050499716 -0.150714286 0.011611312
v 0.044231257 -0.150714286 0.011591774
v 0.037623309 -0.150714286 0.011494663
v 0.030900900 -0.150714286 0.011337007
v 0.024292953 -0.150714286 0.011137816
v 0.018024493 -0.150714286 0.010915675
v 0.012308986 -0.150714286 0.010687838
v 0.007341066 -0.150714286 0.010470501
v 0.003289909 -0.150714286 0.010279316
v 0.000293474 -0.150714286 0.010129207
v -0.001546201 -0.150714286 0.010033110
v -0.002166467 -0.150714286 0.010000000
v -0.001546201 -0.150714286 0.009966890
v 0.000293474 -0.150714286 0.009870793
v 0.003289909 -0.150714286 0.009720684
v 0.007341066 -0.150714286 0.009529499
v 0.012308986 -0.150714286 0.009312162
v 0.018024493 -0.150714286 0.009084325
v 0.024292953 -0.150714286 0.008862184
v 0.030900900 -0.150714286 0.008662993
v 0.037623309 -0.150714286 0.008505337
v 0.044231257 -0.150714286 0.008408226
v 0.050499716 -0.150714286 0.008388688
v 0.056215224 -0.150714286 0.008458443
v 0.061183144 -0.150714286 0.008621004
v 0.065234301 -0.150714286 0.008870672
v 0.068230736 -0.150714286 0.009194294
v 0.070070411 -0.150714286 0.009575500
v 0.066045196 -0.158571429 0.010000005
v 0.065455335 -0.158571429 0.010413230
v 0.063705841 -0.158571429 0.010784315
v 0.060856290 -0.158571429 0.011099346
v 0.057003719 -0.158571429 0.011342385
v 0.052279324 -0.158571429 0.011500631
v 0.046843989 -0.158571429 0.011568534
v 0.040882807 -0.158571429 0.011549514
v 0.034598778 -0.158571429 0.011454981
v 0.028205899 -0.158571429 0.011301511
v 0.021921871 -0.158571429 0.011107609
v 0.015960689 -0.158571429 0.010891365
v 0.010525353 -0.158571429 0.010669577
v 0.005800958 -0.158571429 0.010458010
v 0.001948388 -0.158571429 0.010271901
v -0.000901163 -0.158571429 0.010125777
v -0.002650658 -0.158571429 0.010032231
v -0.003240518 -0.158571429 0.010000000
v -0.002650658 -0.158571429 0.009967769
v -0.000901163 -0.158571429 0.009874223
v 0.001948388 -0.158571429 0.009728099
v 0.005800958 -0.158571429 0.009541990
v 0.010525353 -0.158571429 0.009330423
v 0.015960689 -0.158571429 0.009108635
v 0.021921871 -0.158571429 0.008892391
v 0.028205899 -0.158571429 0.008698489
v 0.034598778 -0.158571429 0.008545019
v 0.040882807 -0.158571429 0.008450486
v 0.046843989 -0.158571429 0.008431466
v 0.052279324 -0.158571429 0.008499369
v 0.057003719 -0.158571429 0.008657615
v 0.060856290 -0.158571429 0.008900654
v 0.063705841 -0.158571429 0.009215685
v 0.065455335 -0.158571429 0.009586770
v 0.061399715 -0.166428571 0.010000005
v 0.060840260 -0.166428571 0.010401960
v 0.059180946 -0.166428571 0.010762925
v 0.056478278 -0.166428571 0.011069363
v 0.052824294 -0.166428571 0.011305775
v 0.048343425 -0.166428571 0.011459704
v 0.043188261 -0.166428571 0.011525756
v 0.037534357 -0.166428571 0.011507255
v 0.031574247 -0.166428571 0.011415300
v 0.025510898 -0.166428571 0.011266015
v 0.019550789 -0.166428571 0.011077401
v 0.013896884 -0.166428571 0.010867055
v 0.008741720 -0.166428571 0.010651315
v 0.004260851 -0.166428571 0.010445519
v 0.000606867 -0.166428571 0.010264485
v -0.002095801 -0.166428571 0.010122347
v -0.003755115 -0.166428571 0.010031352
v -0.004314570 -0.166428571 0.010000000
v -0.003755115 -0.166428571 0.009968648
v -0.002095801 -0.166428571 0.009877653
v 0.000606867 -0.166428571 0.009735515
v 0.004260851 -0.166428571 0.009554481
v 0.008741720 -0.166428571 0.009348685
v 0.013896884 -0.166428571 0.009132945
v 0.019550789 -0.166428571 0.008922599
v 0.025510898 -0.166428571 0.008733985
v 0.031574247 -0.166428571 0.008584700
v 0.037534357 -0.166428571 0.008492745
v 0.043188261 -0.166428571 0.008474244
v 0.048343425 -0.166428571 0.008540296
v 0.052824294 -0.166428571 0.008694225
v 0.056478278 -0.166428571 0.008930637
v 0.059180946 -0.166428571 0.009237075
v 0.060840260 -0.166428571 0.009598040
v 0.056754235 -0.174285714 0.010000004
v 0.056225185 -0.174285714 0.010390690
v 0.054656051 -0.174285714 0.010741534
v 0.052100267 -0.174285714 0.011039381
v 0.048644869 -0.174285714 0.011269164
v 0.044407526 -0.174285714 0.011418778
v 0.039532534 -0.174285714 0.011482978
v 0.034185907 -0.174285714 0.011464995
v 0.028549716 -0.174285714 0.011375619
v 0.022815897 -0.174285714 0.011230520
v 0.017179706 -0.174285714 0.011047194
v 0.011833079 -0.174285714 0.010842745
v 0.006958087 -0.174285714 0.010633054
v 0.002720744 -0.174285714 0.010433027
v -0.000734655 -0.174285714 0.010257070
v -0.003290438 -0.174285714 0.010118916
v -0.004859572 -0.174285714 0.010030473
v -0.005388622 -0.174285714 0.010000000
v -0.004859572 -0.174285714 0.009969527
v -0.003290438 -0.174285714 0.009881084
v -0.000734655 -0.174285714 0.009742930
v 0.002720744 -0.174285714 0.009566973
v 0.006958087 -0.174285714 0.009366946
v 0.011833079 -0.174285714 0.009157255
v 0.017179706 -0.174285714 0.008952806
v 0.022815897 -0.174285714 0.008769480
v 0.028549716 -0.174285714 0.008624381
v 0.034185907 -0.174285714 0.008535005
v 0.039532534 -0.174285714 0.008517022
v 0.044407526 -0.174285714 0.008581222
v 0.048644869 -0.174285714 0.008730836
v 0.052100267 -0.174285714 0.008960619
v 0.054656051 -0.174285714 0.009258466
v 0.056225185 -0.174285714 0.009609310
v 0.052108755 -0.182142857 0.010000004
v 0.051610110 -0.182142857 0.010379421
v 0.050131156 -0.182142857 0.010720144
v 0.047722256 -0.182142857 0.011009399
v 0.044465444 -0.182142857 0.011232554
v 0.040471626 -0.182142857 0.011377852
v 0.035876806 -0.182142857 0.011440199
v 0.030837456 -0.182142857 0.011422736
v 0.025525185 -0.182142857 0.011335938
v 0.020120896 -0.182142857 0.011195024
v 0.014808624 -0.182142857 0.011016986
v 0.009769274 -0.182142857 0.010818435
v 0.005174455 -0.182142857 0.010614793
v 0.001180636 -0.182142857 0.010420536
v -0.002076176 -0.182142857 0.010249654
v -0.004485075 -0.182142857 0.010115486
v -0.005964029 -0.182142857 0.010029594
v -0.006462674 -0.182142857 0.010000000
v -0.005964029 -0.182142857 0.009970406
v -0.004485075 -0.182142857 0.009884514
v -0.002076176 -0.182142857 0.009750346
v 0.001180636 -0.182142857 0.009579464
v 0.005174455 -0.182142857 0.009385207
v 0.009769274 -0.182142857 0.009181565
v 0.014808624 -0.182142857 0.008983014
v 0.020120896 -0.182142857 0.008804976
v 0.025525185 -0.182142857 0.008664062
v 0.030837456 -0.182142857 0.008577264
v 0.035876806 -0.182142857 0.008559801
v 0.040471626 -0.182142857 0.008622148
v 0.044465444 -0.182142857 0.008767446
v 0.047722256 -0.182142857 0.008990601
v 0.050131156 -0.182142857 0.009279856
v 0.051610110 -0.182142857 0.009620579
v 0.047463274 -0.190000000 0.010000004
v 0.046995034 -0.190000000 0.010368151
v 0.045606261 -0.190000000 0.010698754
v 0.043344245 -0.190000000 0.010979417
v 0.040286019 -0.190000000 0.011195943
v 0.036535727 -0.190000000 0.011336925
v 0.032221079 -0.190000000 0.011397421
v 0.027489006 -0.190000000 0.011380476
v 0.022500654 -0.190000000 0.011296256
v 0.017425894 -0.190000000 0.011159528
v 0.012437542 -0.190000000 0.010986779
v 0.007705469 -0.190000000 0.010794125
v 0.003390822 -0.190000000 0.010596532
v -0.000359471 -0.190000000 0.010408045
v -0.003417697 -0.190000000 0.010242239
v -0.005679712 -0.190000000 0.010112056
v -0.007068486 -0.190000000 0.010028715
v -0.007536726 -0.190000000 0.010000000
v -0.007068486 -0.190000000 0.009971285
v -0.005679712 -0.190000000 0.009887944
v -0.003417697 -0.190000000 0.009757761
v -0.000359471 -0.190000000 0.009591955
v 0.003390822 -0.190000000 0.009403468
v 0.007705469 -0.190000000 0.009205875
v 0.012437542 -0.190000000 0.009013221
v 0.017425894 -0.190000000 0.008840472
v 0.022500654 -0.190000000 0.008703744
v 0.027489006 -0.190000000 0.008619524
v 0.032221079 -0.190000000 0.008602579
v 0.036535727 -0.190000000 0.008663075
v 0.040286019 -0.190000000 0.008804057
v 0.043344245 -0.190000000 0.009020583
v 0.045606261 -0.190000000 0.009301246
v 0.046995034 -0.190000000 0.009631849
v 0.060000000 -0.080000000 0.010000000
v 0.019963274 -0.190000000 0.010000000
v 0.112500000 0.080000000 0.010000006
v 0.111606088 0.080000000 0.010525929
v 0.108954792 0.080000000 0.010998219
v 0.104636400 0.080000000 0.011399167
v 0.098797968 0.080000000 0.011708490
v 0.091638318 0.080000000 0.011909894
v 0.083401264 0.080000000 0.011996316
v 0.074367307 0.080000000 0.011972109
v 0.064844089 0.080000000 0.011851795
v 0.055155911 0.080000000 0.011656469
v 0.045632693 0.080000000 0.011409684
v 0.036598736 0.080000000 0.011134465
v 0.028361682 0.080000000 0.010852188
v 0.021202032 0.080000000 0.010582922
v 0.015363600 0.080000000 0.010346056
v 0.011045208 0.080000000 0.010160080
v 0.008393912 0.080000000 0.010041021
v 0.007500000 0.080000000 0.010000000
v 0.008393912 0.080000000 0.009958979
v 0.011045208 0.080000000 0.009839920
v 0.015363600 0.080000000 0.009653944
v 0.021202032 0.080000000 0.009417078
v 0.028361682 0.080000000 0.009147812
v 0.036598736 0.080000000 0.008865535
v 0.045632693 0.080000000 0.008590316
v 0.055155911 0.080000000 0.008343531
v 0.064844089 0.080000000 0.008148205
v 0.074367307 0.080000000 0.008027891
v 0.083401264 0.080000000 0.008003684
v 0.091638318 0.080000000 0.008090106
v 0.098797968 0.080000000 0.008291510
v 0.104636400 0.080000000 0.008600833
v 0.108954792 0.080000000 0.009001781
v 0.111606088 0.080000000 0.009474071
v 0.107854520 0.087857143 0.010000006
v 0.106991013 0.087857143 0.010514660
v 0.104429897 0.087857143 0.010976829
v 0.100258389 0.087857143 0.011369185
v 0.094618543 0.087857143 0.011671880
v 0.087702419 0.087857143 0.011868967
v 0.079745536 0.087857143 0.011953538
v 0.071018857 0.087857143 0.011929850
v 0.061819558 0.087857143 0.011812113
v 0.052460910 0.087857143 0.011620973
v 0.043261611 0.087857143 0.011379476
v 0.034534932 0.087857143 0.011110155
v 0.026578049 0.087857143 0.010833927
v 0.019661925 0.087857143 0.010570430
v 0.014022079 0.087857143 0.010338640
v 0.009850571 0.087857143 0.010156650
v 0.007289455 0.087857143 0.010040142
v 0.006425948 0.087857143 0.010000000
v 0.007289455 0.087857143 0.009959858
v 0.009850571 0.087857143 0.009843350
v 0.014022079 0.087857143 0.009661360
v 0.019661925 0.087857143 0.009429570
v 0.026578049 0.087857143 0.009166073
v 0.034534932 0.087857143 0.008889845
v 0.043261611 0.087857143 0.008620524
v 0.052460910 0.087857143 0.008379027
v 0.061819558 0.087857143 0.008187887
v 0.071018857 0.087857143 0.008070150
v 0.079745536 0.087857143 0.008046462
v 0.087702419 0.087857143 0.008131033
v 0.094618543 0.087857143 0.008328120
v 0.100258389 0.087857143 0.008630815
v 0.104429897 0.087857143 0.009023171
v 0.106991013 0.087857143 0.009485340
v 0.103209039 0.095714286 0.010000006
v 0.102375937 0.095714286 0.010503390
v 0.099905002 0.095714286 0.010955439
v 0.095880378 0.095714286 0.011339203
v 0.090439118 0.095714286 0.011635269
v 0.083766520 0.095714286 0.011828041
v 0.076089809 0.095714286 0.011910760
v 0.067670407 0.095714286 0.011887590
v 0.058795027 0.095714286 0.011772432
v 0.049765909 0.095714286 0.011585477
v 0.040890529 0.095714286 0.011349269
v 0.032471127 0.095714286 0.011085845
v 0.024794416 0.095714286 0.010815666
v 0.018121817 0.095714286 0.010557939
v 0.012680558 0.095714286 0.010331225
v 0.008655934 0.095714286 0.010153219
v 0.006184998 0.095714286 0.010039263
v 0.005351896 0.095714286 0.010000000
v 0.006184998 0.095714286 0.009960737
v 0.008655934 0.095714286 0.009846781
v 0.012680558 0.095714286 0.009668775
v 0.018121817 0.095714286 0.009442061
v 0.024794416 0.095714286 0.009184334
v 0.032471127 0.095714286 0.008914155
v 0.040890529 0.095714286 0.008650731
v 0.049765909 0.095714286 0.008414523
v 0.058795027 0.095714286 0.008227568
v 0.067670407 0.095714286 0.008112410
v 0.076089809 0.095714286 0.008089240
v 0.083766520 0.095714286 0.008171959
v 0.090439118 0.095714286 0.008364731
v 0.095880378 0.095714286 0.008660797
v 0.099905002 0.095714286 0.009044561
v 0.102375937 0.095714286 0.009496610
v 0.098563559 0.103571429 0.010000006
v 0.097760862 0.103571429 0.010492120
v 0.095380107 0.103571429 0.010934048
v 0.091502367 0.103571429 0.011309221
v 0.086259693 0.103571429 0.011598659
v 0.079830620 0.103571429 0.011787115
v 0.072434081 0.103571429 0.011867981
v 0.064321957 0.103571429 0.011845331
v 0.055770496 0.103571429 0.011732751
v 0.047070908 0.103571429 0.011549981
v 0.038519446 0.103571429 0.011319061
v 0.030407322 0.103571429 0.011061535
v 0.023010783 0.103571429 0.010797405
v 0.016581710 0.103571429 0.010545448
v 0.011339037 0.103571429 0.010323809
v 0.007461297 0.103571429 0.010149789
v 0.005080541 0.103571429 0.010038384
v 0.004277844 0.103571429 0.010000000
v 0.005080541 0.103571429 0.009961616
v 0.007461297 0.103571429 0.009850211
v 0.011339037 0.103571429 0.009676191
v 0.016581710 0.103571429 0.009454552
v 0.023010783 0.103571429 0.009202595
v 0.030407322 0.103571429 0.008938465
v 0.038519446 0.103571429 0.008680939
v 0.047070908 0.103571429 0.008450019
v 0.055770496 0.103571429 0.008267249
v 0.064321957 0.103571429 0.008154669
v 0.072434081 0.103571429 0.008132019
v 0.079830620 0.103571429 0.008212885
v 0.086259693 0.103571429 0.008401341
v 0.091502367 0.103571429 0.008690779
v 0.095380107 0.103571429 0.009065952
v 0.097760862 0.103571429 0.009507880
v 0.093918078 0.111428571 0.010000005
v 0.093145787 0.111428571 0.010480850
v 0.090855212 0.111428571 0.010912658
v 0.087124356 0.111428571 0.011279238
v 0.082080269 0.111428571 0.011562048
v 0.075894721 0.111428571 0.011746188
v 0.068778354 0.111428571 0.011825203
v 0.060973507 0.111428571 0.011803071
v 0.052745965 0.111428571 0.011693069
v 0.044375906 0.111428571 0.011514486
v 0.036148364 0.111428571 0.011288854
v 0.028343517 0.111428571 0.011037225
v 0.021227150 0.111428571 0.010779144
v 0.015041602 0.111428571 0.010532957
v 0.009997515 0.111428571 0.010316394
v 0.006266659 0.111428571 0.010146359
v 0.003976084 0.111428571 0.010037505
v 0.003203793 0.111428571 0.010000000
v 0.003976084 0.111428571 0.009962495
v 0.006266659 0.111428571 0.009853641
v 0.009997515 0.111428571 0.009683606
v 0.015041602 0.111428571 0.009467043
v 0.021227150 0.111428571 0.009220856
v 0.028343517 0.111428571 0.008962775
v 0.036148364 0.111428571 0.008711146
v 0.044375906 0.111428571 0.008485514
v 0.052745965 0.111428571 0.008306931
v 0.060973507 0.111428571 0.008196929
v 0.068778354 0.111428571 0.008174797
v 0.075894721 0.111428571 0.008253812
v 0.082080269 0.111428571 0.008437952
v 0.087124356 0.111428571 0.008720762
v 0.090855212 0.111428571 0.009087342
v 0.093145787 0.111428571 0.009519150
v 0.089272598 0.119285714 0.010000005
v 0.088530712 0.119285714 0.010469580
v 0.086330317 0.119285714 0.010891267
v 0.082746345 0.119285714 0.011249256
v 0.077900844 0.119285714 0.011525438
v 0.071958821 0.119285714 0.011705262
v 0.065122626 0.119285714 0.011782425
v 0.057625057 0.119285714 0.011760812
v 0.049721434 0.119285714 0.011653388
v 0.041680905 0.119285714 0.011478990
v 0.033777282 0.119285714 0.011258646
v 0.026279712 0.119285714 0.011012915
v 0.019443517 0.119285714 0.010760882
v 0.013501495 0.119285714 0.010520466
v 0.008655994 0.119285714 0.010308978
v 0.005072022 0.119285714 0.010142928
v 0.002871627 0.119285714 0.010036626
v 0.002129741 0.119285714 0.010000000
v 0.002871627 0.119285714 0.009963374
v 0.005072022 0.119285714 0.009857072
v 0.008655994 0.119285714 0.009691022
v 0.013501495 0.119285714 0.009479534
v 0.019443517 0.119285714 0.009239118
v 0.026279712 0.119285714 0.008987085
v 0.033777282 0.119285714 0.008741354
v 0.041680905 0.119285714 0.008521010
v 0.049721434 0.119285714 0.008346612
v 0.057625057 0.119285714 0.008239188
v 0.065122626 0.119285714 0.008217575
v 0.071958821 0.119285714 0.008294738
v 0.077900844 0.119285714 0.008474562
v 0.082746345 0.119285714 0.008750744
v 0.086330317 0.119285714 0.009108733
v 0.088530712 0.119285714 0.009530420
v 0.084627118 0.127142857 0.010000005
v 0.083915636 0.127142857 0.010458310
v 0.081805421 0.127142857 0.010869877
v 0.078368334 0.127142857 0.011219274
v 0.073721419 0.127142857 0.011488827
v 0.068022922 0.127142857 0.011664336
v 0.061466899 0.127142857 0.011739647
v 0.054276607 0.127142857 0.011718552
v 0.046696903 0.127142857 0.011613707
v 0.038985904 0.127142857 0.011443494
v 0.031406200 0.127142857 0.011228439
v 0.024215908 0.127142857 0.010988605
v 0.017659885 0.127142857 0.010742621
v 0.011961388 0.127142857 0.010507975
v 0.007314473 0.127142857 0.010301563
v 0.003877385 0.127142857 0.010139498
v 0.001767170 0.127142857 0.010035747
v 0.001055689 0.127142857 0.010000000
v 0.001767170 0.127142857 0.009964253
v 0.003877385 0.127142857 0.009860502
v 0.007314473 0.127142857 0.009698437
v 0.011961388 0.127142857 0.009492025
v 0.017659885 0.127142857 0.009257379
v 0.024215908 0.127142857 0.009011395
v 0.031406200 0.127142857 0.008771561
v 0.038985904 0.127142857 0.008556506
v 0.046696903 0.127142857 0.008386293
v 0.054276607 0.127142857 0.008281448
v 0.061466899 0.127142857 0.008260353
v 0.068022922 0.127142857 0.008335664
v 0.073721419 0.127142857 0.008511173
v 0.078368334 0.127142857 0.008780726
v 0.081805421 0.127142857 0.009130123
v 0.083915636 0.127142857 0.009541690
v 0.079981637 0.135000000 0.010000005
v 0.079300561 0.135000000 0.010447040
v 0.077280526 0.135000000 0.010848486
v 0.073990323 0.135000000 0.011189292
v 0.069541994 0.135000000 0.011452217
v 0.064087023 0.135000000 0.011623409
v 0.057811171 0.135000000 0.011696869
v 0.050928157 0.135000000 0.011676293
v 0.043672371 0.135000000 0.011574025
v 0.036290903 0.135000000 0.011407998
v 0.029035118 0.135000000 0.011198231
v 0.022152103 0.135000000 0.010964295
v 0.015876252 0.135000000 0.010724360
v 0.010421280 0.135000000 0.010495483
v 0.005972952 0.135000000 0.010294147
v 0.002682748 0.135000000 0.010136068
v 0.000662713 0.135000000 0.010034868
v -0.000018363 0.135000000 0.010000000
v 0.000662713 0.135000000 0.009965132
v 0.002682748 0.135000000 0.009863932
v 0.005972952 0.135000000 0.009705853
v 0.010421280 0.135000000 0.009504517
v 0.015876252 0.135000000 0.009275640
v 0.022152103 0.135000000 0.009035705
v 0.029035118 0.135000000 0.008801769
v 0.036290903 0.135000000 0.008592002
v 0.043672371 0.135000000 0.008425975
v 0.050928157 0.135000000 0.008323707
v 0.057811171 0.135000000 0.008303131
v 0.064087023 0.135000000 0.008376591
v 0.069541994 0.135000000 0.008547783
v 0.073990323 0.135000000 0.008810708
v 0.077280526 0.135000000 0.009151514
v 0.079300561 0.135000000 0.009552960
v 0.075336157 0.142857143 0.010000005
v 0.074685486 0.142857143 0.010435770
v 0.072755631 0.142857143 0.010827096
v 0.069612312 0.142857143 0.011159310
v 0.065362569 0.142857143 0.011415606
v 0.060151123 0.142857143 0.011582483
v 0.054155444 0.142857143 0.011654090
v 0.047579707 0.142857143 0.011634033
v 0.040647840 0.142857143 0.011534344
v 0.033595902 0.142857143 0.011372503
v 0.026664035 0.142857143 0.011168024
v 0.020088298 0.142857143 0.010939985
v 0.014092619 0.142857143 0.010706099
v 0.008881173 0.142857143 0.010482992
v 0.004631430 0.142857143 0.010286732
v 0.001488111 0.142857143 0.010132638
v -0.000441744 0.142857143 0.010033989
v -0.001092415 0.142857143 0.010000000
v -0.000441744 0.142857143 0.009966011
v 0.001488111 0.142857143 0.009867362
v 0.004631430 0.142857143 0.009713268
v 0.008881173 0.142857143 0.009517008
v 0.014092619 0.142857143 0.009293901
v 0.020088298 0.142857143 0.009060015
v 0.026664035 0.142857143 0.008831976
v 0.033595902 0.142857143 0.008627497
v 0.040647840 0.142857143 0.008465656
v 0.047579707 0.142857143 0.008365967
v 0.054155444 0.142857143 0.008345910
v 0.060151123 0.142857143 0.008417517
v 0.065362569 0.142857143 0.008584394
v 0.069612312 0.142857143 0.008840690
v 0.072755631 0.142857143 0.009172904
v 0.074685486 0.142857143 0.009564230
v 0.070690676 0.150714286 0.010000005
v 0.070070411 0.150714286 0.010424500
v 0.068230736 0.150714286 0.010805706
v 0.065234301 0.150714286 0.011129328
v 0.061183144 0.150714286 0.011378996
v 0.056215224 0.150714286 0.011541557
v 0.050499716 0.150714286 0.011611312
v 0.044231257 0.150714286 0.011591774
v 0.037623309 0.150714286 0.011494663
v 0.030900900 0.150714286 0.011337007
v 0.024292953 0.150714286 0.011137816
v 0.018024493 0.150714286 0.010915675
v 0.012308986 0.150714286 0.010687838
v 0.007341066 0.150714286 0.010470501
v 0.003289909 0.150714286 0.010279316
v 0.000293474 0.150714286 0.010129207
v -0.001546201 0.150714286 0.010033110
v -0.002166467 0.150714286 0.010000000
v -0.001546201 0.150714286 0.009966890
v 0.000293474 0.150714286 0.009870793
v 0.003289909 0.150714286 0.009720684
v 0.007341066 0.150714286 0.009529499
v 0.012308986 0.150714286 0.009312162
v 0.018024493 0.150714286 0.009084325
v 0.024292953 0.150714286 0.008862184
v 0.030900900 0.150714286 0.008662993
v 0.037623309 0.150714286 0.008505337
v 0.044231257 0.150714286 0.008408226
v 0.050499716 0.150714286 0.008388688
v 0.056215224 0.150714286 0.008458443
v 0.061183144 0.150714286 0.008621004
v 0.065234301 0.150714286 0.008870672
v 0.068230736 0.150714286 0.009194294
v 0.070070411 0.150714286 0.009575500
v 0.066045196 0.158571429 0.010000005
v 0.065455335 0.158571429 0.010413230
v 0.063705841 0.158571429 0.010784315
v 0.060856290 0.158571429 0.011099346
v 0.057003719 0.158571429 0.011342385
v 0.052279324 0.158571429 0.011500631
v 0.046843989 0.158571429 0.011568534
v 0.040882807 0.158571429 0.011549514
v 0.034598778 0.158571429 0.011454981
v 0.028205899 0.158571429 0.011301511
v 0.021921871 0.158571429 0.011107609
v 0.015960689 0.158571429 0.010891365
v 0.010525353 0.158571429 0.010669577
v 0.005800958 0.158571429 0.010458010
v 0.001948388 0.158571429 0.010271901
v -0.000901163 0.158571429 0.010125777
v -0.002650658 0.158571429 0.010032231
v -0.003240518 0.158571429 0.010000000
v -0.002650658 0.158571429 0.009967769
v -0.000901163 0.158571429 0.009874223
v 0.001948388 0.158571429 0.009728099
v 0.005800958 0.158571429 0.009541990
v 0.010525353 0.158571429 0.009330423
v 0.015960689 0.158571429 0.009108635
v 0.021921871 0.158571429 0.008892391
v 0.028205899 0.158571429 0.008698489
v 0.034598778 0.158571429 0.008545019
v 0.040882807 0.158571429 0.008450486
v 0.046843989 0.158571429 0.008431466
v 0.052279324 0.158571429 0.008499369
v 0.057003719 0.158571429 0.008657615
v 0.060856290 0.158571429 0.008900654
v 0.063705841 0.158571429 0.009215685
v 0.065455335 0.158571429 0.009586770
v 0.061399715 0.166428571 0.010000005
v 0.060840260 0.166428571 0.010401960
v 0.059180946 0.166428571 0.010762925
v 0.056478278 0.166428571 0.011069363
v 0.052824294 0.166428571 0.011305775
v 0.048343425 0.166428571 0.011459704
v 0.043188261 0.166428571 0.011525756
v 0.037534357 0.166428571 0.011507255
v 0.031574247 0.166428571 0.011415300
v 0.025510898 0.166428571 0.011266015
v 0.019550789 0.166428571 0.011077401
v 0.013896884 0.166428571 0.010867055
v 0.008741720 0.166428571 0.010651315
v 0.004260851 0.166428571 0.010445519
v 0.000606867 0.166428571 0.010264485
v -0.002095801 0.166428571 0.010122347
v -0.003755115 0.166428571 0.010031352
v -0.004314570 0.166428571 0.010000000
v -0.003755115 0.166428571 0.009968648
v -0.002095801 0.166428571 0.009877653
v 0.000606867 0.166428571 0.009735515
v 0.004260851 0.166428571 0.009554481
v 0.008741720 0.166428571 0.009348685
v 0.013896884 0.166428571 0.009132945
v 0.019550789 0.166428571 0.008922599
v 0.025510898 0.166428571 0.008733985
v 0.031574247 0.166428571 0.008584700
v 0.037534357 0.166428571 0.008492745
v 0.043188261 0.166428571 0.008474244
v 0.048343425 0.166428571 0.008540296
v 0.052824294 0.166428571 0.008694225
v 0.056478278 0.166428571 0.008930637
v 0.059180946 0.166428571 0.009237075
v 0.060840260 0.166428571 0.009598040
v 0.056754235 0.174285714 0.010000004
v 0.056225185 0.174285714 0.010390690
v 0.054656051 0.174285714 0.010741534
v 0.052100267 0.174285714 0.011039381
v 0.048644869 0.174285714 0.011269164
v 0.044407526 0.174285714 0.011418778
v 0.039532534 0.174285714 0.011482978
v 0.034185907 0.174285714 0.011464995
v 0.028549716 0.174285714 0.011375619
v 0.022815897 0.174285714 0.011230520
v 0.017179706 0.174285714 0.011047194
v 0.011833079 0.174285714 0.010842745
v 0.006958087 0.174285714 0.010633054
v 0.002720744 0.174285714 0.010433027
v -0.000734655 0.174285714 0.010257070
v -0.003290438 0.174285714 0.010118916
v -0.004859572 0.174285714 0.010030473
v -0.005388622 0.174285714 0.010000000
v -0.004859572 0.174285714 0.009969527
v -0.003290438 0.174285714 0.009881084
v -0.000734655 0.174285714 0.009742930
v 0.002720744 0.174285714 0.009566973
v 0.006958087 0.174285714 0.009366946
v 0.011833079 0.174285714 0.009157255
v 0.017179706 0.174285714 0.008952806
v 0.022815897 0.174285714 0.008769480
v 0.028549716 0.174285714 0.008624381
v 0.034185907 0.174285714 0.008535005
v 0.039532534 0.174285714 0.008517022
v 0.044407526 0.174285714 0.008581222
v 0.048644869 0.174285714 0.008730836
v 0.052100267 0.174285714 0.008960619
v 0.054656051 0.174285714 0.009258466
v 0.056225185 0.174285714 0.009609310
v 0.052108755 0.182142857 0.010000004
v 0.051610110 0.182142857 0.010379421
v 0.050131156 0.182142857 0.010720144
v 0.047722256 0.182142857 0.011009399
v 0.044465444 0.182142857 0.011232554
v 0.040471626 0.182142857 0.011377852
v 0.035876806 0.182142857 0.011440199
v 0.030837456 0.182142857 0.011422736
v 0.025525185 0.182142857 0.011335938
v 0.020120896 0.182142857 0.011195024
v 0.014808624 0.182142857 0.011016986
v 0.009769274 0.182142857 0.010818435
v 0.005174455 0.182142857 0.010614793
v 0.001180636 0.182142857 0.010420536
v -0.002076176 0.182142857 0.010249654
v -0.004485075 0.182142857 0.010115486
v -0.005964029 0.182142857 0.010029594
v -0.006462674 0.182142857 0.010000000
v -0.005964029 0.182142857 0.009970406
v -0.004485075 0.182142857 0.009884514
v -0.002076176 0.182142857 0.009750346
v 0.001180636 0.182142857 0.009579464
v 0.005174455 0.182142857 0.009385207
v 0.009769274 0.182142857 0.009181565
v 0.014808624 0.182142857 0.008983014
v 0.020120896 0.182142857 0.008804976
v 0.025525185 0.182142857 0.008664062
v 0.030837456 0.182142857 0.008577264
v 0.035876806 0.182142857 0.008559801
v 0.040471626 0.182142857 0.008622148
v 0.044465444 0.182142857 0.008767446
v 0.047722256 0.182142857 0.008990601
v 0.050131156 0.182142857 0.009279856
v 0.051610110 0.182142857 0.009620579
v 0.047463274 0.190000000 0.010000004
v 0.046995034 0.190000000 0.010368151
v 0.045606261 0.190000000 0.010698754
v 0.043344245 0.190000000 0.010979417
v 0.040286019 0.190000000 0.011195943
v 0.036535727 0.190000000 0.011336925
v 0.032221079 0.190000000 0.011397421
v 0.027489006 0.190000000 0.011380476
v 0.022500654 0.190000000 0.011296256
v 0.017425894 0.190000000 0.011159528
v 0.012437542 0.190000000 0.010986779
v 0.007705469 0.190000000 0.010794125
v 0.003390822 0.190000000 0.010596532
v -0.000359471 0.190000000 0.010408045
v -0.003417697 0.190000000 0.010242239
v -0.005679712 0.190000000 0.010112056
v -0.007068486 0.190000000 0.010028715
v -0.007536726 0.190000000 0.010000000
v -0.007068486 0.190000000 0.009971285
v -0.005679712 0.190000000 0.009887944
v -0.003417697 0.190000000 0.009757761
v -0.000359471 0.190000000 0.009591955
v 0.003390822 0.190000000 0.009403468
v 0.007705469 0.190000000 0.009205875
v 0.012437542 0.190000000 0.009013221
v 0.017425894 0.190000000 0.008840472
v 0.022500654 0.190000000 0.008703744
v 0.027489006 0.190000000 0.008619524
v 0.032221079 0.190000000 0.008602579
v 0.036535727 0.190000000 0.008663075
v 0.040286019 0.190000000 0.008804057
v 0.043344245 0.190000000 0.009020583
v 0.045606261 0.190000000 0.009301246
v 0.046995034 0.190000000 0.009631849
v 0.060000000 0.080000000 0.010000000
v 0.019963274 0.190000000 0.010000000
f 1 30 29
f 1 2 30
f 2 31 30
f 2 3 31
f 3 32 31
f 3 4 32
f 4 33 32
f 4 5 33
f 5 34 33
f 5 6 34
f 6 35 34
f 6 7 35
f 7 36 35
f 7 8 36
f 8 37 36
f 8 9 37
f 9 38 37
f 9 10 38
f 10 39 38
f 10 11 39
f 11 40 39
f 11 12 40
f 12 41 40
f 12 13 41
f 13 42 41
f 13 14 42
f 14 43 42
f 14 15 43
f 15 44 43
f 15 16 44
f 16 45 44
f 16 17 45
f 17 46 45
f 17 18 46
f 18 47 46
f 18 19 47
f 19 48 47
f 19 20 48
f 20 49 48
f 20 21 49
f 21 50 49
f 21 22 50
f 22 51 50
f 22 23 51
f 23 52 51
f 23 24 52
f 24 53 52
f 24 25 53
f 25 54 53
f 25 26 54
f 26 55 54
f 26 27 55
f 27 56 55
f 27 28 56
f 28 29 56
f 28 1 29
f 29 58 57
f 29 30 58
f 30 59 58
f 30 31 59
f 31 60 59
f 31 32 60
f 32 61 60
f 32 33 61
f 33 62 61
f 33 34 62
f 34 63 62
f 34 35 63
f 35 64 63
f 35 36 64
f 36 65 64
f 36 37 65
f 37 66 65
f 37 38 66
f 38 67 66
f 38 39 67
f 39 68 67
f 39 40 68
f 40 69 68
f 40 41 69
f 41 70 69
f 41 42 70
f 42 71 70
f 42 43 71
f 43 72 71
f 43 44 72
f 44 73 72
f 44 45 73
f 45 74 73
f 45 46 74
f 46 75 74
f 46 47 75
f 47 76 75
f 47 48 76
f 48 77 76
f 48 49 77
f 49 78 77
f 49 50 78
f 50 79 78
f 50 51 79
f 51 80 79
f 51 52 80
f 52 81 80
f 52 53 81
f 53 82 81
f 53 54 82
f 54 83 82
f 54 55 83
f 55 84 83
f 55 56 84
f 56 57 84
f 56 29 57
f 57 86 85
f 57 58 86
f 58 87 86
f 58 59 87
f 59 88 87
f 59 60 88
f 60 89 88
f 60 61 89
f 61 90 89
f 61 62 90
f 62 91 90
f 62 63 91
f 63 92 91
f 63 64 92
f 64 93 92
f 64 65 93
f 65 94 93
f 65 66 94
f 66 95 94
f 66 67 95
f 67 96 95
f 67 68 96
f 68 97 96
f 68 69 97
f 69 98 97
f 69 70 98
f 70 99 98
f 70 71 99
f 71 100 99
f 71 72 100
f 72 101 100
f 72 73 101
f 73 102 101
f 73 74 102
f 74 103 102
f 74 75 103
f 75 104 103
f 75 76 104
f 76 105 104
f 76 77 105
f 77 106 105
f 77 78 106
f 78 107 106
f 78 79 107
f 79 108 107
f 79 80 108
f 80 109 108
f 80 81 109
f 81 110 109
f 81 82 110
f 82 111 110
f 82 83 111
f 83 112 111
f 83 84 112
f 84 85 112
f 84 57 85
f 85 114 113
f 85 86 114
f 86 115 114
f 86 87 115
f 87 116 115
f 87 88 116
f 88 117 116
f 88 89 117
f 89 118 117
f 89 90 118
f 90 119 118
f 90 91 119
f 91 120 119
f 91 92 120
f 92 121 120
f 92 93 121
f 93 122 121
f 93 94 122
f 94 123 122
f 94 95 123
f 95 124 123
f 95 96 124
f 96 125 124
f 96 97 125
f 97 126 125
f 97 98 126
f 98 127 126
f 98 99 127
f 99 128 127
f 99 100 128
f 100 129 128
f 100 101 129
f 101 130 129
f 101 102 130
f 102 131 130
f 102 103 131
f 103 132 131
f 103 104 132
f 104 133 132
f 104 105 133
f 105 134 133
f 105 106 134
f 106 135 134
f 106 107 135
f 107 136 135
f 107 108 136
f 108 137 136
f 108 109 137
f 109 138 137
f 109 110 138
f 110 139 138
f 110 111 139
f 111 140 139
f 111 112 140
f 112 113 140
f 112 85 113
f 113 142 141
f 113 114 142
f 114 143 142
f 114 115 143
f 115 144 143
f 115 116 144
f 116 145 144
f 116 117 145
f 117 146 145
f 117 118 146
f 118 147 146
f 118 119 147
f 119 148 147
f 119 120 148
f 120 149 148
f 120 121 149
f 121 150 149
f 121 122 150
f 122 151 150
f 122 123 151
f 123 152 151
f 123 124 152
f 124 153 152
f 124 125 153
f 125 154 153
f 125 126 154
f 126 155 154
f 126 127 155
f 127 156 155
f 127 128 156
f 128 157 156
f 128 129 157
f 129 158 157
f 129 130 158
f 130 159 158
f 130 131 159
f 131 160 159
f 131 132 160
f 132 161 160
f 132 133 161
f 133 162 161
f 133 134 162
f 134 163 162
f 134 135 163
f 135 164 163
f 135 136 164
f 136 165 164
f 136 137 165
f 137 166 165
f 137 138 166
f 138 167 166
f 138 139 167
f 139 168 167
f 139 140 168
f 140 141 168
f 140 113 141
f 141 170 169
f 141 142 170
f 142 171 170
f 142 143 171
f 143 172 171
f 143 144 172
f 144 173 172
f 144 145 173
f 145 174 173
f 145 146 174
f 146 175 174
f 146 147 175
f 147 176 175
f 147 148 176
f 148 177 176
f 148 149 177
f 149 178 177
f 149 150 178
f 150 179 178
f 150 151 179
f 151 180 179
f 151 152 180
f 152 181 180
f 152 153 181
f 153 182 181
f 153 154 182
f 154 183 182
f 154 155 183
f 155 184 183
f 155 156 184
f 156 185 184
f 156 157 185
f 157 186 185
f 157 158 186
f 158 187 186
f 158 159 187
f 159 188 187
f 159 160 188
f 160 189 188
f 160 161 189
f 161 190 189
f 161 162 190
f 162 191 190
f 162 163 191
f 163 192 191
f 163 164 192
f 164 193 192
f 164 165 193
f 165 194 193
f 165 166 194
f 166 195 194
f 166 167 195
f 167 196 195
f 167 168 196
f 168 169 196
f 168 141 169
f 169 198 197
f 169 170 198
f 170 199 198
f 170 171 199
f 171 200 199
f 171 172 200
f 172 201 200
f 172 173 201
f 173 202 201
f 173 174 202
f 174 203 202
f 174 175 203
f 175 204 203
f 175 176 204
f 176 205 204
f 176 177 205
f 177 206 205
f 177 178 206
f 178 207 206
f 178 179 207
f 179 208 207
f 179 180 208
f 180 209 208
f 180 181 209
f 181 210 209
f 181 182 210
f 182 211 210
f 182 183 211
f 183 212 211
f 183 184 212
f 184 213 212
f 184 185 213
f 185 214 213
f 185 186 214
f 186 215 214
f 186 187 215
f 187 216 215
f 187 188 216
f 188 217 216
f 188 189 217
f 189 218 217
f 189 190 218
f 190 219 218
f 190 191 219
f 191 220 219
f 191 192 220
f 192 221 220
f 192 193 221
f 193 222 221
f 193 194 222
f 194 223 222
f 194 195 223
f 195 224 223
f 195 196 224
f 196 197 224
f 196 169 197
f 197 226 225
f 197 198 226
f 198 227 226
f 198 199 227
f 199 228 227
f 199 200 228
f 200 229 228
f 200 201 229
f 201 230 229
f 201 202 230
f 202 231 230
f 202 203 231
f 203 232 231
f 203 204 232
f 204 233 232
f 204 205 233
f 205 234 233
f 205 206 234
f 206 235 234
f 206 207 235
f 207 236 235
f 207 208 236
f 208 237 236
f 208 209 237
f 209 238 237
f 209 210 238
f 210 239 238
f 210 211 239
f 211 240 239
f 211 212 240
f 212 241 240
f 212 213 241
f 213 242 241
f 213 214 242
f 214 243 242
f 214 215 243
f 215 244 243
f 215 216 244
f 216 245 244
f 216 217 245
f 217 246 245
f 217 218 246
f 218 247 246
f 218 219 247
f 219 248 247
f 219 220 248
f 220 249 248
f 220 221 249
f 221 250 249
f 221 222 250
f 222 251 250
f 222 223 251
f 223 252 251
f 223 224 252
f 224 225 252
f 224 197 225
f 225 254 253
f 225 226 254
f 226 255 254
f 226 227 255
f 227 256 255
f 227 228 256
f 228 257 256
f 228 229 257
f 229 258 257
f 229 230 258
f 230 259 258
f 230 231 259
f 231 260 259
f 231 232 260
f 232 261 260
f 232 233 261
f 233 262 261
f 233 234 262
f 234 263 262
f 234 235 263
f 235 264 263
f 235 236 264
f 236 265 264
f 236 237 265
f 237 266 265
f 237 238 266
f 238 267 266
f 238 239 267
f 239 268 267
f 239 240 268
f 240 269 268
f 240 241 269
f 241 270 269
f 241 242 270
f 242 271 270
f 242 243 271
f 243 272 271
f 243 244 272
f 244 273 272
f 244 245 273
f 245 274 273
f 245 246 274
f 246 275 274
f 246 247 275
f 247 276 275
f 247 248 276
f 248 277 276
f 248 249 277
f 249 278 277
f 249 250 278
f 250 279 278
f 250 251 279
f 251 280 279
f 251 252 280
f 252 253 280
f 252 225 253
f 253 282 281
f 253 254 282
f 254 283 282
f 254 255 283
f 255 284 283
f 255 256 284
f 256 285 284
f 256 257 285
f 257 286 285
f 257 258 286
f 258 287 286
f 258 259 287
f 259 288 287
f 259 260 288
f 260 289 288
f 260 261 289
f 261 290 289
f 261 262 290
f 262 291 290
f 262 263 291
f 263 292 291
f 263 264 292
f 264 293 292
f 264 265 293
f 265 294 293
f 265 266 294
f 266 295 294
f 266 267 295
f 267 296 295
f 267 268 296
f 268 297 296
f 268 269 297
f 269 298 297
f 269 270 298
f 270 299 298
f 270 271 299
f 271 300 299
f 271 272 300
f 272 301 300
f 272 273 301
f 273 302 301
f 273 274 302
f 274 303 302
f 274 275 303
f 275 304 303
f 275 276 304
f 276 305 304
f 276 277 305
f 277 306 305
f 277 278 306
f 278 307 306
f 278 279 307
f 279 308 307
f 279 280 308
f 280 281 308
f 280 253 281
f 281 310 309
f 281 282 310
f 282 311 310
f 282 283 311
f 283 312 311
f 283 284 312
f 284 313 312
f 284 285 313
f 285 314 313
f 285 286 314
f 286 315 314
f 286 287 315
f 287 316 315
f 287 288 316
f 288 317 316
f 288 289 317
f 289 318 317
f 289 290 318
f 290 319 318
f 290 291 319
f 291 320 319
f 291 292 320
f 292 321 320
f 292 293 321
f 293 322 321
f 293 294 322
f 294 323 322
f 294 295 323
f 295 324 323
f 295 296 324
f 296 325 324
f 296 297 325
f 297 326 325
f 297 298 326
f 298 327 326
f 298 299 327
f 299 328 327
f 299 300 328
f 300 329 328
f 300 301 329
f 301 330 329
f 301 302 330
f 302 331 330
f 302 303 331
f 303 332 331
f 303 304 332
f 304 333 332
f 304 305 333
f 305 334 333
f 305 306 334
f 306 335 334
f 306 307 335
f 307 336 335
f 307 308 336
f 308 309 336
f 308 281 309
f 309 338 337
f 309 310 338
f 310 339 338
f 310 311 339
f 311 340 339
f 311 312 340
f 312 341 340
f 312 313 341
f 313 342 341
f 313 314 342
f 314 343 342
f 314 315 343
f 315 344 343
f 315 316 344
f 316 345 344
f 316 317 345
f 317 346 345
f 317 318 346
f 318 347 346
f 318 319 347
f 319 348 347
f 319 320 348
f 320 349 348
f 320 321 349
f 321 350 349
f 321 322 350
f 322 351 350
f 322 323 351
f 323 352 351
f 323 324 352
f 324 353 352
f 324 325 353
f 325 354 353
f 325 326 354
f 326 355 354
f 326 327 355
f 327 356 355
f 327 328 356
f 328 357 356
f 328 329 357
f 329 358 357
f 329 330 358
f 330 359 358
f 330 331 359
f 331 360 359
f 331 332 360
f 332 361 360
f 332 333 361
f 333 362 361
f 333 334 362
f 334 363 362
f 334 335 363
f 335 364 363
f 335 336 364
f 336 337 364
f 336 309 337
f 337 366 365
f 337 338 366
f 338 367 366
f 338 339 367
f 339 368 367
f 339 340 368
f 340 369 368
f 340 341 369
f 341 370 369
f 341 342 370
f 342 371 370
f 342 343 371
f 343 372 371
f 343 344 372
f 344 373 372
f 344 345 373
f 345 374 373
f 345 346 374
f 346 375 374
f 346 347 375
f 347 376 375
f 347 348 376
f 348 377 376
f 348 349 377
f 349 378 377
f 349 350 378
f 350 379 378
f 350 351 379
f 351 380 379
f 351 352 380
f 352 381 380
f 352 353 381
f 353 382 381
f 353 354 382
f 354 383 382
f 354 355 383
f 355 384 383
f 355 356 384
f 356 385 384
f 356 357 385
f 357 386 385
f 357 358 386
f 358 387 386
f 358 359 387
f 359 388 387
f 359 360 388
f 360 389 388
f 360 361 389
f 361 390 389
f 361 362 390
f 362 391 390
f 362 363 391
f 363 392 391
f 363 364 392
f 364 365 392
f 364 337 365
f 365 394 393
f 365 366 394
f 366 395 394
f 366 367 395
f 367 396 395
f 367 368 396
f 368 397 396
f 368 369 397
f 369 398 397
f 369 370 398
f 370 399 398
f 370 371 399
f 371 400 399
f 371 372 400
f 372 401 400
f 372 373 401
f 373 402 401
f 373 374 402
f 374 403 402
f 374 375 403
f 375 404 403
f 375 376 404
f 376 405 404
f 376 377 405
f 377 406 405
f 377 378 406
f 378 407 406
f 378 379 407
f 379 408 407
f 379 380 408
f 380 409 408
f 380 381 409
f 381 410 409
f 381 382 410
f 382 411 410
f 382 383 411
f 383 412 411
f 383 384 412
f 384 413 412
f 384 385 413
f 385 414 413
f 385 386 414
f 386 415 414
f 386 387 415
f 387 416 415
f 387 388 416
f 388 417 416
f 388 389 417
f 389 418 417
f 389 390 418
f 390 419 418
f 390 391 419
f 391 420 419
f 391 392 420
f 392 393 420
f 392 365 393
f 393 422 421
f 393 394 422
f 394 423 422
f 394 395 423
f 395 424 423
f 395 396 424
f 396 425 424
f 396 397 425
f 397 426 425
f 397 398 426
f 398 427 426
f 398 399 427
f 399 428 427
f 399 400 428
f 400 429 428
f 400 401 429
f 401 430 429
f 401 402 430
f 402 431 430
f 402 403 431
f 403 432 431
f 403 404 432
f 404 433 432
f 404 405 433
f 405 434 433
f 405 406 434
f 406 435 434
f 406 407 435
f 407 436 435
f 407 408 436
f 408 437 436
f 408 409 437
f 409 438 437
f 409 410 438
f 410 439 438
f 410 411 439
f 411 440 439
f 411 412 440
f 412 441 440
f 412 413 441
f 413 442 441
f 413 414 442
f 414 443 442
f 414 415 443
f 415 444 443
f 415 416 444
f 416 445 444
f 416 417 445
f 417 446 445
f 417 418 446
f 418 447 446
f 418 419 447
f 419 448 447
f 419 420 448
f 420 421 448
f 420 393 421
f 421 450 449
f 421 422 450
f 422 451 450
f 422 423 451
f 423 452 451
f 423 424 452
f 424 453 452
f 424 425 453
f 425 454 453
f 425 426 454
f 426 455 454
f 426 427 455
f 427 456 455
f 427 428 456
f 428 457 456
f 428 429 457
f 429 458 457
f 429 430 458
f 430 459 458
f 430 431 459
f 431 460 459
f 431 432 460
f 432 461 460
f 432 433 461
f 433 462 461
f 433 434 462
f 434 463 462
f 434 435 463
f 435 464 463
f 435 436 464
f 436 465 464
f 436 437 465
f 437 466 465
f 437 438 466
f 438 467 466
f 438 439 467
f 439 468 467
f 439 440 468
f 440 469 468
f 440 441 469
f 441 470 469
f 441 442 470
f 442 471 470
f 442 443 471
f 443 472 471
f 443 444 472
f 444 473 472
f 444 445 473
f 445 474 473
f 445 446 474
f 446 475 474
f 446 447 475
f 447 476 475
f 447 448 476
f 448 449 476
f 448 421 449
f 449 478 477
f 449 450 478
f 450 479 478
f 450 451 479
f 451 480 479
f 451 452 480
f 452 481 480
f 452 453 481
f 453 482 481
f 453 454 482
f 454 483 482
f 454 455 483
f 455 484 483
f 455 456 484
f 456 485 484
f 456 457 485
f 457 486 485
f 457 458 486
f 458 487 486
f 458 459 487
f 459 488 487
f 459 460 488
f 460 489 488
f 460 461 489
f 461 490 489
f 461 462 490
f 462 491 490
f 462 463 491
f 463 492 491
f 463 464 492
f 464 493 492
f 464 465 493
f 465 494 493
f 465 466 494
f 466 495 494
f 466 467 495
f 467 496 495
f 467 468 496
f 468 497 496
f 468 469 497
f 469 498 497
f 469 470 498
f 470 499 498
f 470 471 499
f 471 500 499
f 471 472 500
f 472 501 500
f 472 473 501
f 473 502 501
f 473 474 502
f 474 503 502
f 474 475 503
f 475 504 503
f 475 476 504
f 476 477 504
f 476 449 477
f 477 506 505
f 477 478 506
f 478 507 506
f 478 479 507
f 479 508 507
f 479 480 508
f 480 509 508
f 480 481 509
f 481 510 509
f 481 482 510
f 482 511 510
f 482 483 511
f 483 512 511
f 483 484 512
f 484 513 512
f 484 485 513
f 485 514 513
f 485 486 514
f 486 515 514
f 486 487 515
f 487 516 515
f 487 488 516
f 488 517 516
f 488 489 517
f 489 518 517
f 489 490 518
f 490 519 518
f 490 491 519
f 491 520 519
f 491 492 520
f 492 521 520
f 492 493 521
f 493 522 521
f 493 494 522
f 494 523 522
f 494 495 523
f 495 524 523
f 495 496 524
f 496 525 524
f 496 497 525
f 497 526 525
f 497 498 526
f 498 527 526
f 498 499 527
f 499 528 527
f 499 500 528
f 500 529 528
f 500 501 529
f 501 530 529
f 501 502 530
f 502 531 530
f 502 503 531
f 503 532 531
f 503 504 532
f 504 505 532
f 504 477 505
f 505 534 533
f 505 506 534
f 506 535 534
f 506 507 535
f 507 536 535
f 507 508 536
f 508 537 536
f 508 509 537
f 509 538 537
f 509 510 538
f 510 539 538
f 510 511 539
f 511 540 539
f 511 512 540
f 512 541 540
f 512 513 541
f 513 542 541
f 513 514 542
f 514 543 542
f 514 515 543
f 515 544 543
f 515 516 544
f 516 545 544
f 516 517 545
f 517 546 545
f 517 518 546
f 518 547 546
f 518 519 547
f 519 548 547
f 519 520 548
f 520 549 548
f 520 521 549
f 521 550 549
f 521 522 550
f 522 551 550
f 522 523 551
f 523 552 551
f 523 524 552
f 524 553 552
f 524 525 553
f 525 554 553
f 525 526 554
f 526 555 554
f 526 527 555
f 527 556 555
f 527 528 556
f 528 557 556
f 528 529 557
f 529 558 557
f 529 530 558
f 530 559 558
f 530 531 559
f 531 560 559
f 531 532 560
f 532 533 560
f 532 505 533
f 533 562 561
f 533 534 562
f 534 563 562
f 534 535 563
f 535 564 563
f 535 536 564
f 536 565 564
f 536 537 565
f 537 566 565
f 537 538 566
f 538 567 566
f 538 539 567
f 539 568 567
f 539 540 568
f 540 569 568
f 540 541 569
f 541 570 569
f 541 542 570
f 542 571 570
f 542 543 571
f 543 572 571
f 543 544 572
f 544 573 572
f 544 545 573
f 545 574 573
f 545 546 574
f 546 575 574
f 546 547 575
f 547 576 575
f 547 548 576
f 548 577 576
f 548 549 577
f 549 578 577
f 549 550 578
f 550 579 578
f 550 551 579
f 551 580 579
f 551 552 580
f 552 581 580
f 552 553 581
f 553 582 581
f 553 554 582
f 554 583 582
f 554 555 583
f 555 584 583
f 555 556 584
f 556 585 584
f 556 557 585
f 557 586 585
f 557 558 586
f 558 587 586
f 558 559 587
f 559 588 587
f 559 560 588
f 560 561 588
f 560 533 561
f 561 590 589
f 561 562 590
f 562 591 590
f 562 563 591
f 563 592 591
f 563 564 592
f 564 593 592
f 564 565 593
f 565 594 593
f 565 566 594
f 566 595 594
f 566 567 595
f 567 596 595
f 567 568 596
f 568 597 596
f 568 569 597
f 569 598 597
f 569 570 598
f 570 599 598
f 570 571 599
f 571 600 599
f 571 572 600
f 572 601 600
f 572 573 601
f 573 602 601
f 573 574 602
f 574 603 602
f 574 575 603
f 575 604 603
f 575 576 604
f 576 605 604
f 576 577 605
f 577 606 605
f 577 578 606
f 578 607 606
f 578 579 607
f 579 608 607
f 579 580 608
f 580 609 608
f 580 581 609
f 581 610 609
f 581 582 610
f 582 611 610
f 582 583 611
f 583 612 611
f 583 584 612
f 584 613 612
f 584 585 613
f 585 614 613
f 585 586 614
f 586 615 614
f 586 587 615
f 587 616 615
f 587 588 616
f 588 589 616
f 588 561 589
f 589 618 617
f 589 590 618
f 590 619 618
f 590 591 619
f 591 620 619
f 591 592 620
f 592 621 620
f 592 593 621
f 593 622 621
f 593 594 622
f 594 623 622
f 594 595 623
f 595 624 623
f 595 596 624
f 596 625 624
f 596 597 625
f 597 626 625
f 597 598 626
f 598 627 626
f 598 599 627
f 599 628 627
f 599 600 628
f 600 629 628
f 600 601 629
f 601 630 629
f 601 602 630
f 602 631 630
f 602 603 631
f 603 632 631
f 603 604 632
f 604 633 632
f 604 605 633
f 605 634 633
f 605 606 634
f 606 635 634
f 606 607 635
f 607 636 635
f 607 608 636
f 608 637 636
f 608 609 637
f 609 638 637
f 609 610 638
f 610 639 638
f 610 611 639
f 611 640 639
f 611 612 640
f 612 641 640
f 612 613 641
f 613 642 641
f 613 614 642
f 614 643 642
f 614 615 643
f 615 644 643
f 615 616 644
f 616 617 644
f 616 589 617
f 617 646 645
f 617 618 646
f 618 647 646
f 618 619 647
f 619 648 647
f 619 620 648
f 620 649 648
f 620 621 649
f 621 650 649
f 621 622 650
f 622 651 650
f 622 623 651
f 623 652 651
f 623 624 652
f 624 653 652
f 624 625 653
f 625 654 653
f 625 626 654
f 626 655 654
f 626 627 655
f 627 656 655
f 627 628 656
f 628 657 656
f 628 629 657
f 629 658 657
f 629 630 658
f 630 659 658
f 630 631 659
f 631 660 659
f 631 632 660
f 632 661 660
f 632 633 661
f 633 662 661
f 633 634 662
f 634 663 662
f 634 635 663
f 635 664 663
f 635 636 664
f 636 665 664
f 636 637 665
f 637 666 665
f 637 638 666
f 638 667 666
f 638 639 667
f 639 668 667
f 639 640 668
f 640 669 668
f 640 641 669
f 641 670 669
f 641 642 670
f 642 671 670
f 642 643 671
f 643 672 671
f 643 644 672
f 644 645 672
f 644 617 645
f 645 674 673
f 645 646 674
f 646 675 674
f 646 647 675
f 647 676 675
f 647 648 676
f 648 677 676
f 648 649 677
f 649 678 677
f 649 650 678
f 650 679 678
f 650 651 679
f 651 680 679
f 651 652 680
f 652 681 680
f 652 653 681
f 653 682 681
f 653 654 682
f 654 683 682
f 654 655 683
f 655 684 683
f 655 656 684
f 656 685 684
f 656 657 685
f 657 686 685
f 657 658 686
f 658 687 686
f 658 659 687
f 659 688 687
f 659 660 688
f 660 689 688
f 660 661 689
f 661 690 689
f 661 662 690
f 662 691 690
f 662 663 691
f 663 692 691
f 663 664 692
f 664 693 692
f 664 665 693
f 665 694 693
f 665 666 694
f 666 695 694
f 666 667 695
f 667 696 695
f 667 668 696
f 668 697 696
f 668 669 697
f 669 698 697
f 669 670 698
f 670 699 698
f 670 671 699
f 671 700 699
f 671 672 700
f 672 673 700
f 672 645 673
f 673 702 701
f 673 674 702
f 674 703 702
f 674 675 703
f 675 704 703
f 675 676 704
f 676 705 704
f 676 677 705
f 677 706 705
f 677 678 706
f 678 707 706
f 678 679 707
f 679 708 707
f 679 680 708
f 680 709 708
f 680 681 709
f 681 710 709
f 681 682 710
f 682 711 710
f 682 683 711
f 683 712 711
f 683 684 712
f 684 713 712
f 684 685 713
f 685 714 713
f 685 686 714
f 686 715 714
f 686 687 715
f 687 716 715
f 687 688 716
f 688 717 716
f 688 689 717
f 689 718 717
f 689 690 718
f 690 719 718
f 690 691 719
f 691 720 719
f 691 692 720
f 692 721 720
f 692 693 721
f 693 722 721
f 693 694 722
f 694 723 722
f 694 695 723
f 695 724 723
f 695 696 724
f 696 725 724
f 696 697 725
f 697 726 725
f 697 698 726
f 698 727 726
f 698 699 727
f 699 728 727
f 699 700 728
f 700 701 728
f 700 673 701
f 701 730 729
f 701 702 730
f 702 731 730
f 702 703 731
f 703 732 731
f 703 704 732
f 704 733 732
f 704 705 733
f 705 734 733
f 705 706 734
f 706 735 734
f 706 707 735
f 707 736 735
f 707 708 736
f 708 737 736
f 708 709 737
f 709 738 737
f 709 710 738
f 710 739 738
f 710 711 739
f 711 740 739
f 711 712 740
f 712 741 740
f 712 713 741
f 713 742 741
f 713 714 742
f 714 743 742
f 714 715 743
f 715 744 743
f 715 716 744
f 716 745 744
f 716 717 745
f 717 746 745
f 717 718 746
f 718 747 746
f 718 719 747
f 719 748 747
f 719 720 748
f 720 749 748
f 720 721 749
f 721 750 749
f 721 722 750
f 722 751 750
f 722 723 751
f 723 752 751
f 723 724 752
f 724 753 752
f 724 725 753
f 725 754 753
f 725 726 754
f 726 755 754
f 726 727 755
f 727 756 755
f 727 728 756
f 728 729 756
f 728 701 729
f 729 758 757
f 729 730 758
f 730 759 758
f 730 731 759
f 731 760 759
f 731 732 760
f 732 761 760
f 732 733 761
f 733 762 761
f 733 734 762
f 734 763 762
f 734 735 763
f 735 764 763
f 735 736 764
f 736 765 764
f 736 737 765
f 737 766 765
f 737 738 766
f 738 767 766
f 738 739 767
f 739 768 767
f 739 740 768
f 740 769 768
f 740 741 769
f 741 770 769
f 741 742 770
f 742 771 770
f 742 743 771
f 743 772 771
f 743 744 772
f 744 773 772
f 744 745 773
f 745 774 773
f 745 746 774
f 746 775 774
f 746 747 775
f 747 776 775
f 747 748 776
f 748 777 776
f 748 749 777
f 749 778 777
f 749 750 778
f 750 779 778
f 750 751 779
f 751 780 779
f 751 752 780
f 752 781 780
f 752 753 781
f 753 782 781
f 753 754 782
f 754 783 782
f 754 755 783
f 755 784 783
f 755 756 784
f 756 757 784
f 756 729 757
f 757 786 785
f 757 758 786
f 758 787 786
f 758 759 787
f 759 788 787
f 759 760 788
f 760 789 788
f 760 761 789
f 761 790 789
f 761 762 790
f 762 791 790
f 762 763 791
f 763 792 791
f 763 764 792
f 764 793 792
f 764 765 793
f 765 794 793
f 765 766 794
f 766 795 794
f 766 767 795
f 767 796 795
f 767 768 796
f 768 797 796
f 768 769 797
f 769 798 797
f 769 770 798
f 770 799 798
f 770 771 799
f 771 800 799
f 771 772 800
f 772 801 800
f 772 773 801
f 773 802 801
f 773 774 802
f 774 803 802
f 774 775 803
f 775 804 803
f 775 776 804
f 776 805 804
f 776 777 805
f 777 806 805
f 777 778 806
f 778 807 806
f 778 779 807
f 779 808 807
f 779 780 808
f 780 809 808
f 780 781 809
f 781 810 809
f 781 782 810
f 782 811 810
f 782 783 811
f 783 812 811
f 783 784 812
f 784 785 812
f 784 757 785
f 785 814 813
f 785 786 814
f 786 815 814
f 786 787 815
f 787 816 815
f 787 788 816
f 788 817 816
f 788 789 817
f 789 818 817
f 789 790 818
f 790 819 818
f 790 791 819
f 791 820 819
f 791 792 820
f 792 821 820
f 792 793 821
f 793 822 821
f 793 794 822
f 794 823 822
f 794 795 823
f 795 824 823
f 795 796 824
f 796 825 824
f 796 797 825
f 797 826 825
f 797 798 826
f 798 827 826
f 798 799 827
f 799 828 827
f 799 800 828
f 800 829 828
f 800 801 829
f 801 830 829
f 801 802 830
f 802 831 830
f 802 803 831
f 803 832 831
f 803 804 832
f 804 833 832
f 804 805 833
f 805 834 833
f 805 806 834
f 806 835 834
f 806 807 835
f 807 836 835
f 807 808 836
f 808 837 836
f 808 809 837
f 809 838 837
f 809 810 838
f 810 839 838
f 810 811 839
f 811 840 839
f 811 812 840
f 812 813 840
f 812 785 813
f 813 842 841
f 813 814 842
f 814 843 842
f 814 815 843
f 815 844 843
f 815 816 844
f 816 845 844
f 816 817 845
f 817 846 845
f 817 818 846
f 818 847 846
f 818 819 847
f 819 848 847
f 819 820 848
f 820 849 848
f 820 821 849
f 821 850 849
f 821 822 850
f 822 851 850
f 822 823 851
f 823 852 851
f 823 824 852
f 824 853 852
f 824 825 853
f 825 854 853
f 825 826 854
f 826 855 854
f 826 827 855
f 827 856 855
f 827 828 856
f 828 857 856
f 828 829 857
f 829 858 857
f 829 830 858
f 830 859 858
f 830 831 859
f 831 860 859
f 831 832 860
f 832 861 860
f 832 833 861
f 833 862 861
f 833 834 862
f 834 863 862
f 834 835 863
f 835 864 863
f 835 836 864
f 836 865 864
f 836 837 865
f 837 866 865
f 837 838 866
f 838 867 866
f 838 839 867
f 839 868 867
f 839 840 868
f 840 841 868
f 840 813 841
f 841 870 869
f 841 842 870
f 842 871 870
f 842 843 871
f 843 872 871
f 843 844 872
f 844 873 872
f 844 845 873
f 845 874 873
f 845 846 874
f 846 875 874
f 846 847 875
f 847 876 875
f 847 848 876
f 848 877 876
f 848 849 877
f 849 878 877
f 849 850 878
f 850 879 878
f 850 851 879
f 851 880 879
f 851 852 880
f 852 881 880
f 852 853 881
f 853 882 881
f 853 854 882
f 854 883 882
f 854 855 883
f 855 884 883
f 855 856 884
f 856 885 884
f 856 857 885
f 857 886 885
f 857 858 886
f 858 887 886
f 858 859 887
f 859 888 887
f 859 860 888
f 860 889 888
f 860 861 889
f 861 890 889
f 861 862 890
f 862 891 890
f 862 863 891
f 863 892 891
f 863 864 892
f 864 893 892
f 864 865 893
f 865 894 893
f 865 866 894
f 866 895 894
f 866 867 895
f 867 896 895
f 867 868 896
f 868 869 896
f 868 841 869
f 869 898 897
f 869 870 898
f 870 899 898
f 870 871 899
f 871 900 899
f 871 872 900
f 872 901 900
f 872 873 901
f 873 902 901
f 873 874 902
f 874 903 902
f 874 875 903
f 875 904 903
f 875 876 904
f 876 905 904
f 876 877 905
f 877 906 905
f 877 878 906
f 878 907 906
f 878 879 907
f 879 908 907
f 879 880 908
f 880 909 908
f 880 881 909
f 881 910 909
f 881 882 910
f 882 911 910
f 882 883 911
f 883 912 911
f 883 884 912
f 884 913 912
f 884 885 913
f 885 914 913
f 885 886 914
f 886 915 914
f 886 887 915
f 887 916 915
f 887 888 916
f 888 917 916
f 888 889 917
f 889 918 917
f 889 890 918
f 890 919 918
f 890 891 919
f 891 920 919
f 891 892 920
f 892 921 920
f 892 893 921
f 893 922 921
f 893 894 922
f 894 923 922
f 894 895 923
f 895 924 923
f 895 896 924
f 896 897 924
f 896 869 897
f 897 926 925
f 897 898 926
f 898 927 926
f 898 899 927
f 899 928 927
f 899 900 928
f 900 929 928
f 900 901 929
f 901 930 929
f 901 902 930
f 902 931 930
f 902 903 931
f 903 932 931
f 903 904 932
f 904 933 932
f 904 905 933
f 905 934 933
f 905 906 934
f 906 935 934
f 906 907 935
f 907 936 935
f 907 908 936
f 908 937 936
f 908 909 937
f 909 938 937
f 909 910 938
f 910 939 938
f 910 911 939
f 911 940 939
f 911 912 940
f 912 941 940
f 912 913 941
f 913 942 941
f 913 914 942
f 914 943 942
f 914 915 943
f 915 944 943
f 915 916 944
f 916 945 944
f 916 917 945
f 917 946 945
f 917 918 946
f 918 947 946
f 918 919 947
f 919 948 947
f 919 920 948
f 920 949 948
f 920 921 949
f 921 950 949
f 921 922 950
f 922 951 950
f 922 923 951
f 923 952 951
f 923 924 952
f 924 925 952
f 924 897 925
f 925 954 953
f 925 926 954
f 926 955 954
f 926 927 955
f 927 956 955
f 927 928 956
f 928 957 956
f 928 929 957
f 929 958 957
f 929 930 958
f 930 959 958
f 930 931 959
f 931 960 959
f 931 932 960
f 932 961 960
f 932 933 961
f 933 962 961
f 933 934 962
f 934 963 962
f 934 935 963
f 935 964 963
f 935 936 964
f 936 965 964
f 936 937 965
f 937 966 965
f 937 938 966
f 938 967 966
f 938 939 967
f 939 968 967
f 939 940 968
f 940 969 968
f 940 941 969
f 941 970 969
f 941 942 970
f 942 971 970
f 942 943 971
f 943 972 971
f 943 944 972
f 944 973 972
f 944 945 973
f 945 974 973
f 945 946 974
f 946 975 974
f 946 947 975
f 947 976 975
f 947 948 976
f 948 977 976
f 948 949 977
f 949 978 977
f 949 950 978
f 950 979 978
f 950 951 979
f 951 980 979
f 951 952 980
f 952 953 980
f 952 925 953
f 953 982 981
f 953 954 982
f 954 983 982
f 954 955 983
f 955 984 983
f 955 956 984
f 956 985 984
f 956 957 985
f 957 986 985
f 957 958 986
f 958 987 986
f 958 959 987
f 959 988 987
f 959 960 988
f 960 989 988
f 960 961 989
f 961 990 989
f 961 962 990
f 962 991 990
f 962 963 991
f 963 992 991
f 963 964 992
f 964 993 992
f 964 965 993
f 965 994 993
f 965 966 994
f 966 995 994
f 966 967 995
f 967 996 995
f 967 968 996
f 968 997 996
f 968 969 997
f 969 998 997
f 969 970 998
f 970 999 998
f 970 971 999
f 971 1000 999
f 971 972 1000
f 972 1001 1000
f 972 973 1001
f 973 1002 1001
f 973 974 1002
f 974 1003 1002
f 974 975 1003
f 975 1004 1003
f 975 976 1004
f 976 1005 1004
f 976 977 1005
f 977 1006 1005
f 977 978 1006
f 978 1007 1006
f 978 979 1007
f 979 1008 1007
f 979 980 1008
f 980 981 1008
f 980 953 981
f 981 1010 1009
f 981 982 1010
f 982 1011 1010
f 982 983 1011
f 983 1012 1011
f 983 984 1012
f 984 1013 1012
f 984 985 1013
f 985 1014 1013
f 985 986 1014
f 986 1015 1014
f 986 987 1015
f 987 1016 1015
f 987 988 1016
f 988 1017 1016
f 988 989 1017
f 989 1018 1017
f 989 990 1018
f 990 1019 1018
f 990 991 1019
f 991 1020 1019
f 991 992 1020
f 992 1021 1020
f 992 993 1021
f 993 1022 1021
f 993 994 1022
f 994 1023 1022
f 994 995 1023
f 995 1024 1023
f 995 996 1024
f 996 1025 1024
f 996 997 1025
f 997 1026 1025
f 997 998 1026
f 998 1027 1026
f 998 999 1027
f 999 1028 1027
f 999 1000 1028
f 1000 1029 1028
f 1000 1001 1029
f 1001 1030 1029
f 1001 1002 1030
f 1002 1031 1030
f 1002 1003 1031
f 1003 1032 1031
f 1003 1004 1032
f 1004 1033 1032
f 1004 1005 1033
f 1005 1034 1033
f 1005 1006 1034
f 1006 1035 1034
f 1006 1007 1035
f 1007 1036 1035
f 1007 1008 1036
f 1008 1009 1036
f 1008 981 1009
f 1009 1038 1037
f 1009 1010 1038
f 1010 1039 1038
f 1010 1011 1039
f 1011 1040 1039
f 1011 1012 1040
f 1012 1041 1040
f 1012 1013 1041
f 1013 1042 1041
f 1013 1014 1042
f 1014 1043 1042
f 1014 1015 1043
f 1015 1044 1043
f 1015 1016 1044
f 1016 1045 1044
f 1016 1017 1045
f 1017 1046 1045
f 1017 1018 1046
f 1018 1047 1046
f 1018 1019 1047
f 1019 1048 1047
f 1019 1020 1048
f 1020 1049 1048
f 1020 1021 1049
f 1021 1050 1049
f 1021 1022 1050
f 1022 1051 1050
f 1022 1023 1051
f 1023 1052 1051
f 1023 1024 1052
f 1024 1053 1052
f 1024 1025 1053
f 1025 1054 1053
f 1025 1026 1054
f 1026 1055 1054
f 1026 1027 1055
f 1027 1056 1055
f 1027 1028 1056
f 1028 1057 1056
f 1028 1029 1057
f 1029 1058 1057
f 1029 1030 1058
f 1030 1059 1058
f 1030 1031 1059
f 1031 1060 1059
f 1031 1032 1060
f 1032 1061 1060
f 1032 1033 1061
f 1033 1062 1061
f 1033 1034 1062
f 1034 1063 1062
f 1034 1035 1063
f 1035 1064 1063
f 1035 1036 1064
f 1036 1037 1064
f 1036 1009 1037
f 1037 1066 1065
f 1037 1038 1066
f 1038 1067 1066
f 1038 1039 1067
f 1039 1068 1067
f 1039 1040 1068
f 1040 1069 1068
f 1040 1041 1069
f 1041 1070 1069
f 1041 1042 1070
f 1042 1071 1070
f 1042 1043 1071
f 1043 1072 1071
f 1043 1044 1072
f 1044 1073 1072
f 1044 1045 1073
f 1045 1074 1073
f 1045 1046 1074
f 1046 1075 1074
f 1046 1047 1075
f 1047 1076 1075
f 1047 1048 1076
f 1048 1077 1076
f 1048 1049 1077
f 1049 1078 1077
f 1049 1050 1078
f 1050 1079 1078
f 1050 1051 1079
f 1051 1080 1079
f 1051 1052 1080
f 1052 1081 1080
f 1052 1053 1081
f 1053 1082 1081
f 1053 1054 1082
f 1054 1083 1082
f 1054 1055 1083
f 1055 1084 1083
f 1055 1056 1084
f 1056 1085 1084
f 1056 1057 1085
f 1057 1086 1085
f 1057 1058 1086
f 1058 1087 1086
f 1058 1059 1087
f 1059 1088 1087
f 1059 1060 1088
f 1060 1089 1088
f 1060 1061 1089
f 1061 1090 1089
f 1061 1062 1090
f 1062 1091 1090
f 1062 1063 1091
f 1063 1092 1091
f 1063 1064 1092
f 1064 1065 1092
f 1064 1037 1065
f 1065 1094 1093
f 1065 1066 1094
f 1066 1095 1094
f 1066 1067 1095
f 1067 1096 1095
f 1067 1068 1096
f 1068 1097 1096
f 1068 1069 1097
f 1069 1098 1097
f 1069 1070 1098
f 1070 1099 1098
f 1070 1071 1099
f 1071 1100 1099
f 1071 1072 1100
f 1072 1101 1100
f 1072 1073 1101
f 1073 1102 1101
f 1073 1074 1102
f 1074 1103 1102
f 1074 1075 1103
f 1075 1104 1103
f 1075 1076 1104
f 1076 1105 1104
f 1076 1077 1105
f 1077 1106 1105
f 1077 1078 1106
f 1078 1107 1106
f 1078 1079 1107
f 1079 1108 1107
f 1079 1080 1108
f 1080 1109 1108
f 1080 1081 1109
f 1081 1110 1109
f 1081 1082 1110
f 1082 1111 1110
f 1082 1083 1111
f 1083 1112 1111
f 1083 1084 1112
f 1084 1113 1112
f 1084 1085 1113
f 1085 1114 1113
f 1085 1086 1114
f 1086 1115 1114
f 1086 1087 1115
f 1087 1116 1115
f 1087 1088 1116
f 1088 1117 1116
f 1088 1089 1117
f 1089 1118 1117
f 1089 1090 1118
f 1090 1119 1118
f 1090 1091 1119
f 1091 1120 1119
f 1091 1092 1120
f 1092 1093 1120
f 1092 1065 1093
f 1093 1122 1121
f 1093 1094 1122
f 1094 1123 1122
f 1094 1095 1123
f 1095 1124 1123
f 1095 1096 1124
f 1096 1125 1124
f 1096 1097 1125
f 1097 1126 1125
f 1097 1098 1126
f 1098 1127 1126
f 1098 1099 1127
f 1099 1128 1127
f 1099 1100 1128
f 1100 1129 1128
f 1100 1101 1129
f 1101 1130 1129
f 1101 1102 1130
f 1102 1131 1130
f 1102 1103 1131
f 1103 1132 1131
f 1103 1104 1132
f 1104 1133 1132
f 1104 1105 1133
f 1105 1134 1133
f 1105 1106 1134
f 1106 1135 1134
f 1106 1107 1135
f 1107 1136 1135
f 1107 1108 1136
f 1108 1137 1136
f 1108 1109 1137
f 1109 1138 1137
f 1109 1110 1138
f 1110 1139 1138
f 1110 1111 1139
f 1111 1140 1139
f 1111 1112 1140
f 1112 1141 1140
f 1112 1113 1141
f 1113 1142 1141
f 1113 1114 1142
f 1114 1143 1142
f 1114 1115 1143
f 1115 1144 1143
f 1115 1116 1144
f 1116 1145 1144
f 1116 1117 1145
f 1117 1146 1145
f 1117 1118 1146
f 1118 1147 1146
f 1118 1119 1147
f 1119 1148 1147
f 1119 1120 1148
f 1120 1121 1148
f 1120 1093 1121
f 1121 1150 1149
f 1121 1122 1150
f 1122 1151 1150
f 1122 1123 1151
f 1123 1152 1151
f 1123 1124 1152
f 1124 1153 1152
f 1124 1125 1153
f 1125 1154 1153
f 1125 1126 1154
f 1126 1155 1154
f 1126 1127 1155
f 1127 1156 1155
f 1127 1128 1156
f 1128 1157 1156
f 1128 1129 1157
f 1129 1158 1157
f 1129 1130 1158
f 1130 1159 1158
f 1130 1131 1159
f 1131 1160 1159
f 1131 1132 1160
f 1132 1161 1160
f 1132 1133 1161
f 1133 1162 1161
f 1133 1134 1162
f 1134 1163 1162
f 1134 1135 1163
f 1135 1164 1163
f 1135 1136 1164
f 1136 1165 1164
f 1136 1137 1165
f 1137 1166 1165
f 1137 1138 1166
f 1138 1167 1166
f 1138 1139 1167
f 1139 1168 1167
f 1139 1140 1168
f 1140 1169 1168
f 1140 1141 1169
f 1141 1170 1169
f 1141 1142 1170
f 1142 1171 1170
f 1142 1143 1171
f 1143 1172 1171
f 1143 1144 1172
f 1144 1173 1172
f 1144 1145 1173
f 1145 1174 1173
f 1145 1146 1174
f 1146 1175 1174
f 1146 1147 1175
f 1147 1176 1175
f 1147 1148 1176
f 1148 1149 1176
f 1148 1121 1149
f 1149 1178 1177
f 1149 1150 1178
f 1150 1179 1178
f 1150 1151 1179
f 1151 1180 1179
f 1151 1152 1180
f 1152 1181 1180
f 1152 1153 1181
f 1153 1182 1181
f 1153 1154 1182
f 1154 1183 1182
f 1154 1155 1183
f 1155 1184 1183
f 1155 1156 1184
f 1156 1185 1184
f 1156 1157 1185
f 1157 1186 1185
f 1157 1158 1186
f 1158 1187 1186
f 1158 1159 1187
f 1159 1188 1187
f 1159 1160 1188
f 1160 1189 1188
f 1160 1161 1189
f 1161 1190 1189
f 1161 1162 1190
f 1162 1191 1190
f 1162 1163 1191
f 1163 1192 1191
f 1163 1164 1192
f 1164 1193 1192
f 1164 1165 1193
f 1165 1194 1193
f 1165 1166 1194
f 1166 1195 1194
f 1166 1167 1195
f 1167 1196 1195
f 1167 1168 1196
f 1168 1197 1196
f 1168 1169 1197
f 1169 1198 1197
f 1169 1170 1198
f 1170 1199 1198
f 1170 1171 1199
f 1171 1200 1199
f 1171 1172 1200
f 1172 1201 1200
f 1172 1173 1201
f 1173 1202 1201
f 1173 1174 1202
f 1174 1203 1202
f 1174 1175 1203
f 1175 1204 1203
f 1175 1176 1204
f 1176 1177 1204
f 1176 1149 1177
f 1177 1206 1205
f 1177 1178 1206
f 1178 1207 1206
f 1178 1179 1207
f 1179 1208 1207
f 1179 1180 1208
f 1180 1209 1208
f 1180 1181 1209
f 1181 1210 1209
f 1181 1182 1210
f 1182 1211 1210
f 1182 1183 1211
f 1183 1212 1211
f 1183 1184 1212
f 1184 1213 1212
f 1184 1185 1213
f 1185 1214 1213
f 1185 1186 1214
f 1186 1215 1214
f 1186 1187 1215
f 1187 1216 1215
f 1187 1188 1216
f 1188 1217 1216
f 1188 1189 1217
f 1189 1218 1217
f 1189 1190 1218
f 1190 1219 1218
f 1190 1191 1219
f 1191 1220 1219
f 1191 1192 1220
f 1192 1221 1220
f 1192 1193 1221
f 1193 1222 1221
f 1193 1194 1222
f 1194 1223 1222
f 1194 1195 1223
f 1195 1224 1223
f 1195 1196 1224
f 1196 1225 1224
f 1196 1197 1225
f 1197 1226 1225
f 1197 1198 1226
f 1198 1227 1226
f 1198 1199 1227
f 1199 1228 1227
f 1199 1200 1228
f 1200 1229 1228
f 1200 1201 1229
f 1201 1230 1229
f 1201 1202 1230
f 1202 1231 1230
f 1202 1203 1231
f 1203 1232 1231
f 1203 1204 1232
f 1204 1205 1232
f 1204 1177 1205
f 1205 1234 1233
f 1205 1206 1234
f 1206 1235 1234
f 1206 1207 1235
f 1207 1236 1235
f 1207 1208 1236
f 1208 1237 1236
f 1208 1209 1237
f 1209 1238 1237
f 1209 1210 1238
f 1210 1239 1238
f 1210 1211 1239
f 1211 1240 1239
f 1211 1212 1240
f 1212 1241 1240
f 1212 1213 1241
f 1213 1242 1241
f 1213 1214 1242
f 1214 1243 1242
f 1214 1215 1243
f 1215 1244 1243
f 1215 1216 1244
f 1216 1245 1244
f 1216 1217 1245
f 1217 1246 1245
f 1217 1218 1246
f 1218 1247 1246
f 1218 1219 1247
f 1219 1248 1247
f 1219 1220 1248
f 1220 1249 1248
f 1220 1221 1249
f 1221 1250 1249
f 1221 1222 1250
f 1222 1251 1250
f 1222 1223 1251
f 1223 1252 1251
f 1223 1224 1252
f 1224 1253 1252
f 1224 1225 1253
f 1225 1254 1253
f 1225 1226 1254
f 1226 1255 1254
f 1226 1227 1255
f 1227 1256 1255
f 1227 1228 1256
f 1228 1257 1256
f 1228 1229 1257
f 1229 1258 1257
f 1229 1230 1258
f 1230 1259 1258
f 1230 1231 1259
f 1231 1260 1259
f 1231 1232 1260
f 1232 1233 1260
f 1232 1205 1233
f 1233 1262 1261
f 1233 1234 1262
f 1234 1263 1262
f 1234 1235 1263
f 1235 1264 1263
f 1235 1236 1264
f 1236 1265 1264
f 1236 1237 1265
f 1237 1266 1265
f 1237 1238 1266
f 1238 1267 1266
f 1238 1239 1267
f 1239 1268 1267
f 1239 1240 1268
f 1240 1269 1268
f 1240 1241 1269
f 1241 1270 1269
f 1241 1242 1270
f 1242 1271 1270
f 1242 1243 1271
f 1243 1272 1271
f 1243 1244 1272
f 1244 1273 1272
f 1244 1245 1273
f 1245 1274 1273
f 1245 1246 1274
f 1246 1275 1274
f 1246 1247 1275
f 1247 1276 1275
f 1247 1248 1276
f 1248 1277 1276
f 1248 1249 1277
f 1249 1278 1277
f 1249 1250 1278
f 1250 1279 1278
f 1250 1251 1279
f 1251 1280 1279
f 1251 1252 1280
f 1252 1281 1280
f 1252 1253 1281
f 1253 1282 1281
f 1253 1254 1282
f 1254 1283 1282
f 1254 1255 1283
f 1255 1284 1283
f 1255 1256 1284
f 1256 1285 1284
f 1256 1257 1285
f 1257 1286 1285
f 1257 1258 1286
f 1258 1287 1286
f 1258 1259 1287
f 1259 1288 1287
f 1259 1260 1288
f 1260 1261 1288
f 1260 1233 1261
f 1261 1290 1289
f 1261 1262 1290
f 1262 1291 1290
f 1262 1263 1291
f 1263 1292 1291
f 1263 1264 1292
f 1264 1293 1292
f 1264 1265 1293
f 1265 1294 1293
f 1265 1266 1294
f 1266 1295 1294
f 1266 1267 1295
f 1267 1296 1295
f 1267 1268 1296
f 1268 1297 1296
f 1268 1269 1297
f 1269 1298 1297
f 1269 1270 1298
f 1270 1299 1298
f 1270 1271 1299
f 1271 1300 1299
f 1271 1272 1300
f 1272 1301 1300
f 1272 1273 1301
f 1273 1302 1301
f 1273 1274 1302
f 1274 1303 1302
f 1274 1275 1303
f 1275 1304 1303
f 1275 1276 1304
f 1276 1305 1304
f 1276 1277 1305
f 1277 1306 1305
f 1277 1278 1306
f 1278 1307 1306
f 1278 1279 1307
f 1279 1308 1307
f 1279 1280 1308
f 1280 1309 1308
f 1280 1281 1309
f 1281 1310 1309
f 1281 1282 1310
f 1282 1311 1310
f 1282 1283 1311
f 1283 1312 1311
f 1283 1284 1312
f 1284 1313 1312
f 1284 1285 1313
f 1285 1314 1313
f 1285 1286 1314
f 1286 1315 1314
f 1286 1287 1315
f 1287 1316 1315
f 1287 1288 1316
f 1288 1289 1316
f 1288 1261 1289
f 1289 1318 1317
f 1289 1290 1318
f 1290 1319 1318
f 1290 1291 1319
f 1291 1320 1319
f 1291 1292 1320
f 1292 1321 1320
f 1292 1293 1321
f 1293 1322 1321
f 1293 1294 1322
f 1294 1323 1322
f 1294 1295 1323
f 1295 1324 1323
f 1295 1296 1324
f 1296 1325 1324
f 1296 1297 1325
f 1297 1326 1325
f 1297 1298 1326
f 1298 1327 1326
f 1298 1299 1327
f 1299 1328 1327
f 1299 1300 1328
f 1300 1329 1328
f 1300 1301 1329
f 1301 1330 1329
f 1301 1302 1330
f 1302 1331 1330
f 1302 1303 1331
f 1303 1332 1331
f 1303 1304 1332
f 1304 1333 1332
f 1304 1305 1333
f 1305 1334 1333
f 1305 1306 1334
f 1306 1335 1334
f 1306 1307 1335
f 1307 1336 1335
f 1307 1308 1336
f 1308 1337 1336
f 1308 1309 1337
f 1309 1338 1337
f 1309 1310 1338
f 1310 1339 1338
f 1310 1311 1339
f 1311 1340 1339
f 1311 1312 1340
f 1312 1341 1340
f 1312 1313 1341
f 1313 1342 1341
f 1313 1314 1342
f 1314 1343 1342
f 1314 1315 1343
f 1315 1344 1343
f 1315 1316 1344
f 1316 1317 1344
f 1316 1289 1317
f 1317 1346 1345
f 1317 1318 1346
f 1318 1347 1346
f 1318 1319 1347
f 1319 1348 1347
f 1319 1320 1348
f 1320 1349 1348
f 1320 1321 1349
f 1321 1350 1349
f 1321 1322 1350
f 1322 1351 1350
f 1322 1323 1351
f 1323 1352 1351
f 1323 1324 1352
f 1324 1353 1352
f 1324 1325 1353
f 1325 1354 1353
f 1325 1326 1354
f 1326 1355 1354
f 1326 1327 1355
f 1327 1356 1355
f 1327 1328 1356
f 1328 1357 1356
f 1328 1329 1357
f 1329 1358 1357
f 1329 1330 1358
f 1330 1359 1358
f 1330 1331 1359
f 1331 1360 1359
f 1331 1332 1360
f 1332 1361 1360
f 1332 1333 1361
f 1333 1362 1361
f 1333 1334 1362
f 1334 1363 1362
f 1334 1335 1363
f 1335 1364 1363
f 1335 1336 1364
f 1336 1365 1364
f 1336 1337 1365
f 1337 1366 1365
f 1337 1338 1366
f 1338 1367 1366
f 1338 1339 1367
f 1339 1368 1367
f 1339 1340 1368
f 1340 1369 1368
f 1340 1341 1369
f 1341 1370 1369
f 1341 1342 1370
f 1342 1371 1370
f 1342 1343 1371
f 1343 1372 1371
f 1343 1344 1372
f 1344 1345 1372
f 1344 1317 1345
f 1345 1374 1373
f 1345 1346 1374
f 1346 1375 1374
f 1346 1347 1375
f 1347 1376 1375
f 1347 1348 1376
f 1348 1377 1376
f 1348 1349 1377
f 1349 1378 1377
f 1349 1350 1378
f 1350 1379 1378
f 1350 1351 1379
f 1351 1380 1379
f 1351 1352 1380
f 1352 1381 1380
f 1352 1353 1381
f 1353 1382 1381
f 1353 1354 1382
f 1354 1383 1382
f 1354 1355 1383
f 1355 1384 1383
f 1355 1356 1384
f 1356 1385 1384
f 1356 1357 1385
f 1357 1386 1385
f 1357 1358 1386
f 1358 1387 1386
f 1358 1359 1387
f 1359 1388 1387
f 1359 1360 1388
f 1360 1389 1388
f 1360 1361 1389
f 1361 1390 1389
f 1361 1362 1390
f 1362 1391 1390
f 1362 1363 1391
f 1363 1392 1391
f 1363 1364 1392
f 1364 1393 1392
f 1364 1365 1393
f 1365 1394 1393
f 1365 1366 1394
f 1366 1395 1394
f 1366 1367 1395
f 1367 1396 1395
f 1367 1368 1396
f 1368 1397 1396
f 1368 1369 1397
f 1369 1398 1397
f 1369 1370 1398
f 1370 1399 1398
f 1370 1371 1399
f 1371 1400 1399
f 1371 1372 1400
f 1372 1373 1400
f 1372 1345 1373
f 1373 1402 1401
f 1373 1374 1402
f 1374 1403 1402
f 1374 1375 1403
f 1375 1404 1403
f 1375 1376 1404
f 1376 1405 1404
f 1376 1377 1405
f 1377 1406 1405
f 1377 1378 1406
f 1378 1407 1406
f 1378 1379 1407
f 1379 1408 1407
f 1379 1380 1408
f 1380 1409 1408
f 1380 1381 1409
f 1381 1410 1409
f 1381 1382 1410
f 1382 1411 1410
f 1382 1383 1411
f 1383 1412 1411
f 1383 1384 1412
f 1384 1413 1412
f 1384 1385 1413
f 1385 1414 1413
f 1385 1386 1414
f 1386 1415 1414
f 1386 1387 1415
f 1387 1416 1415
f 1387 1388 1416
f 1388 1417 1416
f 1388 1389 1417
f 1389 1418 1417
f 1389 1390 1418
f 1390 1419 1418
f 1390 1391 1419
f 1391 1420 1419
f 1391 1392 1420
f 1392 1421 1420
f 1392 1393 1421
f 1393 1422 1421
f 1393 1394 1422
f 1394 1423 1422
f 1394 1395 1423
f 1395 1424 1423
f 1395 1396 1424
f 1396 1425 1424
f 1396 1397 1425
f 1397 1426 1425
f 1397 1398 1426
f 1398 1427 1426
f 1398 1399 1427
f 1399 1428 1427
f 1399 1400 1428
f 1400 1401 1428
f 1400 1373 1401
f 1401 1430 1429
f 1401 1402 1430
f 1402 1431 1430
f 1402 1403 1431
f 1403 1432 1431
f 1403 1404 1432
f 1404 1433 1432
f 1404 1405 1433
f 1405 1434 1433
f 1405 1406 1434
f 1406 1435 1434
f 1406 1407 1435
f 1407 1436 1435
f 1407 1408 1436
f 1408 1437 1436
f 1408 1409 1437
f 1409 1438 1437
f 1409 1410 1438
f 1410 1439 1438
f 1410 1411 1439
f 1411 1440 1439
f 1411 1412 1440
f 1412 1441 1440
f 1412 1413 1441
f 1413 1442 1441
f 1413 1414 1442
f 1414 1443 1442
f 1414 1415 1443
f 1415 1444 1443
f 1415 1416 1444
f 1416 1445 1444
f 1416 1417 1445
f 1417 1446 1445
f 1417 1418 1446
f 1418 1447 1446
f 1418 1419 1447
f 1419 1448 1447
f 1419 1420 1448
f 1420 1449 1448
f 1420 1421 1449
f 1421 1450 1449
f 1421 1422 1450
f 1422 1451 1450
f 1422 1423 1451
f 1423 1452 1451
f 1423 1424 1452
f 1424 1453 1452
f 1424 1425 1453
f 1425 1454 1453
f 1425 1426 1454
f 1426 1455 1454
f 1426 1427 1455
f 1427 1456 1455
f 1427 1428 1456
f 1428 1429 1456
f 1428 1401 1429
f 1429 1458 1457
f 1429 1430 1458
f 1430 1459 1458
f 1430 1431 1459
f 1431 1460 1459
f 1431 1432 1460
f 1432 1461 1460
f 1432 1433 1461
f 1433 1462 1461
f 1433 1434 1462
f 1434 1463 1462
f 1434 1435 1463
f 1435 1464 1463
f 1435 1436 1464
f 1436 1465 1464
f 1436 1437 1465
f 1437 1466 1465
f 1437 1438 1466
f 1438 1467 1466
f 1438 1439 1467
f 1439 1468 1467
f 1439 1440 1468
f 1440 1469 1468
f 1440 1441 1469
f 1441 1470 1469
f 1441 1442 1470
f 1442 1471 1470
f 1442 1443 1471
f 1443 1472 1471
f 1443 1444 1472
f 1444 1473 1472
f 1444 1445 1473
f 1445 1474 1473
f 1445 1446 1474
f 1446 1475 1474
f 1446 1447 1475
f 1447 1476 1475
f 1447 1448 1476
f 1448 1477 1476
f 1448 1449 1477
f 1449 1478 1477
f 1449 1450 1478
f 1450 1479 1478
f 1450 1451 1479
f 1451 1480 1479
f 1451 1452 1480
f 1452 1481 1480
f 1452 1453 1481
f 1453 1482 1481
f 1453 1454 1482
f 1454 1483 1482
f 1454 1455 1483
f 1455 1484 1483
f 1455 1456 1484
f 1456 1457 1484
f 1456 1429 1457
f 1457 1486 1485
f 1457 1458 1486
f 1458 1487 1486
f 1458 1459 1487
f 1459 1488 1487
f 1459 1460 1488
f 1460 1489 1488
f 1460 1461 1489
f 1461 1490 1489
f 1461 1462 1490
f 1462 1491 1490
f 1462 1463 1491
f 1463 1492 1491
f 1463 1464 1492
f 1464 1493 1492
f 1464 1465 1493
f 1465 1494 1493
f 1465 1466 1494
f 1466 1495 1494
f 1466 1467 1495
f 1467 1496 1495
f 1467 1468 1496
f 1468 1497 1496
f 1468 1469 1497
f 1469 1498 1497
f 1469 1470 1498
f 1470 1499 1498
f 1470 1471 1499
f 1471 1500 1499
f 1471 1472 1500
f 1472 1501 1500
f 1472 1473 1501
f 1473 1502 1501
f 1473 1474 1502
f 1474 1503 1502
f 1474 1475 1503
f 1475 1504 1503
f 1475 1476 1504
f 1476 1505 1504
f 1476 1477 1505
f 1477 1506 1505
f 1477 1478 1506
f 1478 1507 1506
f 1478 1479 1507
f 1479 1508 1507
f 1479 1480 1508
f 1480 1509 1508
f 1480 1481 1509
f 1481 1510 1509
f 1481 1482 1510
f 1482 1511 1510
f 1482 1483 1511
f 1483 1512 1511
f 1483 1484 1512
f 1484 1485 1512
f 1484 1457 1485
f 1485 1514 1513
f 1485 1486 1514
f 1486 1515 1514
f 1486 1487 1515
f 1487 1516 1515
f 1487 1488 1516
f 1488 1517 1516
f 1488 1489 1517
f 1489 1518 1517
f 1489 1490 1518
f 1490 1519 1518
f 1490 1491 1519
f 1491 1520 1519
f 1491 1492 1520
f 1492 1521 1520
f 1492 1493 1521
f 1493 1522 1521
f 1493 1494 1522
f 1494 1523 1522
f 1494 1495 1523
f 1495 1524 1523
f 1495 1496 1524
f 1496 1525 1524
f 1496 1497 1525
f 1497 1526 1525
f 1497 1498 1526
f 1498 1527 1526
f 1498 1499 1527
f 1499 1528 1527
f 1499 1500 1528
f 1500 1529 1528
f 1500 1501 1529
f 1501 1530 1529
f 1501 1502 1530
f 1502 1531 1530
f 1502 1503 1531
f 1503 1532 1531
f 1503 1504 1532
f 1504 1533 1532
f 1504 1505 1533
f 1505 1534 1533
f 1505 1506 1534
f 1506 1535 1534
f 1506 1507 1535
f 1507 1536 1535
f 1507 1508 1536
f 1508 1537 1536
f 1508 1509 1537
f 1509 1538 1537
f 1509 1510 1538
f 1510 1539 1538
f 1510 1511 1539
f 1511 1540 1539
f 1511 1512 1540
f 1512 1513 1540
f 1512 1485 1513
f 1513 1542 1541
f 1513 1514 1542
f 1514 1543 1542
f 1514 1515 1543
f 1515 1544 1543
f 1515 1516 1544
f 1516 1545 1544
f 1516 1517 1545
f 1517 1546 1545
f 1517 1518 1546
f 1518 1547 1546
f 1518 1519 1547
f 1519 1548 1547
f 1519 1520 1548
f 1520 1549 1548
f 1520 1521 1549
f 1521 1550 1549
f 1521 1522 1550
f 1522 1551 1550
f 1522 1523 1551
f 1523 1552 1551
f 1523 1524 1552
f 1524 1553 1552
f 1524 1525 1553
f 1525 1554 1553
f 1525 1526 1554
f 1526 1555 1554
f 1526 1527 1555
f 1527 1556 1555
f 1527 1528 1556
f 1528 1557 1556
f 1528 1529 1557
f 1529 1558 1557
f 1529 1530 1558
f 1530 1559 1558
f 1530 1531 1559
f 1531 1560 1559
f 1531 1532 1560
f 1532 1561 1560
f 1532 1533 1561
f 1533 1562 1561
f 1533 1534 1562
f 1534 1563 1562
f 1534 1535 1563
f 1535 1564 1563
f 1535 1536 1564
f 1536 1565 1564
f 1536 1537 1565
f 1537 1566 1565
f 1537 1538 1566
f 1538 1567 1566
f 1538 1539 1567
f 1539 1568 1567
f 1539 1540 1568
f 1540 1541 1568
f 1540 1513 1541
f 1541 1570 1569
f 1541 1542 1570
f 1542 1571 1570
f 1542 1543 1571
f 1543 1572 1571
f 1543 1544 1572
f 1544 1573 1572
f 1544 1545 1573
f 1545 1574 1573
f 1545 1546 1574
f 1546 1575 1574
f 1546 1547 1575
f 1547 1576 1575
f 1547 1548 1576
f 1548 1577 1576
f 1548 1549 1577
f 1549 1578 1577
f 1549 1550 1578
f 1550 1579 1578
f 1550 1551 1579
f 1551 1580 1579
f 1551 1552 1580
f 1552 1581 1580
f 1552 1553 1581
f 1553 1582 1581
f 1553 1554 1582
f 1554 1583 1582
f 1554 1555 1583
f 1555 1584 1583
f 1555 1556 1584
f 1556 1585 1584
f 1556 1557 1585
f 1557 1586 1585
f 1557 1558 1586
f 1558 1587 1586
f 1558 1559 1587
f 1559 1588 1587
f 1559 1560 1588
f 1560 1589 1588
f 1560 1561 1589
f 1561 1590 1589
f 1561 1562 1590
f 1562 1591 1590
f 1562 1563 1591
f 1563 1592 1591
f 1563 1564 1592
f 1564 1593 1592
f 1564 1565 1593
f 1565 1594 1593
f 1565 1566 1594
f 1566 1595 1594
f 1566 1567 1595
f 1567 1596 1595
f 1567 1568 1596
f 1568 1569 1596
f 1568 1541 1569
f 1569 1598 1597
f 1569 1570 1598
f 1570 1599 1598
f 1570 1571 1599
f 1571 1600 1599
f 1571 1572 1600
f 1572 1601 1600
f 1572 1573 1601
f 1573 1602 1601
f 1573 1574 1602
f 1574 1603 1602
f 1574 1575 1603
f 1575 1604 1603
f 1575 1576 1604
f 1576 1605 1604
f 1576 1577 1605
f 1577 1606 1605
f 1577 1578 1606
f 1578 1607 1606
f 1578 1579 1607
f 1579 1608 1607
f 1579 1580 1608
f 1580 1609 1608
f 1580 1581 1609
f 1581 1610 1609
f 1581 1582 1610
f 1582 1611 1610
f 1582 1583 1611
f 1583 1612 1611
f 1583 1584 1612
f 1584 1613 1612
f 1584 1585 1613
f 1585 1614 1613
f 1585 1586 1614
f 1586 1615 1614
f 1586 1587 1615
f 1587 1616 1615
f 1587 1588 1616
f 1588 1617 1616
f 1588 1589 1617
f 1589 1618 1617
f 1589 1590 1618
f 1590 1619 1618
f 1590 1591 1619
f 1591 1620 1619
f 1591 1592 1620
f 1592 1621 1620
f 1592 1593 1621
f 1593 1622 1621
f 1593 1594 1622
f 1594 1623 1622
f 1594 1595 1623
f 1595 1624 1623
f 1595 1596 1624
f 1596 1597 1624
f 1596 1569 1597
f 1597 1626 1625
f 1597 1598 1626
f 1598 1627 1626
f 1598 1599 1627
f 1599 1628 1627
f 1599 1600 1628
f 1600 1629 1628
f 1600 1601 1629
f 1601 1630 1629
f 1601 1602 1630
f 1602 1631 1630
f 1602 1603 1631
f 1603 1632 1631
f 1603 1604 1632
f 1604 1633 1632
f 1604 1605 1633
f 1605 1634 1633
f 1605 1606 1634
f 1606 1635 1634
f 1606 1607 1635
f 1607 1636 1635
f 1607 1608 1636
f 1608 1637 1636
f 1608 1609 1637
f 1609 1638 1637
f 1609 1610 1638
f 1610 1639 1638
f 1610 1611 1639
f 1611 1640 1639
f 1611 1612 1640
f 1612 1641 1640
f 1612 1613 1641
f 1613 1642 1641
f 1613 1614 1642
f 1614 1643 1642
f 1614 1615 1643
f 1615 1644 1643
f 1615 1616 1644
f 1616 1645 1644
f 1616 1617 1645
f 1617 1646 1645
f 1617 1618 1646
f 1618 1647 1646
f 1618 1619 1647
f 1619 1648 1647
f 1619 1620 1648
f 1620 1649 1648
f 1620 1621 1649
f 1621 1650 1649
f 1621 1622 1650
f 1622 1651 1650
f 1622 1623 1651
f 1623 1652 1651
f 1623 1624 1652
f 1624 1625 1652
f 1624 1597 1625
f 1625 1654 1653
f 1625 1626 1654
f 1626 1655 1654
f 1626 1627 1655
f 1627 1656 1655
f 1627 1628 1656
f 1628 1657 1656
f 1628 1629 1657
f 1629 1658 1657
f 1629 1630 1658
f 1630 1659 1658
f 1630 1631 1659
f 1631 1660 1659
f 1631 1632 1660
f 1632 1661 1660
f 1632 1633 1661
f 1633 1662 1661
f 1633 1634 1662
f 1634 1663 1662
f 1634 1635 1663
f 1635 1664 1663
f 1635 1636 1664
f 1636 1665 1664
f 1636 1637 1665
f 1637 1666 1665
f 1637 1638 1666
f 1638 1667 1666
f 1638 1639 1667
f 1639 1668 1667
f 1639 1640 1668
f 1640 1669 1668
f 1640 1641 1669
f 1641 1670 1669
f 1641 1642 1670
f 1642 1671 1670
f 1642 1643 1671
f 1643 1672 1671
f 1643 1644 1672
f 1644 1673 1672
f 1644 1645 1673
f 1645 1674 1673
f 1645 1646 1674
f 1646 1675 1674
f 1646 1647 1675
f 1647 1676 1675
f 1647 1648 1676
f 1648 1677 1676
f 1648 1649 1677
f 1649 1678 1677
f 1649 1650 1678
f 1650 1679 1678
f 1650 1651 1679
f 1651 1680 1679
f 1651 1652 1680
f 1652 1653 1680
f 1652 1625 1653
f 1653 1682 1681
f 1653 1654 1682
f 1654 1683 1682
f 1654 1655 1683
f 1655 1684 1683
f 1655 1656 1684
f 1656 1685 1684
f 1656 1657 1685
f 1657 1686 1685
f 1657 1658 1686
f 1658 1687 1686
f 1658 1659 1687
f 1659 1688 1687
f 1659 1660 1688
f 1660 1689 1688
f 1660 1661 1689
f 1661 1690 1689
f 1661 1662 1690
f 1662 1691 1690
f 1662 1663 1691
f 1663 1692 1691
f 1663 1664 1692
f 1664 1693 1692
f 1664 1665 1693
f 1665 1694 1693
f 1665 1666 1694
f 1666 1695 1694
f 1666 1667 1695
f 1667 1696 1695
f 1667 1668 1696
f 1668 1697 1696
f 1668 1669 1697
f 1669 1698 1697
f 1669 1670 1698
f 1670 1699 1698
f 1670 1671 1699
f 1671 1700 1699
f 1671 1672 1700
f 1672 1701 1700
f 1672 1673 1701
f 1673 1702 1701
f 1673 1674 1702
f 1674 1703 1702
f 1674 1675 1703
f 1675 1704 1703
f 1675 1676 1704
f 1676 1705 1704
f 1676 1677 1705
f 1677 1706 1705
f 1677 1678 1706
f 1678 1707 1706
f 1678 1679 1707
f 1679 1708 1707
f 1679 1680 1708
f 1680 1681 1708
f 1680 1653 1681
f 1681 1710 1709
f 1681 1682 1710
f 1682 1711 1710
f 1682 1683 1711
f 1683 1712 1711
f 1683 1684 1712
f 1684 1713 1712
f 1684 1685 1713
f 1685 1714 1713
f 1685 1686 1714
f 1686 1715 1714
f 1686 1687 1715
f 1687 1716 1715
f 1687 1688 1716
f 1688 1717 1716
f 1688 1689 1717
f 1689 1718 1717
f 1689 1690 1718
f 1690 1719 1718
f 1690 1691 1719
f 1691 1720 1719
f 1691 1692 1720
f 1692 1721 1720
f 1692 1693 1721
f 1693 1722 1721
f 1693 1694 1722
f 1694 1723 1722
f 1694 1695 1723
f 1695 1724 1723
f 1695 1696 1724
f 1696 1725 1724
f 1696 1697 1725
f 1697 1726 1725
f 1697 1698 1726
f 1698 1727 1726
f 1698 1699 1727
f 1699 1728 1727
f 1699 1700 1728
f 1700 1729 1728
f 1700 1701 1729
f 1701 1730 1729
f 1701 1702 1730
f 1702 1731 1730
f 1702 1703 1731
f 1703 1732 1731
f 1703 1704 1732
f 1704 1733 1732
f 1704 1705 1733
f 1705 1734 1733
f 1705 1706 1734
f 1706 1735 1734
f 1706 1707 1735
f 1707 1736 1735
f 1707 1708 1736
f 1708 1709 1736
f 1708 1681 1709
f 1709 1738 1737
f 1709 1710 1738
f 1710 1739 1738
f 1710 1711 1739
f 1711 1740 1739
f 1711 1712 1740
f 1712 1741 1740
f 1712 1713 1741
f 1713 1742 1741
f 1713 1714 1742
f 1714 1743 1742
f 1714 1715 1743
f 1715 1744 1743
f 1715 1716 1744
f 1716 1745 1744
f 1716 1717 1745
f 1717 1746 1745
f 1717 1718 1746
f 1718 1747 1746
f 1718 1719 1747
f 1719 1748 1747
f 1719 1720 1748
f 1720 1749 1748
f 1720 1721 1749
f 1721 1750 1749
f 1721 1722 1750
f 1722 1751 1750
f 1722 1723 1751
f 1723 1752 1751
f 1723 1724 1752
f 1724 1753 1752
f 1724 1725 1753
f 1725 1754 1753
f 1725 1726 1754
f 1726 1755 1754
f 1726 1727 1755
f 1727 1756 1755
f 1727 1728 1756
f 1728 1757 1756
f 1728 1729 1757
f 1729 1758 1757
f 1729 1730 1758
f 1730 1759 1758
f 1730 1731 1759
f 1731 1760 1759
f 1731 1732 1760
f 1732 1761 1760
f 1732 1733 1761
f 1733 1762 1761
f 1733 1734 1762
f 1734 1763 1762
f 1734 1735 1763
f 1735 1764 1763
f 1735 1736 1764
f 1736 1737 1764
f 1736 1709 1737
f 1737 1766 1765
f 1737 1738 1766
f 1738 1767 1766
f 1738 1739 1767
f 1739 1768 1767
f 1739 1740 1768
f 1740 1769 1768
f 1740 1741 1769
f 1741 1770 1769
f 1741 1742 1770
f 1742 1771 1770
f 1742 1743 1771
f 1743 1772 1771
f 1743 1744 1772
f 1744 1773 1772
f 1744 1745 1773
f 1745 1774 1773
f 1745 1746 1774
f 1746 1775 1774
f 1746 1747 1775
f 1747 1776 1775
f 1747 1748 1776
f 1748 1777 1776
f 1748 1749 1777
f 1749 1778 1777
f 1749 1750 1778
f 1750 1779 1778
f 1750 1751 1779
f 1751 1780 1779
f 1751 1752 1780
f 1752 1781 1780
f 1752 1753 1781
f 1753 1782 1781
f 1753 1754 1782
f 1754 1783 1782
f 1754 1755 1783
f 1755 1784 1783
f 1755 1756 1784
f 1756 1785 1784
f 1756 1757 1785
f 1757 1786 1785
f 1757 1758 1786
f 1758 1787 1786
f 1758 1759 1787
f 1759 1788 1787
f 1759 1760 1788
f 1760 1789 1788
f 1760 1761 1789
f 1761 1790 1789
f 1761 1762 1790
f 1762 1791 1790
f 1762 1763 1791
f 1763 1792 1791
f 1763 1764 1792
f 1764 1765 1792
f 1764 1737 1765
f 1765 1794 1793
f 1765 1766 1794
f 1766 1795 1794
f 1766 1767 1795
f 1767 1796 1795
f 1767 1768 1796
f 1768 1797 1796
f 1768 1769 1797
f 1769 1798 1797
f 1769 1770 1798
f 1770 1799 1798
f 1770 1771 1799
f 1771 1800 1799
f 1771 1772 1800
f 1772 1801 1800
f 1772 1773 1801
f 1773 1802 1801
f 1773 1774 1802
f 1774 1803 1802
f 1774 1775 1803
f 1775 1804 1803
f 1775 1776 1804
f 1776 1805 1804
f 1776 1777 1805
f 1777 1806 1805
f 1777 1778 1806
f 1778 1807 1806
f 1778 1779 1807
f 1779 1808 1807
f 1779 1780 1808
f 1780 1809 1808
f 1780 1781 1809
f 1781 1810 1809
f 1781 1782 1810
f 1782 1811 1810
f 1782 1783 1811
f 1783 1812 1811
f 1783 1784 1812
f 1784 1813 1812
f 1784 1785 1813
f 1785 1814 1813
f 1785 1786 1814
f 1786 1815 1814
f 1786 1787 1815
f 1787 1816 1815
f 1787 1788 1816
f 1788 1817 1816
f 1788 1789 1817
f 1789 1818 1817
f 1789 1790 1818
f 1790 1819 1818
f 1790 1791 1819
f 1791 1820 1819
f 1791 1792 1820
f 1792 1793 1820
f 1792 1765 1793
f 1793 1822 1821
f 1793 1794 1822
f 1794 1823 1822
f 1794 1795 1823
f 1795 1824 1823
f 1795 1796 1824
f 1796 1825 1824
f 1796 1797 1825
f 1797 1826 1825
f 1797 1798 1826
f 1798 1827 1826
f 1798 1799 1827
f 1799 1828 1827
f 1799 1800 1828
f 1800 1829 1828
f 1800 1801 1829
f 1801 1830 1829
f 1801 1802 1830
f 1802 1831 1830
f 1802 1803 1831
f 1803 1832 1831
f 1803 1804 1832
f 1804 1833 1832
f 1804 1805 1833
f 1805 1834 1833
f 1805 1806 1834
f 1806 1835 1834
f 1806 1807 1835
f 1807 1836 1835
f 1807 1808 1836
f 1808 1837 1836
f 1808 1809 1837
f 1809 1838 1837
f 1809 1810 1838
f 1810 1839 1838
f 1810 1811 1839
f 1811 1840 1839
f 1811 1812 1840
f 1812 1841 1840
f 1812 1813 1841
f 1813 1842 1841
f 1813 1814 1842
f 1814 1843 1842
f 1814 1815 1843
f 1815 1844 1843
f 1815 1816 1844
f 1816 1845 1844
f 1816 1817 1845
f 1817 1846 1845
f 1817 1818 1846
f 1818 1847 1846
f 1818 1819 1847
f 1819 1848 1847
f 1819 1820 1848
f 1820 1821 1848
f 1820 1793 1821
f 1821 1850 1849
f 1821 1822 1850
f 1822 1851 1850
f 1822 1823 1851
f 1823 1852 1851
f 1823 1824 1852
f 1824 1853 1852
f 1824 1825 1853
f 1825 1854 1853
f 1825 1826 1854
f 1826 1855 1854
f 1826 1827 1855
f 1827 1856 1855
f 1827 1828 1856
f 1828 1857 1856
f 1828 1829 1857
f 1829 1858 1857
f 1829 1830 1858
f 1830 1859 1858
f 1830 1831 1859
f 1831 1860 1859
f 1831 1832 1860
f 1832 1861 1860
f 1832 1833 1861
f 1833 1862 1861
f 1833 1834 1862
f 1834 1863 1862
f 1834 1835 1863
f 1835 1864 1863
f 1835 1836 1864
f 1836 1865 1864
f 1836 1837 1865
f 1837 1866 1865
f 1837 1838 1866
f 1838 1867 1866
f 1838 1839 1867
f 1839 1868 1867
f 1839 1840 1868
f 1840 1869 1868
f 1840 1841 1869
f 1841 1870 1869
f 1841 1842 1870
f 1842 1871 1870
f 1842 1843 1871
f 1843 1872 1871
f 1843 1844 1872
f 1844 1873 1872
f 1844 1845 1873
f 1845 1874 1873
f 1845 1846 1874
f 1846 1875 1874
f 1846 1847 1875
f 1847 1876 1875
f 1847 1848 1876
f 1848 1849 1876
f 1848 1821 1849
f 1849 1878 1877
f 1849 1850 1878
f 1850 1879 1878
f 1850 1851 1879
f 1851 1880 1879
f 1851 1852 1880
f 1852 1881 1880
f 1852 1853 1881
f 1853 1882 1881
f 1853 1854 1882
f 1854 1883 1882
f 1854 1855 1883
f 1855 1884 1883
f 1855 1856 1884
f 1856 1885 1884
f 1856 1857 1885
f 1857 1886 1885
f 1857 1858 1886
f 1858 1887 1886
f 1858 1859 1887
f 1859 1888 1887
f 1859 1860 1888
f 1860 1889 1888
f 1860 1861 1889
f 1861 1890 1889
f 1861 1862 1890
f 1862 1891 1890
f 1862 1863 1891
f 1863 1892 1891
f 1863 1864 1892
f 1864 1893 1892
f 1864 1865 1893
f 1865 1894 1893
f 1865 1866 1894
f 1866 1895 1894
f 1866 1867 1895
f 1867 1896 1895
f 1867 1868 1896
f 1868 1897 1896
f 1868 1869 1897
f 1869 1898 1897
f 1869 1870 1898
f 1870 1899 1898
f 1870 1871 1899
f 1871 1900 1899
f 1871 1872 1900
f 1872 1901 1900
f 1872 1873 1901
f 1873 1902 1901
f 1873 1874 1902
f 1874 1903 1902
f 1874 1875 1903
f 1875 1904 1903
f 1875 1876 1904
f 1876 1877 1904
f 1876 1849 1877
f 1877 1906 1905
f 1877 1878 1906
f 1878 1907 1906
f 1878 1879 1907
f 1879 1908 1907
f 1879 1880 1908
f 1880 1909 1908
f 1880 1881 1909
f 1881 1910 1909
f 1881 1882 1910
f 1882 1911 1910
f 1882 1883 1911
f 1883 1912 1911
f 1883 1884 1912
f 1884 1913 1912
f 1884 1885 1913
f 1885 1914 1913
f 1885 1886 1914
f 1886 1915 1914
f 1886 1887 1915
f 1887 1916 1915
f 1887 1888 1916
f 1888 1917 1916
f 1888 1889 1917
f 1889 1918 1917
f 1889 1890 1918
f 1890 1919 1918
f 1890 1891 1919
f 1891 1920 1919
f 1891 1892 1920
f 1892 1921 1920
f 1892 1893 1921
f 1893 1922 1921
f 1893 1894 1922
f 1894 1923 1922
f 1894 1895 1923
f 1895 1924 1923
f 1895 1896 1924
f 1896 1925 1924
f 1896 1897 1925
f 1897 1926 1925
f 1897 1898 1926
f 1898 1927 1926
f 1898 1899 1927
f 1899 1928 1927
f 1899 1900 1928
f 1900 1929 1928
f 1900 1901 1929
f 1901 1930 1929
f 1901 1902 1930
f 1902 1931 1930
f 1902 1903 1931
f 1903 1932 1931
f 1903 1904 1932
f 1904 1905 1932
f 1904 1877 1905
f 1905 1934 1933
f 1905 1906 1934
f 1906 1935 1934
f 1906 1907 1935
f 1907 1936 1935
f 1907 1908 1936
f 1908 1937 1936
f 1908 1909 1937
f 1909 1938 1937
f 1909 1910 1938
f 1910 1939 1938
f 1910 1911 1939
f 1911 1940 1939
f 1911 1912 1940
f 1912 1941 1940
f 1912 1913 1941
f 1913 1942 1941
f 1913 1914 1942
f 1914 1943 1942
f 1914 1915 1943
f 1915 1944 1943
f 1915 1916 1944
f 1916 1945 1944
f 1916 1917 1945
f 1917 1946 1945
f 1917 1918 1946
f 1918 1947 1946
f 1918 1919 1947
f 1919 1948 1947
f 1919 1920 1948
f 1920 1949 1948
f 1920 1921 1949
f 1921 1950 1949
f 1921 1922 1950
f 1922 1951 1950
f 1922 1923 1951
f 1923 1952 1951
f 1923 1924 1952
f 1924 1953 1952
f 1924 1925 1953
f 1925 1954 1953
f 1925 1926 1954
f 1926 1955 1954
f 1926 1927 1955
f 1927 1956 1955
f 1927 1928 1956
f 1928 1957 1956
f 1928 1929 1957
f 1929 1958 1957
f 1929 1930 1958
f 1930 1959 1958
f 1930 1931 1959
f 1931 1960 1959
f 1931 1932 1960
f 1932 1933 1960
f 1932 1905 1933
f 1933 1962 1961
f 1933 1934 1962
f 1934 1963 1962
f 1934 1935 1963
f 1935 1964 1963
f 1935 1936 1964
f 1936 1965 1964
f 1936 1937 1965
f 1937 1966 1965
f 1937 1938 1966
f 1938 1967 1966
f 1938 1939 1967
f 1939 1968 1967
f 1939 1940 1968
f 1940 1969 1968
f 1940 1941 1969
f 1941 1970 1969
f 1941 1942 1970
f 1942 1971 1970
f 1942 1943 1971
f 1943 1972 1971
f 1943 1944 1972
f 1944 1973 1972
f 1944 1945 1973
f 1945 1974 1973
f 1945 1946 1974
f 1946 1975 1974
f 1946 1947 1975
f 1947 1976 1975
f 1947 1948 1976
f 1948 1977 1976
f 1948 1949 1977
f 1949 1978 1977
f 1949 1950 1978
f 1950 1979 1978
f 1950 1951 1979
f 1951 1980 1979
f 1951 1952 1980
f 1952 1981 1980
f 1952 1953 1981
f 1953 1982 1981
f 1953 1954 1982
f 1954 1983 1982
f 1954 1955 1983
f 1955 1984 1983
f 1955 1956 1984
f 1956 1985 1984
f 1956 1957 1985
f 1957 1986 1985
f 1957 1958 1986
f 1958 1987 1986
f 1958 1959 1987
f 1959 1988 1987
f 1959 1960 1988
f 1960 1961 1988
f 1960 1933 1961
f 1961 1990 1989
f 1961 1962 1990
f 1962 1991 1990
f 1962 1963 1991
f 1963 1992 1991
f 1963 1964 1992
f 1964 1993 1992
f 1964 1965 1993
f 1965 1994 1993
f 1965 1966 1994
f 1966 1995 1994
f 1966 1967 1995
f 1967 1996 1995
f 1967 1968 1996
f 1968 1997 1996
f 1968 1969 1997
f 1969 1998 1997
f 1969 1970 1998
f 1970 1999 1998
f 1970 1971 1999
f 1971 2000 1999
f 1971 1972 2000
f 1972 2001 2000
f 1972 1973 2001
f 1973 2002 2001
f 1973 1974 2002
f 1974 2003 2002
f 1974 1975 2003
f 1975 2004 2003
f 1975 1976 2004
f 1976 2005 2004
f 1976 1977 2005
f 1977 2006 2005
f 1977 1978 2006
f 1978 2007 2006
f 1978 1979 2007
f 1979 2008 2007
f 1979 1980 2008
f 1980 2009 2008
f 1980 1981 2009
f 1981 2010 2009
f 1981 1982 2010
f 1982 2011 2010
f 1982 1983 2011
f 1983 2012 2011
f 1983 1984 2012
f 1984 2013 2012
f 1984 1985 2013
f 1985 2014 2013
f 1985 1986 2014
f 1986 2015 2014
f 1986 1987 2015
f 1987 2016 2015
f 1987 1988 2016
f 1988 1989 2016
f 1988 1961 1989
f 2017 2 1
f 2018 1989 1990
f 2017 3 2
f 2018 1990 1991
f 2017 4 3
f 2018 1991 1992
f 2017 5 4
f 2018 1992 1993
f 2017 6 5
f 2018 1993 1994
f 2017 7 6
f 2018 1994 1995
f 2017 8 7
f 2018 1995 1996
f 2017 9 8
f 2018 1996 1997
f 2017 10 9
f 2018 1997 1998
f 2017 11 10
f 2018 1998 1999
f 2017 12 11
f 2018 1999 2000
f 2017 13 12
f 2018 2000 2001
f 2017 14 13
f 2018 2001 2002
f 2017 15 14
f 2018 2002 2003
f 2017 16 15
f 2018 2003 2004
f 2017 17 16
f 2018 2004 2005
f 2017 18 17
f 2018 2005 2006
f 2017 19 18
f 2018 2006 2007
f 2017 20 19
f 2018 2007 2008
f 2017 21 20
f 2018 2008 2009
f 2017 22 21
f 2018 2009 2010
f 2017 23 22
f 2018 2010 2011
f 2017 24 23
f 2018 2011 2012
f 2017 25 24
f 2018 2012 2013
f 2017 26 25
f 2018 2013 2014
f 2017 27 26
f 2018 2014 2015
f 2017 28 27
f 2018 2015 2016
f 2017 1 28
f 2018 2016 1989
f 2019 2048 2047
f 2019 2020 2048
f 2020 2049 2048
f 2020 2021 2049
f 2021 2050 2049
f 2021 2022 2050
f 2022 2051 2050
f 2022 2023 2051
f 2023 2052 2051
f 2023 2024 2052
f 2024 2053 2052
f 2024 2025 2053
f 2025 2054 2053
f 2025 2026 2054
f 2026 2055 2054
f 2026 2027 2055
f 2027 2056 2055
f 2027 2028 2056
f 2028 2057 2056
f 2028 2029 2057
f 2029 2058 2057
f 2029 2030 2058
f 2030 2059 2058
f 2030 2031 2059
f 2031 2060 2059
f 2031 2032 2060
f 2032 2061 2060
f 2032 2033 2061
f 2033 2062 2061
f 2033 2034 2062
f 2034 2063 2062
f 2034 2035 2063
f 2035 2064 2063
f 2035 2036 2064
f 2036 2065 2064
f 2036 2037 2065
f 2037 2066 2065
f 2037 2038 2066
f 2038 2067 2066
f 2038 2039 2067
f 2039 2068 2067
f 2039 2040 2068
f 2040 2069 2068
f 2040 2041 2069
f 2041 2070 2069
f 2041 2042 2070
f 2042 2071 2070
f 2042 2043 2071
f 2043 2072 2071
f 2043 2044 2072
f 2044 2073 2072
f 2044 2045 2073
f 2045 2074 2073
f 2045 2046 2074
f 2046 2047 2074
f 2046 2019 2047
f 2047 2076 2075
f 2047 2048 2076
f 2048 2077 2076
f 2048 2049 2077
f 2049 2078 2077
f 2049 2050 2078
f 2050 2079 2078
f 2050 2051 2079
f 2051 2080 2079
f 2051 2052 2080
f 2052 2081 2080
f 2052 2053 2081
f 2053 2082 2081
f 2053 2054 2082
f 2054 2083 2082
f 2054 2055 2083
f 2055 2084 2083
f 2055 2056 2084
f 2056 2085 2084
f 2056 2057 2085
f 2057 2086 2085
f 2057 2058 2086
f 2058 2087 2086
f 2058 2059 2087
f 2059 2088 2087
f 2059 2060 2088
f 2060 2089 2088
f 2060 2061 2089
f 2061 2090 2089
f 2061 2062 2090
f 2062 2091 2090
f 2062 2063 2091
f 2063 2092 2091
f 2063 2064 2092
f 2064 2093 2092
f 2064 2065 2093
f 2065 2094 2093
f 2065 2066 2094
f 2066 2095 2094
f 2066 2067 2095
f 2067 2096 2095
f 2067 2068 2096
f 2068 2097 2096
f 2068 2069 2097
f 2069 2098 2097
f 2069 2070 2098
f 2070 2099 2098
f 2070 2071 2099
f 2071 2100 2099
f 2071 2072 2100
f 2072 2101 2100
f 2072 2073 2101
f 2073 2102 2101
f 2073 2074 2102
f 2074 2075 2102
f 2074 2047 2075
f 2075 2104 2103
f 2075 2076 2104
f 2076 2105 2104
f 2076 2077 2105
f 2077 2106 2105
f 2077 2078 2106
f 2078 2107 2106
f 2078 2079 2107
f 2079 2108 2107
f 2079 2080 2108
f 2080 2109 2108
f 2080 2081 2109
f 2081 2110 2109
f 2081 2082 2110
f 2082 2111 2110
f 2082 2083 2111
f 2083 2112 2111
f 2083 2084 2112
f 2084 2113 2112
f 2084 2085 2113
f 2085 2114 2113
f 2085 2086 2114
f 2086 2115 2114
f 2086 2087 2115
f 2087 2116 2115
f 2087 2088 2116
f 2088 2117 2116
f 2088 2089 2117
f 2089 2118 2117
f 2089 2090 2118
f 2090 2119 2118
f 2090 2091 2119
f 2091 2120 2119
f 2091 2092 2120
f 2092 2121 2120
f 2092 2093 2121
f 2093 2122 2121
f 2093 2094 2122
f 2094 2123 2122
f 2094 2095 2123
f 2095 2124 2123
f 2095 2096 2124
f 2096 2125 2124
f 2096 2097 2125
f 2097 2126 2125
f 2097 2098 2126
f 2098 2127 2126
f 2098 2099 2127
f 2099 2128 2127
f 2099 2100 2128
f 2100 2129 2128
f 2100 2101 2129
f 2101 2130 2129
f 2101 2102 2130
f 2102 2103 2130
f 2102 2075 2103
f 2103 2132 2131
f 2103 2104 2132
f 2104 2133 2132
f 2104 2105 2133
f 2105 2134 2133
f 2105 2106 2134
f 2106 2135 2134
f 2106 2107 2135
f 2107 2136 2135
f 2107 2108 2136
f 2108 2137 2136
f 2108 2109 2137
f 2109 2138 2137
f 2109 2110 2138
f 2110 2139 2138
f 2110 2111 2139
f 2111 2140 2139
f 2111 2112 2140
f 2112 2141 2140
f 2112 2113 2141
f 2113 2142 2141
f 2113 2114 2142
f 2114 2143 2142
f 2114 2115 2143
f 2115 2144 2143
f 2115 2116 2144
f 2116 2145 2144
f 2116 2117 2145
f 2117 2146 2145
f 2117 2118 2146
f 2118 2147 2146
f 2118 2119 2147
f 2119 2148 2147
f 2119 2120 2148
f 2120 2149 2148
f 2120 2121 2149
f 2121 2150 2149
f 2121 2122 2150
f 2122 2151 2150
f 2122 2123 2151
f 2123 2152 2151
f 2123 2124 2152
f 2124 2153 2152
f 2124 2125 2153
f 2125 2154 2153
f 2125 2126 2154
f 2126 2155 2154
f 2126 2127 2155
f 2127 2156 2155
f 2127 2128 2156
f 2128 2157 2156
f 2128 2129 2157
f 2129 2158 2157
f 2129 2130 2158
f 2130 2131 2158
f 2130 2103 2131
f 2131 2160 2159
f 2131 2132 2160
f 2132 2161 2160
f 2132 2133 2161
f 2133 2162 2161
f 2133 2134 2162
f 2134 2163 2162
f 2134 2135 2163
f 2135 2164 2163
f 2135 2136 2164
f 2136 2165 2164
f 2136 2137 2165
f 2137 2166 2165
f 2137 2138 2166
f 2138 2167 2166
f 2138 2139 2167
f 2139 2168 2167
f 2139 2140 2168
f 2140 2169 2168
f 2140 2141 2169
f 2141 2170 2169
f 2141 2142 2170
f 2142 2171 2170
f 2142 2143 2171
f 2143 2172 2171
f 2143 2144 2172
f 2144 2173 2172
f 2144 2145 2173
f 2145 2174 2173
f 2145 2146 2174
f 2146 2175 2174
f 2146 2147 2175
f 2147 2176 2175
f 2147 2148 2176
f 2148 2177 2176
f 2148 2149 2177
f 2149 2178 2177
f 2149 2150 2178
f 2150 2179 2178
f 2150 2151 2179
f 2151 2180 2179
f 2151 2152 2180
f 2152 2181 2180
f 2152 2153 2181
f 2153 2182 2181
f 2153 2154 2182
f 2154 2183 2182
f 2154 2155 2183
f 2155 2184 2183
f 2155 2156 2184
f 2156 2185 2184
f 2156 2157 2185
f 2157 2186 2185
f 2157 2158 2186
f 2158 2159 2186
f 2158 2131 2159
f 2159 2188 2187
f 2159 2160 2188
f 2160 2189 2188
f 2160 2161 2189
f 2161 2190 2189
f 2161 2162 2190
f 2162 2191 2190
f 2162 2163 2191
f 2163 2192 2191
f 2163 2164 2192
f 2164 2193 2192
f 2164 2165 2193
f 2165 2194 2193
f 2165 2166 2194
f 2166 2195 2194
f 2166 2167 2195
f 2167 2196 2195
f 2167 2168 2196
f 2168 2197 2196
f 2168 2169 2197
f 2169 2198 2197
f 2169 2170 2198
f 2170 2199 2198
f 2170 2171 2199
f 2171 2200 2199
f 2171 2172 2200
f 2172 2201 2200
f 2172 2173 2201
f 2173 2202 2201
f 2173 2174 2202
f 2174 2203 2202
f 2174 2175 2203
f 2175 2204 2203
f 2175 2176 2204
f 2176 2205 2204
f 2176 2177 2205
f 2177 2206 2205
f 2177 2178 2206
f 2178 2207 2206
f 2178 2179 2207
f 2179 2208 2207
f 2179 2180 2208
f 2180 2209 2208
f 2180 2181 2209
f 2181 2210 2209
f 2181 2182 2210
f 2182 2211 2210
f 2182 2183 2211
f 2183 2212 2211
f 2183 2184 2212
f 2184 2213 2212
f 2184 2185 2213
f 2185 2214 2213
f 2185 2186 2214
f 2186 2187 2214
f 2186 2159 2187
f 2215 2020 2019
f 2216 2187 2188
f 2215 2021 2020
f 2216 2188 2189
f 2215 2022 2021
f 2216 2189 2190
f 2215 2023 2022
f 2216 2190 2191
f 2215 2024 2023
f 2216 2191 2192
f 2215 2025 2024
f 2216 2192 2193
f 2215 2026 2025
f 2216 2193 2194
f 2215 2027 2026
f 2216 2194 2195
f 2215 2028 2027
f 2216 2195 2196
f 2215 2029 2028
f 2216 2196 2197
f 2215 2030 2029
f 2216 2197 2198
f 2215 2031 2030
f 2216 2198 2199
f 2215 2032 2031
f 2216 2199 2200
f 2215 2033 2032
f 2216 2200 2201
f 2215 2034 2033
f 2216 2201 2202
f 2215 2035 2034
f 2216 2202 2203
f 2215 2036 2035
f 2216 2203 2204
f 2215 2037 2036
f 2216 2204 2205
f 2215 2038 2037
f 2216 2205 2206
f 2215 2039 2038
f 2216 2206 2207
f 2215 2040 2039
f 2216 2207 2208
f 2215 2041 2040
f 2216 2208 2209
f 2215 2042 2041
f 2216 2209 2210
f 2215 2043 2042
f 2216 2210 2211
f 2215 2044 2043
f 2216 2211 2212
f 2215 2045 2044
f 2216 2212 2213
f 2215 2046 2045
f 2216 2213 2214
f 2215 2019 2046
f 2216 2214 2187
f 2217 2246 2245
f 2217 2218 2246
f 2218 2247 2246
f 2218 2219 2247
f 2219 2248 2247
f 2219 2220 2248
f 2220 2249 2248
f 2220 2221 2249
f 2221 2250 2249
f 2221 2222 2250
f 2222 2251 2250
f 2222 2223 2251
f 2223 2252 2251
f 2223 2224 2252
f 2224 2253 2252
f 2224 2225 2253
f 2225 2254 2253
f 2225 2226 2254
f 2226 2255 2254
f 2226 2227 2255
f 2227 2256 2255
f 2227 2228 2256
f 2228 2257 2256
f 2228 2229 2257
f 2229 2258 2257
f 2229 2230 2258
f 2230 2259 2258
f 2230 2231 2259
f 2231 2260 2259
f 2231 2232 2260
f 2232 2261 2260
f 2232 2233 2261
f 2233 2262 2261
f 2233 2234 2262
f 2234 2263 2262
f 2234 2235 2263
f 2235 2264 2263
f 2235 2236 2264
f 2236 2265 2264
f 2236 2237 2265
f 2237 2266 2265
f 2237 2238 2266
f 2238 2267 2266
f 2238 2239 2267
f 2239 2268 2267
f 2239 2240 2268
f 2240 2269 2268
f 2240 2241 2269
f 2241 2270 2269
f 2241 2242 2270
f 2242 2271 2270
f 2242 2243 2271
f 2243 2272 2271
f 2243 2244 2272
f 2244 2245 2272
f 2244 2217 2245
f 2245 2274 2273
f 2245 2246 2274
f 2246 2275 2274
f 2246 2247 2275
f 2247 2276 2275
f 2247 2248 2276
f 2248 2277 2276
f 2248 2249 2277
f 2249 2278 2277
f 2249 2250 2278
f 2250 2279 2278
f 2250 2251 2279
f 2251 2280 2279
f 2251 2252 2280
f 2252 2281 2280
f 2252 2253 2281
f 2253 2282 2281
f 2253 2254 2282
f 2254 2283 2282
f 2254 2255 2283
f 2255 2284 2283
f 2255 2256 2284
f 2256 2285 2284
f 2256 2257 2285
f 2257 2286 2285
f 2257 2258 2286
f 2258 2287 2286
f 2258 2259 2287
f 2259 2288 2287
f 2259 2260 2288
f 2260 2289 2288
f 2260 2261 2289
f 2261 2290 2289
f 2261 2262 2290
f 2262 2291 2290
f 2262 2263 2291
f 2263 2292 2291
f 2263 2264 2292
f 2264 2293 2292
f 2264 2265 2293
f 2265 2294 2293
f 2265 2266 2294
f 2266 2295 2294
f 2266 2267 2295
f 2267 2296 2295
f 2267 2268 2296
f 2268 2297 2296
f 2268 2269 2297
f 2269 2298 2297
f 2269 2270 2298
f 2270 2299 2298
f 2270 2271 2299
f 2271 2300 2299
f 2271 2272 2300
f 2272 2273 2300
f 2272 2245 2273
f 2273 2302 2301
f 2273 2274 2302
f 2274 2303 2302
f 2274 2275 2303
f 2275 2304 2303
f 2275 2276 2304
f 2276 2305 2304
f 2276 2277 2305
f 2277 2306 2305
f 2277 2278 2306
f 2278 2307 2306
f 2278 2279 2307
f 2279 2308 2307
f 2279 2280 2308
f 2280 2309 2308
f 2280 2281 2309
f 2281 2310 2309
f 2281 2282 2310
f 2282 2311 2310
f 2282 2283 2311
f 2283 2312 2311
f 2283 2284 2312
f 2284 2313 2312
f 2284 2285 2313
f 2285 2314 2313
f 2285 2286 2314
f 2286 2315 2314
f 2286 2287 2315
f 2287 2316 2315
f 2287 2288 2316
f 2288 2317 2316
f 2288 2289 2317
f 2289 2318 2317
f 2289 2290 2318
f 2290 2319 2318
f 2290 2291 2319
f 2291 2320 2319
f 2291 2292 2320
f 2292 2321 2320
f 2292 2293 2321
f 2293 2322 2321
f 2293 2294 2322
f 2294 2323 2322
f 2294 2295 2323
f 2295 2324 2323
f 2295 2296 2324
f 2296 2325 2324
f 2296 2297 2325
f 2297 2326 2325
f 2297 2298 2326
f 2298 2327 2326
f 2298 2299 2327
f 2299 2328 2327
f 2299 2300 2328
f 2300 2301 2328
f 2300 2273 2301
f 2301 2330 2329
f 2301 2302 2330
f 2302 2331 2330
f 2302 2303 2331
f 2303 2332 2331
f 2303 2304 2332
f 2304 2333 2332
f 2304 2305 2333
f 2305 2334 2333
f 2305 2306 2334
f 2306 2335 2334
f 2306 2307 2335
f 2307 2336 2335
f 2307 2308 2336
f 2308 2337 2336
f 2308 2309 2337
f 2309 2338 2337
f 2309 2310 2338
f 2310 2339 2338
f 2310 2311 2339
f 2311 2340 2339
f 2311 2312 2340
f 2312 2341 2340
f 2312 2313 2341
f 2313 2342 2341
f 2313 2314 2342
f 2314 2343 2342
f 2314 2315 2343
f 2315 2344 2343
f 2315 2316 2344
f 2316 2345 2344
f 2316 2317 2345
f 2317 2346 2345
f 2317 2318 2346
f 2318 2347 2346
f 2318 2319 2347
f 2319 2348 2347
f 2319 2320 2348
f 2320 2349 2348
f 2320 2321 2349
f 2321 2350 2349
f 2321 2322 2350
f 2322 2351 2350
f 2322 2323 2351
f 2323 2352 2351
f 2323 2324 2352
f 2324 2353 2352
f 2324 2325 2353
f 2325 2354 2353
f 2325 2326 2354
f 2326 2355 2354
f 2326 2327 2355
f 2327 2356 2355
f 2327 2328 2356
f 2328 2329 2356
f 2328 2301 2329
f 2329 2358 2357
f 2329 2330 2358
f 2330 2359 2358
f 2330 2331 2359
f 2331 2360 2359
f 2331 2332 2360
f 2332 2361 2360
f 2332 2333 2361
f 2333 2362 2361
f 2333 2334 2362
f 2334 2363 2362
f 2334 2335 2363
f 2335 2364 2363
f 2335 2336 2364
f 2336 2365 2364
f 2336 2337 2365
f 2337 2366 2365
f 2337 2338 2366
f 2338 2367 2366
f 2338 2339 2367
f 2339 2368 2367
f 2339 2340 2368
f 2340 2369 2368
f 2340 2341 2369
f 2341 2370 2369
f 2341 2342 2370
f 2342 2371 2370
f 2342 2343 2371
f 2343 2372 2371
f 2343 2344 2372
f 2344 2373 2372
f 2344 2345 2373
f 2345 2374 2373
f 2345 2346 2374
f 2346 2375 2374
f 2346 2347 2375
f 2347 2376 2375
f 2347 2348 2376
f 2348 2377 2376
f 2348 2349 2377
f 2349 2378 2377
f 2349 2350 2378
f 2350 2379 2378
f 2350 2351 2379
f 2351 2380 2379
f 2351 2352 2380
f 2352 2381 2380
f 2352 2353 2381
f 2353 2382 2381
f 2353 2354 2382
f 2354 2383 2382
f 2354 2355 2383
f 2355 2384 2383
f 2355 2356 2384
f 2356 2357 2384
f 2356 2329 2357
f 2357 2386 2385
f 2357 2358 2386
f 2358 2387 2386
f 2358 2359 2387
f 2359 2388 2387
f 2359 2360 2388
f 2360 2389 2388
f 2360 2361 2389
f 2361 2390 2389
f 2361 2362 2390
f 2362 2391 2390
f 2362 2363 2391
f 2363 2392 2391
f 2363 2364 2392
f 2364 2393 2392
f 2364 2365 2393
f 2365 2394 2393
f 2365 2366 2394
f 2366 2395 2394
f 2366 2367 2395
f 2367 2396 2395
f 2367 2368 2396
f 2368 2397 2396
f 2368 2369 2397
f 2369 2398 2397
f 2369 2370 2398
f 2370 2399 2398
f 2370 2371 2399
f 2371 2400 2399
f 2371 2372 2400
f 2372 2401 2400
f 2372 2373 2401
f 2373 2402 2401
f 2373 2374 2402
f 2374 2403 2402
f 2374 2375 2403
f 2375 2404 2403
f 2375 2376 2404
f 2376 2405 2404
f 2376 2377 2405
f 2377 2406 2405
f 2377 2378 2406
f 2378 2407 2406
f 2378 2379 2407
f 2379 2408 2407
f 2379 2380 2408
f 2380 2409 2408
f 2380 2381 2409
f 2381 2410 2409
f 2381 2382 2410
f 2382 2411 2410
f 2382 2383 2411
f 2383 2412 2411
f 2383 2384 2412
f 2384 2385 2412
f 2384 2357 2385
f 2413 2218 2217
f 2414 2385 2386
f 2413 2219 2218
f 2414 2386 2387
f 2413 2220 2219
f 2414 2387 2388
f 2413 2221 2220
f 2414 2388 2389
f 2413 2222 2221
f 2414 2389 2390
f 2413 2223 2222
f 2414 2390 2391
f 2413 2224 2223
f 2414 2391 2392
f 2413 2225 2224
f 2414 2392 2393
f 2413 2226 2225
f 2414 2393 2394
f 2413 2227 2226
f 2414 2394 2395
f 2413 2228 2227
f 2414 2395 2396
f 2413 2229 2228
f 2414 2396 2397
f 2413 2230 2229
f 2414 2397 2398
f 2413 2231 2230
f 2414 2398 2399
f 2413 2232 2231
f 2414 2399 2400
f 2413 2233 2232
f 2414 2400 2401
f 2413 2234 2233
f 2414 2401 2402
f 2413 2235 2234
f 2414 2402 2403
f 2413 2236 2235
f 2414 2403 2404
f 2413 2237 2236
f 2414 2404 2405
f 2413 2238 2237
f 2414 2405 2406
f 2413 2239 2238
f 2414 2406 2407
f 2413 2240 2239
f 2414 2407 2408
f 2413 2241 2240
f 2414 2408 2409
f 2413 2242 2241
f 2414 2409 2410
f 2413 2243 2242
f 2414 2410 2411
f 2413 2244 2243
f 2414 2411 2412
f 2413 2217 2244
f 2414 2412 2385
f 2415 2444 2443
f 2415 2416 2444
f 2416 2445 2444
f 2416 2417 2445
f 2417 2446 2445
f 2417 2418 2446
f 2418 2447 2446
f 2418 2419 2447
f 2419 2448 2447
f 2419 2420 2448
f 2420 2449 2448
f 2420 2421 2449
f 2421 2450 2449
f 2421 2422 2450
f 2422 2451 2450
f 2422 2423 2451
f 2423 2452 2451
f 2423 2424 2452
f 2424 2453 2452
f 2424 2425 2453
f 2425 2454 2453
f 2425 2426 2454
f 2426 2455 2454
f 2426 2427 2455
f 2427 2456 2455
f 2427 2428 2456
f 2428 2457 2456
f 2428 2429 2457
f 2429 2458 2457
f 2429 2430 2458
f 2430 2459 2458
f 2430 2431 2459
f 2431 2460 2459
f 2431 2432 2460
f 2432 2461 2460
f 2432 2433 2461
f 2433 2462 2461
f 2433 2434 2462
f 2434 2463 2462
f 2434 2435 2463
f 2435 2464 2463
f 2435 2436 2464
f 2436 2465 2464
f 2436 2437 2465
f 2437 2466 2465
f 2437 2438 2466
f 2438 2467 2466
f 2438 2439 2467
f 2439 2468 2467
f 2439 2440 2468
f 2440 2469 2468
f 2440 2441 2469
f 2441 2470 2469
f 2441 2442 2470
f 2442 2443 2470
f 2442 2415 2443
f 2443 2472 2471
f 2443 2444 2472
f 2444 2473 2472
f 2444 2445 2473
f 2445 2474 2473
f 2445 2446 2474
f 2446 2475 2474
f 2446 2447 2475
f 2447 2476 2475
f 2447 2448 2476
f 2448 2477 2476
f 2448 2449 2477
f 2449 2478 2477
f 2449 2450 2478
f 2450 2479 2478
f 2450 2451 2479
f 2451 2480 2479
f 2451 2452 2480
f 2452 2481 2480
f 2452 2453 2481
f 2453 2482 2481
f 2453 2454 2482
f 2454 2483 2482
f 2454 2455 2483
f 2455 2484 2483
f 2455 2456 2484
f 2456 2485 2484
f 2456 2457 2485
f 2457 2486 2485
f 2457 2458 2486
f 2458 2487 2486
f 2458 2459 2487
f 2459 2488 2487
f 2459 2460 2488
f 2460 2489 2488
f 2460 2461 2489
f 2461 2490 2489
f 2461 2462 2490
f 2462 2491 2490
f 2462 2463 2491
f 2463 2492 2491
f 2463 2464 2492
f 2464 2493 2492
f 2464 2465 2493
f 2465 2494 2493
f 2465 2466 2494
f 2466 2495 2494
f 2466 2467 2495
f 2467 2496 2495
f 2467 2468 2496
f 2468 2497 2496
f 2468 2469 2497
f 2469 2498 2497
f 2469 2470 2498
f 2470 2471 2498
f 2470 2443 2471
f 2471 2500 2499
f 2471 2472 2500
f 2472 2501 2500
f 2472 2473 2501
f 2473 2502 2501
f 2473 2474 2502
f 2474 2503 2502
f 2474 2475 2503
f 2475 2504 2503
f 2475 2476 2504
f 2476 2505 2504
f 2476 2477 2505
f 2477 2506 2505
f 2477 2478 2506
f 2478 2507 2506
f 2478 2479 2507
f 2479 2508 2507
f 2479 2480 2508
f 2480 2509 2508
f 2480 2481 2509
f 2481 2510 2509
f 2481 2482 2510
f 2482 2511 2510
f 2482 2483 2511
f 2483 2512 2511
f 2483 2484 2512
f 2484 2513 2512
f 2484 2485 2513
f 2485 2514 2513
f 2485 2486 2514
f 2486 2515 2514
f 2486 2487 2515
f 2487 2516 2515
f 2487 2488 2516
f 2488 2517 2516
f 2488 2489 2517
f 2489 2518 2517
f 2489 2490 2518
f 2490 2519 2518
f 2490 2491 2519
f 2491 2520 2519
f 2491 2492 2520
f 2492 2521 2520
f 2492 2493 2521
f 2493 2522 2521
f 2493 2494 2522
f 2494 2523 2522
f 2494 2495 2523
f 2495 2524 2523
f 2495 2496 2524
f 2496 2525 2524
f 2496 2497 2525
f 2497 2526 2525
f 2497 2498 2526
f 2498 2499 2526
f 2498 2471 2499
f 2499 2528 2527
f 2499 2500 2528
f 2500 2529 2528
f 2500 2501 2529
f 2501 2530 2529
f 2501 2502 2530
f 2502 2531 2530
f 2502 2503 2531
f 2503 2532 2531
f 2503 2504 2532
f 2504 2533 2532
f 2504 2505 2533
f 2505 2534 2533
f 2505 2506 2534
f 2506 2535 2534
f 2506 2507 2535
f 2507 2536 2535
f 2507 2508 2536
f 2508 2537 2536
f 2508 2509 2537
f 2509 2538 2537
f 2509 2510 2538
f 2510 2539 2538
f 2510 2511 2539
f 2511 2540 2539
f 2511 2512 2540
f 2512 2541 2540
f 2512 2513 2541
f 2513 2542 2541
f 2513 2514 2542
f 2514 2543 2542
f 2514 2515 2543
f 2515 2544 2543
f 2515 2516 2544
f 2516 2545 2544
f 2516 2517 2545
f 2517 2546 2545
f 2517 2518 2546
f 2518 2547 2546
f 2518 2519 2547
f 2519 2548 2547
f 2519 2520 2548
f 2520 2549 2548
f 2520 2521 2549
f 2521 2550 2549
f 2521 2522 2550
f 2522 2551 2550
f 2522 2523 2551
f 2523 2552 2551
f 2523 2524 2552
f 2524 2553 2552
f 2524 2525 2553
f 2525 2554 2553
f 2525 2526 2554
f 2526 2527 2554
f 2526 2499 2527
f 2527 2556 2555
f 2527 2528 2556
f 2528 2557 2556
f 2528 2529 2557
f 2529 2558 2557
f 2529 2530 2558
f 2530 2559 2558
f 2530 2531 2559
f 2531 2560 2559
f 2531 2532 2560
f 2532 2561 2560
f 2532 2533 2561
f 2533 2562 2561
f 2533 2534 2562
f 2534 2563 2562
f 2534 2535 2563
f 2535 2564 2563
f 2535 2536 2564
f 2536 2565 2564
f 2536 2537 2565
f 2537 2566 2565
f 2537 2538 2566
f 2538 2567 2566
f 2538 2539 2567
f 2539 2568 2567
f 2539 2540 2568
f 2540 2569 2568
f 2540 2541 2569
f 2541 2570 2569
f 2541 2542 2570
f 2542 2571 2570
f 2542 2543 2571
f 2543 2572 2571
f 2543 2544 2572
f 2544 2573 2572
f 2544 2545 2573
f 2545 2574 2573
f 2545 2546 2574
f 2546 2575 2574
f 2546 2547 2575
f 2547 2576 2575
f 2547 2548 2576
f 2548 2577 2576
f 2548 2549 2577
f 2549 2578 2577
f 2549 2550 2578
f 2550 2579 2578
f 2550 2551 2579
f 2551 2580 2579
f 2551 2552 2580
f 2552 2581 2580
f 2552 2553 2581
f 2553 2582 2581
f 2553 2554 2582
f 2554 2555 2582
f 2554 2527 2555
f 2555 2584 2583
f 2555 2556 2584
f 2556 2585 2584
f 2556 2557 2585
f 2557 2586 2585
f 2557 2558 2586
f 2558 2587 2586
f 2558 2559 2587
f 2559 2588 2587
f 2559 2560 2588
f 2560 2589 2588
f 2560 2561 2589
f 2561 2590 2589
f 2561 2562 2590
f 2562 2591 2590
f 2562 2563 2591
f 2563 2592 2591
f 2563 2564 2592
f 2564 2593 2592
f 2564 2565 2593
f 2565 2594 2593
f 2565 2566 2594
f 2566 2595 2594
f 2566 2567 2595
f 2567 2596 2595
f 2567 2568 2596
f 2568 2597 2596
f 2568 2569 2597
f 2569 2598 2597
f 2569 2570 2598
f 2570 2599 2598
f 2570 2571 2599
f 2571 2600 2599
f 2571 2572 2600
f 2572 2601 2600
f 2572 2573 2601
f 2573 2602 2601
f 2573 2574 2602
f 2574 2603 2602
f 2574 2575 2603
f 2575 2604 2603
f 2575 2576 2604
f 2576 2605 2604
f 2576 2577 2605
f 2577 2606 2605
f 2577 2578 2606
f 2578 2607 2606
f 2578 2579 2607
f 2579 2608 2607
f 2579 2580 2608
f 2580 2609 2608
f 2580 2581 2609
f 2581 2610 2609
f 2581 2582 2610
f 2582 2583 2610
f 2582 2555 2583
f 2611 2416 2415
f 2612 2583 2584
f 2611 2417 2416
f 2612 2584 2585
f 2611 2418 2417
f 2612 2585 2586
f 2611 2419 2418
f 2612 2586 2587
f 2611 2420 2419
f 2612 2587 2588
f 2611 2421 2420
f 2612 2588 2589
f 2611 2422 2421
f 2612 2589 2590
f 2611 2423 2422
f 2612 2590 2591
f 2611 2424 2423
f 2612 2591 2592
f 2611 2425 2424
f 2612 2592 2593
f 2611 2426 2425
f 2612 2593 2594
f 2611 2427 2426
f 2612 2594 2595
f 2611 2428 2427
f 2612 2595 2596
f 2611 2429 2428
f 2612 2596 2597
f 2611 2430 2429
f 2612 2597 2598
f 2611 2431 2430
f 2612 2598 2599
f 2611 2432 2431
f 2612 2599 2600
f 2611 2433 2432
f 2612 2600 2601
f 2611 2434 2433
f 2612 2601 2602
f 2611 2435 2434
f 2612 2602 2603
f 2611 2436 2435
f 2612 2603 2604
f 2611 2437 2436
f 2612 2604 2605
f 2611 2438 2437
f 2612 2605 2606
f 2611 2439 2438
f 2612 2606 2607
f 2611 2440 2439
f 2612 2607 2608
f 2611 2441 2440
f 2612 2608 2609
f 2611 2442 2441
f 2612 2609 2610
f 2611 2415 2442
f 2612 2610 2583
f 2613 2642 2641
f 2613 2614 2642
f 2614 2643 2642
f 2614 2615 2643
f 2615 2644 2643
f 2615 2616 2644
f 2616 2645 2644
f 2616 2617 2645
f 2617 2646 2645
f 2617 2618 2646
f 2618 2647 2646
f 2618 2619 2647
f 2619 2648 2647
f 2619 2620 2648
f 2620 2649 2648
f 2620 2621 2649
f 2621 2650 2649
f 2621 2622 2650
f 2622 2651 2650
f 2622 2623 2651
f 2623 2652 2651
f 2623 2624 2652
f 2624 2653 2652
f 2624 2625 2653
f 2625 2654 2653
f 2625 2626 2654
f 2626 2655 2654
f 2626 2627 2655
f 2627 2656 2655
f 2627 2628 2656
f 2628 2657 2656
f 2628 2629 2657
f 2629 2658 2657
f 2629 2630 2658
f 2630 2659 2658
f 2630 2631 2659
f 2631 2660 2659
f 2631 2632 2660
f 2632 2661 2660
f 2632 2633 2661
f 2633 2662 2661
f 2633 2634 2662
f 2634 2663 2662
f 2634 2635 2663
f 2635 2664 2663
f 2635 2636 2664
f 2636 2665 2664
f 2636 2637 2665
f 2637 2666 2665
f 2637 2638 2666
f 2638 2667 2666
f 2638 2639 2667
f 2639 2668 2667
f 2639 2640 2668
f 2640 2641 2668
f 2640 2613 2641
f 2641 2670 2669
f 2641 2642 2670
f 2642 2671 2670
f 2642 2643 2671
f 2643 2672 2671
f 2643 2644 2672
f 2644 2673 2672
f 2644 2645 2673
f 2645 2674 2673
f 2645 2646 2674
f 2646 2675 2674
f 2646 2647 2675
f 2647 2676 2675
f 2647 2648 2676
f 2648 2677 2676
f 2648 2649 2677
f 2649 2678 2677
f 2649 2650 2678
f 2650 2679 2678
f 2650 2651 2679
f 2651 2680 2679
f 2651 2652 2680
f 2652 2681 2680
f 2652 2653 2681
f 2653 2682 2681
f 2653 2654 2682
f 2654 2683 2682
f 2654 2655 2683
f 2655 2684 2683
f 2655 2656 2684
f 2656 2685 2684
f 2656 2657 2685
f 2657 2686 2685
f 2657 2658 2686
f 2658 2687 2686
f 2658 2659 2687
f 2659 2688 2687
f 2659 2660 2688
f 2660 2689 2688
f 2660 2661 2689
f 2661 2690 2689
f 2661 2662 2690
f 2662 2691 2690
f 2662 2663 2691
f 2663 2692 2691
f 2663 2664 2692
f 2664 2693 2692
f 2664 2665 2693
f 2665 2694 2693
f 2665 2666 2694
f 2666 2695 2694
f 2666 2667 2695
f 2667 2696 2695
f 2667 2668 2696
f 2668 2669 2696
f 2668 2641 2669
f 2669 2698 2697
f 2669 2670 2698
f 2670 2699 2698
f 2670 2671 2699
f 2671 2700 2699
f 2671 2672 2700
f 2672 2701 2700
f 2672 2673 2701
f 2673 2702 2701
f 2673 2674 2702
f 2674 2703 2702
f 2674 2675 2703
f 2675 2704 2703
f 2675 2676 2704
f 2676 2705 2704
f 2676 2677 2705
f 2677 2706 2705
f 2677 2678 2706
f 2678 2707 2706
f 2678 2679 2707
f 2679 2708 2707
f 2679 2680 2708
f 2680 2709 2708
f 2680 2681 2709
f 2681 2710 2709
f 2681 2682 2710
f 2682 2711 2710
f 2682 2683 2711
f 2683 2712 2711
f 2683 2684 2712
f 2684 2713 2712
f 2684 2685 2713
f 2685 2714 2713
f 2685 2686 2714
f 2686 2715 2714
f 2686 2687 2715
f 2687 2716 2715
f 2687 2688 2716
f 2688 2717 2716
f 2688 2689 2717
f 2689 2718 2717
f 2689 2690 2718
f 2690 2719 2718
f 2690 2691 2719
f 2691 2720 2719
f 2691 2692 2720
f 2692 2721 2720
f 2692 2693 2721
f 2693 2722 2721
f 2693 2694 2722
f 2694 2723 2722
f 2694 2695 2723
f 2695 2724 2723
f 2695 2696 2724
f 2696 2697 2724
f 2696 2669 2697
f 2697 2726 2725
f 2697 2698 2726
f 2698 2727 2726
f 2698 2699 2727
f 2699 2728 2727
f 2699 2700 2728
f 2700 2729 2728
f 2700 2701 2729
f 2701 2730 2729
f 2701 2702 2730
f 2702 2731 2730
f 2702 2703 2731
f 2703 2732 2731
f 2703 2704 2732
f 2704 2733 2732
f 2704 2705 2733
f 2705 2734 2733
f 2705 2706 2734
f 2706 2735 2734
f 2706 2707 2735
f 2707 2736 2735
f 2707 2708 2736
f 2708 2737 2736
f 2708 2709 2737
f 2709 2738 2737
f 2709 2710 2738
f 2710 2739 2738
f 2710 2711 2739
f 2711 2740 2739
f 2711 2712 2740
f 2712 2741 2740
f 2712 2713 2741
f 2713 2742 2741
f 2713 2714 2742
f 2714 2743 2742
f 2714 2715 2743
f 2715 2744 2743
f 2715 2716 2744
f 2716 2745 2744
f 2716 2717 2745
f 2717 2746 2745
f 2717 2718 2746
f 2718 2747 2746
f 2718 2719 2747
f 2719 2748 2747
f 2719 2720 2748
f 2720 2749 2748
f 2720 2721 2749
f 2721 2750 2749
f 2721 2722 2750
f 2722 2751 2750
f 2722 2723 2751
f 2723 2752 2751
f 2723 2724 2752
f 2724 2725 2752
f 2724 2697 2725
f 2725 2754 2753
f 2725 2726 2754
f 2726 2755 2754
f 2726 2727 2755
f 2727 2756 2755
f 2727 2728 2756
f 2728 2757 2756
f 2728 2729 2757
f 2729 2758 2757
f 2729 2730 2758
f 2730 2759 2758
f 2730 2731 2759
f 2731 2760 2759
f 2731 2732 2760
f 2732 2761 2760
f 2732 2733 2761
f 2733 2762 2761
f 2733 2734 2762
f 2734 2763 2762
f 2734 2735 2763
f 2735 2764 2763
f 2735 2736 2764
f 2736 2765 2764
f 2736 2737 2765
f 2737 2766 2765
f 2737 2738 2766
f 2738 2767 2766
f 2738 2739 2767
f 2739 2768 2767
f 2739 2740 2768
f 2740 2769 2768
f 2740 2741 2769
f 2741 2770 2769
f 2741 2742 2770
f 2742 2771 2770
f 2742 2743 2771
f 2743 2772 2771
f 2743 2744 2772
f 2744 2773 2772
f 2744 2745 2773
f 2745 2774 2773
f 2745 2746 2774
f 2746 2775 2774
f 2746 2747 2775
f 2747 2776 2775
f 2747 2748 2776
f 2748 2777 2776
f 2748 2749 2777
f 2749 2778 2777
f 2749 2750 2778
f 2750 2779 2778
f 2750 2751 2779
f 2751 2780 2779
f 2751 2752 2780
f 2752 2753 2780
f 2752 2725 2753
f 2753 2782 2781
f 2753 2754 2782
f 2754 2783 2782
f 2754 2755 2783
f 2755 2784 2783
f 2755 2756 2784
f 2756 2785 2784
f 2756 2757 2785
f 2757 2786 2785
f 2757 2758 2786
f 2758 2787 2786
f 2758 2759 2787
f 2759 2788 2787
f 2759 2760 2788
f 2760 2789 2788
f 2760 2761 2789
f 2761 2790 2789
f 2761 2762 2790
f 2762 2791 2790
f 2762 2763 2791
f 2763 2792 2791
f 2763 2764 2792
f 2764 2793 2792
f 2764 2765 2793
f 2765 2794 2793
f 2765 2766 2794
f 2766 2795 2794
f 2766 2767 2795
f 2767 2796 2795
f 2767 2768 2796
f 2768 2797 2796
f 2768 2769 2797
f 2769 2798 2797
f 2769 2770 2798
f 2770 2799 2798
f 2770 2771 2799
f 2771 2800 2799
f 2771 2772 2800
f 2772 2801 2800
f 2772 2773 2801
f 2773 2802 2801
f 2773 2774 2802
f 2774 2803 2802
f 2774 2775 2803
f 2775 2804 2803
f 2775 2776 2804
f 2776 2805 2804
f 2776 2777 2805
f 2777 2806 2805
f 2777 2778 2806
f 2778 2807 2806
f 2778 2779 2807
f 2779 2808 2807
f 2779 2780 2808
f 2780 2781 2808
f 2780 2753 2781
f 2809 2614 2613
f 2810 2781 2782
f 2809 2615 2614
f 2810 2782 2783
f 2809 2616 2615
f 2810 2783 2784
f 2809 2617 2616
f 2810 2784 2785
f 2809 2618 2617
f 2810 2785 2786
f 2809 2619 2618
f 2810 2786 2787
f 2809 2620 2619
f 2810 2787 2788
f 2809 2621 2620
f 2810 2788 2789
f 2809 2622 2621
f 2810 2789 2790
f 2809 2623 2622
f 2810 2790 2791
f 2809 2624 2623
f 2810 2791 2792
f 2809 2625 2624
f 2810 2792 2793
f 2809 2626 2625
f 2810 2793 2794
f 2809 2627 2626
f 2810 2794 2795
f 2809 2628 2627
f 2810 2795 2796
f 2809 2629 2628
f 2810 2796 2797
f 2809 2630 2629
f 2810 2797 2798
f 2809 2631 2630
f 2810 2798 2799
f 2809 2632 2631
f 2810 2799 2800
f 2809 2633 2632
f 2810 2800 2801
f 2809 2634 2633
f 2810 2801 2802
f 2809 2635 2634
f 2810 2802 2803
f 2809 2636 2635
f 2810 2803 2804
f 2809 2637 2636
f 2810 2804 2805
f 2809 2638 2637
f 2810 2805 2806
f 2809 2639 2638
f 2810 2806 2807
f 2809 2640 2639
f 2810 2807 2808
f 2809 2613 2640
f 2810 2808 2781
f 2811 2840 2839
f 2811 2812 2840
f 2812 2841 2840
f 2812 2813 2841
f 2813 2842 2841
f 2813 2814 2842
f 2814 2843 2842
f 2814 2815 2843
f 2815 2844 2843
f 2815 2816 2844
f 2816 2845 2844
f 2816 2817 2845
f 2817 2846 2845
f 2817 2818 2846
f 2818 2847 2846
f 2818 2819 2847
f 2819 2848 2847
f 2819 2820 2848
f 2820 2849 2848
f 2820 2821 2849
f 2821 2850 2849
f 2821 2822 2850
f 2822 2851 2850
f 2822 2823 2851
f 2823 2852 2851
f 2823 2824 2852
f 2824 2853 2852
f 2824 2825 2853
f 2825 2854 2853
f 2825 2826 2854
f 2826 2855 2854
f 2826 2827 2855
f 2827 2856 2855
f 2827 2828 2856
f 2828 2857 2856
f 2828 2829 2857
f 2829 2858 2857
f 2829 2830 2858
f 2830 2859 2858
f 2830 2831 2859
f 2831 2860 2859
f 2831 2832 2860
f 2832 2861 2860
f 2832 2833 2861
f 2833 2862 2861
f 2833 2834 2862
f 2834 2863 2862
f 2834 2835 2863
f 2835 2864 2863
f 2835 2836 2864
f 2836 2865 2864
f 2836 2837 2865
f 2837 2866 2865
f 2837 2838 2866
f 2838 2839 2866
f 2838 2811 2839
f 2839 2868 2867
f 2839 2840 2868
f 2840 2869 2868
f 2840 2841 2869
f 2841 2870 2869
f 2841 2842 2870
f 2842 2871 2870
f 2842 2843 2871
f 2843 2872 2871
f 2843 2844 2872
f 2844 2873 2872
f 2844 2845 2873
f 2845 2874 2873
f 2845 2846 2874
f 2846 2875 2874
f 2846 2847 2875
f 2847 2876 2875
f 2847 2848 2876
f 2848 2877 2876
f 2848 2849 2877
f 2849 2878 2877
f 2849 2850 2878
f 2850 2879 2878
f 2850 2851 2879
f 2851 2880 2879
f 2851 2852 2880
f 2852 2881 2880
f 2852 2853 2881
f 2853 2882 2881
f 2853 2854 2882
f 2854 2883 2882
f 2854 2855 2883
f 2855 2884 2883
f 2855 2856 2884
f 2856 2885 2884
f 2856 2857 2885
f 2857 2886 2885
f 2857 2858 2886
f 2858 2887 2886
f 2858 2859 2887
f 2859 2888 2887
f 2859 2860 2888
f 2860 2889 2888
f 2860 2861 2889
f 2861 2890 2889
f 2861 2862 2890
f 2862 2891 2890
f 2862 2863 2891
f 2863 2892 2891
f 2863 2864 2892
f 2864 2893 2892
f 2864 2865 2893
f 2865 2894 2893
f 2865 2866 2894
f 2866 2867 2894
f 2866 2839 2867
f 2867 2896 2895
f 2867 2868 2896
f 2868 2897 2896
f 2868 2869 2897
f 2869 2898 2897
f 2869 2870 2898
f 2870 2899 2898
f 2870 2871 2899
f 2871 2900 2899
f 2871 2872 2900
f 2872 2901 2900
f 2872 2873 2901
f 2873 2902 2901
f 2873 2874 2902
f 2874 2903 2902
f 2874 2875 2903
f 2875 2904 2903
f 2875 2876 2904
f 2876 2905 2904
f 2876 2877 2905
f 2877 2906 2905
f 2877 2878 2906
f 2878 2907 2906
f 2878 2879 2907
f 2879 2908 2907
f 2879 2880 2908
f 2880 2909 2908
f 2880 2881 2909
f 2881 2910 2909
f 2881 2882 2910
f 2882 2911 2910
f 2882 2883 2911
f 2883 2912 2911
f 2883 2884 2912
f 2884 2913 2912
f 2884 2885 2913
f 2885 2914 2913
f 2885 2886 2914
f 2886 2915 2914
f 2886 2887 2915
f 2887 2916 2915
f 2887 2888 2916
f 2888 2917 2916
f 2888 2889 2917
f 2889 2918 2917
f 2889 2890 2918
f 2890 2919 2918
f 2890 2891 2919
f 2891 2920 2919
f 2891 2892 2920
f 2892 2921 2920
f 2892 2893 2921
f 2893 2922 2921
f 2893 2894 2922
f 2894 2895 2922
f 2894 2867 2895
f 2895 2924 2923
f 2895 2896 2924
f 2896 2925 2924
f 2896 2897 2925
f 2897 2926 2925
f 2897 2898 2926
f 2898 2927 2926
f 2898 2899 2927
f 2899 2928 2927
f 2899 2900 2928
f 2900 2929 2928
f 2900 2901 2929
f 2901 2930 2929
f 2901 2902 2930
f 2902 2931 2930
f 2902 2903 2931
f 2903 2932 2931
f 2903 2904 2932
f 2904 2933 2932
f 2904 2905 2933
f 2905 2934 2933
f 2905 2906 2934
f 2906 2935 2934
f 2906 2907 2935
f 2907 2936 2935
f 2907 2908 2936
f 2908 2937 2936
f 2908 2909 2937
f 2909 2938 2937
f 2909 2910 2938
f 2910 2939 2938
f 2910 2911 2939
f 2911 2940 2939
f 2911 2912 2940
f 2912 2941 2940
f 2912 2913 2941
f 2913 2942 2941
f 2913 2914 2942
f 2914 2943 2942
f 2914 2915 2943
f 2915 2944 2943
f 2915 2916 2944
f 2916 2945 2944
f 2916 2917 2945
f 2917 2946 2945
f 2917 2918 2946
f 2918 2947 2946
f 2918 2919 2947
f 2919 2948 2947
f 2919 2920 2948
f 2920 2949 2948
f 2920 2921 2949
f 2921 2950 2949
f 2921 2922 2950
f 2922 2923 2950
f 2922 2895 2923
f 2923 2952 2951
f 2923 2924 2952
f 2924 2953 2952
f 2924 2925 2953
f 2925 2954 2953
f 2925 2926 2954
f 2926 2955 2954
f 2926 2927 2955
f 2927 2956 2955
f 2927 2928 2956
f 2928 2957 2956
f 2928 2929 2957
f 2929 2958 2957
f 2929 2930 2958
f 2930 2959 2958
f 2930 2931 2959
f 2931 2960 2959
f 2931 2932 2960
f 2932 2961 2960
f 2932 2933 2961
f 2933 2962 2961
f 2933 2934 2962
f 2934 2963 2962
f 2934 2935 2963
f 2935 2964 2963
f 2935 2936 2964
f 2936 2965 2964
f 2936 2937 2965
f 2937 2966 2965
f 2937 2938 2966
f 2938 2967 2966
f 2938 2939 2967
f 2939 2968 2967
f 2939 2940 2968
f 2940 2969 2968
f 2940 2941 2969
f 2941 2970 2969
f 2941 2942 2970
f 2942 2971 2970
f 2942 2943 2971
f 2943 2972 2971
f 2943 2944 2972
f 2944 2973 2972
f 2944 2945 2973
f 2945 2974 2973
f 2945 2946 2974
f 2946 2975 2974
f 2946 2947 2975
f 2947 2976 2975
f 2947 2948 2976
f 2948 2977 2976
f 2948 2949 2977
f 2949 2978 2977
f 2949 2950 2978
f 2950 2951 2978
f 2950 2923 2951
f 2951 2980 2979
f 2951 2952 2980
f 2952 2981 2980
f 2952 2953 2981
f 2953 2982 2981
f 2953 2954 2982
f 2954 2983 2982
f 2954 2955 2983
f 2955 2984 2983
f 2955 2956 2984
f 2956 2985 2984
f 2956 2957 2985
f 2957 2986 2985
f 2957 2958 2986
f 2958 2987 2986
f 2958 2959 2987
f 2959 2988 2987
f 2959 2960 2988
f 2960 2989 2988
f 2960 2961 2989
f 2961 2990 2989
f 2961 2962 2990
f 2962 2991 2990
f 2962 2963 2991
f 2963 2992 2991
f 2963 2964 2992
f 2964 2993 2992
f 2964 2965 2993
f 2965 2994 2993
f 2965 2966 2994
f 2966 2995 2994
f 2966 2967 2995
f 2967 2996 2995
f 2967 2968 2996
f 2968 2997 2996
f 2968 2969 2997
f 2969 2998 2997
f 2969 2970 2998
f 2970 2999 2998
f 2970 2971 2999
f 2971 3000 2999
f 2971 2972 3000
f 2972 3001 3000
f 2972 2973 3001
f 2973 3002 3001
f 2973 2974 3002
f 2974 3003 3002
f 2974 2975 3003
f 2975 3004 3003
f 2975 2976 3004
f 2976 3005 3004
f 2976 2977 3005
f 2977 3006 3005
f 2977 2978 3006
f 2978 2979 3006
f 2978 2951 2979
f 3007 2812 2811
f 3008 2979 2980
f 3007 2813 2812
f 3008 2980 2981
f 3007 2814 2813
f 3008 2981 2982
f 3007 2815 2814
f 3008 2982 2983
f 3007 2816 2815
f 3008 2983 2984
f 3007 2817 2816
f 3008 2984 2985
f 3007 2818 2817
f 3008 2985 2986
f 3007 2819 2818
f 3008 2986 2987
f 3007 2820 2819
f 3008 2987 2988
f 3007 2821 2820
f 3008 2988 2989
f 3007 2822 2821
f 3008 2989 2990
f 3007 2823 2822
f 3008 2990 2991
f 3007 2824 2823
f 3008 2991 2992
f 3007 2825 2824
f 3008 2992 2993
f 3007 2826 2825
f 3008 2993 2994
f 3007 2827 2826
f 3008 2994 2995
f 3007 2828 2827
f 3008 2995 2996
f 3007 2829 2828
f 3008 2996 2997
f 3007 2830 2829
f 3008 2997 2998
f 3007 2831 2830
f 3008 2998 2999
f 3007 2832 2831
f 3008 2999 3000
f 3007 2833 2832
f 3008 3000 3001
f 3007 2834 2833
f 3008 3001 3002
f 3007 2835 2834
f 3008 3002 3003
f 3007 2836 2835
f 3008 3003 3004
f 3007 2837 2836
f 3008 3004 3005
f 3007 2838 2837
f 3008 3005 3006
f 3007 2811 2838
f 3008 3006 2979
f 3010 3110 3009
f 3009 3110 3111
f 3009 3111 3212
f 3212 3111 3211
f 3211 3111 3112
f 3211 3112 3210
f 3210 3112 3209
f 3209 3112 3208
f 3208 3112 3113
f 3208 3113 3207
f 3207 3113 3206
f 3206 3113 3205
f 3205 3113 3114
f 3205 3114 3204
f 3204 3114 3115
f 3204 3115 3203
f 3203 3115 3202
f 3202 3115 3116
f 3202 3116 3201
f 3201 3116 3117
f 3201 3117 3200
f 3200 3117 3199
f 3199 3117 3118
f 3199 3118 3119
f 3010 3011 3110
f 3110 3011 3012
f 3110 3012 3109
f 3109 3012 3013
f 3109 3013 3014
f 3014 3015 3109
f 3109 3015 3108
f 3108 3015 3016
f 3108 3016 3017
f 3017 3018 3108
f 3108 3018 3107
f 3107 3018 3019
f 3107 3019 3106
f 3106 3019 3020
f 3106 3020 3021
f 3106 3021 3105
f 3105 3021 3022
f 3105 3022 3104
f 3104 3022 3023
f 3104 3023 3024
f 3025 3102 3024
f 3024 3102 3103
f 3024 3103 3104
f 3102 3025 3101
f 3101 3025 3026
f 3101 3026 3100
f 3100 3026 3027
f 3100 3027 3099
f 3099 3027 3028
f 3099 3028 3098
f 3098 3028 3029
f 3098 3029 3030
f 3098 3030 3097
f 3097 3030 3031
f 3097 3031 3096
f 3096 3031 3032
f 3096 3032 3095
f 3095 3032 3033
f 3095 3033 3094
f 3094 3033 3034
f 3094 3034 3093
f 3093 3034 3035
f 3093 3035 3092
f 3092 3035 3036
f 3092 3036 3091
f 3091 3036 3037
f 3091 3037 3090
f 3090 3037 3038
f 3090 3038 3089
f 3089 3038 3088
f 3088 3038 3039
f 3088 3039 3087
f 3087 3039 3040
f 3087 3040 3086
f 3086 3040 3041
f 3086 3041 3042
f 3086 3042 3085
f 3085 3042 3043
f 3085 3043 3084
f 3084 3043 3044
f 3084 3044 3045
f 3084 3045 3083
f 3083 3045 3046
f 3083 3046 3082
f 3082 3046 3047
f 3082 3047 3048
f 3082 3048 3081
f 3081 3048 3049
f 3081 3049 3080
f 3080 3049 3050
f 3080 3050 3079
f 3079 3050 3051
f 3079 3051 3052
f 3079 3052 3078
f 3078 3052 3053
f 3078 3053 3077
f 3077 3053 3054
f 3077 3054 3076
f 3076 3054 3055
f 3076 3055 3075
f 3075 3055 3056
f 3075 3056 3057
f 3075 3057 3074
f 3074 3057 3058
f 3074 3058 3073
f 3073 3058 3059
f 3073 3059 3072
f 3072 3059 3060
f 3072 3060 3071
f 3071 3060 3061
f 3071 3061 3070
f 3070 3061 3062
f 3070 3062 3069
f 3069 3062 3063
f 3069 3063 3068
f 3068 3063 3064
f 3068 3064 3067
f 3067 3064 3065
f 3067 3065 3066
f 3199 3119 3198
f 3198 3119 3120
f 3198 3120 3197
f 3197 3120 3121
f 3197 3121 3196
f 3196 3121 3122
f 3196 3122 3195
f 3195 3122 3123
f 3195 3123 3194
f 3194 3123 3193
f 3193 3123 3124
f 3193 3124 3192
f 3192 3124 3125
f 3192 3125 3191
f 3191 3125 3126
f 3191 3126 3190
f 3190 3126 3127
f 3190 3127 3189
f 3189 3127 3128
f 3189 3128 3129
f 3129 3130 3189
f 3189 3130 3131
f 3189 3131 3132
f 3132 3133 3189
f 3189 3133 3134
f 3189 3134 3135
f 3135 3136 3189
f 3189 3136 3137
f 3189 3137 3138
f 3138 3139 3189
f 3189 3139 3140
f 3189 3140 3141
f 3141 3142 3189
f 3189 3142 3143
f 3189 3143 3144
f 3144 3145 3189
f 3189 3145 3146
f 3189 3146 3147
f 3147 3148 3189
f 3189 3148 3149
f 3189 3149 3150
f 3150 3151 3189
f 3189 3151 3152
f 3189 3152 3153
f 3153 3154 3189
f 3189 3154 3155
f 3189 3155 3156
f 3156 3157 3189
f 3189 3157 3158
f 3189 3158 3159
f 3159 3160 3189
f 3189 3160 3161
f 3189 3161 3162
f 3189 3162 3188
f 3188 3162 3163
f 3188 3163 3164
f 3188 3164 3187
f 3187 3164 3165
f 3187 3165 3166
f 3187 3166 3186
f 3186 3166 3167
f 3186 3167 3185
f 3185 3167 3168
f 3185 3168 3169
f 3185 3169 3184
f 3184 3169 3170
f 3184 3170 3171
f 3184 3171 3183
f 3183 3171 3172
f 3183 3172 3182
f 3182 3172 3181
f 3181 3172 3180
f 3180 3172 3179
f 3179 3172 3178
f 3178 3172 3177
f 3177 3172 3176
f 3176 3172 3173
f 3176 3173 3174
f 3174 3175 3176
f 3213 3214 3111
f 3111 3214 3112
f 3112 3214 3215
f 3112 3215 3113
f 3113 3215 3216
f 3113 3216 3114
f 3114 3216 3217
f 3114 3217 3115
f 3115 3217 3218
f 3115 3218 3116
f 3116 3218 3219
f 3116 3219 3117
f 3117 3219 3220
f 3117 3220 3118
f 3118 3220 3221
f 3118 3221 3119
f 3119 3221 3222
f 3119 3222 3120
f 3120 3222 3223
f 3120 3223 3121
f 3121 3223 3224
f 3121 3224 3122
f 3122 3224 3225
f 3122 3225 3123
f 3123 3225 3226
f 3123 3226 3124
f 3124 3226 3227
f 3124 3227 3125
f 3125 3227 3228
f 3125 3228 3126
f 3126 3228 3229
f 3126 3229 3127
f 3127 3229 3230
f 3127 3230 3128
f 3128 3230 3231
f 3128 3231 3129
f 3129 3231 3232
f 3129 3232 3130
f 3130 3232 3233
f 3130 3233 3131
f 3131 3233 3234
f 3131 3234 3132
f 3132 3234 3235
f 3132 3235 3133
f 3133 3235 3236
f 3133 3236 3134
f 3134 3236 3237
f 3134 3237 3135
f 3135 3237 3238
f 3135 3238 3136
f 3136 3238 3239
f 3136 3239 3137
f 3137 3239 3240
f 3137 3240 3138
f 3138 3240 3241
f 3138 3241 3139
f 3139 3241 3242
f 3139 3242 3140
f 3140 3242 3243
f 3140 3243 3141
f 3141 3243 3244
f 3141 3244 3142
f 3142 3244 3245
f 3142 3245 3143
f 3143 3245 3246
f 3143 3246 3144
f 3144 3246 3247
f 3144 3247 3145
f 3145 3247 3248
f 3145 3248 3146
f 3146 3248 3249
f 3146 3249 3147
f 3147 3249 3250
f 3147 3250 3148
f 3148 3250 3251
f 3148 3251 3149
f 3149 3251 3252
f 3149 3252 3150
f 3150 3252 3253
f 3150 3253 3151
f 3151 3253 3254
f 3151 3254 3152
f 3152 3254 3255
f 3152 3255 3153
f 3153 3255 3256
f 3153 3256 3154
f 3154 3256 3257
f 3154 3257 3155
f 3155 3257 3258
f 3155 3258 3156
f 3156 3258 3259
f 3156 3259 3157
f 3157 3259 3260
f 3157 3260 3158
f 3158 3260 3261
f 3158 3261 3159
f 3159 3261 3262
f 3159 3262 3160
f 3160 3262 3263
f 3160 3263 3161
f 3161 3263 3264
f 3161 3264 3162
f 3162 3264 3265
f 3162 3265 3163
f 3163 3265 3266
f 3163 3266 3164
f 3164 3266 3267
f 3164 3267 3165
f 3165 3267 3268
f 3165 3268 3166
f 3166 3268 3269
f 3166 3269 3167
f 3167 3269 3270
f 3167 3270 3168
f 3168 3270 3271
f 3168 3271 3169
f 3169 3271 3272
f 3169 3272 3170
f 3170 3272 3273
f 3170 3273 3171
f 3171 3273 3274
f 3171 3274 3172
f 3172 3274 3275
f 3172 3275 3173
f 3173 3275 3276
f 3173 3276 3174
f 3174 3276 3277
f 3174 3277 3175
f 3175 3277 3278
f 3175 3278 3176
f 3176 3278 3279
f 3176 3279 3177
f 3177 3279 3280
f 3177 3280 3178
f 3178 3280 3281
f 3178 3281 3179
f 3179 3281 3282
f 3179 3282 3180
f 3180 3282 3283
f 3180 3283 3181
f 3181 3283 3284
f 3181 3284 3182
f 3182 3284 3285
f 3182 3285 3183
f 3183 3285 3286
f 3183 3286 3184
f 3184 3286 3287
f 3184 3287 3185
f 3185 3287 3288
f 3185 3288 3186
f 3186 3288 3289
f 3186 3289 3187
f 3187 3289 3290
f 3187 3290 3188
f 3188 3290 3291
f 3188 3291 3189
f 3189 3291 3292
f 3189 3292 3190
f 3190 3292 3293
f 3190 3293 3191
f 3191 3293 3294
f 3191 3294 3192
f 3192 3294 3295
f 3192 3295 3193
f 3193 3295 3296
f 3193 3296 3194
f 3194 3296 3297
f 3194 3297 3195
f 3195 3297 3298
f 3195 3298 3196
f 3196 3298 3299
f 3196 3299 3197
f 3197 3299 3300
f 3197 3300 3198
f 3198 3300 3301
f 3198 3301 3199
f 3199 3301 3302
f 3199 3302 3200
f 3200 3302 3303
f 3200 3303 3201
f 3201 3303 3304
f 3201 3304 3202
f 3202 3304 3305
f 3202 3305 3203
f 3203 3305 3306
f 3203 3306 3204
f 3204 3306 3307
f 3204 3307 3205
f 3205 3307 3308
f 3205 3308 3206
f 3206 3308 3309
f 3206 3309 3207
f 3207 3309 3310
f 3207 3310 3208
f 3208 3310 3311
f 3208 3311 3209
f 3209 3311 3312
f 3209 3312 3210
f 3210 3312 3313
f 3210 3313 3211
f 3211 3313 3314
f 3211 3314 3212
f 3212 3314 3315
f 3212 3315 3009
f 3315 3316 3009
f 3009 3316 3010
f 3010 3316 3317
f 3010 3317 3011
f 3011 3317 3318
f 3011 3318 3012
f 3012 3318 3319
f 3012 3319 3013
f 3013 3319 3320
f 3013 3320 3014
f 3014 3320 3321
f 3014 3321 3015
f 3015 3321 3322
f 3015 3322 3016
f 3016 3322 3323
f 3016 3323 3017
f 3017 3323 3324
f 3017 3324 3018
f 3018 3324 3325
f 3018 3325 3019
f 3019 3325 3326
f 3019 3326 3020
f 3020 3326 3327
f 3020 3327 3021
f 3021 3327 3328
f 3021 3328 3022
f 3022 3328 3329
f 3022 3329 3023
f 3023 3329 3330
f 3023 3330 3024
f 3024 3330 3331
f 3024 3331 3025
f 3025 3331 3332
f 3025 3332 3026
f 3026 3332 3333
f 3026 3333 3027
f 3027 3333 3334
f 3027 3334 3028
f 3028 3334 3335
f 3028 3335 3029
f 3029 3335 3336
f 3029 3336 3030
f 3030 3336 3337
f 3030 3337 3031
f 3031 3337 3338
f 3031 3338 3032
f 3032 3338 3339
f 3032 3339 3033
f 3033 3339 3340
f 3033 3340 3034
f 3034 3340 3341
f 3034 3341 3035
f 3035 3341 3342
f 3035 3342 3036
f 3036 3342 3343
f 3036 3343 3037
f 3037 3343 3344
f 3037 3344 3038
f 3038 3344 3345
f 3038 3345 3039
f 3039 3345 3346
f 3039 3346 3040
f 3040 3346 3347
f 3040 3347 3041
f 3041 3347 3348
f 3041 3348 3042
f 3042 3348 3349
f 3042 3349 3043
f 3043 3349 3350
f 3043 3350 3044
f 3044 3350 3351
f 3044 3351 3045
f 3045 3351 3352
f 3045 3352 3046
f 3046 3352 3353
f 3046 3353 3047
f 3047 3353 3354
f 3047 3354 3048
f 3048 3354 3355
f 3048 3355 3049
f 3049 3355 3356
f 3049 3356 3050
f 3050 3356 3357
f 3050 3357 3051
f 3051 3357 3358
f 3051 3358 3052
f 3052 3358 3359
f 3052 3359 3053
f 3053 3359 3360
f 3053 3360 3054
f 3054 3360 3361
f 3054 3361 3055
f 3055 3361 3362
f 3055 3362 3056
f 3056 3362 3363
f 3056 3363 3057
f 3057 3363 3364
f 3057 3364 3058
f 3058 3364 3365
f 3058 3365 3059
f 3059 3365 3366
f 3059 3366 3060
f 3060 3366 3367
f 3060 3367 3061
f 3061 3367 3368
f 3061 3368 3062
f 3062 3368 3369
f 3062 3369 3063
f 3063 3369 3370
f 3063 3370 3064
f 3064 3370 3371
f 3064 3371 3065
f 3065 3371 3372
f 3065 3372 3066
f 3066 3372 3373
f 3066 3373 3067
f 3067 3373 3374
f 3067 3374 3068
f 3068 3374 3375
f 3068 3375 3069
f 3069 3375 3376
f 3069 3376 3070
f 3070 3376 3377
f 3070 3377 3071
f 3071 3377 3378
f 3071 3378 3072
f 3072 3378 3379
f 3072 3379 3073
f 3073 3379 3380
f 3073 3380 3074
f 3074 3380 3381
f 3074 3381 3075
f 3075 3381 3382
f 3075 3382 3076
f 3076 3382 3383
f 3076 3383 3077
f 3077 3383 3384
f 3077 3384 3078
f 3078 3384 3385
f 3078 3385 3079
f 3079 3385 3386
f 3079 3386 3080
f 3080 3386 3387
f 3080 3387 3081
f 3081 3387 3388
f 3081 3388 3082
f 3082 3388 3389
f 3082 3389 3083
f 3083 3389 3390
f 3083 3390 3084
f 3084 3390 3391
f 3084 3391 3085
f 3085 3391 3392
f 3085 3392 3086
f 3086 3392 3393
f 3086 3393 3087
f 3087 3393 3394
f 3087 3394 3088
f 3088 3394 3395
f 3088 3395 3089
f 3089 3395 3396
f 3089 3396 3090
f 3090 3396 3397
f 3090 3397 3091
f 3091 3397 3398
f 3091 3398 3092
f 3092 3398 3399
f 3092 3399 3093
f 3093 3399 3400
f 3093 3400 3094
f 3094 3400 3401
f 3094 3401 3095
f 3095 3401 3402
f 3095 3402 3096
f 3096 3402 3403
f 3096 3403 3097
f 3097 3403 3404
f 3097 3404 3098
f 3098 3404 3405
f 3098 3405 3099
f 3099 3405 3406
f 3099 3406 3100
f 3100 3406 3407
f 3100 3407 3101
f 3101 3407 3408
f 3101 3408 3102
f 3102 3408 3409
f 3102 3409 3103
f 3103 3409 3410
f 3103 3410 3104
f 3104 3410 3411
f 3104 3411 3105
f 3105 3411 3412
f 3105 3412 3106
f 3106 3412 3413
f 3106 3413 3107
f 3107 3413 3414
f 3107 3414 3108
f 3108 3414 3415
f 3108 3415 3109
f 3109 3415 3416
f 3109 3416 3110
f 3110 3416 3213
f 3110 3213 3111
f 3416 3316 3213
f 3213 3316 3315
f 3213 3315 3314
f 3415 3318 3416
f 3416 3318 3317
f 3416 3317 3316
f 3414 3321 3415
f 3415 3321 3320
f 3415 3320 3319
f 3413 3324 3414
f 3414 3324 3323
f 3414 3323 3322
f 3324 3413 3325
f 3325 3413 3412
f 3325 3412 3326
f 3326 3412 3327
f 3327 3412 3411
f 3327 3411 3328
f 3328 3411 3410
f 3328 3410 3329
f 3329 3410 3330
f 3330 3410 3409
f 3330 3409 3408
f 3330 3408 3331
f 3331 3408 3407
f 3331 3407 3332
f 3332 3407 3406
f 3332 3406 3333
f 3333 3406 3405
f 3333 3405 3334
f 3334 3405 3404
f 3334 3404 3335
f 3335 3404 3336
f 3336 3404 3403
f 3336 3403 3337
f 3337 3403 3402
f 3337 3402 3338
f 3338 3402 3401
f 3338 3401 3339
f 3339 3401 3400
f 3339 3400 3340
f 3340 3400 3399
f 3340 3399 3341
f 3341 3399 3398
f 3341 3398 3342
f 3342 3398 3397
f 3342 3397 3343
f 3343 3397 3396
f 3343 3396 3344
f 3344 3396 3395
f 3344 3395 3394
f 3344 3394 3345
f 3345 3394 3393
f 3345 3393 3346
f 3346 3393 3392
f 3346 3392 3347
f 3347 3392 3348
f 3348 3392 3391
f 3348 3391 3349
f 3349 3391 3390
f 3349 3390 3350
f 3350 3390 3351
f 3351 3390 3389
f 3351 3389 3352
f 3352 3389 3388
f 3352 3388 3353
f 3353 3388 3354
f 3354 3388 3387
f 3354 3387 3355
f 3355 3387 3386
f 3355 3386 3356
f 3356 3386 3385
f 3356 3385 3357
f 3357 3385 3358
f 3358 3385 3384
f 3358 3384 3359
f 3359 3384 3383
f 3359 3383 3360
f 3360 3383 3382
f 3360 3382 3361
f 3361 3382 3381
f 3361 3381 3362
f 3362 3381 3363
f 3363 3381 3380
f 3363 3380 3364
f 3364 3380 3379
f 3364 3379 3365
f 3365 3379 3378
f 3365 3378 3366
f 3366 3378 3377
f 3366 3377 3367
f 3367 3377 3376
f 3367 3376 3368
f 3368 3376 3375
f 3368 3375 3369
f 3369 3375 3374
f 3369 3374 3370
f 3370 3374 3373
f 3370 3373 3371
f 3371 3373 3372
f 3322 3321 3414
f 3319 3318 3415
f 3314 3313 3213
f 3213 3313 3214
f 3214 3313 3312
f 3214 3312 3311
f 3311 3310 3214
f 3214 3310 3215
f 3215 3310 3309
f 3215 3309 3308
f 3308 3307 3215
f 3215 3307 3216
f 3216 3307 3306
f 3216 3306 3217
f 3217 3306 3305
f 3217 3305 3304
f 3217 3304 3218
f 3218 3304 3303
f 3218 3303 3219
f 3219 3303 3302
f 3219 3302 3301
f 3300 3221 3301
f 3301 3221 3220
f 3301 3220 3219
f 3221 3300 3222
f 3222 3300 3299
f 3222 3299 3223
f 3223 3299 3298
f 3223 3298 3224
f 3224 3298 3297
f 3224 3297 3225
f 3225 3297 3296
f 3225 3296 3295
f 3225 3295 3226
f 3226 3295 3294
f 3226 3294 3227
f 3227 3294 3293
f 3227 3293 3228
f 3228 3293 3292
f 3228 3292 3229
f 3229 3292 3291
f 3229 3291 3230
f 3230 3291 3231
f 3231 3291 3232
f 3232 3291 3233
f 3233 3291 3234
f 3234 3291 3235
f 3235 3291 3236
f 3236 3291 3237
f 3237 3291 3238
f 3238 3291 3239
f 3239 3291 3240
f 3240 3291 3241
f 3241 3291 3242
f 3242 3291 3243
f 3243 3291 3244
f 3244 3291 3245
f 3245 3291 3246
f 3246 3291 3247
f 3247 3291 3248
f 3248 3291 3249
f 3249 3291 3250
f 3250 3291 3251
f 3251 3291 3252
f 3252 3291 3253
f 3253 3291 3254
f 3254 3291 3255
f 3255 3291 3256
f 3256 3291 3257
f 3257 3291 3258
f 3258 3291 3259
f 3259 3291 3260
f 3260 3291 3261
f 3261 3291 3262
f 3262 3291 3263
f 3263 3291 3264
f 3264 3291 3290
f 3264 3290 3265
f 3265 3290 3266
f 3266 3290 3289
f 3266 3289 3267
f 3267 3289 3268
f 3268 3289 3288
f 3268 3288 3269
f 3269 3288 3287
f 3269 3287 3270
f 3270 3287 3271
f 3271 3287 3286
f 3271 3286 3272
f 3272 3286 3273
f 3273 3286 3285
f 3273 3285 3274
f 3274 3285 3284
f 3274 3284 3283
f 3283 3282 3274
f 3274 3282 3281
f 3274 3281 3280
f 3280 3279 3274
f 3274 3279 3278
f 3274 3278 3275
f 3275 3278 3276
f 3276 3278 3277
f 3417 3418 3526
f 3526 3418 3525
f 3525 3418 3524
f 3524 3418 3523
f 3523 3418 3522
f 3522 3418 3521
f 3521 3418 3520
f 3520 3418 3519
f 3519 3418 3518
f 3518 3418 3517
f 3517 3418 3516
f 3516 3418 3515
f 3515 3418 3514
f 3514 3418 3513
f 3513 3418 3512
f 3512 3418 3511
f 3511 3418 3510
f 3510 3418 3509
f 3509 3418 3508
f 3508 3418 3507
f 3507 3418 3506
f 3506 3418 3505
f 3505 3418 3504
f 3504 3418 3503
f 3503 3418 3502
f 3502 3418 3501
f 3501 3418 3500
f 3500 3418 3499
f 3499 3418 3498
f 3498 3418 3497
f 3497 3418 3496
f 3496 3418 3495
f 3495 3418 3494
f 3494 3418 3493
f 3493 3418 3492
f 3492 3418 3491
f 3491 3418 3490
f 3490 3418 3489
f 3489 3418 3488
f 3488 3418 3487
f 3487 3418 3486
f 3486 3418 3485
f 3485 3418 3484
f 3484 3418 3483
f 3483 3418 3482
f 3482 3418 3481
f 3481 3418 3480
f 3480 3418 3479
f 3479 3418 3478
f 3478 3418 3477
f 3477 3418 3476
f 3476 3418 3475
f 3475 3418 3474
f 3474 3418 3473
f 3473 3418 3472
f 3472 3418 3471
f 3471 3418 3470
f 3470 3418 3469
f 3469 3418 3468
f 3468 3418 3467
f 3467 3418 3466
f 3466 3418 3465
f 3465 3418 3464
f 3464 3418 3463
f 3463 3418 3462
f 3462 3418 3461
f 3461 3418 3460
f 3460 3418 3459
f 3459 3418 3458
f 3458 3418 3457
f 3457 3418 3456
f 3456 3418 3455
f 3455 3418 3454
f 3454 3418 3453
f 3453 3418 3452
f 3452 3418 3451
f 3451 3418 3450
f 3450 3418 3449
f 3449 3418 3448
f 3448 3418 3447
f 3447 3418 3446
f 3446 3418 3445
f 3445 3418 3444
f 3444 3418 3443
f 3443 3418 3442
f 3442 3418 3441
f 3441 3418 3440
f 3440 3418 3439
f 3439 3418 3438
f 3438 3418 3437
f 3437 3418 3436
f 3436 3418 3435
f 3435 3418 3434
f 3434 3418 3433
f 3433 3418 3432
f 3432 3418 3419
f 3432 3419 3431
f 3431 3419 3430
f 3430 3419 3429
f 3429 3419 3428
f 3428 3419 3427
f 3427 3419 3426
f 3426 3419 3425
f 3425 3419 3424
f 3424 3419 3423
f 3423 3419 3422
f 3422 3419 3421
f 3421 3419 3420
f 3527 3528 3418
f 3418 3528 3419
f 3528 3529 3419
f 3419 3529 3420
f 3420 3529 3530
f 3420 3530 3421
f 3421 3530 3531
f 3421 3531 3422
f 3422 3531 3532
f 3422 3532 3423
f 3423 3532 3533
f 3423 3533 3424
f 3424 3533 3534
f 3424 3534 3425
f 3425 3534 3535
f 3425 3535 3426
f 3426 3535 3536
f 3426 3536 3427
f 3427 3536 3537
f 3427 3537 3428
f 3428 3537 3538
f 3428 3538 3429
f 3429 3538 3539
f 3429 3539 3430
f 3430 3539 3540
f 3430 3540 3431
f 3431 3540 3541
f 3431 3541 3432
f 3432 3541 3542
f 3432 3542 3433
f 3433 3542 3543
f 3433 3543 3434
f 3434 3543 3544
f 3434 3544 3435
f 3435 3544 3545
f 3435 3545 3436
f 3436 3545 3546
f 3436 3546 3437
f 3437 3546 3547
f 3437 3547 3438
f 3438 3547 3548
f 3438 3548 3439
f 3439 3548 3549
f 3439 3549 3440
f 3440 3549 3550
f 3440 3550 3441
f 3441 3550 3551
f 3441 3551 3442
f 3442 3551 3552
f 3442 3552 3443
f 3443 3552 3553
f 3443 3553 3444
f 3444 3553 3554
f 3444 3554 3445
f 3445 3554 3555
f 3445 3555 3446
f 3446 3555 3556
f 3446 3556 3447
f 3447 3556 3557
f 3447 3557 3448
f 3448 3557 3558
f 3448 3558 3449
f 3449 3558 3559
f 3449 3559 3450
f 3450 3559 3560
f 3450 3560 3451
f 3451 3560 3561
f 3451 3561 3452
f 3452 3561 3562
f 3452 3562 3453
f 3453 3562 3563
f 3453 3563 3454
f 3454 3563 3564
f 3454 3564 3455
f 3455 3564 3565
f 3455 3565 3456
f 3456 3565 3566
f 3456 3566 3457
f 3457 3566 3567
f 3457 3567 3458
f 3458 3567 3568
f 3458 3568 3459
f 3459 3568 3569
f 3459 3569 3460
f 3460 3569 3570
f 3460 3570 3461
f 3461 3570 3571
f 3461 3571 3462
f 3462 3571 3572
f 3462 3572 3463
f 3463 3572 3573
f 3463 3573 3464
f 3464 3573 3574
f 3464 3574 3465
f 3465 3574 3575
f 3465 3575 3466
f 3466 3575 3576
f 3466 3576 3467
f 3467 3576 3577
f 3467 3577 3468
f 3468 3577 3578
f 3468 3578 3469
f 3469 3578 3579
f 3469 3579 3470
f 3470 3579 3580
f 3470 3580 3471
f 3471 3580 3581
f 3471 3581 3472
f 3472 3581 3582
f 3472 3582 3473
f 3473 3582 3583
f 3473 3583 3474
f 3474 3583 3584
f 3474 3584 3475
f 3475 3584 3585
f 3475 3585 3476
f 3476 3585 3586
f 3476 3586 3477
f 3477 3586 3587
f 3477 3587 3478
f 3478 3587 3588
f 3478 3588 3479
f 3479 3588 3589
f 3479 3589 3480
f 3480 3589 3590
f 3480 3590 3481
f 3481 3590 3591
f 3481 3591 3482
f 3482 3591 3592
f 3482 3592 3483
f 3483 3592 3593
f 3483 3593 3484
f 3484 3593 3594
f 3484 3594 3485
f 3485 3594 3595
f 3485 3595 3486
f 3486 3595 3596
f 3486 3596 3487
f 3487 3596 3597
f 3487 3597 3488
f 3488 3597 3598
f 3488 3598 3489
f 3489 3598 3599
f 3489 3599 3490
f 3490 3599 3600
f 3490 3600 3491
f 3491 3600 3601
f 3491 3601 3492
f 3492 3601 3602
f 3492 3602 3493
f 3493 3602 3603
f 3493 3603 3494
f 3494 3603 3604
f 3494 3604 3495
f 3495 3604 3605
f 3495 3605 3496
f 3496 3605 3606
f 3496 3606 3497
f 3497 3606 3607
f 3497 3607 3498
f 3498 3607 3608
f 3498 3608 3499
f 3499 3608 3609
f 3499 3609 3500
f 3500 3609 3610
f 3500 3610 3501
f 3501 3610 3611
f 3501 3611 3502
f 3502 3611 3612
f 3502 3612 3503
f 3503 3612 3613
f 3503 3613 3504
f 3504 3613 3614
f 3504 3614 3505
f 3505 3614 3615
f 3505 3615 3506
f 3506 3615 3616
f 3506 3616 3507
f 3507 3616 3617
f 3507 3617 3508
f 3508 3617 3618
f 3508 3618 3509
f 3509 3618 3619
f 3509 3619 3510
f 3510 3619 3620
f 3510 3620 3511
f 3511 3620 3621
f 3511 3621 3512
f 3512 3621 3622
f 3512 3622 3513
f 3513 3622 3623
f 3513 3623 3514
f 3514 3623 3624
f 3514 3624 3515
f 3515 3624 3625
f 3515 3625 3516
f 3516 3625 3626
f 3516 3626 3517
f 3517 3626 3627
f 3517 3627 3518
f 3518 3627 3628
f 3518 3628 3519
f 3519 3628 3629
f 3519 3629 3520
f 3520 3629 3630
f 3520 3630 3521
f 3521 3630 3631
f 3521 3631 3522
f 3522 3631 3632
f 3522 3632 3523
f 3523 3632 3633
f 3523 3633 3524
f 3524 3633 3634
f 3524 3634 3525
f 3525 3634 3635
f 3525 3635 3526
f 3526 3635 3636
f 3526 3636 3417
f 3636 3527 3417
f 3417 3527 3418
f 3636 3635 3527
f 3527 3635 3634
f 3527 3634 3633
f 3633 3632 3527
f 3527 3632 3631
f 3527 3631 3630
f 3630 3629 3527
f 3527 3629 3628
f 3527 3628 3627
f 3627 3626 3527
f 3527 3626 3625
f 3527 3625 3624
f 3624 3623 3527
f 3527 3623 3622
f 3527 3622 3621
f 3621 3620 3527
f 3527 3620 3619
f 3527 3619 3618
f 3618 3617 3527
f 3527 3617 3616
f 3527 3616 3615
f 3615 3614 3527
f 3527 3614 3613
f 3527 3613 3612
f 3612 3611 3527
f 3527 3611 3610
f 3527 3610 3609
f 3609 3608 3527
f 3527 3608 3607
f 3527 3607 3606
f 3606 3605 3527
f 3527 3605 3604
f 3527 3604 3603
f 3603 3602 3527
f 3527 3602 3601
f 3527 3601 3600
f 3600 3599 3527
f 3527 3599 3598
f 3527 3598 3597
f 3597 3596 3527
f 3527 3596 3595
f 3527 3595 3594
f 3594 3593 3527
f 3527 3593 3592
f 3527 3592 3591
f 3591 3590 3527
f 3527 3590 3589
f 3527 3589 3588
f 3588 3587 3527
f 3527 3587 3586
f 3527 3586 3585
f 3585 3584 3527
f 3527 3584 3583
f 3527 3583 3582
f 3582 3581 3527
f 3527 3581 3580
f 3527 3580 3579
f 3579 3578 3527
f 3527 3578 3577
f 3527 3577 3576
f 3576 3575 3527
f 3527 3575 3574
f 3527 3574 3573
f 3573 3572 3527
f 3527 3572 3571
f 3527 3571 3570
f 3570 3569 3527
f 3527 3569 3568
f 3527 3568 3567
f 3567 3566 3527
f 3527 3566 3565
f 3527 3565 3564
f 3564 3563 3527
f 3527 3563 3562
f 3527 3562 3561
f 3561 3560 3527
f 3527 3560 3559
f 3527 3559 3558
f 3558 3557 3527
f 3527 3557 3556
f 3527 3556 3555
f 3555 3554 3527
f 3527 3554 3553
f 3527 3553 3552
f 3552 3551 3527
f 3527 3551 3550
f 3527 3550 3549
f 3549 3548 3527
f 3527 3548 3547
f 3527 3547 3546
f 3546 3545 3527
f 3527 3545 3544
f 3527 3544 3543
f 3543 3542 3527
f 3527 3542 3541
f 3527 3541 3528
f 3528 3541 3540
f 3528 3540 3539
f 3539 3538 3528
f 3528 3538 3537
f 3528 3537 3536
f 3536 3535 3528
f 3528 3535 3534
f 3528 3534 3533
f 3533 3532 3528
f 3528 3532 3531
f 3528 3531 3530
f 3530 3529 3528
f 3637 3672 3671
f 3637 3638 3672
f 3638 3673 3672
f 3638 3639 3673
f 3639 3674 3673
f 3639 3640 3674
f 3640 3675 3674
f 3640 3641 3675
f 3641 3676 3675
f 3641 3642 3676
f 3642 3677 3676
f 3642 3643 3677
f 3643 3678 3677
f 3643 3644 3678
f 3644 3679 3678
f 3644 3645 3679
f 3645 3680 3679
f 3645 3646 3680
f 3646 3681 3680
f 3646 3647 3681
f 3647 3682 3681
f 3647 3648 3682
f 3648 3683 3682
f 3648 3649 3683
f 3649 3684 3683
f 3649 3650 3684
f 3650 3685 3684
f 3650 3651 3685
f 3651 3686 3685
f 3651 3652 3686
f 3652 3687 3686
f 3652 3653 3687
f 3653 3688 3687
f 3653 3654 3688
f 3654 3689 3688
f 3654 3655 3689
f 3655 3690 3689
f 3655 3656 3690
f 3656 3691 3690
f 3656 3657 3691
f 3657 3692 3691
f 3657 3658 3692
f 3658 3693 3692
f 3658 3659 3693
f 3659 3694 3693
f 3659 3660 3694
f 3660 3695 3694
f 3660 3661 3695
f 3661 3696 3695
f 3661 3662 3696
f 3662 3697 3696
f 3662 3663 3697
f 3663 3698 3697
f 3663 3664 3698
f 3664 3699 3698
f 3664 3665 3699
f 3665 3700 3699
f 3665 3666 3700
f 3666 3701 3700
f 3666 3667 3701
f 3667 3702 3701
f 3667 3668 3702
f 3668 3703 3702
f 3668 3669 3703
f 3669 3704 3703
f 3669 3670 3704
f 3670 3671 3704
f 3670 3637 3671
f 3671 3706 3705
f 3671 3672 3706
f 3672 3707 3706
f 3672 3673 3707
f 3673 3708 3707
f 3673 3674 3708
f 3674 3709 3708
f 3674 3675 3709
f 3675 3710 3709
f 3675 3676 3710
f 3676 3711 3710
f 3676 3677 3711
f 3677 3712 3711
f 3677 3678 3712
f 3678 3713 3712
f 3678 3679 3713
f 3679 3714 3713
f 3679 3680 3714
f 3680 3715 3714
f 3680 3681 3715
f 3681 3716 3715
f 3681 3682 3716
f 3682 3717 3716
f 3682 3683 3717
f 3683 3718 3717
f 3683 3684 3718
f 3684 3719 3718
f 3684 3685 3719
f 3685 3720 3719
f 3685 3686 3720
f 3686 3721 3720
f 3686 3687 3721
f 3687 3722 3721
f 3687 3688 3722
f 3688 3723 3722
f 3688 3689 3723
f 3689 3724 3723
f 3689 3690 3724
f 3690 3725 3724
f 3690 3691 3725
f 3691 3726 3725
f 3691 3692 3726
f 3692 3727 3726
f 3692 3693 3727
f 3693 3728 3727
f 3693 3694 3728
f 3694 3729 3728
f 3694 3695 3729
f 3695 3730 3729
f 3695 3696 3730
f 3696 3731 3730
f 3696 3697 3731
f 3697 3732 3731
f 3697 3698 3732
f 3698 3733 3732
f 3698 3699 3733
f 3699 3734 3733
f 3699 3700 3734
f 3700 3735 3734
f 3700 3701 3735
f 3701 3736 3735
f 3701 3702 3736
f 3702 3737 3736
f 3702 3703 3737
f 3703 3738 3737
f 3703 3704 3738
f 3704 3705 3738
f 3704 3671 3705
f 3705 3740 3739
f 3705 3706 3740
f 3706 3741 3740
f 3706 3707 3741
f 3707 3742 3741
f 3707 3708 3742
f 3708 3743 3742
f 3708 3709 3743
f 3709 3744 3743
f 3709 3710 3744
f 3710 3745 3744
f 3710 3711 3745
f 3711 3746 3745
f 3711 3712 3746
f 3712 3747 3746
f 3712 3713 3747
f 3713 3748 3747
f 3713 3714 3748
f 3714 3749 3748
f 3714 3715 3749
f 3715 3750 3749
f 3715 3716 3750
f 3716 3751 3750
f 3716 3717 3751
f 3717 3752 3751
f 3717 3718 3752
f 3718 3753 3752
f 3718 3719 3753
f 3719 3754 3753
f 3719 3720 3754
f 3720 3755 3754
f 3720 3721 3755
f 3721 3756 3755
f 3721 3722 3756
f 3722 3757 3756
f 3722 3723 3757
f 3723 3758 3757
f 3723 3724 3758
f 3724 3759 3758
f 3724 3725 3759
f 3725 3760 3759
f 3725 3726 3760
f 3726 3761 3760
f 3726 3727 3761
f 3727 3762 3761
f 3727 3728 3762
f 3728 3763 3762
f 3728 3729 3763
f 3729 3764 3763
f 3729 3730 3764
f 3730 3765 3764
f 3730 3731 3765
f 3731 3766 3765
f 3731 3732 3766
f 3732 3767 3766
f 3732 3733 3767
f 3733 3768 3767
f 3733 3734 3768
f 3734 3769 3768
f 3734 3735 3769
f 3735 3770 3769
f 3735 3736 3770
f 3736 3771 3770
f 3736 3737 3771
f 3737 3772 3771
f 3737 3738 3772
f 3738 3739 3772
f 3738 3705 3739
f 3739 3774 3773
f 3739 3740 3774
f 3740 3775 3774
f 3740 3741 3775
f 3741 3776 3775
f 3741 3742 3776
f 3742 3777 3776
f 3742 3743 3777
f 3743 3778 3777
f 3743 3744 3778
f 3744 3779 3778
f 3744 3745 3779
f 3745 3780 3779
f 3745 3746 3780
f 3746 3781 3780
f 3746 3747 3781
f 3747 3782 3781
f 3747 3748 3782
f 3748 3783 3782
f 3748 3749 3783
f 3749 3784 3783
f 3749 3750 3784
f 3750 3785 3784
f 3750 3751 3785
f 3751 3786 3785
f 3751 3752 3786
f 3752 3787 3786
f 3752 3753 3787
f 3753 3788 3787
f 3753 3754 3788
f 3754 3789 3788
f 3754 3755 3789
f 3755 3790 3789
f 3755 3756 3790
f 3756 3791 3790
f 3756 3757 3791
f 3757 3792 3791
f 3757 3758 3792
f 3758 3793 3792
f 3758 3759 3793
f 3759 3794 3793
f 3759 3760 3794
f 3760 3795 3794
f 3760 3761 3795
f 3761 3796 3795
f 3761 3762 3796
f 3762 3797 3796
f 3762 3763 3797
f 3763 3798 3797
f 3763 3764 3798
f 3764 3799 3798
f 3764 3765 3799
f 3765 3800 3799
f 3765 3766 3800
f 3766 3801 3800
f 3766 3767 3801
f 3767 3802 3801
f 3767 3768 3802
f 3768 3803 3802
f 3768 3769 3803
f 3769 3804 3803
f 3769 3770 3804
f 3770 3805 3804
f 3770 3771 3805
f 3771 3806 3805
f 3771 3772 3806
f 3772 3773 3806
f 3772 3739 3773
f 3773 3808 3807
f 3773 3774 3808
f 3774 3809 3808
f 3774 3775 3809
f 3775 3810 3809
f 3775 3776 3810
f 3776 3811 3810
f 3776 3777 3811
f 3777 3812 3811
f 3777 3778 3812
f 3778 3813 3812
f 3778 3779 3813
f 3779 3814 3813
f 3779 3780 3814
f 3780 3815 3814
f 3780 3781 3815
f 3781 3816 3815
f 3781 3782 3816
f 3782 3817 3816
f 3782 3783 3817
f 3783 3818 3817
f 3783 3784 3818
f 3784 3819 3818
f 3784 3785 3819
f 3785 3820 3819
f 3785 3786 3820
f 3786 3821 3820
f 3786 3787 3821
f 3787 3822 3821
f 3787 3788 3822
f 3788 3823 3822
f 3788 3789 3823
f 3789 3824 3823
f 3789 3790 3824
f 3790 3825 3824
f 3790 3791 3825
f 3791 3826 3825
f 3791 3792 3826
f 3792 3827 3826
f 3792 3793 3827
f 3793 3828 3827
f 3793 3794 3828
f 3794 3829 3828
f 3794 3795 3829
f 3795 3830 3829
f 3795 3796 3830
f 3796 3831 3830
f 3796 3797 3831
f 3797 3832 3831
f 3797 3798 3832
f 3798 3833 3832
f 3798 3799 3833
f 3799 3834 3833
f 3799 3800 3834
f 3800 3835 3834
f 3800 3801 3835
f 3801 3836 3835
f 3801 3802 3836
f 3802 3837 3836
f 3802 3803 3837
f 3803 3838 3837
f 3803 3804 3838
f 3804 3839 3838
f 3804 3805 3839
f 3805 3840 3839
f 3805 3806 3840
f 3806 3807 3840
f 3806 3773 3807
f 3807 3842 3841
f 3807 3808 3842
f 3808 3843 3842
f 3808 3809 3843
f 3809 3844 3843
f 3809 3810 3844
f 3810 3845 3844
f 3810 3811 3845
f 3811 3846 3845
f 3811 3812 3846
f 3812 3847 3846
f 3812 3813 3847
f 3813 3848 3847
f 3813 3814 3848
f 3814 3849 3848
f 3814 3815 3849
f 3815 3850 3849
f 3815 3816 3850
f 3816 3851 3850
f 3816 3817 3851
f 3817 3852 3851
f 3817 3818 3852
f 3818 3853 3852
f 3818 3819 3853
f 3819 3854 3853
f 3819 3820 3854
f 3820 3855 3854
f 3820 3821 3855
f 3821 3856 3855
f 3821 3822 3856
f 3822 3857 3856
f 3822 3823 3857
f 3823 3858 3857
f 3823 3824 3858
f 3824 3859 3858
f 3824 3825 3859
f 3825 3860 3859
f 3825 3826 3860
f 3826 3861 3860
f 3826 3827 3861
f 3827 3862 3861
f 3827 3828 3862
f 3828 3863 3862
f 3828 3829 3863
f 3829 3864 3863
f 3829 3830 3864
f 3830 3865 3864
f 3830 3831 3865
f 3831 3866 3865
f 3831 3832 3866
f 3832 3867 3866
f 3832 3833 3867
f 3833 3868 3867
f 3833 3834 3868
f 3834 3869 3868
f 3834 3835 3869
f 3835 3870 3869
f 3835 3836 3870
f 3836 3871 3870
f 3836 3837 3871
f 3837 3872 3871
f 3837 3838 3872
f 3838 3873 3872
f 3838 3839 3873
f 3839 3874 3873
f 3839 3840 3874
f 3840 3841 3874
f 3840 3807 3841
f 3841 3876 3875
f 3841 3842 3876
f 3842 3877 3876
f 3842 3843 3877
f 3843 3878 3877
f 3843 3844 3878
f 3844 3879 3878
f 3844 3845 3879
f 3845 3880 3879
f 3845 3846 3880
f 3846 3881 3880
f 3846 3847 3881
f 3847 3882 3881
f 3847 3848 3882
f 3848 3883 3882
f 3848 3849 3883
f 3849 3884 3883
f 3849 3850 3884
f 3850 3885 3884
f 3850 3851 3885
f 3851 3886 3885
f 3851 3852 3886
f 3852 3887 3886
f 3852 3853 3887
f 3853 3888 3887
f 3853 3854 3888
f 3854 3889 3888
f 3854 3855 3889
f 3855 3890 3889
f 3855 3856 3890
f 3856 3891 3890
f 3856 3857 3891
f 3857 3892 3891
f 3857 3858 3892
f 3858 3893 3892
f 3858 3859 3893
f 3859 3894 3893
f 3859 3860 3894
f 3860 3895 3894
f 3860 3861 3895
f 3861 3896 3895
f 3861 3862 3896
f 3862 3897 3896
f 3862 3863 3897
f 3863 3898 3897
f 3863 3864 3898
f 3864 3899 3898
f 3864 3865 3899
f 3865 3900 3899
f 3865 3866 3900
f 3866 3901 3900
f 3866 3867 3901
f 3867 3902 3901
f 3867 3868 3902
f 3868 3903 3902
f 3868 3869 3903
f 3869 3904 3903
f 3869 3870 3904
f 3870 3905 3904
f 3870 3871 3905
f 3871 3906 3905
f 3871 3872 3906
f 3872 3907 3906
f 3872 3873 3907
f 3873 3908 3907
f 3873 3874 3908
f 3874 3875 3908
f 3874 3841 3875
f 3875 3910 3909
f 3875 3876 3910
f 3876 3911 3910
f 3876 3877 3911
f 3877 3912 3911
f 3877 3878 3912
f 3878 3913 3912
f 3878 3879 3913
f 3879 3914 3913
f 3879 3880 3914
f 3880 3915 3914
f 3880 3881 3915
f 3881 3916 3915
f 3881 3882 3916
f 3882 3917 3916
f 3882 3883 3917
f 3883 3918 3917
f 3883 3884 3918
f 3884 3919 3918
f 3884 3885 3919
f 3885 3920 3919
f 3885 3886 3920
f 3886 3921 3920
f 3886 3887 3921
f 3887 3922 3921
f 3887 3888 3922
f 3888 3923 3922
f 3888 3889 3923
f 3889 3924 3923
f 3889 3890 3924
f 3890 3925 3924
f 3890 3891 3925
f 3891 3926 3925
f 3891 3892 3926
f 3892 3927 3926
f 3892 3893 3927
f 3893 3928 3927
f 3893 3894 3928
f 3894 3929 3928
f 3894 3895 3929
f 3895 3930 3929
f 3895 3896 3930
f 3896 3931 3930
f 3896 3897 3931
f 3897 3932 3931
f 3897 3898 3932
f 3898 3933 3932
f 3898 3899 3933
f 3899 3934 3933
f 3899 3900 3934
f 3900 3935 3934
f 3900 3901 3935
f 3901 3936 3935
f 3901 3902 3936
f 3902 3937 3936
f 3902 3903 3937
f 3903 3938 3937
f 3903 3904 3938
f 3904 3939 3938
f 3904 3905 3939
f 3905 3940 3939
f 3905 3906 3940
f 3906 3941 3940
f 3906 3907 3941
f 3907 3942 3941
f 3907 3908 3942
f 3908 3909 3942
f 3908 3875 3909
f 3909 3944 3943
f 3909 3910 3944
f 3910 3945 3944
f 3910 3911 3945
f 3911 3946 3945
f 3911 3912 3946
f 3912 3947 3946
f 3912 3913 3947
f 3913 3948 3947
f 3913 3914 3948
f 3914 3949 3948
f 3914 3915 3949
f 3915 3950 3949
f 3915 3916 3950
f 3916 3951 3950
f 3916 3917 3951
f 3917 3952 3951
f 3917 3918 3952
f 3918 3953 3952
f 3918 3919 3953
f 3919 3954 3953
f 3919 3920 3954
f 3920 3955 3954
f 3920 3921 3955
f 3921 3956 3955
f 3921 3922 3956
f 3922 3957 3956
f 3922 3923 3957
f 3923 3958 3957
f 3923 3924 3958
f 3924 3959 3958
f 3924 3925 3959
f 3925 3960 3959
f 3925 3926 3960
f 3926 3961 3960
f 3926 3927 3961
f 3927 3962 3961
f 3927 3928 3962
f 3928 3963 3962
f 3928 3929 3963
f 3929 3964 3963
f 3929 3930 3964
f 3930 3965 3964
f 3930 3931 3965
f 3931 3966 3965
f 3931 3932 3966
f 3932 3967 3966
f 3932 3933 3967
f 3933 3968 3967
f 3933 3934 3968
f 3934 3969 3968
f 3934 3935 3969
f 3935 3970 3969
f 3935 3936 3970
f 3936 3971 3970
f 3936 3937 3971
f 3937 3972 3971
f 3937 3938 3972
f 3938 3973 3972
f 3938 3939 3973
f 3939 3974 3973
f 3939 3940 3974
f 3940 3975 3974
f 3940 3941 3975
f 3941 3976 3975
f 3941 3942 3976
f 3942 3943 3976
f 3942 3909 3943
f 3943 3978 3977
f 3943 3944 3978
f 3944 3979 3978
f 3944 3945 3979
f 3945 3980 3979
f 3945 3946 3980
f 3946 3981 3980
f 3946 3947 3981
f 3947 3982 3981
f 3947 3948 3982
f 3948 3983 3982
f 3948 3949 3983
f 3949 3984 3983
f 3949 3950 3984
f 3950 3985 3984
f 3950 3951 3985
f 3951 3986 3985
f 3951 3952 3986
f 3952 3987 3986
f 3952 3953 3987
f 3953 3988 3987
f 3953 3954 3988
f 3954 3989 3988
f 3954 3955 3989
f 3955 3990 3989
f 3955 3956 3990
f 3956 3991 3990
f 3956 3957 3991
f 3957 3992 3991
f 3957 3958 3992
f 3958 3993 3992
f 3958 3959 3993
f 3959 3994 3993
f 3959 3960 3994
f 3960 3995 3994
f 3960 3961 3995
f 3961 3996 3995
f 3961 3962 3996
f 3962 3997 3996
f 3962 3963 3997
f 3963 3998 3997
f 3963 3964 3998
f 3964 3999 3998
f 3964 3965 3999
f 3965 4000 3999
f 3965 3966 4000
f 3966 4001 4000
f 3966 3967 4001
f 3967 4002 4001
f 3967 3968 4002
f 3968 4003 4002
f 3968 3969 4003
f 3969 4004 4003
f 3969 3970 4004
f 3970 4005 4004
f 3970 3971 4005
f 3971 4006 4005
f 3971 3972 4006
f 3972 4007 4006
f 3972 3973 4007
f 3973 4008 4007
f 3973 3974 4008
f 3974 4009 4008
f 3974 3975 4009
f 3975 4010 4009
f 3975 3976 4010
f 3976 3977 4010
f 3976 3943 3977
f 3977 4012 4011
f 3977 3978 4012
f 3978 4013 4012
f 3978 3979 4013
f 3979 4014 4013
f 3979 3980 4014
f 3980 4015 4014
f 3980 3981 4015
f 3981 4016 4015
f 3981 3982 4016
f 3982 4017 4016
f 3982 3983 4017
f 3983 4018 4017
f 3983 3984 4018
f 3984 4019 4018
f 3984 3985 4019
f 3985 4020 4019
f 3985 3986 4020
f 3986 4021 4020
f 3986 3987 4021
f 3987 4022 4021
f 3987 3988 4022
f 3988 4023 4022
f 3988 3989 4023
f 3989 4024 4023
f 3989 3990 4024
f 3990 4025 4024
f 3990 3991 4025
f 3991 4026 4025
f 3991 3992 4026
f 3992 4027 4026
f 3992 3993 4027
f 3993 4028 4027
f 3993 3994 4028
f 3994 4029 4028
f 3994 3995 4029
f 3995 4030 4029
f 3995 3996 4030
f 3996 4031 4030
f 3996 3997 4031
f 3997 4032 4031
f 3997 3998 4032
f 3998 4033 4032
f 3998 3999 4033
f 3999 4034 4033
f 3999 4000 4034
f 4000 4035 4034
f 4000 4001 4035
f 4001 4036 4035
f 4001 4002 4036
f 4002 4037 4036
f 4002 4003 4037
f 4003 4038 4037
f 4003 4004 4038
f 4004 4039 4038
f 4004 4005 4039
f 4005 4040 4039
f 4005 4006 4040
f 4006 4041 4040
f 4006 4007 4041
f 4007 4042 4041
f 4007 4008 4042
f 4008 4043 4042
f 4008 4009 4043
f 4009 4044 4043
f 4009 4010 4044
f 4010 4011 4044
f 4010 3977 4011
f 4011 4046 4045
f 4011 4012 4046
f 4012 4047 4046
f 4012 4013 4047
f 4013 4048 4047
f 4013 4014 4048
f 4014 4049 4048
f 4014 4015 4049
f 4015 4050 4049
f 4015 4016 4050
f 4016 4051 4050
f 4016 4017 4051
f 4017 4052 4051
f 4017 4018 4052
f 4018 4053 4052
f 4018 4019 4053
f 4019 4054 4053
f 4019 4020 4054
f 4020 4055 4054
f 4020 4021 4055
f 4021 4056 4055
f 4021 4022 4056
f 4022 4057 4056
f 4022 4023 4057
f 4023 4058 4057
f 4023 4024 4058
f 4024 4059 4058
f 4024 4025 4059
f 4025 4060 4059
f 4025 4026 4060
f 4026 4061 4060
f 4026 4027 4061
f 4027 4062 4061
f 4027 4028 4062
f 4028 4063 4062
f 4028 4029 4063
f 4029 4064 4063
f 4029 4030 4064
f 4030 4065 4064
f 4030 4031 4065
f 4031 4066 4065
f 4031 4032 4066
f 4032 4067 4066
f 4032 4033 4067
f 4033 4068 4067
f 4033 4034 4068
f 4034 4069 4068
f 4034 4035 4069
f 4035 4070 4069
f 4035 4036 4070
f 4036 4071 4070
f 4036 4037 4071
f 4037 4072 4071
f 4037 4038 4072
f 4038 4073 4072
f 4038 4039 4073
f 4039 4074 4073
f 4039 4040 4074
f 4040 4075 4074
f 4040 4041 4075
f 4041 4076 4075
f 4041 4042 4076
f 4042 4077 4076
f 4042 4043 4077
f 4043 4078 4077
f 4043 4044 4078
f 4044 4045 4078
f 4044 4011 4045
f 4045 4080 4079
f 4045 4046 4080
f 4046 4081 4080
f 4046 4047 4081
f 4047 4082 4081
f 4047 4048 4082
f 4048 4083 4082
f 4048 4049 4083
f 4049 4084 4083
f 4049 4050 4084
f 4050 4085 4084
f 4050 4051 4085
f 4051 4086 4085
f 4051 4052 4086
f 4052 4087 4086
f 4052 4053 4087
f 4053 4088 4087
f 4053 4054 4088
f 4054 4089 4088
f 4054 4055 4089
f 4055 4090 4089
f 4055 4056 4090
f 4056 4091 4090
f 4056 4057 4091
f 4057 4092 4091
f 4057 4058 4092
f 4058 4093 4092
f 4058 4059 4093
f 4059 4094 4093
f 4059 4060 4094
f 4060 4095 4094
f 4060 4061 4095
f 4061 4096 4095
f 4061 4062 4096
f 4062 4097 4096
f 4062 4063 4097
f 4063 4098 4097
f 4063 4064 4098
f 4064 4099 4098
f 4064 4065 4099
f 4065 4100 4099
f 4065 4066 4100
f 4066 4101 4100
f 4066 4067 4101
f 4067 4102 4101
f 4067 4068 4102
f 4068 4103 4102
f 4068 4069 4103
f 4069 4104 4103
f 4069 4070 4104
f 4070 4105 4104
f 4070 4071 4105
f 4071 4106 4105
f 4071 4072 4106
f 4072 4107 4106
f 4072 4073 4107
f 4073 4108 4107
f 4073 4074 4108
f 4074 4109 4108
f 4074 4075 4109
f 4075 4110 4109
f 4075 4076 4110
f 4076 4111 4110
f 4076 4077 4111
f 4077 4112 4111
f 4077 4078 4112
f 4078 4079 4112
f 4078 4045 4079
f 4079 4114 4113
f 4079 4080 4114
f 4080 4115 4114
f 4080 4081 4115
f 4081 4116 4115
f 4081 4082 4116
f 4082 4117 4116
f 4082 4083 4117
f 4083 4118 4117
f 4083 4084 4118
f 4084 4119 4118
f 4084 4085 4119
f 4085 4120 4119
f 4085 4086 4120
f 4086 4121 4120
f 4086 4087 4121
f 4087 4122 4121
f 4087 4088 4122
f 4088 4123 4122
f 4088 4089 4123
f 4089 4124 4123
f 4089 4090 4124
f 4090 4125 4124
f 4090 4091 4125
f 4091 4126 4125
f 4091 4092 4126
f 4092 4127 4126
f 4092 4093 4127
f 4093 4128 4127
f 4093 4094 4128
f 4094 4129 4128
f 4094 4095 4129
f 4095 4130 4129
f 4095 4096 4130
f 4096 4131 4130
f 4096 4097 4131
f 4097 4132 4131
f 4097 4098 4132
f 4098 4133 4132
f 4098 4099 4133
f 4099 4134 4133
f 4099 4100 4134
f 4100 4135 4134
f 4100 4101 4135
f 4101 4136 4135
f 4101 4102 4136
f 4102 4137 4136
f 4102 4103 4137
f 4103 4138 4137
f 4103 4104 4138
f 4104 4139 4138
f 4104 4105 4139
f 4105 4140 4139
f 4105 4106 4140
f 4106 4141 4140
f 4106 4107 4141
f 4107 4142 4141
f 4107 4108 4142
f 4108 4143 4142
f 4108 4109 4143
f 4109 4144 4143
f 4109 4110 4144
f 4110 4145 4144
f 4110 4111 4145
f 4111 4146 4145
f 4111 4112 4146
f 4112 4113 4146
f 4112 4079 4113
f 4147 3638 3637
f 4147 3639 3638
f 4147 3640 3639
f 4147 3641 3640
f 4147 3642 3641
f 4147 3643 3642
f 4147 3644 3643
f 4147 3645 3644
f 4147 3646 3645
f 4147 3647 3646
f 4147 3648 3647
f 4147 3649 3648
f 4147 3650 3649
f 4147 3651 3650
f 4147 3652 3651
f 4147 3653 3652
f 4147 3654 3653
f 4147 3655 3654
f 4147 3656 3655
f 4147 3657 3656
f 4147 3658 3657
f 4147 3659 3658
f 4147 3660 3659
f 4147 3661 3660
f 4147 3662 3661
f 4147 3663 3662
f 4147 3664 3663
f 4147 3665 3664
f 4147 3666 3665
f 4147 3667 3666
f 4147 3668 3667
f 4147 3669 3668
f 4147 3670 3669
f 4147 3637 3670
f 4148 4113 4114
f 4148 4114 4115
f 4148 4115 4116
f 4148 4116 4117
f 4148 4117 4118
f 4148 4118 4119
f 4148 4119 4120
f 4148 4120 4121
f 4148 4121 4122
f 4148 4122 4123
f 4148 4123 4124
f 4148 4124 4125
f 4148 4125 4126
f 4148 4126 4127
f 4148 4127 4128
f 4148 4128 4129
f 4148 4129 4130
f 4148 4130 4131
f 4148 4131 4132
f 4148 4132 4133
f 4148 4133 4134
f 4148 4134 4135
f 4148 4135 4136
f 4148 4136 4137
f 4148 4137 4138
f 4148 4138 4139
f 4148 4139 4140
f 4148 4140 4141
f 4148 4141 4142
f 4148 4142 4143
f 4148 4143 4144
f 4148 4144 4145
f 4148 4145 4146
f 4148 4146 4113
f 4149 4183 4184
f 4149 4184 4150
f 4150 4184 4185
f 4150 4185 4151
f 4151 4185 4186
f 4151 4186 4152
f 4152 4186 4187
f 4152 4187 4153
f 4153 4187 4188
f 4153 4188 4154
f 4154 4188 4189
f 4154 4189 4155
f 4155 4189 4190
f 4155 4190 4156
f 4156 4190 4191
f 4156 4191 4157
f 4157 4191 4192
f 4157 4192 4158
f 4158 4192 4193
f 4158 4193 4159
f 4159 4193 4194
f 4159 4194 4160
f 4160 4194 4195
f 4160 4195 4161
f 4161 4195 4196
f 4161 4196 4162
f 4162 4196 4197
f 4162 4197 4163
f 4163 4197 4198
f 4163 4198 4164
f 4164 4198 4199
f 4164 4199 4165
f 4165 4199 4200
f 4165 4200 4166
f 4166 4200 4201
f 4166 4201 4167
f 4167 4201 4202
f 4167 4202 4168
f 4168 4202 4203
f 4168 4203 4169
f 4169 4203 4204
f 4169 4204 4170
f 4170 4204 4205
f 4170 4205 4171
f 4171 4205 4206
f 4171 4206 4172
f 4172 4206 4207
f 4172 4207 4173
f 4173 4207 4208
f 4173 4208 4174
f 4174 4208 4209
f 4174 4209 4175
f 4175 4209 4210
f 4175 4210 4176
f 4176 4210 4211
f 4176 4211 4177
f 4177 4211 4212
f 4177 4212 4178
f 4178 4212 4213
f 4178 4213 4179
f 4179 4213 4214
f 4179 4214 4180
f 4180 4214 4215
f 4180 4215 4181
f 4181 4215 4216
f 4181 4216 4182
f 4182 4216 4183
f 4182 4183 4149
f 4183 4217 4218
f 4183 4218 4184
f 4184 4218 4219
f 4184 4219 4185
f 4185 4219 4220
f 4185 4220 4186
f 4186 4220 4221
f 4186 4221 4187
f 4187 4221 4222
f 4187 4222 4188
f 4188 4222 4223
f 4188 4223 4189
f 4189 4223 4224
f 4189 4224 4190
f 4190 4224 4225
f 4190 4225 4191
f 4191 4225 4226
f 4191 4226 4192
f 4192 4226 4227
f 4192 4227 4193
f 4193 4227 4228
f 4193 4228 4194
f 4194 4228 4229
f 4194 4229 4195
f 4195 4229 4230
f 4195 4230 4196
f 4196 4230 4231
f 4196 4231 4197
f 4197 4231 4232
f 4197 4232 4198
f 4198 4232 4233
f 4198 4233 4199
f 4199 4233 4234
f 4199 4234 4200
f 4200 4234 4235
f 4200 4235 4201
f 4201 4235 4236
f 4201 4236 4202
f 4202 4236 4237
f 4202 4237 4203
f 4203 4237 4238
f 4203 4238 4204
f 4204 4238 4239
f 4204 4239 4205
f 4205 4239 4240
f 4205 4240 4206
f 4206 4240 4241
f 4206 4241 4207
f 4207 4241 4242
f 4207 4242 4208
f 4208 4242 4243
f 4208 4243 4209
f 4209 4243 4244
f 4209 4244 4210
f 4210 4244 4245
f 4210 4245 4211
f 4211 4245 4246
f 4211 4246 4212
f 4212 4246 4247
f 4212 4247 4213
f 4213 4247 4248
f 4213 4248 4214
f 4214 4248 4249
f 4214 4249 4215
f 4215 4249 4250
f 4215 4250 4216
f 4216 4250 4217
f 4216 4217 4183
f 4217 4251 4252
f 4217 4252 4218
f 4218 4252 4253
f 4218 4253 4219
f 4219 4253 4254
f 4219 4254 4220
f 4220 4254 4255
f 4220 4255 4221
f 4221 4255 4256
f 4221 4256 4222
f 4222 4256 4257
f 4222 4257 4223
f 4223 4257 4258
f 4223 4258 4224
f 4224 4258 4259
f 4224 4259 4225
f 4225 4259 4260
f 4225 4260 4226
f 4226 4260 4261
f 4226 4261 4227
f 4227 4261 4262
f 4227 4262 4228
f 4228 4262 4263
f 4228 4263 4229
f 4229 4263 4264
f 4229 4264 4230
f 4230 4264 4265
f 4230 4265 4231
f 4231 4265 4266
f 4231 4266 4232
f 4232 4266 4267
f 4232 4267 4233
f 4233 4267 4268
f 4233 4268 4234
f 4234 4268 4269
f 4234 4269 4235
f 4235 4269 4270
f 4235 4270 4236
f 4236 4270 4271
f 4236 4271 4237
f 4237 4271 4272
f 4237 4272 4238
f 4238 4272 4273
f 4238 4273 4239
f 4239 4273 4274
f 4239 4274 4240
f 4240 4274 4275
f 4240 4275 4241
f 4241 4275 4276
f 4241 4276 4242
f 4242 4276 4277
f 4242 4277 4243
f 4243 4277 4278
f 4243 4278 4244
f 4244 4278 4279
f 4244 4279 4245
f 4245 4279 4280
f 4245 4280 4246
f 4246 4280 4281
f 4246 4281 4247
f 4247 4281 4282
f 4247 4282 4248
f 4248 4282 4283
f 4248 4283 4249
f 4249 4283 4284
f 4249 4284 4250
f 4250 4284 4251
f 4250 4251 4217
f 4251 4285 4286
f 4251 4286 4252
f 4252 4286 4287
f 4252 4287 4253
f 4253 4287 4288
f 4253 4288 4254
f 4254 4288 4289
f 4254 4289 4255
f 4255 4289 4290
f 4255 4290 4256
f 4256 4290 4291
f 4256 4291 4257
f 4257 4291 4292
f 4257 4292 4258
f 4258 4292 4293
f 4258 4293 4259
f 4259 4293 4294
f 4259 4294 4260
f 4260 4294 4295
f 4260 4295 4261
f 4261 4295 4296
f 4261 4296 4262
f 4262 4296 4297
f 4262 4297 4263
f 4263 4297 4298
f 4263 4298 4264
f 4264 4298 4299
f 4264 4299 4265
f 4265 4299 4300
f 4265 4300 4266
f 4266 4300 4301
f 4266 4301 4267
f 4267 4301 4302
f 4267 4302 4268
f 4268 4302 4303
f 4268 4303 4269
f 4269 4303 4304
f 4269 4304 4270
f 4270 4304 4305
f 4270 4305 4271
f 4271 4305 4306
f 4271 4306 4272
f 4272 4306 4307
f 4272 4307 4273
f 4273 4307 4308
f 4273 4308 4274
f 4274 4308 4309
f 4274 4309 4275
f 4275 4309 4310
f 4275 4310 4276
f 4276 4310 4311
f 4276 4311 4277
f 4277 4311 4312
f 4277 4312 4278
f 4278 4312 4313
f 4278 4313 4279
f 4279 4313 4314
f 4279 4314 4280
f 4280 4314 4315
f 4280 4315 4281
f 4281 4315 4316
f 4281 4316 4282
f 4282 4316 4317
f 4282 4317 4283
f 4283 4317 4318
f 4283 4318 4284
f 4284 4318 4285
f 4284 4285 4251
f 4285 4319 4320
f 4285 4320 4286
f 4286 4320 4321
f 4286 4321 4287
f 4287 4321 4322
f 4287 4322 4288
f 4288 4322 4323
f 4288 4323 4289
f 4289 4323 4324
f 4289 4324 4290
f 4290 4324 4325
f 4290 4325 4291
f 4291 4325 4326
f 4291 4326 4292
f 4292 4326 4327
f 4292 4327 4293
f 4293 4327 4328
f 4293 4328 4294
f 4294 4328 4329
f 4294 4329 4295
f 4295 4329 4330
f 4295 4330 4296
f 4296 4330 4331
f 4296 4331 4297
f 4297 4331 4332
f 4297 4332 4298
f 4298 4332 4333
f 4298 4333 4299
f 4299 4333 4334
f 4299 4334 4300
f 4300 4334 4335
f 4300 4335 4301
f 4301 4335 4336
f 4301 4336 4302
f 4302 4336 4337
f 4302 4337 4303
f 4303 4337 4338
f 4303 4338 4304
f 4304 4338 4339
f 4304 4339 4305
f 4305 4339 4340
f 4305 4340 4306
f 4306 4340 4341
f 4306 4341 4307
f 4307 4341 4342
f 4307 4342 4308
f 4308 4342 4343
f 4308 4343 4309
f 4309 4343 4344
f 4309 4344 4310
f 4310 4344 4345
f 4310 4345 4311
f 4311 4345 4346
f 4311 4346 4312
f 4312 4346 4347
f 4312 4347 4313
f 4313 4347 4348
f 4313 4348 4314
f 4314 4348 4349
f 4314 4349 4315
f 4315 4349 4350
f 4315 4350 4316
f 4316 4350 4351
f 4316 4351 4317
f 4317 4351 4352
f 4317 4352 4318
f 4318 4352 4319
f 4318 4319 4285
f 4319 4353 4354
f 4319 4354 4320
f 4320 4354 4355
f 4320 4355 4321
f 4321 4355 4356
f 4321 4356 4322
f 4322 4356 4357
f 4322 4357 4323
f 4323 4357 4358
f 4323 4358 4324
f 4324 4358 4359
f 4324 4359 4325
f 4325 4359 4360
f 4325 4360 4326
f 4326 4360 4361
f 4326 4361 4327
f 4327 4361 4362
f 4327 4362 4328
f 4328 4362 4363
f 4328 4363 4329
f 4329 4363 4364
f 4329 4364 4330
f 4330 4364 4365
f 4330 4365 4331
f 4331 4365 4366
f 4331 4366 4332
f 4332 4366 4367
f 4332 4367 4333
f 4333 4367 4368
f 4333 4368 4334
f 4334 4368 4369
f 4334 4369 4335
f 4335 4369 4370
f 4335 4370 4336
f 4336 4370 4371
f 4336 4371 4337
f 4337 4371 4372
f 4337 4372 4338
f 4338 4372 4373
f 4338 4373 4339
f 4339 4373 4374
f 4339 4374 4340
f 4340 4374 4375
f 4340 4375 4341
f 4341 4375 4376
f 4341 4376 4342
f 4342 4376 4377
f 4342 4377 4343
f 4343 4377 4378
f 4343 4378 4344
f 4344 4378 4379
f 4344 4379 4345
f 4345 4379 4380
f 4345 4380 4346
f 4346 4380 4381
f 4346 4381 4347
f 4347 4381 4382
f 4347 4382 4348
f 4348 4382 4383
f 4348 4383 4349
f 4349 4383 4384
f 4349 4384 4350
f 4350 4384 4385
f 4350 4385 4351
f 4351 4385 4386
f 4351 4386 4352
f 4352 4386 4353
f 4352 4353 4319
f 4353 4387 4388
f 4353 4388 4354
f 4354 4388 4389
f 4354 4389 4355
f 4355 4389 4390
f 4355 4390 4356
f 4356 4390 4391
f 4356 4391 4357
f 4357 4391 4392
f 4357 4392 4358
f 4358 4392 4393
f 4358 4393 4359
f 4359 4393 4394
f 4359 4394 4360
f 4360 4394 4395
f 4360 4395 4361
f 4361 4395 4396
f 4361 4396 4362
f 4362 4396 4397
f 4362 4397 4363
f 4363 4397 4398
f 4363 4398 4364
f 4364 4398 4399
f 4364 4399 4365
f 4365 4399 4400
f 4365 4400 4366
f 4366 4400 4401
f 4366 4401 4367
f 4367 4401 4402
f 4367 4402 4368
f 4368 4402 4403
f 4368 4403 4369
f 4369 4403 4404
f 4369 4404 4370
f 4370 4404 4405
f 4370 4405 4371
f 4371 4405 4406
f 4371 4406 4372
f 4372 4406 4407
f 4372 4407 4373
f 4373 4407 4408
f 4373 4408 4374
f 4374 4408 4409
f 4374 4409 4375
f 4375 4409 4410
f 4375 4410 4376
f 4376 4410 4411
f 4376 4411 4377
f 4377 4411 4412
f 4377 4412 4378
f 4378 4412 4413
f 4378 4413 4379
f 4379 4413 4414
f 4379 4414 4380
f 4380 4414 4415
f 4380 4415 4381
f 4381 4415 4416
f 4381 4416 4382
f 4382 4416 4417
f 4382 4417 4383
f 4383 4417 4418
f 4383 4418 4384
f 4384 4418 4419
f 4384 4419 4385
f 4385 4419 4420
f 4385 4420 4386
f 4386 4420 4387
f 4386 4387 4353
f 4387 4421 4422
f 4387 4422 4388
f 4388 4422 4423
f 4388 4423 4389
f 4389 4423 4424
f 4389 4424 4390
f 4390 4424 4425
f 4390 4425 4391
f 4391 4425 4426
f 4391 4426 4392
f 4392 4426 4427
f 4392 4427 4393
f 4393 4427 4428
f 4393 4428 4394
f 4394 4428 4429
f 4394 4429 4395
f 4395 4429 4430
f 4395 4430 4396
f 4396 4430 4431
f 4396 4431 4397
f 4397 4431 4432
f 4397 4432 4398
f 4398 4432 4433
f 4398 4433 4399
f 4399 4433 4434
f 4399 4434 4400
f 4400 4434 4435
f 4400 4435 4401
f 4401 4435 4436
f 4401 4436 4402
f 4402 4436 4437
f 4402 4437 4403
f 4403 4437 4438
f 4403 4438 4404
f 4404 4438 4439
f 4404 4439 4405
f 4405 4439 4440
f 4405 4440 4406
f 4406 4440 4441
f 4406 4441 4407
f 4407 4441 4442
f 4407 4442 4408
f 4408 4442 4443
f 4408 4443 4409
f 4409 4443 4444
f 4409 4444 4410
f 4410 4444 4445
f 4410 4445 4411
f 4411 4445 4446
f 4411 4446 4412
f 4412 4446 4447
f 4412 4447 4413
f 4413 4447 4448
f 4413 4448 4414
f 4414 4448 4449
f 4414 4449 4415
f 4415 4449 4450
f 4415 4450 4416
f 4416 4450 4451
f 4416 4451 4417
f 4417 4451 4452
f 4417 4452 4418
f 4418 4452 4453
f 4418 4453 4419
f 4419 4453 4454
f 4419 4454 4420
f 4420 4454 4421
f 4420 4421 4387
f 4421 4455 4456
f 4421 4456 4422
f 4422 4456 4457
f 4422 4457 4423
f 4423 4457 4458
f 4423 4458 4424
f 4424 4458 4459
f 4424 4459 4425
f 4425 4459 4460
f 4425 4460 4426
f 4426 4460 4461
f 4426 4461 4427
f 4427 4461 4462
f 4427 4462 4428
f 4428 4462 4463
f 4428 4463 4429
f 4429 4463 4464
f 4429 4464 4430
f 4430 4464 4465
f 4430 4465 4431
f 4431 4465 4466
f 4431 4466 4432
f 4432 4466 4467
f 4432 4467 4433
f 4433 4467 4468
f 4433 4468 4434
f 4434 4468 4469
f 4434 4469 4435
f 4435 4469 4470
f 4435 4470 4436
f 4436 4470 4471
f 4436 4471 4437
f 4437 4471 4472
f 4437 4472 4438
f 4438 4472 4473
f 4438 4473 4439
f 4439 4473 4474
f 4439 4474 4440
f 4440 4474 4475
f 4440 4475 4441
f 4441 4475 4476
f 4441 4476 4442
f 4442 4476 4477
f 4442 4477 4443
f 4443 4477 4478
f 4443 4478 4444
f 4444 4478 4479
f 4444 4479 4445
f 4445 4479 4480
f 4445 4480 4446
f 4446 4480 4481
f 4446 4481 4447
f 4447 4481 4482
f 4447 4482 4448
f 4448 4482 4483
f 4448 4483 4449
f 4449 4483 4484
f 4449 4484 4450
f 4450 4484 4485
f 4450 4485 4451
f 4451 4485 4486
f 4451 4486 4452
f 4452 4486 4487
f 4452 4487 4453
f 4453 4487 4488
f 4453 4488 4454
f 4454 4488 4455
f 4454 4455 4421
f 4455 4489 4490
f 4455 4490 4456
f 4456 4490 4491
f 4456 4491 4457
f 4457 4491 4492
f 4457 4492 4458
f 4458 4492 4493
f 4458 4493 4459
f 4459 4493 4494
f 4459 4494 4460
f 4460 4494 4495
f 4460 4495 4461
f 4461 4495 4496
f 4461 4496 4462
f 4462 4496 4497
f 4462 4497 4463
f 4463 4497 4498
f 4463 4498 4464
f 4464 4498 4499
f 4464 4499 4465
f 4465 4499 4500
f 4465 4500 4466
f 4466 4500 4501
f 4466 4501 4467
f 4467 4501 4502
f 4467 4502 4468
f 4468 4502 4503
f 4468 4503 4469
f 4469 4503 4504
f 4469 4504 4470
f 4470 4504 4505
f 4470 4505 4471
f 4471 4505 4506
f 4471 4506 4472
f 4472 4506 4507
f 4472 4507 4473
f 4473 4507 4508
f 4473 4508 4474
f 4474 4508 4509
f 4474 4509 4475
f 4475 4509 4510
f 4475 4510 4476
f 4476 4510 4511
f 4476 4511 4477
f 4477 4511 4512
f 4477 4512 4478
f 4478 4512 4513
f 4478 4513 4479
f 4479 4513 4514
f 4479 4514 4480
f 4480 4514 4515
f 4480 4515 4481
f 4481 4515 4516
f 4481 4516 4482
f 4482 4516 4517
f 4482 4517 4483
f 4483 4517 4518
f 4483 4518 4484
f 4484 4518 4519
f 4484 4519 4485
f 4485 4519 4520
f 4485 4520 4486
f 4486 4520 4521
f 4486 4521 4487
f 4487 4521 4522
f 4487 4522 4488
f 4488 4522 4489
f 4488 4489 4455
f 4489 4523 4524
f 4489 4524 4490
f 4490 4524 4525
f 4490 4525 4491
f 4491 4525 4526
f 4491 4526 4492
f 4492 4526 4527
f 4492 4527 4493
f 4493 4527 4528
f 4493 4528 4494
f 4494 4528 4529
f 4494 4529 4495
f 4495 4529 4530
f 4495 4530 4496
f 4496 4530 4531
f 4496 4531 4497
f 4497 4531 4532
f 4497 4532 4498
f 4498 4532 4533
f 4498 4533 4499
f 4499 4533 4534
f 4499 4534 4500
f 4500 4534 4535
f 4500 4535 4501
f 4501 4535 4536
f 4501 4536 4502
f 4502 4536 4537
f 4502 4537 4503
f 4503 4537 4538
f 4503 4538 4504
f 4504 4538 4539
f 4504 4539 4505
f 4505 4539 4540
f 4505 4540 4506
f 4506 4540 4541
f 4506 4541 4507
f 4507 4541 4542
f 4507 4542 4508
f 4508 4542 4543
f 4508 4543 4509
f 4509 4543 4544
f 4509 4544 4510
f 4510 4544 4545
f 4510 4545 4511
f 4511 4545 4546
f 4511 4546 4512
f 4512 4546 4547
f 4512 4547 4513
f 4513 4547 4548
f 4513 4548 4514
f 4514 4548 4549
f 4514 4549 4515
f 4515 4549 4550
f 4515 4550 4516
f 4516 4550 4551
f 4516 4551 4517
f 4517 4551 4552
f 4517 4552 4518
f 4518 4552 4553
f 4518 4553 4519
f 4519 4553 4554
f 4519 4554 4520
f 4520 4554 4555
f 4520 4555 4521
f 4521 4555 4556
f 4521 4556 4522
f 4522 4556 4523
f 4522 4523 4489
f 4523 4557 4558
f 4523 4558 4524
f 4524 4558 4559
f 4524 4559 4525
f 4525 4559 4560
f 4525 4560 4526
f 4526 4560 4561
f 4526 4561 4527
f 4527 4561 4562
f 4527 4562 4528
f 4528 4562 4563
f 4528 4563 4529
f 4529 4563 4564
f 4529 4564 4530
f 4530 4564 4565
f 4530 4565 4531
f 4531 4565 4566
f 4531 4566 4532
f 4532 4566 4567
f 4532 4567 4533
f 4533 4567 4568
f 4533 4568 4534
f 4534 4568 4569
f 4534 4569 4535
f 4535 4569 4570
f 4535 4570 4536
f 4536 4570 4571
f 4536 4571 4537
f 4537 4571 4572
f 4537 4572 4538
f 4538 4572 4573
f 4538 4573 4539
f 4539 4573 4574
f 4539 4574 4540
f 4540 4574 4575
f 4540 4575 4541
f 4541 4575 4576
f 4541 4576 4542
f 4542 4576 4577
f 4542 4577 4543
f 4543 4577 4578
f 4543 4578 4544
f 4544 4578 4579
f 4544 4579 4545
f 4545 4579 4580
f 4545 4580 4546
f 4546 4580 4581
f 4546 4581 4547
f 4547 4581 4582
f 4547 4582 4548
f 4548 4582 4583
f 4548 4583 4549
f 4549 4583 4584
f 4549 4584 4550
f 4550 4584 4585
f 4550 4585 4551
f 4551 4585 4586
f 4551 4586 4552
f 4552 4586 4587
f 4552 4587 4553
f 4553 4587 4588
f 4553 4588 4554
f 4554 4588 4589
f 4554 4589 4555
f 4555 4589 4590
f 4555 4590 4556
f 4556 4590 4557
f 4556 4557 4523
f 4557 4591 4592
f 4557 4592 4558
f 4558 4592 4593
f 4558 4593 4559
f 4559 4593 4594
f 4559 4594 4560
f 4560 4594 4595
f 4560 4595 4561
f 4561 4595 4596
f 4561 4596 4562
f 4562 4596 4597
f 4562 4597 4563
f 4563 4597 4598
f 4563 4598 4564
f 4564 4598 4599
f 4564 4599 4565
f 4565 4599 4600
f 4565 4600 4566
f 4566 4600 4601
f 4566 4601 4567
f 4567 4601 4602
f 4567 4602 4568
f 4568 4602 4603
f 4568 4603 4569
f 4569 4603 4604
f 4569 4604 4570
f 4570 4604 4605
f 4570 4605 4571
f 4571 4605 4606
f 4571 4606 4572
f 4572 4606 4607
f 4572 4607 4573
f 4573 4607 4608
f 4573 4608 4574
f 4574 4608 4609
f 4574 4609 4575
f 4575 4609 4610
f 4575 4610 4576
f 4576 4610 4611
f 4576 4611 4577
f 4577 4611 4612
f 4577 4612 4578
f 4578 4612 4613
f 4578 4613 4579
f 4579 4613 4614
f 4579 4614 4580
f 4580 4614 4615
f 4580 4615 4581
f 4581 4615 4616
f 4581 4616 4582
f 4582 4616 4617
f 4582 4617 4583
f 4583 4617 4618
f 4583 4618 4584
f 4584 4618 4619
f 4584 4619 4585
f 4585 4619 4620
f 4585 4620 4586
f 4586 4620 4621
f 4586 4621 4587
f 4587 4621 4622
f 4587 4622 4588
f 4588 4622 4623
f 4588 4623 4589
f 4589 4623 4624
f 4589 4624 4590
f 4590 4624 4591
f 4590 4591 4557
f 4591 4625 4626
f 4591 4626 4592
f 4592 4626 4627
f 4592 4627 4593
f 4593 4627 4628
f 4593 4628 4594
f 4594 4628 4629
f 4594 4629 4595
f 4595 4629 4630
f 4595 4630 4596
f 4596 4630 4631
f 4596 4631 4597
f 4597 4631 4632
f 4597 4632 4598
f 4598 4632 4633
f 4598 4633 4599
f 4599 4633 4634
f 4599 4634 4600
f 4600 4634 4635
f 4600 4635 4601
f 4601 4635 4636
f 4601 4636 4602
f 4602 4636 4637
f 4602 4637 4603
f 4603 4637 4638
f 4603 4638 4604
f 4604 4638 4639
f 4604 4639 4605
f 4605 4639 4640
f 4605 4640 4606
f 4606 4640 4641
f 4606 4641 4607
f 4607 4641 4642
f 4607 4642 4608
f 4608 4642 4643
f 4608 4643 4609
f 4609 4643 4644
f 4609 4644 4610
f 4610 4644 4645
f 4610 4645 4611
f 4611 4645 4646
f 4611 4646 4612
f 4612 4646 4647
f 4612 4647 4613
f 4613 4647 4648
f 4613 4648 4614
f 4614 4648 4649
f 4614 4649 4615
f 4615 4649 4650
f 4615 4650 4616
f 4616 4650 4651
f 4616 4651 4617
f 4617 4651 4652
f 4617 4652 4618
f 4618 4652 4653
f 4618 4653 4619
f 4619 4653 4654
f 4619 4654 4620
f 4620 4654 4655
f 4620 4655 4621
f 4621 4655 4656
f 4621 4656 4622
f 4622 4656 4657
f 4622 4657 4623
f 4623 4657 4658
f 4623 4658 4624
f 4624 4658 4625
f 4624 4625 4591
f 4659 4149 4150
f 4659 4150 4151
f 4659 4151 4152
f 4659 4152 4153
f 4659 4153 4154
f 4659 4154 4155
f 4659 4155 4156
f 4659 4156 4157
f 4659 4157 4158
f 4659 4158 4159
f 4659 4159 4160
f 4659 4160 4161
f 4659 4161 4162
f 4659 4162 4163
f 4659 4163 4164
f 4659 4164 4165
f 4659 4165 4166
f 4659 4166 4167
f 4659 4167 4168
f 4659 4168 4169
f 4659 4169 4170
f 4659 4170 4171
f 4659 4171 4172
f 4659 4172 4173
f 4659 4173 4174
f 4659 4174 4175
f 4659 4175 4176
f 4659 4176 4177
f 4659 4177 4178
f 4659 4178 4179
f 4659 4179 4180
f 4659 4180 4181
f 4659 4181 4182
f 4659 4182 4149
f 4660 4626 4625
f 4660 4627 4626
f 4660 4628 4627
f 4660 4629 4628
f 4660 4630 4629
f 4660 4631 4630
f 4660 4632 4631
f 4660 4633 4632
f 4660 4634 4633
f 4660 4635 4634
f 4660 4636 4635
f 4660 4637 4636
f 4660 4638 4637
f 4660 4639 4638
f 4660 4640 4639
f 4660 4641 4640
f 4660 4642 4641
f 4660 4643 4642
f 4660 4644 4643
f 4660 4645 4644
f 4660 4646 4645
f 4660 4647 4646
f 4660 4648 4647
f 4660 4649 4648
f 4660 4650 4649
f 4660 4651 4650
f 4660 4652 4651
f 4660 4653 4652
f 4660 4654 4653
f 4660 4655 4654
f 4660 4656 4655
f 4660 4657 4656
f 4660 4658 4657
f 4660 4625 4658
