# Generated by generate_bionic_fish.py
# Units: meters
# Body-local coordinates. BionicFish body frame origin.
o Body
v -0.181000000 0.050211107 0.000000000
v -0.181000000 0.049065339 0.012808568
v -0.181000000 0.045669565 0.023503862
v -0.181000000 0.040144859 0.032679923
v -0.181000000 0.032679923 0.040144859
v -0.181000000 0.023503862 0.045669565
v -0.181000000 0.012808568 0.049065339
v -0.181000000 0.000000000 0.050211107
v -0.181000000 -0.012808568 0.049065339
v -0.181000000 -0.023503862 0.045669565
v -0.181000000 -0.032679923 0.040144859
v -0.181000000 -0.040144859 0.032679923
v -0.181000000 -0.045669565 0.023503862
v -0.181000000 -0.049065339 0.012808568
v -0.181000000 -0.050211107 0.000000000
v -0.181000000 -0.049065339 -0.012808568
v -0.181000000 -0.045669565 -0.023503862
v -0.181000000 -0.040144859 -0.032679923
v -0.181000000 -0.032679923 -0.040144859
v -0.181000000 -0.023503862 -0.045669565
v -0.181000000 -0.012808568 -0.049065339
v -0.181000000 -0.000000000 -0.050211107
v -0.181000000 0.012808568 -0.049065339
v -0.181000000 0.023503862 -0.045669565
v -0.181000000 0.032679923 -0.040144859
v -0.181000000 0.040144859 -0.032679923
v -0.181000000 0.045669565 -0.023503862
v -0.181000000 0.049065339 -0.012808568
v -0.175343750 0.050876917 0.000000000
v -0.175343750 0.049715955 0.012910475
v -0.175343750 0.046275153 0.023690862
v -0.175343750 0.040677188 0.032939929
v -0.175343750 0.033113266 0.040464257
v -0.175343750 0.023815528 0.046032918
v -0.175343750 0.012978413 0.049455709
v -0.175343750 0.000000000 0.050610593
v -0.175343750 -0.012978413 0.049455709
v -0.175343750 -0.023815528 0.046032918
v -0.175343750 -0.033113266 0.040464257
v -0.175343750 -0.040677188 0.032939929
v -0.175343750 -0.046275153 0.023690862
v -0.175343750 -0.049715955 0.012910475
v -0.175343750 -0.050876917 0.000000000
v -0.175343750 -0.049715955 -0.012910475
v -0.175343750 -0.046275153 -0.023690862
v -0.175343750 -0.040677188 -0.032939929
v -0.175343750 -0.033113266 -0.040464257
v -0.175343750 -0.023815528 -0.046032918
v -0.175343750 -0.012978413 -0.049455709
v -0.175343750 -0.000000000 -0.050610593
v -0.175343750 0.012978413 -0.049455709
v -0.175343750 0.023815528 -0.046032918
v -0.175343750 0.033113266 -0.040464257
v -0.175343750 0.040677188 -0.032939929
v -0.175343750 0.046275153 -0.023690862
v -0.175343750 0.049715955 -0.012910475
v -0.169687500 0.052562744 0.000000000
v -0.169687500 0.051363313 0.013168502
v -0.169687500 0.047808499 0.024164344
v -0.169687500 0.042025043 0.033598262
v -0.169687500 0.034210487 0.041272970
v -0.169687500 0.024604665 0.046952925
v -0.169687500 0.013408458 0.050444124
v -0.169687500 0.000000000 0.051622089
v -0.169687500 -0.013408458 0.050444124
v -0.169687500 -0.024604665 0.046952925
v -0.169687500 -0.034210487 0.041272970
v -0.169687500 -0.042025043 0.033598262
v -0.169687500 -0.047808499 0.024164344
v -0.169687500 -0.051363313 0.013168502
v -0.169687500 -0.052562744 0.000000000
v -0.169687500 -0.051363313 -0.013168502
v -0.169687500 -0.047808499 -0.024164344
v -0.169687500 -0.042025043 -0.033598262
v -0.169687500 -0.034210487 -0.041272970
v -0.169687500 -0.024604665 -0.046952925
v -0.169687500 -0.013408458 -0.050444124
v -0.169687500 -0.000000000 -0.051622089
v -0.169687500 0.013408458 -0.050444124
v -0.169687500 0.024604665 -0.046952925
v -0.169687500 0.034210487 -0.041272970
v -0.169687500 0.042025043 -0.033598262
v -0.169687500 0.047808499 -0.024164344
v -0.169687500 0.051363313 -0.013168502
v -0.164031250 0.054801189 0.000000000
v -0.164031250 0.053550679 0.013511111
v -0.164031250 0.049844478 0.024793035
v -0.164031250 0.043814728 0.034472397
v -0.164031250 0.035667380 0.042346780
v -0.164031250 0.025652483 0.048174513
v -0.164031250 0.013979472 0.051756543
v -0.164031250 0.000000000 0.052965156
v -0.164031250 -0.013979472 0.051756543
v -0.164031250 -0.025652483 0.048174513
v -0.164031250 -0.035667380 0.042346780
v -0.164031250 -0.043814728 0.034472397
v -0.164031250 -0.049844478 0.024793035
v -0.164031250 -0.053550679 0.013511111
v -0.164031250 -0.054801189 0.000000000
v -0.164031250 -0.053550679 -0.013511111
v -0.164031250 -0.049844478 -0.024793035
v -0.164031250 -0.043814728 -0.034472397
v -0.164031250 -0.035667380 -0.042346780
v -0.164031250 -0.025652483 -0.048174513
v -0.164031250 -0.013979472 -0.051756543
v -0.164031250 -0.000000000 -0.052965156
v -0.164031250 0.013979472 -0.051756543
v -0.164031250 0.025652483 -0.048174513
v -0.164031250 0.035667380 -0.042346780
v -0.164031250 0.043814728 -0.034472397
v -0.164031250 0.049844478 -0.024793035
v -0.164031250 0.053550679 -0.013511111
v -0.158375000 0.057124850 0.000000000
v -0.158375000 0.055821317 0.013866762
v -0.158375000 0.051957967 0.025445659
v -0.158375000 0.045672545 0.035379811
v -0.158375000 0.037179736 0.043461471
v -0.158375000 0.026740191 0.049442606
v -0.158375000 0.014572225 0.053118926
v -0.158375000 0.000000000 0.054359353
v -0.158375000 -0.014572225 0.053118926
v -0.158375000 -0.026740191 0.049442606
v -0.158375000 -0.037179736 0.043461471
v -0.158375000 -0.045672545 0.035379811
v -0.158375000 -0.051957967 0.025445659
v -0.158375000 -0.055821317 0.013866762
v -0.158375000 -0.057124850 0.000000000
v -0.158375000 -0.055821317 -0.013866762
v -0.158375000 -0.051957967 -0.025445659
v -0.158375000 -0.045672545 -0.035379811
v -0.158375000 -0.037179736 -0.043461471
v -0.158375000 -0.026740191 -0.049442606
v -0.158375000 -0.014572225 -0.053118926
v -0.158375000 -0.000000000 -0.054359353
v -0.158375000 0.014572225 -0.053118926
v -0.158375000 0.026740191 -0.049442606
v -0.158375000 0.037179736 -0.043461471
v -0.158375000 0.045672545 -0.035379811
v -0.158375000 0.051957967 -0.025445659
v -0.158375000 0.055821317 -0.013866762
v -0.152718750 0.059066327 0.000000000
v -0.152718750 0.057718491 0.014163918
v -0.152718750 0.053723840 0.025990944
v -0.152718750 0.047224798 0.036137978
v -0.152718750 0.038443348 0.044392822
v -0.152718750 0.027648998 0.050502130
v -0.152718750 0.015067485 0.054257230
v -0.152718750 0.000000000 0.055524239
v -0.152718750 -0.015067485 0.054257230
v -0.152718750 -0.027648998 0.050502130
v -0.152718750 -0.038443348 0.044392822
v -0.152718750 -0.047224798 0.036137978
v -0.152718750 -0.053723840 0.025990944
v -0.152718750 -0.057718491 0.014163918
v -0.152718750 -0.059066327 0.000000000
v -0.152718750 -0.057718491 -0.014163918
v -0.152718750 -0.053723840 -0.025990944
v -0.152718750 -0.047224798 -0.036137978
v -0.152718750 -0.038443348 -0.044392822
v -0.152718750 -0.027648998 -0.050502130
v -0.152718750 -0.015067485 -0.054257230
v -0.152718750 -0.000000000 -0.055524239
v -0.152718750 0.015067485 -0.054257230
v -0.152718750 0.027648998 -0.050502130
v -0.152718750 0.038443348 -0.044392822
v -0.152718750 0.047224798 -0.036137978
v -0.152718750 0.053723840 -0.025990944
v -0.152718750 0.057718491 -0.014163918
v -0.147062500 0.060158220 0.000000000
v -0.147062500 0.058785468 0.014331040
v -0.147062500 0.054716972 0.026297613
v -0.147062500 0.048097790 0.036564373
v -0.147062500 0.039154006 0.044916617
v -0.147062500 0.028160114 0.051098009
v -0.147062500 0.015346020 0.054897417
v -0.147062500 0.000000000 0.056179375
v -0.147062500 -0.015346020 0.054897417
v -0.147062500 -0.028160114 0.051098009
v -0.147062500 -0.039154006 0.044916617
v -0.147062500 -0.048097790 0.036564373
v -0.147062500 -0.054716972 0.026297613
v -0.147062500 -0.058785468 0.014331040
v -0.147062500 -0.060158220 0.000000000
v -0.147062500 -0.058785468 -0.014331040
v -0.147062500 -0.054716972 -0.026297613
v -0.147062500 -0.048097790 -0.036564373
v -0.147062500 -0.039154006 -0.044916617
v -0.147062500 -0.028160114 -0.051098009
v -0.147062500 -0.015346020 -0.054897417
v -0.147062500 -0.000000000 -0.056179375
v -0.147062500 0.015346020 -0.054897417
v -0.147062500 0.028160114 -0.051098009
v -0.147062500 0.039154006 -0.044916617
v -0.147062500 0.048097790 -0.036564373
v -0.147062500 0.054716972 -0.026297613
v -0.147062500 0.058785468 -0.014331040
v -0.145000000 0.060253329 0.000000000
v -0.145000000 0.058878407 0.014345597
v -0.145000000 0.054803478 0.026324326
v -0.145000000 0.048173831 0.036601514
v -0.145000000 0.039215908 0.044962242
v -0.145000000 0.028204635 0.051149913
v -0.145000000 0.015370282 0.054953180
v -0.145000000 0.000000000 0.056236440
v -0.145000000 -0.015370282 0.054953180
v -0.145000000 -0.028204635 0.051149913
v -0.145000000 -0.039215908 0.044962242
v -0.145000000 -0.048173831 0.036601514
v -0.145000000 -0.054803478 0.026324326
v -0.145000000 -0.058878407 0.014345597
v -0.145000000 -0.060253329 0.000000000
v -0.145000000 -0.058878407 -0.014345597
v -0.145000000 -0.054803478 -0.026324326
v -0.145000000 -0.048173831 -0.036601514
v -0.145000000 -0.039215908 -0.044962242
v -0.145000000 -0.028204635 -0.051149913
v -0.145000000 -0.015370282 -0.054953180
v -0.145000000 -0.000000000 -0.056236440
v -0.145000000 0.015370282 -0.054953180
v -0.145000000 0.028204635 -0.051149913
v -0.145000000 0.039215908 -0.044962242
v -0.145000000 0.048173831 -0.036601514
v -0.145000000 0.054803478 -0.026324326
v -0.145000000 0.058878407 -0.014345597
v -0.141406250 0.060480719 0.000000000
v -0.141406250 0.059100608 0.014392001
v -0.141406250 0.055010301 0.026409479
v -0.141406250 0.048355634 0.036719912
v -0.141406250 0.039363905 0.045107685
v -0.141406250 0.028311076 0.051315371
v -0.141406250 0.015428288 0.055130941
v -0.141406250 0.000000000 0.056418352
v -0.141406250 -0.015428288 0.055130941
v -0.141406250 -0.028311076 0.051315371
v -0.141406250 -0.039363905 0.045107685
v -0.141406250 -0.048355634 0.036719912
v -0.141406250 -0.055010301 0.026409479
v -0.141406250 -0.059100608 0.014392001
v -0.141406250 -0.060480719 0.000000000
v -0.141406250 -0.059100608 -0.014392001
v -0.141406250 -0.055010301 -0.026409479
v -0.141406250 -0.048355634 -0.036719912
v -0.141406250 -0.039363905 -0.045107685
v -0.141406250 -0.028311076 -0.051315371
v -0.141406250 -0.015428288 -0.055130941
v -0.141406250 -0.000000000 -0.056418352
v -0.141406250 0.015428288 -0.055130941
v -0.141406250 0.028311076 -0.051315371
v -0.141406250 0.039363905 -0.045107685
v -0.141406250 0.048355634 -0.036719912
v -0.141406250 0.055010301 -0.026409479
v -0.141406250 0.059100608 -0.014392001
v -0.135750000 0.061626459 0.000000000
v -0.135750000 0.060220203 0.014625819
v -0.135750000 0.056052410 0.026838536
v -0.135750000 0.049271678 0.037316476
v -0.135750000 0.040109611 0.045840520
v -0.135750000 0.028847398 0.052149058
v -0.135750000 0.015720560 0.056026617
v -0.135750000 0.000000000 0.057334944
v -0.135750000 -0.015720560 0.056026617
v -0.135750000 -0.028847398 0.052149058
v -0.135750000 -0.040109611 0.045840520
v -0.135750000 -0.049271678 0.037316476
v -0.135750000 -0.056052410 0.026838536
v -0.135750000 -0.060220203 0.014625819
v -0.135750000 -0.061626459 0.000000000
v -0.135750000 -0.060220203 -0.014625819
v -0.135750000 -0.056052410 -0.026838536
v -0.135750000 -0.049271678 -0.037316476
v -0.135750000 -0.040109611 -0.045840520
v -0.135750000 -0.028847398 -0.052149058
v -0.135750000 -0.015720560 -0.056026617
v -0.135750000 -0.000000000 -0.057334944
v -0.135750000 0.015720560 -0.056026617
v -0.135750000 0.028847398 -0.052149058
v -0.135750000 0.040109611 -0.045840520
v -0.135750000 0.049271678 -0.037316476
v -0.135750000 0.056052410 -0.026838536
v -0.135750000 0.060220203 -0.014625819
v -0.130093750 0.063472938 0.000000000
v -0.130093750 0.062024548 0.015002640
v -0.130093750 0.057731877 0.027530007
v -0.130093750 0.050747978 0.038277902
v -0.130093750 0.041311393 0.047021560
v -0.130093750 0.029711737 0.053492632
v -0.130093750 0.016191586 0.057470093
v -0.130093750 0.000000000 0.058812128
v -0.130093750 -0.016191586 0.057470093
v -0.130093750 -0.029711737 0.053492632
v -0.130093750 -0.041311393 0.047021560
v -0.130093750 -0.050747978 0.038277902
v -0.130093750 -0.057731877 0.027530007
v -0.130093750 -0.062024548 0.015002640
v -0.130093750 -0.063472938 0.000000000
v -0.130093750 -0.062024548 -0.015002640
v -0.130093750 -0.057731877 -0.027530007
v -0.130093750 -0.050747978 -0.038277902
v -0.130093750 -0.041311393 -0.047021560
v -0.130093750 -0.029711737 -0.053492632
v -0.130093750 -0.016191586 -0.057470093
v -0.130093750 -0.000000000 -0.058812128
v -0.130093750 0.016191586 -0.057470093
v -0.130093750 0.029711737 -0.053492632
v -0.130093750 0.041311393 -0.047021560
v -0.130093750 0.050747978 -0.038277902
v -0.130093750 0.057731877 -0.027530007
v -0.130093750 0.062024548 -0.015002640
v -0.124437500 0.065721021 0.000000000
v -0.124437500 0.064221331 0.015461418
v -0.124437500 0.059776623 0.028371871
v -0.124437500 0.052545368 0.039448434
v -0.124437500 0.042774558 0.048459472
v -0.124437500 0.030764066 0.055128429
v -0.124437500 0.016765059 0.059227519
v -0.124437500 0.000000000 0.060610594
v -0.124437500 -0.016765059 0.059227519
v -0.124437500 -0.030764066 0.055128429
v -0.124437500 -0.042774558 0.048459472
v -0.124437500 -0.052545368 0.039448434
v -0.124437500 -0.059776623 0.028371871
v -0.124437500 -0.064221331 0.015461418
v -0.124437500 -0.065721021 0.000000000
v -0.124437500 -0.064221331 -0.015461418
v -0.124437500 -0.059776623 -0.028371871
v -0.124437500 -0.052545368 -0.039448434
v -0.124437500 -0.042774558 -0.048459472
v -0.124437500 -0.030764066 -0.055128429
v -0.124437500 -0.016765059 -0.059227519
v -0.124437500 -0.000000000 -0.060610594
v -0.124437500 0.016765059 -0.059227519
v -0.124437500 0.030764066 -0.055128429
v -0.124437500 0.042774558 -0.048459472
v -0.124437500 0.052545368 -0.039448434
v -0.124437500 0.059776623 -0.028371871
v -0.124437500 0.064221331 -0.015461418
v -0.118781250 0.068071570 0.000000000
v -0.118781250 0.066518243 0.015941108
v -0.118781250 0.061914568 0.029252106
v -0.118781250 0.054424683 0.040672319
v -0.118781250 0.044304414 0.049962924
v -0.118781250 0.031864360 0.056838785
v -0.118781250 0.017364671 0.061065049
v -0.118781250 0.000000000 0.062491033
v -0.118781250 -0.017364671 0.061065049
v -0.118781250 -0.031864360 0.056838785
v -0.118781250 -0.044304414 0.049962924
v -0.118781250 -0.054424683 0.040672319
v -0.118781250 -0.061914568 0.029252106
v -0.118781250 -0.066518243 0.015941108
v -0.118781250 -0.068071570 0.000000000
v -0.118781250 -0.066518243 -0.015941108
v -0.118781250 -0.061914568 -0.029252106
v -0.118781250 -0.054424683 -0.040672319
v -0.118781250 -0.044304414 -0.049962924
v -0.118781250 -0.031864360 -0.056838785
v -0.118781250 -0.017364671 -0.061065049
v -0.118781250 -0.000000000 -0.062491033
v -0.118781250 0.017364671 -0.061065049
v -0.118781250 0.031864360 -0.056838785
v -0.118781250 0.044304414 -0.049962924
v -0.118781250 0.054424683 -0.040672319
v -0.118781250 0.061914568 -0.029252106
v -0.118781250 0.066518243 -0.015941108
v -0.113125000 0.070225449 0.000000000
v -0.113125000 0.068622973 0.016380662
v -0.113125000 0.063873631 0.030058692
v -0.113125000 0.056146756 0.041793802
v -0.113125000 0.045706268 0.051340582
v -0.113125000 0.032872593 0.058406035
v -0.113125000 0.017914114 0.062748833
v -0.113125000 0.000000000 0.064214137
v -0.113125000 -0.017914114 0.062748833
v -0.113125000 -0.032872593 0.058406035
v -0.113125000 -0.045706268 0.051340582
v -0.113125000 -0.056146756 0.041793802
v -0.113125000 -0.063873631 0.030058692
v -0.113125000 -0.068622973 0.016380662
v -0.113125000 -0.070225449 0.000000000
v -0.113125000 -0.068622973 -0.016380662
v -0.113125000 -0.063873631 -0.030058692
v -0.113125000 -0.056146756 -0.041793802
v -0.113125000 -0.045706268 -0.051340582
v -0.113125000 -0.032872593 -0.058406035
v -0.113125000 -0.017914114 -0.062748833
v -0.113125000 -0.000000000 -0.064214137
v -0.113125000 0.017914114 -0.062748833
v -0.113125000 0.032872593 -0.058406035
v -0.113125000 0.045706268 -0.051340582
v -0.113125000 0.056146756 -0.041793802
v -0.113125000 0.063873631 -0.030058692
v -0.113125000 0.068622973 -0.016380662
v -0.107468750 0.071883523 0.000000000
v -0.107468750 0.070243211 0.016719034
v -0.107468750 0.065381733 0.030679608
v -0.107468750 0.057472421 0.042657128
v -0.107468750 0.046785425 0.052401114
v -0.107468750 0.033648738 0.059612517
v -0.107468750 0.018337079 0.064045023
v -0.107468750 0.000000000 0.065540595
v -0.107468750 -0.018337079 0.064045023
v -0.107468750 -0.033648738 0.059612517
v -0.107468750 -0.046785425 0.052401114
v -0.107468750 -0.057472421 0.042657128
v -0.107468750 -0.065381733 0.030679608
v -0.107468750 -0.070243211 0.016719034
v -0.107468750 -0.071883523 0.000000000
v -0.107468750 -0.070243211 -0.016719034
v -0.107468750 -0.065381733 -0.030679608
v -0.107468750 -0.057472421 -0.042657128
v -0.107468750 -0.046785425 -0.052401114
v -0.107468750 -0.033648738 -0.059612517
v -0.107468750 -0.018337079 -0.064045023
v -0.107468750 -0.000000000 -0.065540595
v -0.107468750 0.018337079 -0.064045023
v -0.107468750 0.033648738 -0.059612517
v -0.107468750 0.046785425 -0.052401114
v -0.107468750 0.057472421 -0.042657128
v -0.107468750 0.065381733 -0.030679608
v -0.107468750 0.070243211 -0.016719034
v -0.101812500 0.072746653 0.000000000
v -0.101812500 0.071086646 0.016895178
v -0.101812500 0.066166794 0.031002834
v -0.101812500 0.058162512 0.043106543
v -0.101812500 0.047347194 0.052953187
v -0.101812500 0.034052770 0.060240566
v -0.101812500 0.018557258 0.064719771
v -0.101812500 0.000000000 0.066231100
v -0.101812500 -0.018557258 0.064719771
v -0.101812500 -0.034052770 0.060240566
v -0.101812500 -0.047347194 0.052953187
v -0.101812500 -0.058162512 0.043106543
v -0.101812500 -0.066166794 0.031002834
v -0.101812500 -0.071086646 0.016895178
v -0.101812500 -0.072746653 0.000000000
v -0.101812500 -0.071086646 -0.016895178
v -0.101812500 -0.066166794 -0.031002834
v -0.101812500 -0.058162512 -0.043106543
v -0.101812500 -0.047347194 -0.052953187
v -0.101812500 -0.034052770 -0.060240566
v -0.101812500 -0.018557258 -0.064719771
v -0.101812500 -0.000000000 -0.066231100
v -0.101812500 0.018557258 -0.064719771
v -0.101812500 0.034052770 -0.060240566
v -0.101812500 0.047347194 -0.052953187
v -0.101812500 0.058162512 -0.043106543
v -0.101812500 0.066166794 -0.031002834
v -0.101812500 0.071086646 -0.016895178
v -0.100000000 0.072806106 0.000000000
v -0.100000000 0.071144742 0.016907310
v -0.100000000 0.066220870 0.031025098
v -0.100000000 0.058210046 0.043137499
v -0.100000000 0.047385889 0.052991214
v -0.100000000 0.034080600 0.060283826
v -0.100000000 0.018572424 0.064766247
v -0.100000000 0.000000000 0.066278662
v -0.100000000 -0.018572424 0.064766247
v -0.100000000 -0.034080600 0.060283826
v -0.100000000 -0.047385889 0.052991214
v -0.100000000 -0.058210046 0.043137499
v -0.100000000 -0.066220870 0.031025098
v -0.100000000 -0.071144742 0.016907310
v -0.100000000 -0.072806106 0.000000000
v -0.100000000 -0.071144742 -0.016907310
v -0.100000000 -0.066220870 -0.031025098
v -0.100000000 -0.058210046 -0.043137499
v -0.100000000 -0.047385889 -0.052991214
v -0.100000000 -0.034080600 -0.060283826
v -0.100000000 -0.018572424 -0.064766247
v -0.100000000 -0.000000000 -0.066278662
v -0.100000000 0.018572424 -0.064766247
v -0.100000000 0.034080600 -0.060283826
v -0.100000000 0.047385889 -0.052991214
v -0.100000000 0.058210046 -0.043137499
v -0.100000000 0.066220870 -0.031025098
v -0.100000000 0.071144742 -0.016907310
v -0.096156250 0.072924465 0.000000000
v -0.096156250 0.071260400 0.016926936
v -0.096156250 0.066328524 0.031061111
v -0.096156250 0.058304677 0.043187571
v -0.096156250 0.047462923 0.053052724
v -0.096156250 0.034136004 0.060353801
v -0.096156250 0.018602617 0.064841426
v -0.096156250 0.000000000 0.066355595
v -0.096156250 -0.018602617 0.064841426
v -0.096156250 -0.034136004 0.060353801
v -0.096156250 -0.047462923 0.053052724
v -0.096156250 -0.058304677 0.043187571
v -0.096156250 -0.066328524 0.031061111
v -0.096156250 -0.071260400 0.016926936
v -0.096156250 -0.072924465 0.000000000
v -0.096156250 -0.071260400 -0.016926936
v -0.096156250 -0.066328524 -0.031061111
v -0.096156250 -0.058304677 -0.043187571
v -0.096156250 -0.047462923 -0.053052724
v -0.096156250 -0.034136004 -0.060353801
v -0.096156250 -0.018602617 -0.064841426
v -0.096156250 -0.000000000 -0.066355595
v -0.096156250 0.018602617 -0.064841426
v -0.096156250 0.034136004 -0.060353801
v -0.096156250 0.047462923 -0.053052724
v -0.096156250 0.058304677 -0.043187571
v -0.096156250 0.066328524 -0.031061111
v -0.096156250 0.071260400 -0.016926936
v -0.090500000 0.073481643 0.000000000
v -0.090500000 0.071804863 0.017019322
v -0.090500000 0.066835305 0.031230641
v -0.090500000 0.058750152 0.043423287
v -0.090500000 0.047825563 0.053342283
v -0.090500000 0.034396820 0.060683209
v -0.090500000 0.018744750 0.065195327
v -0.090500000 0.000000000 0.066717761
v -0.090500000 -0.018744750 0.065195327
v -0.090500000 -0.034396820 0.060683209
v -0.090500000 -0.047825563 0.053342283
v -0.090500000 -0.058750152 0.043423287
v -0.090500000 -0.066835305 0.031230641
v -0.090500000 -0.071804863 0.017019322
v -0.090500000 -0.073481643 0.000000000
v -0.090500000 -0.071804863 -0.017019322
v -0.090500000 -0.066835305 -0.031230641
v -0.090500000 -0.058750152 -0.043423287
v -0.090500000 -0.047825563 -0.053342283
v -0.090500000 -0.034396820 -0.060683209
v -0.090500000 -0.018744750 -0.065195327
v -0.090500000 -0.000000000 -0.066717761
v -0.090500000 0.018744750 -0.065195327
v -0.090500000 0.034396820 -0.060683209
v -0.090500000 0.047825563 -0.053342283
v -0.090500000 0.058750152 -0.043423287
v -0.090500000 0.066835305 -0.031230641
v -0.090500000 0.071804863 -0.017019322
v -0.084843750 0.074404725 0.000000000
v -0.084843750 0.072706882 0.017172380
v -0.084843750 0.067674896 0.031511503
v -0.084843750 0.059488177 0.043813799
v -0.084843750 0.048426351 0.053821999
v -0.084843750 0.034828915 0.061228943
v -0.084843750 0.018980223 0.065781639
v -0.084843750 0.000000000 0.067317764
v -0.084843750 -0.018980223 0.065781639
v -0.084843750 -0.034828915 0.061228943
v -0.084843750 -0.048426351 0.053821999
v -0.084843750 -0.059488177 0.043813799
v -0.084843750 -0.067674896 0.031511503
v -0.084843750 -0.072706882 0.017172380
v -0.084843750 -0.074404725 0.000000000
v -0.084843750 -0.072706882 -0.017172380
v -0.084843750 -0.067674896 -0.031511503
v -0.084843750 -0.059488177 -0.043813799
v -0.084843750 -0.048426351 -0.053821999
v -0.084843750 -0.034828915 -0.061228943
v -0.084843750 -0.018980223 -0.065781639
v -0.084843750 -0.000000000 -0.067317764
v -0.084843750 0.018980223 -0.065781639
v -0.084843750 0.034828915 -0.061228943
v -0.084843750 0.048426351 -0.053821999
v -0.084843750 0.059488177 -0.043813799
v -0.084843750 0.067674896 -0.031511503
v -0.084843750 0.072706882 -0.017172380
v -0.079187500 0.075592754 0.000000000
v -0.079187500 0.073867801 0.017369368
v -0.079187500 0.068755469 0.031872979
v -0.079187500 0.060438031 0.044316398
v -0.079187500 0.049199581 0.054439405
v -0.079187500 0.035385033 0.061931315
v -0.079187500 0.019283282 0.066536236
v -0.079187500 0.000000000 0.068089983
v -0.079187500 -0.019283282 0.066536236
v -0.079187500 -0.035385033 0.061931315
v -0.079187500 -0.049199581 0.054439405
v -0.079187500 -0.060438031 0.044316398
v -0.079187500 -0.068755469 0.031872979
v -0.079187500 -0.073867801 0.017369368
v -0.079187500 -0.075592754 0.000000000
v -0.079187500 -0.073867801 -0.017369368
v -0.079187500 -0.068755469 -0.031872979
v -0.079187500 -0.060438031 -0.044316398
v -0.079187500 -0.049199581 -0.054439405
v -0.079187500 -0.035385033 -0.061931315
v -0.079187500 -0.019283282 -0.066536236
v -0.079187500 -0.000000000 -0.068089983
v -0.079187500 0.019283282 -0.066536236
v -0.079187500 0.035385033 -0.061931315
v -0.079187500 0.049199581 -0.054439405
v -0.079187500 0.060438031 -0.044316398
v -0.079187500 0.068755469 -0.031872979
v -0.079187500 0.073867801 -0.017369368
v -0.073531250 0.076944771 0.000000000
v -0.073531250 0.075188967 0.017593548
v -0.073531250 0.069985197 0.032284351
v -0.073531250 0.061518998 0.044888373
v -0.073531250 0.050079541 0.055142033
v -0.073531250 0.036017913 0.062730639
v -0.073531250 0.019628174 0.067394994
v -0.073531250 0.000000000 0.068968794
v -0.073531250 -0.019628174 0.067394994
v -0.073531250 -0.036017913 0.062730639
v -0.073531250 -0.050079541 0.055142033
v -0.073531250 -0.061518998 0.044888373
v -0.073531250 -0.069985197 0.032284351
v -0.073531250 -0.075188967 0.017593548
v -0.073531250 -0.076944771 0.000000000
v -0.073531250 -0.075188967 -0.017593548
v -0.073531250 -0.069985197 -0.032284351
v -0.073531250 -0.061518998 -0.044888373
v -0.073531250 -0.050079541 -0.055142033
v -0.073531250 -0.036017913 -0.062730639
v -0.073531250 -0.019628174 -0.067394994
v -0.073531250 -0.000000000 -0.068968794
v -0.073531250 0.019628174 -0.067394994
v -0.073531250 0.036017913 -0.062730639
v -0.073531250 0.050079541 -0.055142033
v -0.073531250 0.061518998 -0.044888373
v -0.073531250 0.069985197 -0.032284351
v -0.073531250 0.075188967 -0.017593548
v -0.067875000 0.078359817 0.000000000
v -0.067875000 0.076571723 0.017828179
v -0.067875000 0.071272254 0.032714901
v -0.067875000 0.062650358 0.045487012
v -0.067875000 0.051000525 0.055877417
v -0.067875000 0.036680297 0.063567226
v -0.067875000 0.019989145 0.068293785
v -0.067875000 0.000000000 0.069888574
v -0.067875000 -0.019989145 0.068293785
v -0.067875000 -0.036680297 0.063567226
v -0.067875000 -0.051000525 0.055877417
v -0.067875000 -0.062650358 0.045487012
v -0.067875000 -0.071272254 0.032714901
v -0.067875000 -0.076571723 0.017828179
v -0.067875000 -0.078359817 0.000000000
v -0.067875000 -0.076571723 -0.017828179
v -0.067875000 -0.071272254 -0.032714901
v -0.067875000 -0.062650358 -0.045487012
v -0.067875000 -0.051000525 -0.055877417
v -0.067875000 -0.036680297 -0.063567226
v -0.067875000 -0.019989145 -0.068293785
v -0.067875000 -0.000000000 -0.069888574
v -0.067875000 0.019989145 -0.068293785
v -0.067875000 0.036680297 -0.063567226
v -0.067875000 0.051000525 -0.055877417
v -0.067875000 0.062650358 -0.045487012
v -0.067875000 0.071272254 -0.032714901
v -0.067875000 0.076571723 -0.017828179
v -0.062218750 0.079736934 0.000000000
v -0.062218750 0.077917415 0.018056520
v -0.062218750 0.072524812 0.033133910
v -0.062218750 0.063751392 0.046069606
v -0.062218750 0.051896822 0.056593089
v -0.062218750 0.037324927 0.064381389
v -0.062218750 0.020340439 0.069168485
v -0.062218750 0.000000000 0.070783700
v -0.062218750 -0.020340439 0.069168485
v -0.062218750 -0.037324927 0.064381389
v -0.062218750 -0.051896822 0.056593089
v -0.062218750 -0.063751392 0.046069606
v -0.062218750 -0.072524812 0.033133910
v -0.062218750 -0.077917415 0.018056520
v -0.062218750 -0.079736934 0.000000000
v -0.062218750 -0.077917415 -0.018056520
v -0.062218750 -0.072524812 -0.033133910
v -0.062218750 -0.063751392 -0.046069606
v -0.062218750 -0.051896822 -0.056593089
v -0.062218750 -0.037324927 -0.064381389
v -0.062218750 -0.020340439 -0.069168485
v -0.062218750 -0.000000000 -0.070783700
v -0.062218750 0.020340439 -0.069168485
v -0.062218750 0.037324927 -0.064381389
v -0.062218750 0.051896822 -0.056593089
v -0.062218750 0.063751392 -0.046069606
v -0.062218750 0.072524812 -0.033133910
v -0.062218750 0.077917415 -0.018056520
v -0.056562500 0.080975164 0.000000000
v -0.056562500 0.079127390 0.018261833
v -0.056562500 0.073651045 0.033510661
v -0.056562500 0.064741383 0.046593442
v -0.056562500 0.052702724 0.057236584
v -0.056562500 0.037904543 0.065113440
v -0.056562500 0.020656305 0.069954969
v -0.056562500 0.000000000 0.071588549
v -0.056562500 -0.020656305 0.069954969
v -0.056562500 -0.037904543 0.065113440
v -0.056562500 -0.052702724 0.057236584
v -0.056562500 -0.064741383 0.046593442
v -0.056562500 -0.073651045 0.033510661
v -0.056562500 -0.079127390 0.018261833
v -0.056562500 -0.080975164 0.000000000
v -0.056562500 -0.079127390 -0.018261833
v -0.056562500 -0.073651045 -0.033510661
v -0.056562500 -0.064741383 -0.046593442
v -0.056562500 -0.052702724 -0.057236584
v -0.056562500 -0.037904543 -0.065113440
v -0.056562500 -0.020656305 -0.069954969
v -0.056562500 -0.000000000 -0.071588549
v -0.056562500 0.020656305 -0.069954969
v -0.056562500 0.037904543 -0.065113440
v -0.056562500 0.052702724 -0.057236584
v -0.056562500 0.064741383 -0.046593442
v -0.056562500 0.073651045 -0.033510661
v -0.056562500 0.079127390 -0.018261833
v -0.050906250 0.081973547 0.000000000
v -0.050906250 0.080102990 0.018427376
v -0.050906250 0.074559125 0.033814435
v -0.050906250 0.065539612 0.047015811
v -0.050906250 0.053352522 0.057755432
v -0.050906250 0.038371887 0.065703692
v -0.050906250 0.020910986 0.070589109
v -0.050906250 0.000000000 0.072237498
v -0.050906250 -0.020910986 0.070589109
v -0.050906250 -0.038371887 0.065703692
v -0.050906250 -0.053352522 0.057755432
v -0.050906250 -0.065539612 0.047015811
v -0.050906250 -0.074559125 0.033814435
v -0.050906250 -0.080102990 0.018427376
v -0.050906250 -0.081973547 0.000000000
v -0.050906250 -0.080102990 -0.018427376
v -0.050906250 -0.074559125 -0.033814435
v -0.050906250 -0.065539612 -0.047015811
v -0.050906250 -0.053352522 -0.057755432
v -0.050906250 -0.038371887 -0.065703692
v -0.050906250 -0.020910986 -0.070589109
v -0.050906250 -0.000000000 -0.072237498
v -0.050906250 0.020910986 -0.070589109
v -0.050906250 0.038371887 -0.065703692
v -0.050906250 0.053352522 -0.057755432
v -0.050906250 0.065539612 -0.047015811
v -0.050906250 0.074559125 -0.033814435
v -0.050906250 0.080102990 -0.018427376
v -0.045250000 0.082631125 0.000000000
v -0.045250000 0.080745563 0.018536410
v -0.045250000 0.075157226 0.034014513
v -0.045250000 0.066065360 0.047294001
v -0.045250000 0.053780508 0.058097168
v -0.045250000 0.038679700 0.066092458
v -0.045250000 0.021078731 0.071006782
v -0.045250000 0.000000000 0.072664924
v -0.045250000 -0.021078731 0.071006782
v -0.045250000 -0.038679700 0.066092458
v -0.045250000 -0.053780508 0.058097168
v -0.045250000 -0.066065360 0.047294001
v -0.045250000 -0.075157226 0.034014513
v -0.045250000 -0.080745563 0.018536410
v -0.045250000 -0.082631125 0.000000000
v -0.045250000 -0.080745563 -0.018536410
v -0.045250000 -0.075157226 -0.034014513
v -0.045250000 -0.066065360 -0.047294001
v -0.045250000 -0.053780508 -0.058097168
v -0.045250000 -0.038679700 -0.066092458
v -0.045250000 -0.021078731 -0.071006782
v -0.045250000 -0.000000000 -0.072664924
v -0.045250000 0.021078731 -0.071006782
v -0.045250000 0.038679700 -0.066092458
v -0.045250000 0.053780508 -0.058097168
v -0.045250000 0.066065360 -0.047294001
v -0.045250000 0.075157226 -0.034014513
v -0.045250000 0.080745563 -0.018536410
v -0.040000000 0.082848327 0.000000000
v -0.040000000 0.080957809 0.018572424
v -0.040000000 0.075354783 0.034080600
v -0.040000000 0.066239018 0.047385889
v -0.040000000 0.053921874 0.058210046
v -0.040000000 0.038781373 0.066220870
v -0.040000000 0.021134138 0.071144742
v -0.040000000 0.000000000 0.072806106
v -0.040000000 -0.021134138 0.071144742
v -0.040000000 -0.038781373 0.066220870
v -0.040000000 -0.053921874 0.058210046
v -0.040000000 -0.066239018 0.047385889
v -0.040000000 -0.075354783 0.034080600
v -0.040000000 -0.080957809 0.018572424
v -0.040000000 -0.082848327 0.000000000
v -0.040000000 -0.080957809 -0.018572424
v -0.040000000 -0.075354783 -0.034080600
v -0.040000000 -0.066239018 -0.047385889
v -0.040000000 -0.053921874 -0.058210046
v -0.040000000 -0.038781373 -0.066220870
v -0.040000000 -0.021134138 -0.071144742
v -0.040000000 -0.000000000 -0.072806106
v -0.040000000 0.021134138 -0.071144742
v -0.040000000 0.038781373 -0.066220870
v -0.040000000 0.053921874 -0.058210046
v -0.040000000 0.066239018 -0.047385889
v -0.040000000 0.075354783 -0.034080600
v -0.040000000 0.080957809 -0.018572424
v -0.039593750 0.082848671 0.000000000
v -0.039593750 0.080958145 0.018572424
v -0.039593750 0.075355095 0.034080600
v -0.039593750 0.066239293 0.047385889
v -0.039593750 0.053922097 0.058210046
v -0.039593750 0.038781533 0.066220870
v -0.039593750 0.021134226 0.071144742
v -0.039593750 0.000000000 0.072806106
v -0.039593750 -0.021134226 0.071144742
v -0.039593750 -0.038781533 0.066220870
v -0.039593750 -0.053922097 0.058210046
v -0.039593750 -0.066239293 0.047385889
v -0.039593750 -0.075355095 0.034080600
v -0.039593750 -0.080958145 0.018572424
v -0.039593750 -0.082848671 0.000000000
v -0.039593750 -0.080958145 -0.018572424
v -0.039593750 -0.075355095 -0.034080600
v -0.039593750 -0.066239293 -0.047385889
v -0.039593750 -0.053922097 -0.058210046
v -0.039593750 -0.038781533 -0.066220870
v -0.039593750 -0.021134226 -0.071144742
v -0.039593750 -0.000000000 -0.072806106
v -0.039593750 0.021134226 -0.071144742
v -0.039593750 0.038781533 -0.066220870
v -0.039593750 0.053922097 -0.058210046
v -0.039593750 0.066239293 -0.047385889
v -0.039593750 0.075355095 -0.034080600
v -0.039593750 0.080958145 -0.018572424
v -0.033937500 0.082920041 0.000000000
v -0.033937500 0.081027887 0.018572424
v -0.033937500 0.075420010 0.034080600
v -0.033937500 0.066296355 0.047385889
v -0.033937500 0.053968549 0.058210046
v -0.033937500 0.038814942 0.066220870
v -0.033937500 0.021152432 0.071144742
v -0.033937500 0.000000000 0.072806106
v -0.033937500 -0.021152432 0.071144742
v -0.033937500 -0.038814942 0.066220870
v -0.033937500 -0.053968549 0.058210046
v -0.033937500 -0.066296355 0.047385889
v -0.033937500 -0.075420010 0.034080600
v -0.033937500 -0.081027887 0.018572424
v -0.033937500 -0.082920041 0.000000000
v -0.033937500 -0.081027887 -0.018572424
v -0.033937500 -0.075420010 -0.034080600
v -0.033937500 -0.066296355 -0.047385889
v -0.033937500 -0.053968549 -0.058210046
v -0.033937500 -0.038814942 -0.066220870
v -0.033937500 -0.021152432 -0.071144742
v -0.033937500 -0.000000000 -0.072806106
v -0.033937500 0.021152432 -0.071144742
v -0.033937500 0.038814942 -0.066220870
v -0.033937500 0.053968549 -0.058210046
v -0.033937500 0.066296355 -0.047385889
v -0.033937500 0.075420010 -0.034080600
v -0.033937500 0.081027887 -0.018572424
v -0.028281250 0.083098227 0.000000000
v -0.028281250 0.081202007 0.018572424
v -0.028281250 0.075582079 0.034080600
v -0.028281250 0.066438818 0.047385889
v -0.028281250 0.054084521 0.058210046
v -0.028281250 0.038898351 0.066220870
v -0.028281250 0.021197886 0.071144742
v -0.028281250 0.000000000 0.072806106
v -0.028281250 -0.021197886 0.071144742
v -0.028281250 -0.038898351 0.066220870
v -0.028281250 -0.054084521 0.058210046
v -0.028281250 -0.066438818 0.047385889
v -0.028281250 -0.075582079 0.034080600
v -0.028281250 -0.081202007 0.018572424
v -0.028281250 -0.083098227 0.000000000
v -0.028281250 -0.081202007 -0.018572424
v -0.028281250 -0.075582079 -0.034080600
v -0.028281250 -0.066438818 -0.047385889
v -0.028281250 -0.054084521 -0.058210046
v -0.028281250 -0.038898351 -0.066220870
v -0.028281250 -0.021197886 -0.071144742
v -0.028281250 -0.000000000 -0.072806106
v -0.028281250 0.021197886 -0.071144742
v -0.028281250 0.038898351 -0.066220870
v -0.028281250 0.054084521 -0.058210046
v -0.028281250 0.066438818 -0.047385889
v -0.028281250 0.075582079 -0.034080600
v -0.028281250 0.081202007 -0.018572424
v -0.022625000 0.083357989 0.000000000
v -0.022625000 0.081455841 0.018572424
v -0.022625000 0.075818346 0.034080600
v -0.022625000 0.066646503 0.047385889
v -0.022625000 0.054253587 0.058210046
v -0.022625000 0.039019945 0.066220870
v -0.022625000 0.021264150 0.071144742
v -0.022625000 0.000000000 0.072806106
v -0.022625000 -0.021264150 0.071144742
v -0.022625000 -0.039019945 0.066220870
v -0.022625000 -0.054253587 0.058210046
v -0.022625000 -0.066646503 0.047385889
v -0.022625000 -0.075818346 0.034080600
v -0.022625000 -0.081455841 0.018572424
v -0.022625000 -0.083357989 0.000000000
v -0.022625000 -0.081455841 -0.018572424
v -0.022625000 -0.075818346 -0.034080600
v -0.022625000 -0.066646503 -0.047385889
v -0.022625000 -0.054253587 -0.058210046
v -0.022625000 -0.039019945 -0.066220870
v -0.022625000 -0.021264150 -0.071144742
v -0.022625000 -0.000000000 -0.072806106
v -0.022625000 0.021264150 -0.071144742
v -0.022625000 0.039019945 -0.066220870
v -0.022625000 0.054253587 -0.058210046
v -0.022625000 0.066646503 -0.047385889
v -0.022625000 0.075818346 -0.034080600
v -0.022625000 0.081455841 -0.018572424
v -0.016968750 0.083674086 0.000000000
v -0.016968750 0.081764725 0.018572424
v -0.016968750 0.076105852 0.034080600
v -0.016968750 0.066899230 0.047385889
v -0.016968750 0.054459319 0.058210046
v -0.016968750 0.039167911 0.066220870
v -0.016968750 0.021344784 0.071144742
v -0.016968750 0.000000000 0.072806106
v -0.016968750 -0.021344784 0.071144742
v -0.016968750 -0.039167911 0.066220870
v -0.016968750 -0.054459319 0.058210046
v -0.016968750 -0.066899230 0.047385889
v -0.016968750 -0.076105852 0.034080600
v -0.016968750 -0.081764725 0.018572424
v -0.016968750 -0.083674086 0.000000000
v -0.016968750 -0.081764725 -0.018572424
v -0.016968750 -0.076105852 -0.034080600
v -0.016968750 -0.066899230 -0.047385889
v -0.016968750 -0.054459319 -0.058210046
v -0.016968750 -0.039167911 -0.066220870
v -0.016968750 -0.021344784 -0.071144742
v -0.016968750 -0.000000000 -0.072806106
v -0.016968750 0.021344784 -0.071144742
v -0.016968750 0.039167911 -0.066220870
v -0.016968750 0.054459319 -0.058210046
v -0.016968750 0.066899230 -0.047385889
v -0.016968750 0.076105852 -0.034080600
v -0.016968750 0.081764725 -0.018572424
v -0.011312500 0.084021280 0.000000000
v -0.011312500 0.082103996 0.018572424
v -0.011312500 0.076421643 0.034080600
v -0.011312500 0.067176819 0.047385889
v -0.011312500 0.054685291 0.058210046
v -0.011312500 0.039330433 0.066220870
v -0.011312500 0.021433352 0.071144742
v -0.011312500 0.000000000 0.072806106
v -0.011312500 -0.021433352 0.071144742
v -0.011312500 -0.039330433 0.066220870
v -0.011312500 -0.054685291 0.058210046
v -0.011312500 -0.067176819 0.047385889
v -0.011312500 -0.076421643 0.034080600
v -0.011312500 -0.082103996 0.018572424
v -0.011312500 -0.084021280 0.000000000
v -0.011312500 -0.082103996 -0.018572424
v -0.011312500 -0.076421643 -0.034080600
v -0.011312500 -0.067176819 -0.047385889
v -0.011312500 -0.054685291 -0.058210046
v -0.011312500 -0.039330433 -0.066220870
v -0.011312500 -0.021433352 -0.071144742
v -0.011312500 -0.000000000 -0.072806106
v -0.011312500 0.021433352 -0.071144742
v -0.011312500 0.039330433 -0.066220870
v -0.011312500 0.054685291 -0.058210046
v -0.011312500 0.067176819 -0.047385889
v -0.011312500 0.076421643 -0.034080600
v -0.011312500 0.082103996 -0.018572424
v -0.005656250 0.084374330 0.000000000
v -0.005656250 0.082448991 0.018572424
v -0.005656250 0.076742760 0.034080600
v -0.005656250 0.067459090 0.047385889
v -0.005656250 0.054915074 0.058210046
v -0.005656250 0.039495696 0.066220870
v -0.005656250 0.021523413 0.071144742
v -0.005656250 0.000000000 0.072806106
v -0.005656250 -0.021523413 0.071144742
v -0.005656250 -0.039495696 0.066220870
v -0.005656250 -0.054915074 0.058210046
v -0.005656250 -0.067459090 0.047385889
v -0.005656250 -0.076742760 0.034080600
v -0.005656250 -0.082448991 0.018572424
v -0.005656250 -0.084374330 0.000000000
v -0.005656250 -0.082448991 -0.018572424
v -0.005656250 -0.076742760 -0.034080600
v -0.005656250 -0.067459090 -0.047385889
v -0.005656250 -0.054915074 -0.058210046
v -0.005656250 -0.039495696 -0.066220870
v -0.005656250 -0.021523413 -0.071144742
v -0.005656250 -0.000000000 -0.072806106
v -0.005656250 0.021523413 -0.071144742
v -0.005656250 0.039495696 -0.066220870
v -0.005656250 0.054915074 -0.058210046
v -0.005656250 0.067459090 -0.047385889
v -0.005656250 0.076742760 -0.034080600
v -0.005656250 0.082448991 -0.018572424
v 0.000000000 0.084707998 0.000000000
v 0.000000000 0.082775044 0.018572424
v 0.000000000 0.077046248 0.034080600
v 0.000000000 0.067725864 0.047385889
v 0.000000000 0.055132241 0.058210046
v 0.000000000 0.039651886 0.066220870
v 0.000000000 0.021608529 0.071144742
v 0.000000000 0.000000000 0.072806106
v 0.000000000 -0.021608529 0.071144742
v 0.000000000 -0.039651886 0.066220870
v 0.000000000 -0.055132241 0.058210046
v 0.000000000 -0.067725864 0.047385889
v 0.000000000 -0.077046248 0.034080600
v 0.000000000 -0.082775044 0.018572424
v 0.000000000 -0.084707998 0.000000000
v 0.000000000 -0.082775044 -0.018572424
v 0.000000000 -0.077046248 -0.034080600
v 0.000000000 -0.067725864 -0.047385889
v 0.000000000 -0.055132241 -0.058210046
v 0.000000000 -0.039651886 -0.066220870
v 0.000000000 -0.021608529 -0.071144742
v 0.000000000 -0.000000000 -0.072806106
v 0.000000000 0.021608529 -0.071144742
v 0.000000000 0.039651886 -0.066220870
v 0.000000000 0.055132241 -0.058210046
v 0.000000000 0.067725864 -0.047385889
v 0.000000000 0.077046248 -0.034080600
v 0.000000000 0.082775044 -0.018572424
v 0.005656250 0.084997043 0.000000000
v 0.005656250 0.083057493 0.018572424
v 0.005656250 0.077309149 0.034080600
v 0.005656250 0.067956962 0.047385889
v 0.005656250 0.055320366 0.058210046
v 0.005656250 0.039787188 0.066220870
v 0.005656250 0.021682263 0.071144742
v 0.005656250 0.000000000 0.072806106
v 0.005656250 -0.021682263 0.071144742
v 0.005656250 -0.039787188 0.066220870
v 0.005656250 -0.055320366 0.058210046
v 0.005656250 -0.067956962 0.047385889
v 0.005656250 -0.077309149 0.034080600
v 0.005656250 -0.083057493 0.018572424
v 0.005656250 -0.084997043 0.000000000
v 0.005656250 -0.083057493 -0.018572424
v 0.005656250 -0.077309149 -0.034080600
v 0.005656250 -0.067956962 -0.047385889
v 0.005656250 -0.055320366 -0.058210046
v 0.005656250 -0.039787188 -0.066220870
v 0.005656250 -0.021682263 -0.071144742
v 0.005656250 -0.000000000 -0.072806106
v 0.005656250 0.021682263 -0.071144742
v 0.005656250 0.039787188 -0.066220870
v 0.005656250 0.055320366 -0.058210046
v 0.005656250 0.067956962 -0.047385889
v 0.005656250 0.077309149 -0.034080600
v 0.005656250 0.083057493 -0.018572424
v 0.011312500 0.085216226 0.000000000
v 0.011312500 0.083271675 0.018572424
v 0.011312500 0.077508507 0.034080600
v 0.011312500 0.068132204 0.047385889
v 0.011312500 0.055463022 0.058210046
v 0.011312500 0.039889788 0.066220870
v 0.011312500 0.021738175 0.071144742
v 0.011312500 0.000000000 0.072806106
v 0.011312500 -0.021738175 0.071144742
v 0.011312500 -0.039889788 0.066220870
v 0.011312500 -0.055463022 0.058210046
v 0.011312500 -0.068132204 0.047385889
v 0.011312500 -0.077508507 0.034080600
v 0.011312500 -0.083271675 0.018572424
v 0.011312500 -0.085216226 0.000000000
v 0.011312500 -0.083271675 -0.018572424
v 0.011312500 -0.077508507 -0.034080600
v 0.011312500 -0.068132204 -0.047385889
v 0.011312500 -0.055463022 -0.058210046
v 0.011312500 -0.039889788 -0.066220870
v 0.011312500 -0.021738175 -0.071144742
v 0.011312500 -0.000000000 -0.072806106
v 0.011312500 0.021738175 -0.071144742
v 0.011312500 0.039889788 -0.066220870
v 0.011312500 0.055463022 -0.058210046
v 0.011312500 0.068132204 -0.047385889
v 0.011312500 0.077508507 -0.034080600
v 0.011312500 0.083271675 -0.018572424
v 0.016968750 0.085340307 0.000000000
v 0.016968750 0.083392924 0.018572424
v 0.016968750 0.077621365 0.034080600
v 0.016968750 0.068231409 0.047385889
v 0.016968750 0.055543780 0.058210046
v 0.016968750 0.039947870 0.066220870
v 0.016968750 0.021769828 0.071144742
v 0.016968750 0.000000000 0.072806106
v 0.016968750 -0.021769828 0.071144742
v 0.016968750 -0.039947870 0.066220870
v 0.016968750 -0.055543780 0.058210046
v 0.016968750 -0.068231409 0.047385889
v 0.016968750 -0.077621365 0.034080600
v 0.016968750 -0.083392924 0.018572424
v 0.016968750 -0.085340307 0.000000000
v 0.016968750 -0.083392924 -0.018572424
v 0.016968750 -0.077621365 -0.034080600
v 0.016968750 -0.068231409 -0.047385889
v 0.016968750 -0.055543780 -0.058210046
v 0.016968750 -0.039947870 -0.066220870
v 0.016968750 -0.021769828 -0.071144742
v 0.016968750 -0.000000000 -0.072806106
v 0.016968750 0.021769828 -0.071144742
v 0.016968750 0.039947870 -0.066220870
v 0.016968750 0.055543780 -0.058210046
v 0.016968750 0.068231409 -0.047385889
v 0.016968750 0.077621365 -0.034080600
v 0.016968750 0.083392924 -0.018572424
v 0.020000000 0.085358883 0.000000000
v 0.020000000 0.083411076 0.018572424
v 0.020000000 0.077638261 0.034080600
v 0.020000000 0.068246261 0.047385889
v 0.020000000 0.055555870 0.058210046
v 0.020000000 0.039956566 0.066220870
v 0.020000000 0.021774566 0.071144742
v 0.020000000 0.000000000 0.072806106
v 0.020000000 -0.021774566 0.071144742
v 0.020000000 -0.039956566 0.066220870
v 0.020000000 -0.055555870 0.058210046
v 0.020000000 -0.068246261 0.047385889
v 0.020000000 -0.077638261 0.034080600
v 0.020000000 -0.083411076 0.018572424
v 0.020000000 -0.085358883 0.000000000
v 0.020000000 -0.083411076 -0.018572424
v 0.020000000 -0.077638261 -0.034080600
v 0.020000000 -0.068246261 -0.047385889
v 0.020000000 -0.055555870 -0.058210046
v 0.020000000 -0.039956566 -0.066220870
v 0.020000000 -0.021774566 -0.071144742
v 0.020000000 -0.000000000 -0.072806106
v 0.020000000 0.021774566 -0.071144742
v 0.020000000 0.039956566 -0.066220870
v 0.020000000 0.055555870 -0.058210046
v 0.020000000 0.068246261 -0.047385889
v 0.020000000 0.077638261 -0.034080600
v 0.020000000 0.083411076 -0.018572424
v 0.022625000 0.085338850 0.000000000
v 0.022625000 0.083391501 0.018567314
v 0.022625000 0.077620040 0.034071223
v 0.022625000 0.068230244 0.047372851
v 0.022625000 0.055542832 0.058194030
v 0.022625000 0.039947188 0.066202649
v 0.022625000 0.021769456 0.071125166
v 0.022625000 0.000000000 0.072786073
v 0.022625000 -0.021769456 0.071125166
v 0.022625000 -0.039947188 0.066202649
v 0.022625000 -0.055542832 0.058194030
v 0.022625000 -0.068230244 0.047372851
v 0.022625000 -0.077620040 0.034071223
v 0.022625000 -0.083391501 0.018567314
v 0.022625000 -0.085338850 0.000000000
v 0.022625000 -0.083391501 -0.018567314
v 0.022625000 -0.077620040 -0.034071223
v 0.022625000 -0.068230244 -0.047372851
v 0.022625000 -0.055542832 -0.058194030
v 0.022625000 -0.039947188 -0.066202649
v 0.022625000 -0.021769456 -0.071125166
v 0.022625000 -0.000000000 -0.072786073
v 0.022625000 0.021769456 -0.071125166
v 0.022625000 0.039947188 -0.066202649
v 0.022625000 0.055542832 -0.058194030
v 0.022625000 0.068230244 -0.047372851
v 0.022625000 0.077620040 -0.034071223
v 0.022625000 0.083391501 -0.018567314
v 0.028281250 0.085175089 0.000000000
v 0.028281250 0.083231477 0.018525540
v 0.028281250 0.077471091 0.033994566
v 0.028281250 0.068099314 0.047266267
v 0.028281250 0.055436248 0.058063099
v 0.028281250 0.039870532 0.066053700
v 0.028281250 0.021727682 0.070965142
v 0.028281250 0.000000000 0.072622313
v 0.028281250 -0.021727682 0.070965142
v 0.028281250 -0.039870532 0.066053700
v 0.028281250 -0.055436248 0.058063099
v 0.028281250 -0.068099314 0.047266267
v 0.028281250 -0.077471091 0.033994566
v 0.028281250 -0.083231477 0.018525540
v 0.028281250 -0.085175089 0.000000000
v 0.028281250 -0.083231477 -0.018525540
v 0.028281250 -0.077471091 -0.033994566
v 0.028281250 -0.068099314 -0.047266267
v 0.028281250 -0.055436248 -0.058063099
v 0.028281250 -0.039870532 -0.066053700
v 0.028281250 -0.021727682 -0.070965142
v 0.028281250 -0.000000000 -0.072622313
v 0.028281250 0.021727682 -0.070965142
v 0.028281250 0.039870532 -0.066053700
v 0.028281250 0.055436248 -0.058063099
v 0.028281250 0.068099314 -0.047266267
v 0.028281250 0.077471091 -0.033994566
v 0.028281250 0.083231477 -0.018525540
v 0.033937500 0.084882414 0.000000000
v 0.033937500 0.082945480 0.018450880
v 0.033937500 0.077204888 0.033857565
v 0.033937500 0.067865314 0.047075779
v 0.033937500 0.055245760 0.057829099
v 0.033937500 0.039733530 0.065787497
v 0.033937500 0.021653022 0.070679146
v 0.033937500 0.000000000 0.072329637
v 0.033937500 -0.021653022 0.070679146
v 0.033937500 -0.039733530 0.065787497
v 0.033937500 -0.055245760 0.057829099
v 0.033937500 -0.067865314 0.047075779
v 0.033937500 -0.077204888 0.033857565
v 0.033937500 -0.082945480 0.018450880
v 0.033937500 -0.084882414 0.000000000
v 0.033937500 -0.082945480 -0.018450880
v 0.033937500 -0.077204888 -0.033857565
v 0.033937500 -0.067865314 -0.047075779
v 0.033937500 -0.055245760 -0.057829099
v 0.033937500 -0.039733530 -0.065787497
v 0.033937500 -0.021653022 -0.070679146
v 0.033937500 -0.000000000 -0.072329637
v 0.033937500 0.021653022 -0.070679146
v 0.033937500 0.039733530 -0.065787497
v 0.033937500 0.055245760 -0.057829099
v 0.033937500 0.067865314 -0.047075779
v 0.033937500 0.077204888 -0.033857565
v 0.033937500 0.082945480 -0.018450880
v 0.039593750 0.084504438 0.000000000
v 0.039593750 0.082576130 0.018354460
v 0.039593750 0.076861100 0.033680634
v 0.039593750 0.067563114 0.046829774
v 0.039593750 0.054999755 0.057526900
v 0.039593750 0.039556600 0.065443709
v 0.039593750 0.021556603 0.070309795
v 0.039593750 0.000000000 0.071951662
v 0.039593750 -0.021556603 0.070309795
v 0.039593750 -0.039556600 0.065443709
v 0.039593750 -0.054999755 0.057526900
v 0.039593750 -0.067563114 0.046829774
v 0.039593750 -0.076861100 0.033680634
v 0.039593750 -0.082576130 0.018354460
v 0.039593750 -0.084504438 0.000000000
v 0.039593750 -0.082576130 -0.018354460
v 0.039593750 -0.076861100 -0.033680634
v 0.039593750 -0.067563114 -0.046829774
v 0.039593750 -0.054999755 -0.057526900
v 0.039593750 -0.039556600 -0.065443709
v 0.039593750 -0.021556603 -0.070309795
v 0.039593750 -0.000000000 -0.071951662
v 0.039593750 0.021556603 -0.070309795
v 0.039593750 0.039556600 -0.065443709
v 0.039593750 0.054999755 -0.057526900
v 0.039593750 0.067563114 -0.046829774
v 0.039593750 0.076861100 -0.033680634
v 0.039593750 0.082576130 -0.018354460
v 0.045250000 0.084084776 0.000000000
v 0.045250000 0.082166044 0.018247407
v 0.045250000 0.076479396 0.033484190
v 0.045250000 0.067227586 0.046556636
v 0.045250000 0.054726617 0.057191371
v 0.045250000 0.039360155 0.065062005
v 0.045250000 0.021449549 0.069899709
v 0.045250000 0.000000000 0.071532000
v 0.045250000 -0.021449549 0.069899709
v 0.045250000 -0.039360155 0.065062005
v 0.045250000 -0.054726617 0.057191371
v 0.045250000 -0.067227586 0.046556636
v 0.045250000 -0.076479396 0.033484190
v 0.045250000 -0.082166044 0.018247407
v 0.045250000 -0.084084776 0.000000000
v 0.045250000 -0.082166044 -0.018247407
v 0.045250000 -0.076479396 -0.033484190
v 0.045250000 -0.067227586 -0.046556636
v 0.045250000 -0.054726617 -0.057191371
v 0.045250000 -0.039360155 -0.065062005
v 0.045250000 -0.021449549 -0.069899709
v 0.045250000 -0.000000000 -0.071532000
v 0.045250000 0.021449549 -0.069899709
v 0.045250000 0.039360155 -0.065062005
v 0.045250000 0.054726617 -0.057191371
v 0.045250000 0.067227586 -0.046556636
v 0.045250000 0.076479396 -0.033484190
v 0.045250000 0.082166044 -0.018247407
v 0.050906250 0.083667042 0.000000000
v 0.050906250 0.081757842 0.018140845
v 0.050906250 0.076099445 0.033288648
v 0.050906250 0.066893598 0.046284754
v 0.050906250 0.054454735 0.056857383
v 0.050906250 0.039164614 0.064682054
v 0.050906250 0.021342987 0.069491507
v 0.050906250 0.000000000 0.071114265
v 0.050906250 -0.021342987 0.069491507
v 0.050906250 -0.039164614 0.064682054
v 0.050906250 -0.054454735 0.056857383
v 0.050906250 -0.066893598 0.046284754
v 0.050906250 -0.076099445 0.033288648
v 0.050906250 -0.081757842 0.018140845
v 0.050906250 -0.083667042 0.000000000
v 0.050906250 -0.081757842 -0.018140845
v 0.050906250 -0.076099445 -0.033288648
v 0.050906250 -0.066893598 -0.046284754
v 0.050906250 -0.054454735 -0.056857383
v 0.050906250 -0.039164614 -0.064682054
v 0.050906250 -0.021342987 -0.069491507
v 0.050906250 -0.000000000 -0.071114265
v 0.050906250 0.021342987 -0.069491507
v 0.050906250 0.039164614 -0.064682054
v 0.050906250 0.054454735 -0.056857383
v 0.050906250 0.066893598 -0.046284754
v 0.050906250 0.076099445 -0.033288648
v 0.050906250 0.081757842 -0.018140845
v 0.056562500 0.083294849 0.000000000
v 0.056562500 0.081394142 0.018045901
v 0.056562500 0.075760917 0.033114424
v 0.056562500 0.066596022 0.046042512
v 0.056562500 0.054212493 0.056559807
v 0.056562500 0.038990390 0.064343526
v 0.056562500 0.021248043 0.069127808
v 0.056562500 0.000000000 0.070742072
v 0.056562500 -0.021248043 0.069127808
v 0.056562500 -0.038990390 0.064343526
v 0.056562500 -0.054212493 0.056559807
v 0.056562500 -0.066596022 0.046042512
v 0.056562500 -0.075760917 0.033114424
v 0.056562500 -0.081394142 0.018045901
v 0.056562500 -0.083294849 0.000000000
v 0.056562500 -0.081394142 -0.018045901
v 0.056562500 -0.075760917 -0.033114424
v 0.056562500 -0.066596022 -0.046042512
v 0.056562500 -0.054212493 -0.056559807
v 0.056562500 -0.038990390 -0.064343526
v 0.056562500 -0.021248043 -0.069127808
v 0.056562500 -0.000000000 -0.070742072
v 0.056562500 0.021248043 -0.069127808
v 0.056562500 0.038990390 -0.064343526
v 0.056562500 0.054212493 -0.056559807
v 0.056562500 0.066596022 -0.046042512
v 0.056562500 0.075760917 -0.033114424
v 0.056562500 0.081394142 -0.018045901
v 0.062218750 0.083011813 0.000000000
v 0.062218750 0.081117564 0.017973700
v 0.062218750 0.075503481 0.032981935
v 0.062218750 0.066369728 0.045858297
v 0.062218750 0.054028278 0.056333513
v 0.062218750 0.038857900 0.064086090
v 0.062218750 0.021175842 0.068851229
v 0.062218750 0.000000000 0.070459036
v 0.062218750 -0.021175842 0.068851229
v 0.062218750 -0.038857900 0.064086090
v 0.062218750 -0.054028278 0.056333513
v 0.062218750 -0.066369728 0.045858297
v 0.062218750 -0.075503481 0.032981935
v 0.062218750 -0.081117564 0.017973700
v 0.062218750 -0.083011813 0.000000000
v 0.062218750 -0.081117564 -0.017973700
v 0.062218750 -0.075503481 -0.032981935
v 0.062218750 -0.066369728 -0.045858297
v 0.062218750 -0.054028278 -0.056333513
v 0.062218750 -0.038857900 -0.064086090
v 0.062218750 -0.021175842 -0.068851229
v 0.062218750 -0.000000000 -0.070459036
v 0.062218750 0.021175842 -0.068851229
v 0.062218750 0.038857900 -0.064086090
v 0.062218750 0.054028278 -0.056333513
v 0.062218750 0.066369728 -0.045858297
v 0.062218750 0.075503481 -0.032981935
v 0.062218750 0.081117564 -0.017973700
v 0.067875000 0.082861546 0.000000000
v 0.067875000 0.080970726 0.017935368
v 0.067875000 0.075366806 0.032911595
v 0.067875000 0.066249586 0.045760496
v 0.067875000 0.053930477 0.056213372
v 0.067875000 0.038787560 0.063949414
v 0.067875000 0.021137510 0.068704392
v 0.067875000 0.000000000 0.070308769
v 0.067875000 -0.021137510 0.068704392
v 0.067875000 -0.038787560 0.063949414
v 0.067875000 -0.053930477 0.056213372
v 0.067875000 -0.066249586 0.045760496
v 0.067875000 -0.075366806 0.032911595
v 0.067875000 -0.080970726 0.017935368
v 0.067875000 -0.082861546 0.000000000
v 0.067875000 -0.080970726 -0.017935368
v 0.067875000 -0.075366806 -0.032911595
v 0.067875000 -0.066249586 -0.045760496
v 0.067875000 -0.053930477 -0.056213372
v 0.067875000 -0.038787560 -0.063949414
v 0.067875000 -0.021137510 -0.068704392
v 0.067875000 -0.000000000 -0.070308769
v 0.067875000 0.021137510 -0.068704392
v 0.067875000 0.038787560 -0.063949414
v 0.067875000 0.053930477 -0.056213372
v 0.067875000 0.066249586 -0.045760496
v 0.067875000 0.075366806 -0.032911595
v 0.067875000 0.080970726 -0.017935368
v 0.070000000 0.082848327 0.000000000
v 0.070000000 0.080957809 0.017931996
v 0.070000000 0.075354783 0.032905407
v 0.070000000 0.066239018 0.045751893
v 0.070000000 0.053921874 0.056202803
v 0.070000000 0.038781373 0.063937391
v 0.070000000 0.021134138 0.068691475
v 0.070000000 0.000000000 0.070295550
v 0.070000000 -0.021134138 0.068691475
v 0.070000000 -0.038781373 0.063937391
v 0.070000000 -0.053921874 0.056202803
v 0.070000000 -0.066239018 0.045751893
v 0.070000000 -0.075354783 0.032905407
v 0.070000000 -0.080957809 0.017931996
v 0.070000000 -0.082848327 0.000000000
v 0.070000000 -0.080957809 -0.017931996
v 0.070000000 -0.075354783 -0.032905407
v 0.070000000 -0.066239018 -0.045751893
v 0.070000000 -0.053921874 -0.056202803
v 0.070000000 -0.038781373 -0.063937391
v 0.070000000 -0.021134138 -0.068691475
v 0.070000000 -0.000000000 -0.070295550
v 0.070000000 0.021134138 -0.068691475
v 0.070000000 0.038781373 -0.063937391
v 0.070000000 0.053921874 -0.056202803
v 0.070000000 0.066239018 -0.045751893
v 0.070000000 0.075354783 -0.032905407
v 0.070000000 0.080957809 -0.017931996
v 0.073531250 0.082669336 0.000000000
v 0.073531250 0.080782902 0.017886336
v 0.073531250 0.075191980 0.032821621
v 0.073531250 0.066095910 0.045635396
v 0.073531250 0.053805377 0.056059695
v 0.073531250 0.038697586 0.063774589
v 0.073531250 0.021088478 0.068516567
v 0.073531250 0.000000000 0.070116559
v 0.073531250 -0.021088478 0.068516567
v 0.073531250 -0.038697586 0.063774589
v 0.073531250 -0.053805377 0.056059695
v 0.073531250 -0.066095910 0.045635396
v 0.073531250 -0.075191980 0.032821621
v 0.073531250 -0.080782902 0.017886336
v 0.073531250 -0.082669336 0.000000000
v 0.073531250 -0.080782902 -0.017886336
v 0.073531250 -0.075191980 -0.032821621
v 0.073531250 -0.066095910 -0.045635396
v 0.073531250 -0.053805377 -0.056059695
v 0.073531250 -0.038697586 -0.063774589
v 0.073531250 -0.021088478 -0.068516567
v 0.073531250 -0.000000000 -0.070116559
v 0.073531250 0.021088478 -0.068516567
v 0.073531250 0.038697586 -0.063774589
v 0.073531250 0.053805377 -0.056059695
v 0.073531250 0.066095910 -0.045635396
v 0.073531250 0.075191980 -0.032821621
v 0.073531250 0.080782902 -0.017886336
v 0.079187500 0.081732588 0.000000000
v 0.079187500 0.079867530 0.017647377
v 0.079187500 0.074339960 0.032383128
v 0.079187500 0.065346960 0.045025713
v 0.079187500 0.053195694 0.055310745
v 0.079187500 0.038259094 0.062922569
v 0.079187500 0.020849519 0.067601195
v 0.079187500 0.000000000 0.069179811
v 0.079187500 -0.020849519 0.067601195
v 0.079187500 -0.038259094 0.062922569
v 0.079187500 -0.053195694 0.055310745
v 0.079187500 -0.065346960 0.045025713
v 0.079187500 -0.074339960 0.032383128
v 0.079187500 -0.079867530 0.017647377
v 0.079187500 -0.081732588 0.000000000
v 0.079187500 -0.079867530 -0.017647377
v 0.079187500 -0.074339960 -0.032383128
v 0.079187500 -0.065346960 -0.045025713
v 0.079187500 -0.053195694 -0.055310745
v 0.079187500 -0.038259094 -0.062922569
v 0.079187500 -0.020849519 -0.067601195
v 0.079187500 -0.000000000 -0.069179811
v 0.079187500 0.020849519 -0.067601195
v 0.079187500 0.038259094 -0.062922569
v 0.079187500 0.053195694 -0.055310745
v 0.079187500 0.065346960 -0.045025713
v 0.079187500 0.074339960 -0.032383128
v 0.079187500 0.079867530 -0.017647377
v 0.084843750 0.080186206 0.000000000
v 0.084843750 0.078356435 0.017252904
v 0.084843750 0.072933448 0.031659266
v 0.084843750 0.064110595 0.044019250
v 0.084843750 0.052189231 0.054074380
v 0.084843750 0.037535231 0.061516056
v 0.084843750 0.020455046 0.066090100
v 0.084843750 0.000000000 0.067633429
v 0.084843750 -0.020455046 0.066090100
v 0.084843750 -0.037535231 0.061516056
v 0.084843750 -0.052189231 0.054074380
v 0.084843750 -0.064110595 0.044019250
v 0.084843750 -0.072933448 0.031659266
v 0.084843750 -0.078356435 0.017252904
v 0.084843750 -0.080186206 0.000000000
v 0.084843750 -0.078356435 -0.017252904
v 0.084843750 -0.072933448 -0.031659266
v 0.084843750 -0.064110595 -0.044019250
v 0.084843750 -0.052189231 -0.054074380
v 0.084843750 -0.037535231 -0.061516056
v 0.084843750 -0.020455046 -0.066090100
v 0.084843750 -0.000000000 -0.067633429
v 0.084843750 0.020455046 -0.066090100
v 0.084843750 0.037535231 -0.061516056
v 0.084843750 0.052189231 -0.054074380
v 0.084843750 0.064110595 -0.044019250
v 0.084843750 0.072933448 -0.031659266
v 0.084843750 0.078356435 -0.017252904
v 0.090500000 0.078248262 0.000000000
v 0.090500000 0.076462713 0.016758545
v 0.090500000 0.071170788 0.030752112
v 0.090500000 0.062561167 0.042757938
v 0.090500000 0.050927919 0.052524952
v 0.090500000 0.036628078 0.059753397
v 0.090500000 0.019960687 0.064196378
v 0.090500000 0.000000000 0.065695485
v 0.090500000 -0.019960687 0.064196378
v 0.090500000 -0.036628078 0.059753397
v 0.090500000 -0.050927919 0.052524952
v 0.090500000 -0.062561167 0.042757938
v 0.090500000 -0.071170788 0.030752112
v 0.090500000 -0.076462713 0.016758545
v 0.090500000 -0.078248262 0.000000000
v 0.090500000 -0.076462713 -0.016758545
v 0.090500000 -0.071170788 -0.030752112
v 0.090500000 -0.062561167 -0.042757938
v 0.090500000 -0.050927919 -0.052524952
v 0.090500000 -0.036628078 -0.059753397
v 0.090500000 -0.019960687 -0.064196378
v 0.090500000 -0.000000000 -0.065695485
v 0.090500000 0.019960687 -0.064196378
v 0.090500000 0.036628078 -0.059753397
v 0.090500000 0.050927919 -0.052524952
v 0.090500000 0.062561167 -0.042757938
v 0.090500000 0.071170788 -0.030752112
v 0.090500000 0.076462713 -0.016758545
v 0.096156250 0.076136825 0.000000000
v 0.096156250 0.074399457 0.016219930
v 0.096156250 0.069250329 0.029763747
v 0.096156250 0.060873027 0.041383708
v 0.096156250 0.049553689 0.050836813
v 0.096156250 0.035639713 0.057832937
v 0.096156250 0.019422072 0.062133122
v 0.096156250 0.000000000 0.063584048
v 0.096156250 -0.019422072 0.062133122
v 0.096156250 -0.035639713 0.057832937
v 0.096156250 -0.049553689 0.050836813
v 0.096156250 -0.060873027 0.041383708
v 0.096156250 -0.069250329 0.029763747
v 0.096156250 -0.074399457 0.016219930
v 0.096156250 -0.076136825 0.000000000
v 0.096156250 -0.074399457 -0.016219930
v 0.096156250 -0.069250329 -0.029763747
v 0.096156250 -0.060873027 -0.041383708
v 0.096156250 -0.049553689 -0.050836813
v 0.096156250 -0.035639713 -0.057832937
v 0.096156250 -0.019422072 -0.062133122
v 0.096156250 -0.000000000 -0.063584048
v 0.096156250 0.019422072 -0.062133122
v 0.096156250 0.035639713 -0.057832937
v 0.096156250 0.049553689 -0.050836813
v 0.096156250 0.060873027 -0.041383708
v 0.096156250 0.069250329 -0.029763747
v 0.096156250 0.074399457 -0.016219930
v 0.101812500 0.074069966 0.000000000
v 0.101812500 0.072379762 0.015692686
v 0.101812500 0.067370415 0.028796249
v 0.101812500 0.059220529 0.040038492
v 0.101812500 0.048208473 0.049184314
v 0.101812500 0.034672214 0.055953023
v 0.101812500 0.018894828 0.060113427
v 0.101812500 0.000000000 0.061517189
v 0.101812500 -0.018894828 0.060113427
v 0.101812500 -0.034672214 0.055953023
v 0.101812500 -0.048208473 0.049184314
v 0.101812500 -0.059220529 0.040038492
v 0.101812500 -0.067370415 0.028796249
v 0.101812500 -0.072379762 0.015692686
v 0.101812500 -0.074069966 0.000000000
v 0.101812500 -0.072379762 -0.015692686
v 0.101812500 -0.067370415 -0.028796249
v 0.101812500 -0.059220529 -0.040038492
v 0.101812500 -0.048208473 -0.049184314
v 0.101812500 -0.034672214 -0.055953023
v 0.101812500 -0.018894828 -0.060113427
v 0.101812500 -0.000000000 -0.061517189
v 0.101812500 0.018894828 -0.060113427
v 0.101812500 0.034672214 -0.055953023
v 0.101812500 0.048208473 -0.049184314
v 0.101812500 0.059220529 -0.040038492
v 0.101812500 0.067370415 -0.028796249
v 0.101812500 0.072379762 -0.015692686
v 0.107468750 0.072265755 0.000000000
v 0.107468750 0.070616721 0.015232442
v 0.107468750 0.065729393 0.027951696
v 0.107468750 0.057778024 0.038864221
v 0.107468750 0.047034202 0.047741809
v 0.107468750 0.033827662 0.054312002
v 0.107468750 0.018434584 0.058350387
v 0.107468750 0.000000000 0.059712978
v 0.107468750 -0.018434584 0.058350387
v 0.107468750 -0.033827662 0.054312002
v 0.107468750 -0.047034202 0.047741809
v 0.107468750 -0.057778024 0.038864221
v 0.107468750 -0.065729393 0.027951696
v 0.107468750 -0.070616721 0.015232442
v 0.107468750 -0.072265755 0.000000000
v 0.107468750 -0.070616721 -0.015232442
v 0.107468750 -0.065729393 -0.027951696
v 0.107468750 -0.057778024 -0.038864221
v 0.107468750 -0.047034202 -0.047741809
v 0.107468750 -0.033827662 -0.054312002
v 0.107468750 -0.018434584 -0.058350387
v 0.107468750 -0.000000000 -0.059712978
v 0.107468750 0.018434584 -0.058350387
v 0.107468750 0.033827662 -0.054312002
v 0.107468750 0.047034202 -0.047741809
v 0.107468750 0.057778024 -0.038864221
v 0.107468750 0.065729393 -0.027951696
v 0.107468750 0.070616721 -0.015232442
v 0.113125000 0.070942264 0.000000000
v 0.113125000 0.069323430 0.014894827
v 0.113125000 0.064525610 0.027332168
v 0.113125000 0.056719864 0.038002826
v 0.113125000 0.046172806 0.046683649
v 0.113125000 0.033208134 0.053108219
v 0.113125000 0.018096969 0.057057096
v 0.113125000 0.000000000 0.058389487
v 0.113125000 -0.018096969 0.057057096
v 0.113125000 -0.033208134 0.053108219
v 0.113125000 -0.046172806 0.046683649
v 0.113125000 -0.056719864 0.038002826
v 0.113125000 -0.064525610 0.027332168
v 0.113125000 -0.069323430 0.014894827
v 0.113125000 -0.070942264 0.000000000
v 0.113125000 -0.069323430 -0.014894827
v 0.113125000 -0.064525610 -0.027332168
v 0.113125000 -0.056719864 -0.038002826
v 0.113125000 -0.046172806 -0.046683649
v 0.113125000 -0.033208134 -0.053108219
v 0.113125000 -0.018096969 -0.057057096
v 0.113125000 -0.000000000 -0.058389487
v 0.113125000 0.018096969 -0.057057096
v 0.113125000 0.033208134 -0.053108219
v 0.113125000 0.046172806 -0.046683649
v 0.113125000 0.056719864 -0.038002826
v 0.113125000 0.064525610 -0.027332168
v 0.113125000 0.069323430 -0.014894827
v 0.118781250 0.070317561 0.000000000
v 0.118781250 0.068712983 0.014735469
v 0.118781250 0.063957411 0.027039745
v 0.118781250 0.056220401 0.037596238
v 0.118781250 0.045766219 0.046184186
v 0.118781250 0.032915710 0.052540020
v 0.118781250 0.017937611 0.056446648
v 0.118781250 0.000000000 0.057764784
v 0.118781250 -0.017937611 0.056446648
v 0.118781250 -0.032915710 0.052540020
v 0.118781250 -0.045766219 0.046184186
v 0.118781250 -0.056220401 0.037596238
v 0.118781250 -0.063957411 0.027039745
v 0.118781250 -0.068712983 0.014735469
v 0.118781250 -0.070317561 0.000000000
v 0.118781250 -0.068712983 -0.014735469
v 0.118781250 -0.063957411 -0.027039745
v 0.118781250 -0.056220401 -0.037596238
v 0.118781250 -0.045766219 -0.046184186
v 0.118781250 -0.032915710 -0.052540020
v 0.118781250 -0.017937611 -0.056446648
v 0.118781250 -0.000000000 -0.057764784
v 0.118781250 0.017937611 -0.056446648
v 0.118781250 0.032915710 -0.052540020
v 0.118781250 0.045766219 -0.046184186
v 0.118781250 0.056220401 -0.037596238
v 0.118781250 0.063957411 -0.027039745
v 0.118781250 0.068712983 -0.014735469
v 0.120000000 0.070295550 0.000000000
v 0.120000000 0.068691475 0.014729854
v 0.120000000 0.063937391 0.027029441
v 0.120000000 0.056202803 0.037581912
v 0.120000000 0.045751893 0.046166588
v 0.120000000 0.032905407 0.052520000
v 0.120000000 0.017931996 0.056425140
v 0.120000000 0.000000000 0.057742774
v 0.120000000 -0.017931996 0.056425140
v 0.120000000 -0.032905407 0.052520000
v 0.120000000 -0.045751893 0.046166588
v 0.120000000 -0.056202803 0.037581912
v 0.120000000 -0.063937391 0.027029441
v 0.120000000 -0.068691475 0.014729854
v 0.120000000 -0.070295550 0.000000000
v 0.120000000 -0.068691475 -0.014729854
v 0.120000000 -0.063937391 -0.027029441
v 0.120000000 -0.056202803 -0.037581912
v 0.120000000 -0.045751893 -0.046166588
v 0.120000000 -0.032905407 -0.052520000
v 0.120000000 -0.017931996 -0.056425140
v 0.120000000 -0.000000000 -0.057742774
v 0.120000000 0.017931996 -0.056425140
v 0.120000000 0.032905407 -0.052520000
v 0.120000000 0.045751893 -0.046166588
v 0.120000000 0.056202803 -0.037581912
v 0.120000000 0.063937391 -0.027029441
v 0.120000000 0.068691475 -0.014729854
v 0.124437500 0.069076360 0.000000000
v 0.124437500 0.067500105 0.014503666
v 0.124437500 0.062828476 0.026614384
v 0.124437500 0.055228034 0.037004813
v 0.124437500 0.044958382 0.045457666
v 0.124437500 0.032334703 0.051713516
v 0.124437500 0.017620987 0.055558689
v 0.124437500 0.000000000 0.056856090
v 0.124437500 -0.017620987 0.055558689
v 0.124437500 -0.032334703 0.051713516
v 0.124437500 -0.044958382 0.045457666
v 0.124437500 -0.055228034 0.037004813
v 0.124437500 -0.062828476 0.026614384
v 0.124437500 -0.067500105 0.014503666
v 0.124437500 -0.069076360 0.000000000
v 0.124437500 -0.067500105 -0.014503666
v 0.124437500 -0.062828476 -0.026614384
v 0.124437500 -0.055228034 -0.037004813
v 0.124437500 -0.044958382 -0.045457666
v 0.124437500 -0.032334703 -0.051713516
v 0.124437500 -0.017620987 -0.055558689
v 0.124437500 -0.000000000 -0.056856090
v 0.124437500 0.017620987 -0.055558689
v 0.124437500 0.032334703 -0.051713516
v 0.124437500 0.044958382 -0.045457666
v 0.124437500 0.055228034 -0.037004813
v 0.124437500 0.062828476 -0.026614384
v 0.124437500 0.067500105 -0.014503666
v 0.130093750 0.064729805 0.000000000
v 0.130093750 0.063252734 0.013697279
v 0.130093750 0.058875062 0.025134656
v 0.130093750 0.051752870 0.034947390
v 0.130093750 0.042129425 0.042930273
v 0.130093750 0.030300077 0.048838306
v 0.130093750 0.016512206 0.052469692
v 0.130093750 0.000000000 0.053694959
v 0.130093750 -0.016512206 0.052469692
v 0.130093750 -0.030300077 0.048838306
v 0.130093750 -0.042129425 0.042930273
v 0.130093750 -0.051752870 0.034947390
v 0.130093750 -0.058875062 0.025134656
v 0.130093750 -0.063252734 0.013697279
v 0.130093750 -0.064729805 0.000000000
v 0.130093750 -0.063252734 -0.013697279
v 0.130093750 -0.058875062 -0.025134656
v 0.130093750 -0.051752870 -0.034947390
v 0.130093750 -0.042129425 -0.042930273
v 0.130093750 -0.030300077 -0.048838306
v 0.130093750 -0.016512206 -0.052469692
v 0.130093750 -0.000000000 -0.053694959
v 0.130093750 0.016512206 -0.052469692
v 0.130093750 0.030300077 -0.048838306
v 0.130093750 0.042129425 -0.042930273
v 0.130093750 0.051752870 -0.034947390
v 0.130093750 0.058875062 -0.025134656
v 0.130093750 0.063252734 -0.013697279
v 0.135750000 0.058551800 0.000000000
v 0.135750000 0.057215705 0.012551116
v 0.135750000 0.053255851 0.023031434
v 0.135750000 0.046813422 0.032023057
v 0.135750000 0.038108467 0.039337948
v 0.135750000 0.027408147 0.044751607
v 0.135750000 0.014936232 0.048079126
v 0.135750000 0.000000000 0.049201864
v 0.135750000 -0.014936232 0.048079126
v 0.135750000 -0.027408147 0.044751607
v 0.135750000 -0.038108467 0.039337948
v 0.135750000 -0.046813422 0.032023057
v 0.135750000 -0.053255851 0.023031434
v 0.135750000 -0.057215705 0.012551116
v 0.135750000 -0.058551800 0.000000000
v 0.135750000 -0.057215705 -0.012551116
v 0.135750000 -0.053255851 -0.023031434
v 0.135750000 -0.046813422 -0.032023057
v 0.135750000 -0.038108467 -0.039337948
v 0.135750000 -0.027408147 -0.044751607
v 0.135750000 -0.014936232 -0.048079126
v 0.135750000 -0.000000000 -0.049201864
v 0.135750000 0.014936232 -0.048079126
v 0.135750000 0.027408147 -0.044751607
v 0.135750000 0.038108467 -0.039337948
v 0.135750000 0.046813422 -0.032023057
v 0.135750000 0.053255851 -0.023031434
v 0.135750000 0.057215705 -0.012551116
v 0.141406250 0.051941047 0.000000000
v 0.141406250 0.050755803 0.011324669
v 0.141406250 0.047243033 0.020780890
v 0.141406250 0.041527983 0.028893885
v 0.141406250 0.033805855 0.035493992
v 0.141406250 0.024313648 0.040378649
v 0.141406250 0.013249866 0.043381015
v 0.141406250 0.000000000 0.044394044
v 0.141406250 -0.013249866 0.043381015
v 0.141406250 -0.024313648 0.040378649
v 0.141406250 -0.033805855 0.035493992
v 0.141406250 -0.041527983 0.028893885
v 0.141406250 -0.047243033 0.020780890
v 0.141406250 -0.050755803 0.011324669
v 0.141406250 -0.051941047 0.000000000
v 0.141406250 -0.050755803 -0.011324669
v 0.141406250 -0.047243033 -0.020780890
v 0.141406250 -0.041527983 -0.028893885
v 0.141406250 -0.033805855 -0.035493992
v 0.141406250 -0.024313648 -0.040378649
v 0.141406250 -0.013249866 -0.043381015
v 0.141406250 -0.000000000 -0.044394044
v 0.141406250 0.013249866 -0.043381015
v 0.141406250 0.024313648 -0.040378649
v 0.141406250 0.033805855 -0.035493992
v 0.141406250 0.041527983 -0.028893885
v 0.141406250 0.047243033 -0.020780890
v 0.141406250 0.050755803 -0.011324669
v 0.147062500 0.046296249 0.000000000
v 0.147062500 0.045239813 0.010277428
v 0.147062500 0.042108801 0.018859192
v 0.147062500 0.037014846 0.026221943
v 0.147062500 0.030131936 0.032211710
v 0.147062500 0.021671313 0.036644662
v 0.147062500 0.011809910 0.039369386
v 0.147062500 0.000000000 0.040288736
v 0.147062500 -0.011809910 0.039369386
v 0.147062500 -0.021671313 0.036644662
v 0.147062500 -0.030131936 0.032211710
v 0.147062500 -0.037014846 0.026221943
v 0.147062500 -0.042108801 0.018859192
v 0.147062500 -0.045239813 0.010277428
v 0.147062500 -0.046296249 0.000000000
v 0.147062500 -0.045239813 -0.010277428
v 0.147062500 -0.042108801 -0.018859192
v 0.147062500 -0.037014846 -0.026221943
v 0.147062500 -0.030131936 -0.032211710
v 0.147062500 -0.021671313 -0.036644662
v 0.147062500 -0.011809910 -0.039369386
v 0.147062500 -0.000000000 -0.040288736
v 0.147062500 0.011809910 -0.039369386
v 0.147062500 0.021671313 -0.036644662
v 0.147062500 0.030131936 -0.032211710
v 0.147062500 0.037014846 -0.026221943
v 0.147062500 0.042108801 -0.018859192
v 0.147062500 0.045239813 -0.010277428
v 0.152718750 0.043016108 0.000000000
v 0.152718750 0.042034522 0.009668886
v 0.152718750 0.039125346 0.017742510
v 0.152718750 0.034392303 0.024669302
v 0.152718750 0.027997055 0.030304406
v 0.152718750 0.020135877 0.034474876
v 0.152718750 0.010973165 0.037038265
v 0.152718750 0.000000000 0.037903179
v 0.152718750 -0.010973165 0.037038265
v 0.152718750 -0.020135877 0.034474876
v 0.152718750 -0.027997055 0.030304406
v 0.152718750 -0.034392303 0.024669302
v 0.152718750 -0.039125346 0.017742510
v 0.152718750 -0.042034522 0.009668886
v 0.152718750 -0.043016108 0.000000000
v 0.152718750 -0.042034522 -0.009668886
v 0.152718750 -0.039125346 -0.017742510
v 0.152718750 -0.034392303 -0.024669302
v 0.152718750 -0.027997055 -0.030304406
v 0.152718750 -0.020135877 -0.034474876
v 0.152718750 -0.010973165 -0.037038265
v 0.152718750 -0.000000000 -0.037903179
v 0.152718750 0.010973165 -0.037038265
v 0.152718750 0.020135877 -0.034474876
v 0.152718750 0.027997055 -0.030304406
v 0.152718750 0.034392303 -0.024669302
v 0.152718750 0.039125346 -0.017742510
v 0.152718750 0.042034522 -0.009668886
v 0.155000000 0.042679441 0.000000000
v 0.155000000 0.041705538 0.009606426
v 0.155000000 0.038819130 0.017627897
v 0.155000000 0.034123130 0.024509943
v 0.155000000 0.027777935 0.030108644
v 0.155000000 0.019978283 0.034252174
v 0.155000000 0.010887283 0.036799004
v 0.155000000 0.000000000 0.037658331
v 0.155000000 -0.010887283 0.036799004
v 0.155000000 -0.019978283 0.034252174
v 0.155000000 -0.027777935 0.030108644
v 0.155000000 -0.034123130 0.024509943
v 0.155000000 -0.038819130 0.017627897
v 0.155000000 -0.041705538 0.009606426
v 0.155000000 -0.042679441 0.000000000
v 0.155000000 -0.041705538 -0.009606426
v 0.155000000 -0.038819130 -0.017627897
v 0.155000000 -0.034123130 -0.024509943
v 0.155000000 -0.027777935 -0.030108644
v 0.155000000 -0.019978283 -0.034252174
v 0.155000000 -0.010887283 -0.036799004
v 0.155000000 -0.000000000 -0.037658331
v 0.155000000 0.010887283 -0.036799004
v 0.155000000 0.019978283 -0.034252174
v 0.155000000 0.027777935 -0.030108644
v 0.155000000 0.034123130 -0.024509943
v 0.155000000 0.038819130 -0.017627897
v 0.155000000 0.041705538 -0.009606426
v 0.158375000 0.040986916 0.000000000
v 0.158375000 0.040051635 0.009281133
v 0.158375000 0.037279693 0.017030979
v 0.158375000 0.032769920 0.023679985
v 0.158375000 0.026676354 0.029089103
v 0.158375000 0.019186011 0.033092324
v 0.158375000 0.010455530 0.035552913
v 0.158375000 0.000000000 0.036383141
v 0.158375000 -0.010455530 0.035552913
v 0.158375000 -0.019186011 0.033092324
v 0.158375000 -0.026676354 0.029089103
v 0.158375000 -0.032769920 0.023679985
v 0.158375000 -0.037279693 0.017030979
v 0.158375000 -0.040051635 0.009281133
v 0.158375000 -0.040986916 0.000000000
v 0.158375000 -0.040051635 -0.009281133
v 0.158375000 -0.037279693 -0.017030979
v 0.158375000 -0.032769920 -0.023679985
v 0.158375000 -0.026676354 -0.029089103
v 0.158375000 -0.019186011 -0.033092324
v 0.158375000 -0.010455530 -0.035552913
v 0.158375000 -0.000000000 -0.036383141
v 0.158375000 0.010455530 -0.035552913
v 0.158375000 0.019186011 -0.033092324
v 0.158375000 0.026676354 -0.029089103
v 0.158375000 0.032769920 -0.023679985
v 0.158375000 0.037279693 -0.017030979
v 0.158375000 0.040051635 -0.009281133
v 0.164031250 0.032484213 0.000000000
v 0.164031250 0.031742955 0.007646961
v 0.164031250 0.029546050 0.014032256
v 0.164031250 0.025971826 0.019510541
v 0.164031250 0.021142365 0.023967251
v 0.164031250 0.015205888 0.027265606
v 0.164031250 0.008286538 0.029292948
v 0.164031250 0.000000000 0.029976994
v 0.164031250 -0.008286538 0.029292948
v 0.164031250 -0.015205888 0.027265606
v 0.164031250 -0.021142365 0.023967251
v 0.164031250 -0.025971826 0.019510541
v 0.164031250 -0.029546050 0.014032256
v 0.164031250 -0.031742955 0.007646961
v 0.164031250 -0.032484213 0.000000000
v 0.164031250 -0.031742955 -0.007646961
v 0.164031250 -0.029546050 -0.014032256
v 0.164031250 -0.025971826 -0.019510541
v 0.164031250 -0.021142365 -0.023967251
v 0.164031250 -0.015205888 -0.027265606
v 0.164031250 -0.008286538 -0.029292948
v 0.164031250 -0.000000000 -0.029976994
v 0.164031250 0.008286538 -0.029292948
v 0.164031250 0.015205888 -0.027265606
v 0.164031250 0.021142365 -0.023967251
v 0.164031250 0.025971826 -0.019510541
v 0.164031250 0.029546050 -0.014032256
v 0.164031250 0.031742955 -0.007646961
v 0.169687500 0.020803941 0.000000000
v 0.169687500 0.020329216 0.005402079
v 0.169687500 0.018922246 0.009912873
v 0.169687500 0.016633198 0.013782924
v 0.169687500 0.013540255 0.016931298
v 0.169687500 0.009738343 0.019261371
v 0.169687500 0.005306967 0.020693556
v 0.169687500 0.000000000 0.021176789
v 0.169687500 -0.005306967 0.020693556
v 0.169687500 -0.009738343 0.019261371
v 0.169687500 -0.013540255 0.016931298
v 0.169687500 -0.016633198 0.013782924
v 0.169687500 -0.018922246 0.009912873
v 0.169687500 -0.020329216 0.005402079
v 0.169687500 -0.020803941 0.000000000
v 0.169687500 -0.020329216 -0.005402079
v 0.169687500 -0.018922246 -0.009912873
v 0.169687500 -0.016633198 -0.013782924
v 0.169687500 -0.013540255 -0.016931298
v 0.169687500 -0.009738343 -0.019261371
v 0.169687500 -0.005306967 -0.020693556
v 0.169687500 -0.000000000 -0.021176789
v 0.169687500 0.005306967 -0.020693556
v 0.169687500 0.009738343 -0.019261371
v 0.169687500 0.013540255 -0.016931298
v 0.169687500 0.016633198 -0.013782924
v 0.169687500 0.018922246 -0.009912873
v 0.169687500 0.020329216 -0.005402079
v 0.175343750 0.010474762 0.000000000
v 0.175343750 0.010235738 0.003416869
v 0.175343750 0.009527330 0.006269991
v 0.175343750 0.008374797 0.008717837
v 0.175343750 0.006817504 0.010709215
v 0.175343750 0.004903245 0.012183009
v 0.175343750 0.002672052 0.013088881
v 0.175343750 0.000000000 0.013394531
v 0.175343750 -0.002672052 0.013088881
v 0.175343750 -0.004903245 0.012183009
v 0.175343750 -0.006817504 0.010709215
v 0.175343750 -0.008374797 0.008717837
v 0.175343750 -0.009527330 0.006269991
v 0.175343750 -0.010235738 0.003416869
v 0.175343750 -0.010474762 0.000000000
v 0.175343750 -0.010235738 -0.003416869
v 0.175343750 -0.009527330 -0.006269991
v 0.175343750 -0.008374797 -0.008717837
v 0.175343750 -0.006817504 -0.010709215
v 0.175343750 -0.004903245 -0.012183009
v 0.175343750 -0.002672052 -0.013088881
v 0.175343750 -0.000000000 -0.013394531
v 0.175343750 0.002672052 -0.013088881
v 0.175343750 0.004903245 -0.012183009
v 0.175343750 0.006817504 -0.010709215
v 0.175343750 0.008374797 -0.008717837
v 0.175343750 0.009527330 -0.006269991
v 0.175343750 0.010235738 -0.003416869
v 0.181000000 0.006025333 0.000000000
v 0.181000000 0.005887841 0.002561714
v 0.181000000 0.005480348 0.004700772
v 0.181000000 0.004817383 0.006535985
v 0.181000000 0.003921591 0.008028972
v 0.181000000 0.002820463 0.009133913
v 0.181000000 0.001537028 0.009813068
v 0.181000000 0.000000000 0.010042221
v 0.181000000 -0.001537028 0.009813068
v 0.181000000 -0.002820463 0.009133913
v 0.181000000 -0.003921591 0.008028972
v 0.181000000 -0.004817383 0.006535985
v 0.181000000 -0.005480348 0.004700772
v 0.181000000 -0.005887841 0.002561714
v 0.181000000 -0.006025333 0.000000000
v 0.181000000 -0.005887841 -0.002561714
v 0.181000000 -0.005480348 -0.004700772
v 0.181000000 -0.004817383 -0.006535985
v 0.181000000 -0.003921591 -0.008028972
v 0.181000000 -0.002820463 -0.009133913
v 0.181000000 -0.001537028 -0.009813068
v 0.181000000 -0.000000000 -0.010042221
v 0.181000000 0.001537028 -0.009813068
v 0.181000000 0.002820463 -0.009133913
v 0.181000000 0.003921591 -0.008028972
v 0.181000000 0.004817383 -0.006535985
v 0.181000000 0.005480348 -0.004700772
v 0.181000000 0.005887841 -0.002561714
v -0.181000000 0.000000000 0.000000000
v 0.181000000 0.000000000 0.000000000
f 1 30 29
f 1 2 30
f 2 31 30
f 2 3 31
f 3 32 31
f 3 4 32
f 4 33 32
f 4 5 33
f 5 34 33
f 5 6 34
f 6 35 34
f 6 7 35
f 7 36 35
f 7 8 36
f 8 37 36
f 8 9 37
f 9 38 37
f 9 10 38
f 10 39 38
f 10 11 39
f 11 40 39
f 11 12 40
f 12 41 40
f 12 13 41
f 13 42 41
f 13 14 42
f 14 43 42
f 14 15 43
f 15 44 43
f 15 16 44
f 16 45 44
f 16 17 45
f 17 46 45
f 17 18 46
f 18 47 46
f 18 19 47
f 19 48 47
f 19 20 48
f 20 49 48
f 20 21 49
f 21 50 49
f 21 22 50
f 22 51 50
f 22 23 51
f 23 52 51
f 23 24 52
f 24 53 52
f 24 25 53
f 25 54 53
f 25 26 54
f 26 55 54
f 26 27 55
f 27 56 55
f 27 28 56
f 28 29 56
f 28 1 29
f 29 58 57
f 29 30 58
f 30 59 58
f 30 31 59
f 31 60 59
f 31 32 60
f 32 61 60
f 32 33 61
f 33 62 61
f 33 34 62
f 34 63 62
f 34 35 63
f 35 64 63
f 35 36 64
f 36 65 64
f 36 37 65
f 37 66 65
f 37 38 66
f 38 67 66
f 38 39 67
f 39 68 67
f 39 40 68
f 40 69 68
f 40 41 69
f 41 70 69
f 41 42 70
f 42 71 70
f 42 43 71
f 43 72 71
f 43 44 72
f 44 73 72
f 44 45 73
f 45 74 73
f 45 46 74
f 46 75 74
f 46 47 75
f 47 76 75
f 47 48 76
f 48 77 76
f 48 49 77
f 49 78 77
f 49 50 78
f 50 79 78
f 50 51 79
f 51 80 79
f 51 52 80
f 52 81 80
f 52 53 81
f 53 82 81
f 53 54 82
f 54 83 82
f 54 55 83
f 55 84 83
f 55 56 84
f 56 57 84
f 56 29 57
f 57 86 85
f 57 58 86
f 58 87 86
f 58 59 87
f 59 88 87
f 59 60 88
f 60 89 88
f 60 61 89
f 61 90 89
f 61 62 90
f 62 91 90
f 62 63 91
f 63 92 91
f 63 64 92
f 64 93 92
f 64 65 93
f 65 94 93
f 65 66 94
f 66 95 94
f 66 67 95
f 67 96 95
f 67 68 96
f 68 97 96
f 68 69 97
f 69 98 97
f 69 70 98
f 70 99 98
f 70 71 99
f 71 100 99
f 71 72 100
f 72 101 100
f 72 73 101
f 73 102 101
f 73 74 102
f 74 103 102
f 74 75 103
f 75 104 103
f 75 76 104
f 76 105 104
f 76 77 105
f 77 106 105
f 77 78 106
f 78 107 106
f 78 79 107
f 79 108 107
f 79 80 108
f 80 109 108
f 80 81 109
f 81 110 109
f 81 82 110
f 82 111 110
f 82 83 111
f 83 112 111
f 83 84 112
f 84 85 112
f 84 57 85
f 85 114 113
f 85 86 114
f 86 115 114
f 86 87 115
f 87 116 115
f 87 88 116
f 88 117 116
f 88 89 117
f 89 118 117
f 89 90 118
f 90 119 118
f 90 91 119
f 91 120 119
f 91 92 120
f 92 121 120
f 92 93 121
f 93 122 121
f 93 94 122
f 94 123 122
f 94 95 123
f 95 124 123
f 95 96 124
f 96 125 124
f 96 97 125
f 97 126 125
f 97 98 126
f 98 127 126
f 98 99 127
f 99 128 127
f 99 100 128
f 100 129 128
f 100 101 129
f 101 130 129
f 101 102 130
f 102 131 130
f 102 103 131
f 103 132 131
f 103 104 132
f 104 133 132
f 104 105 133
f 105 134 133
f 105 106 134
f 106 135 134
f 106 107 135
f 107 136 135
f 107 108 136
f 108 137 136
f 108 109 137
f 109 138 137
f 109 110 138
f 110 139 138
f 110 111 139
f 111 140 139
f 111 112 140
f 112 113 140
f 112 85 113
f 113 142 141
f 113 114 142
f 114 143 142
f 114 115 143
f 115 144 143
f 115 116 144
f 116 145 144
f 116 117 145
f 117 146 145
f 117 118 146
f 118 147 146
f 118 119 147
f 119 148 147
f 119 120 148
f 120 149 148
f 120 121 149
f 121 150 149
f 121 122 150
f 122 151 150
f 122 123 151
f 123 152 151
f 123 124 152
f 124 153 152
f 124 125 153
f 125 154 153
f 125 126 154
f 126 155 154
f 126 127 155
f 127 156 155
f 127 128 156
f 128 157 156
f 128 129 157
f 129 158 157
f 129 130 158
f 130 159 158
f 130 131 159
f 131 160 159
f 131 132 160
f 132 161 160
f 132 133 161
f 133 162 161
f 133 134 162
f 134 163 162
f 134 135 163
f 135 164 163
f 135 136 164
f 136 165 164
f 136 137 165
f 137 166 165
f 137 138 166
f 138 167 166
f 138 139 167
f 139 168 167
f 139 140 168
f 140 141 168
f 140 113 141
f 141 170 169
f 141 142 170
f 142 171 170
f 142 143 171
f 143 172 171
f 143 144 172
f 144 173 172
f 144 145 173
f 145 174 173
f 145 146 174
f 146 175 174
f 146 147 175
f 147 176 175
f 147 148 176
f 148 177 176
f 148 149 177
f 149 178 177
f 149 150 178
f 150 179 178
f 150 151 179
f 151 180 179
f 151 152 180
f 152 181 180
f 152 153 181
f 153 182 181
f 153 154 182
f 154 183 182
f 154 155 183
f 155 184 183
f 155 156 184
f 156 185 184
f 156 157 185
f 157 186 185
f 157 158 186
f 158 187 186
f 158 159 187
f 159 188 187
f 159 160 188
f 160 189 188
f 160 161 189
f 161 190 189
f 161 162 190
f 162 191 190
f 162 163 191
f 163 192 191
f 163 164 192
f 164 193 192
f 164 165 193
f 165 194 193
f 165 166 194
f 166 195 194
f 166 167 195
f 167 196 195
f 167 168 196
f 168 169 196
f 168 141 169
f 169 198 197
f 169 170 198
f 170 199 198
f 170 171 199
f 171 200 199
f 171 172 200
f 172 201 200
f 172 173 201
f 173 202 201
f 173 174 202
f 174 203 202
f 174 175 203
f 175 204 203
f 175 176 204
f 176 205 204
f 176 177 205
f 177 206 205
f 177 178 206
f 178 207 206
f 178 179 207
f 179 208 207
f 179 180 208
f 180 209 208
f 180 181 209
f 181 210 209
f 181 182 210
f 182 211 210
f 182 183 211
f 183 212 211
f 183 184 212
f 184 213 212
f 184 185 213
f 185 214 213
f 185 186 214
f 186 215 214
f 186 187 215
f 187 216 215
f 187 188 216
f 188 217 216
f 188 189 217
f 189 218 217
f 189 190 218
f 190 219 218
f 190 191 219
f 191 220 219
f 191 192 220
f 192 221 220
f 192 193 221
f 193 222 221
f 193 194 222
f 194 223 222
f 194 195 223
f 195 224 223
f 195 196 224
f 196 197 224
f 196 169 197
f 197 226 225
f 197 198 226
f 198 227 226
f 198 199 227
f 199 228 227
f 199 200 228
f 200 229 228
f 200 201 229
f 201 230 229
f 201 202 230
f 202 231 230
f 202 203 231
f 203 232 231
f 203 204 232
f 204 233 232
f 204 205 233
f 205 234 233
f 205 206 234
f 206 235 234
f 206 207 235
f 207 236 235
f 207 208 236
f 208 237 236
f 208 209 237
f 209 238 237
f 209 210 238
f 210 239 238
f 210 211 239
f 211 240 239
f 211 212 240
f 212 241 240
f 212 213 241
f 213 242 241
f 213 214 242
f 214 243 242
f 214 215 243
f 215 244 243
f 215 216 244
f 216 245 244
f 216 217 245
f 217 246 245
f 217 218 246
f 218 247 246
f 218 219 247
f 219 248 247
f 219 220 248
f 220 249 248
f 220 221 249
f 221 250 249
f 221 222 250
f 222 251 250
f 222 223 251
f 223 252 251
f 223 224 252
f 224 225 252
f 224 197 225
f 225 254 253
f 225 226 254
f 226 255 254
f 226 227 255
f 227 256 255
f 227 228 256
f 228 257 256
f 228 229 257
f 229 258 257
f 229 230 258
f 230 259 258
f 230 231 259
f 231 260 259
f 231 232 260
f 232 261 260
f 232 233 261
f 233 262 261
f 233 234 262
f 234 263 262
f 234 235 263
f 235 264 263
f 235 236 264
f 236 265 264
f 236 237 265
f 237 266 265
f 237 238 266
f 238 267 266
f 238 239 267
f 239 268 267
f 239 240 268
f 240 269 268
f 240 241 269
f 241 270 269
f 241 242 270
f 242 271 270
f 242 243 271
f 243 272 271
f 243 244 272
f 244 273 272
f 244 245 273
f 245 274 273
f 245 246 274
f 246 275 274
f 246 247 275
f 247 276 275
f 247 248 276
f 248 277 276
f 248 249 277
f 249 278 277
f 249 250 278
f 250 279 278
f 250 251 279
f 251 280 279
f 251 252 280
f 252 253 280
f 252 225 253
f 253 282 281
f 253 254 282
f 254 283 282
f 254 255 283
f 255 284 283
f 255 256 284
f 256 285 284
f 256 257 285
f 257 286 285
f 257 258 286
f 258 287 286
f 258 259 287
f 259 288 287
f 259 260 288
f 260 289 288
f 260 261 289
f 261 290 289
f 261 262 290
f 262 291 290
f 262 263 291
f 263 292 291
f 263 264 292
f 264 293 292
f 264 265 293
f 265 294 293
f 265 266 294
f 266 295 294
f 266 267 295
f 267 296 295
f 267 268 296
f 268 297 296
f 268 269 297
f 269 298 297
f 269 270 298
f 270 299 298
f 270 271 299
f 271 300 299
f 271 272 300
f 272 301 300
f 272 273 301
f 273 302 301
f 273 274 302
f 274 303 302
f 274 275 303
f 275 304 303
f 275 276 304
f 276 305 304
f 276 277 305
f 277 306 305
f 277 278 306
f 278 307 306
f 278 279 307
f 279 308 307
f 279 280 308
f 280 281 308
f 280 253 281
f 281 310 309
f 281 282 310
f 282 311 310
f 282 283 311
f 283 312 311
f 283 284 312
f 284 313 312
f 284 285 313
f 285 314 313
f 285 286 314
f 286 315 314
f 286 287 315
f 287 316 315
f 287 288 316
f 288 317 316
f 288 289 317
f 289 318 317
f 289 290 318
f 290 319 318
f 290 291 319
f 291 320 319
f 291 292 320
f 292 321 320
f 292 293 321
f 293 322 321
f 293 294 322
f 294 323 322
f 294 295 323
f 295 324 323
f 295 296 324
f 296 325 324
f 296 297 325
f 297 326 325
f 297 298 326
f 298 327 326
f 298 299 327
f 299 328 327
f 299 300 328
f 300 329 328
f 300 301 329
f 301 330 329
f 301 302 330
f 302 331 330
f 302 303 331
f 303 332 331
f 303 304 332
f 304 333 332
f 304 305 333
f 305 334 333
f 305 306 334
f 306 335 334
f 306 307 335
f 307 336 335
f 307 308 336
f 308 309 336
f 308 281 309
f 309 338 337
f 309 310 338
f 310 339 338
f 310 311 339
f 311 340 339
f 311 312 340
f 312 341 340
f 312 313 341
f 313 342 341
f 313 314 342
f 314 343 342
f 314 315 343
f 315 344 343
f 315 316 344
f 316 345 344
f 316 317 345
f 317 346 345
f 317 318 346
f 318 347 346
f 318 319 347
f 319 348 347
f 319 320 348
f 320 349 348
f 320 321 349
f 321 350 349
f 321 322 350
f 322 351 350
f 322 323 351
f 323 352 351
f 323 324 352
f 324 353 352
f 324 325 353
f 325 354 353
f 325 326 354
f 326 355 354
f 326 327 355
f 327 356 355
f 327 328 356
f 328 357 356
f 328 329 357
f 329 358 357
f 329 330 358
f 330 359 358
f 330 331 359
f 331 360 359
f 331 332 360
f 332 361 360
f 332 333 361
f 333 362 361
f 333 334 362
f 334 363 362
f 334 335 363
f 335 364 363
f 335 336 364
f 336 337 364
f 336 309 337
f 337 366 365
f 337 338 366
f 338 367 366
f 338 339 367
f 339 368 367
f 339 340 368
f 340 369 368
f 340 341 369
f 341 370 369
f 341 342 370
f 342 371 370
f 342 343 371
f 343 372 371
f 343 344 372
f 344 373 372
f 344 345 373
f 345 374 373
f 345 346 374
f 346 375 374
f 346 347 375
f 347 376 375
f 347 348 376
f 348 377 376
f 348 349 377
f 349 378 377
f 349 350 378
f 350 379 378
f 350 351 379
f 351 380 379
f 351 352 380
f 352 381 380
f 352 353 381
f 353 382 381
f 353 354 382
f 354 383 382
f 354 355 383
f 355 384 383
f 355 356 384
f 356 385 384
f 356 357 385
f 357 386 385
f 357 358 386
f 358 387 386
f 358 359 387
f 359 388 387
f 359 360 388
f 360 389 388
f 360 361 389
f 361 390 389
f 361 362 390
f 362 391 390
f 362 363 391
f 363 392 391
f 363 364 392
f 364 365 392
f 364 337 365
f 365 394 393
f 365 366 394
f 366 395 394
f 366 367 395
f 367 396 395
f 367 368 396
f 368 397 396
f 368 369 397
f 369 398 397
f 369 370 398
f 370 399 398
f 370 371 399
f 371 400 399
f 371 372 400
f 372 401 400
f 372 373 401
f 373 402 401
f 373 374 402
f 374 403 402
f 374 375 403
f 375 404 403
f 375 376 404
f 376 405 404
f 376 377 405
f 377 406 405
f 377 378 406
f 378 407 406
f 378 379 407
f 379 408 407
f 379 380 408
f 380 409 408
f 380 381 409
f 381 410 409
f 381 382 410
f 382 411 410
f 382 383 411
f 383 412 411
f 383 384 412
f 384 413 412
f 384 385 413
f 385 414 413
f 385 386 414
f 386 415 414
f 386 387 415
f 387 416 415
f 387 388 416
f 388 417 416
f 388 389 417
f 389 418 417
f 389 390 418
f 390 419 418
f 390 391 419
f 391 420 419
f 391 392 420
f 392 393 420
f 392 365 393
f 393 422 421
f 393 394 422
f 394 423 422
f 394 395 423
f 395 424 423
f 395 396 424
f 396 425 424
f 396 397 425
f 397 426 425
f 397 398 426
f 398 427 426
f 398 399 427
f 399 428 427
f 399 400 428
f 400 429 428
f 400 401 429
f 401 430 429
f 401 402 430
f 402 431 430
f 402 403 431
f 403 432 431
f 403 404 432
f 404 433 432
f 404 405 433
f 405 434 433
f 405 406 434
f 406 435 434
f 406 407 435
f 407 436 435
f 407 408 436
f 408 437 436
f 408 409 437
f 409 438 437
f 409 410 438
f 410 439 438
f 410 411 439
f 411 440 439
f 411 412 440
f 412 441 440
f 412 413 441
f 413 442 441
f 413 414 442
f 414 443 442
f 414 415 443
f 415 444 443
f 415 416 444
f 416 445 444
f 416 417 445
f 417 446 445
f 417 418 446
f 418 447 446
f 418 419 447
f 419 448 447
f 419 420 448
f 420 421 448
f 420 393 421
f 421 450 449
f 421 422 450
f 422 451 450
f 422 423 451
f 423 452 451
f 423 424 452
f 424 453 452
f 424 425 453
f 425 454 453
f 425 426 454
f 426 455 454
f 426 427 455
f 427 456 455
f 427 428 456
f 428 457 456
f 428 429 457
f 429 458 457
f 429 430 458
f 430 459 458
f 430 431 459
f 431 460 459
f 431 432 460
f 432 461 460
f 432 433 461
f 433 462 461
f 433 434 462
f 434 463 462
f 434 435 463
f 435 464 463
f 435 436 464
f 436 465 464
f 436 437 465
f 437 466 465
f 437 438 466
f 438 467 466
f 438 439 467
f 439 468 467
f 439 440 468
f 440 469 468
f 440 441 469
f 441 470 469
f 441 442 470
f 442 471 470
f 442 443 471
f 443 472 471
f 443 444 472
f 444 473 472
f 444 445 473
f 445 474 473
f 445 446 474
f 446 475 474
f 446 447 475
f 447 476 475
f 447 448 476
f 448 449 476
f 448 421 449
f 449 478 477
f 449 450 478
f 450 479 478
f 450 451 479
f 451 480 479
f 451 452 480
f 452 481 480
f 452 453 481
f 453 482 481
f 453 454 482
f 454 483 482
f 454 455 483
f 455 484 483
f 455 456 484
f 456 485 484
f 456 457 485
f 457 486 485
f 457 458 486
f 458 487 486
f 458 459 487
f 459 488 487
f 459 460 488
f 460 489 488
f 460 461 489
f 461 490 489
f 461 462 490
f 462 491 490
f 462 463 491
f 463 492 491
f 463 464 492
f 464 493 492
f 464 465 493
f 465 494 493
f 465 466 494
f 466 495 494
f 466 467 495
f 467 496 495
f 467 468 496
f 468 497 496
f 468 469 497
f 469 498 497
f 469 470 498
f 470 499 498
f 470 471 499
f 471 500 499
f 471 472 500
f 472 501 500
f 472 473 501
f 473 502 501
f 473 474 502
f 474 503 502
f 474 475 503
f 475 504 503
f 475 476 504
f 476 477 504
f 476 449 477
f 477 506 505
f 477 478 506
f 478 507 506
f 478 479 507
f 479 508 507
f 479 480 508
f 480 509 508
f 480 481 509
f 481 510 509
f 481 482 510
f 482 511 510
f 482 483 511
f 483 512 511
f 483 484 512
f 484 513 512
f 484 485 513
f 485 514 513
f 485 486 514
f 486 515 514
f 486 487 515
f 487 516 515
f 487 488 516
f 488 517 516
f 488 489 517
f 489 518 517
f 489 490 518
f 490 519 518
f 490 491 519
f 491 520 519
f 491 492 520
f 492 521 520
f 492 493 521
f 493 522 521
f 493 494 522
f 494 523 522
f 494 495 523
f 495 524 523
f 495 496 524
f 496 525 524
f 496 497 525
f 497 526 525
f 497 498 526
f 498 527 526
f 498 499 527
f 499 528 527
f 499 500 528
f 500 529 528
f 500 501 529
f 501 530 529
f 501 502 530
f 502 531 530
f 502 503 531
f 503 532 531
f 503 504 532
f 504 505 532
f 504 477 505
f 505 534 533
f 505 506 534
f 506 535 534
f 506 507 535
f 507 536 535
f 507 508 536
f 508 537 536
f 508 509 537
f 509 538 537
f 509 510 538
f 510 539 538
f 510 511 539
f 511 540 539
f 511 512 540
f 512 541 540
f 512 513 541
f 513 542 541
f 513 514 542
f 514 543 542
f 514 515 543
f 515 544 543
f 515 516 544
f 516 545 544
f 516 517 545
f 517 546 545
f 517 518 546
f 518 547 546
f 518 519 547
f 519 548 547
f 519 520 548
f 520 549 548
f 520 521 549
f 521 550 549
f 521 522 550
f 522 551 550
f 522 523 551
f 523 552 551
f 523 524 552
f 524 553 552
f 524 525 553
f 525 554 553
f 525 526 554
f 526 555 554
f 526 527 555
f 527 556 555
f 527 528 556
f 528 557 556
f 528 529 557
f 529 558 557
f 529 530 558
f 530 559 558
f 530 531 559
f 531 560 559
f 531 532 560
f 532 533 560
f 532 505 533
f 533 562 561
f 533 534 562
f 534 563 562
f 534 535 563
f 535 564 563
f 535 536 564
f 536 565 564
f 536 537 565
f 537 566 565
f 537 538 566
f 538 567 566
f 538 539 567
f 539 568 567
f 539 540 568
f 540 569 568
f 540 541 569
f 541 570 569
f 541 542 570
f 542 571 570
f 542 543 571
f 543 572 571
f 543 544 572
f 544 573 572
f 544 545 573
f 545 574 573
f 545 546 574
f 546 575 574
f 546 547 575
f 547 576 575
f 547 548 576
f 548 577 576
f 548 549 577
f 549 578 577
f 549 550 578
f 550 579 578
f 550 551 579
f 551 580 579
f 551 552 580
f 552 581 580
f 552 553 581
f 553 582 581
f 553 554 582
f 554 583 582
f 554 555 583
f 555 584 583
f 555 556 584
f 556 585 584
f 556 557 585
f 557 586 585
f 557 558 586
f 558 587 586
f 558 559 587
f 559 588 587
f 559 560 588
f 560 561 588
f 560 533 561
f 561 590 589
f 561 562 590
f 562 591 590
f 562 563 591
f 563 592 591
f 563 564 592
f 564 593 592
f 564 565 593
f 565 594 593
f 565 566 594
f 566 595 594
f 566 567 595
f 567 596 595
f 567 568 596
f 568 597 596
f 568 569 597
f 569 598 597
f 569 570 598
f 570 599 598
f 570 571 599
f 571 600 599
f 571 572 600
f 572 601 600
f 572 573 601
f 573 602 601
f 573 574 602
f 574 603 602
f 574 575 603
f 575 604 603
f 575 576 604
f 576 605 604
f 576 577 605
f 577 606 605
f 577 578 606
f 578 607 606
f 578 579 607
f 579 608 607
f 579 580 608
f 580 609 608
f 580 581 609
f 581 610 609
f 581 582 610
f 582 611 610
f 582 583 611
f 583 612 611
f 583 584 612
f 584 613 612
f 584 585 613
f 585 614 613
f 585 586 614
f 586 615 614
f 586 587 615
f 587 616 615
f 587 588 616
f 588 589 616
f 588 561 589
f 589 618 617
f 589 590 618
f 590 619 618
f 590 591 619
f 591 620 619
f 591 592 620
f 592 621 620
f 592 593 621
f 593 622 621
f 593 594 622
f 594 623 622
f 594 595 623
f 595 624 623
f 595 596 624
f 596 625 624
f 596 597 625
f 597 626 625
f 597 598 626
f 598 627 626
f 598 599 627
f 599 628 627
f 599 600 628
f 600 629 628
f 600 601 629
f 601 630 629
f 601 602 630
f 602 631 630
f 602 603 631
f 603 632 631
f 603 604 632
f 604 633 632
f 604 605 633
f 605 634 633
f 605 606 634
f 606 635 634
f 606 607 635
f 607 636 635
f 607 608 636
f 608 637 636
f 608 609 637
f 609 638 637
f 609 610 638
f 610 639 638
f 610 611 639
f 611 640 639
f 611 612 640
f 612 641 640
f 612 613 641
f 613 642 641
f 613 614 642
f 614 643 642
f 614 615 643
f 615 644 643
f 615 616 644
f 616 617 644
f 616 589 617
f 617 646 645
f 617 618 646
f 618 647 646
f 618 619 647
f 619 648 647
f 619 620 648
f 620 649 648
f 620 621 649
f 621 650 649
f 621 622 650
f 622 651 650
f 622 623 651
f 623 652 651
f 623 624 652
f 624 653 652
f 624 625 653
f 625 654 653
f 625 626 654
f 626 655 654
f 626 627 655
f 627 656 655
f 627 628 656
f 628 657 656
f 628 629 657
f 629 658 657
f 629 630 658
f 630 659 658
f 630 631 659
f 631 660 659
f 631 632 660
f 632 661 660
f 632 633 661
f 633 662 661
f 633 634 662
f 634 663 662
f 634 635 663
f 635 664 663
f 635 636 664
f 636 665 664
f 636 637 665
f 637 666 665
f 637 638 666
f 638 667 666
f 638 639 667
f 639 668 667
f 639 640 668
f 640 669 668
f 640 641 669
f 641 670 669
f 641 642 670
f 642 671 670
f 642 643 671
f 643 672 671
f 643 644 672
f 644 645 672
f 644 617 645
f 645 674 673
f 645 646 674
f 646 675 674
f 646 647 675
f 647 676 675
f 647 648 676
f 648 677 676
f 648 649 677
f 649 678 677
f 649 650 678
f 650 679 678
f 650 651 679
f 651 680 679
f 651 652 680
f 652 681 680
f 652 653 681
f 653 682 681
f 653 654 682
f 654 683 682
f 654 655 683
f 655 684 683
f 655 656 684
f 656 685 684
f 656 657 685
f 657 686 685
f 657 658 686
f 658 687 686
f 658 659 687
f 659 688 687
f 659 660 688
f 660 689 688
f 660 661 689
f 661 690 689
f 661 662 690
f 662 691 690
f 662 663 691
f 663 692 691
f 663 664 692
f 664 693 692
f 664 665 693
f 665 694 693
f 665 666 694
f 666 695 694
f 666 667 695
f 667 696 695
f 667 668 696
f 668 697 696
f 668 669 697
f 669 698 697
f 669 670 698
f 670 699 698
f 670 671 699
f 671 700 699
f 671 672 700
f 672 673 700
f 672 645 673
f 673 702 701
f 673 674 702
f 674 703 702
f 674 675 703
f 675 704 703
f 675 676 704
f 676 705 704
f 676 677 705
f 677 706 705
f 677 678 706
f 678 707 706
f 678 679 707
f 679 708 707
f 679 680 708
f 680 709 708
f 680 681 709
f 681 710 709
f 681 682 710
f 682 711 710
f 682 683 711
f 683 712 711
f 683 684 712
f 684 713 712
f 684 685 713
f 685 714 713
f 685 686 714
f 686 715 714
f 686 687 715
f 687 716 715
f 687 688 716
f 688 717 716
f 688 689 717
f 689 718 717
f 689 690 718
f 690 719 718
f 690 691 719
f 691 720 719
f 691 692 720
f 692 721 720
f 692 693 721
f 693 722 721
f 693 694 722
f 694 723 722
f 694 695 723
f 695 724 723
f 695 696 724
f 696 725 724
f 696 697 725
f 697 726 725
f 697 698 726
f 698 727 726
f 698 699 727
f 699 728 727
f 699 700 728
f 700 701 728
f 700 673 701
f 701 730 729
f 701 702 730
f 702 731 730
f 702 703 731
f 703 732 731
f 703 704 732
f 704 733 732
f 704 705 733
f 705 734 733
f 705 706 734
f 706 735 734
f 706 707 735
f 707 736 735
f 707 708 736
f 708 737 736
f 708 709 737
f 709 738 737
f 709 710 738
f 710 739 738
f 710 711 739
f 711 740 739
f 711 712 740
f 712 741 740
f 712 713 741
f 713 742 741
f 713 714 742
f 714 743 742
f 714 715 743
f 715 744 743
f 715 716 744
f 716 745 744
f 716 717 745
f 717 746 745
f 717 718 746
f 718 747 746
f 718 719 747
f 719 748 747
f 719 720 748
f 720 749 748
f 720 721 749
f 721 750 749
f 721 722 750
f 722 751 750
f 722 723 751
f 723 752 751
f 723 724 752
f 724 753 752
f 724 725 753
f 725 754 753
f 725 726 754
f 726 755 754
f 726 727 755
f 727 756 755
f 727 728 756
f 728 729 756
f 728 701 729
f 729 758 757
f 729 730 758
f 730 759 758
f 730 731 759
f 731 760 759
f 731 732 760
f 732 761 760
f 732 733 761
f 733 762 761
f 733 734 762
f 734 763 762
f 734 735 763
f 735 764 763
f 735 736 764
f 736 765 764
f 736 737 765
f 737 766 765
f 737 738 766
f 738 767 766
f 738 739 767
f 739 768 767
f 739 740 768
f 740 769 768
f 740 741 769
f 741 770 769
f 741 742 770
f 742 771 770
f 742 743 771
f 743 772 771
f 743 744 772
f 744 773 772
f 744 745 773
f 745 774 773
f 745 746 774
f 746 775 774
f 746 747 775
f 747 776 775
f 747 748 776
f 748 777 776
f 748 749 777
f 749 778 777
f 749 750 778
f 750 779 778
f 750 751 779
f 751 780 779
f 751 752 780
f 752 781 780
f 752 753 781
f 753 782 781
f 753 754 782
f 754 783 782
f 754 755 783
f 755 784 783
f 755 756 784
f 756 757 784
f 756 729 757
f 757 786 785
f 757 758 786
f 758 787 786
f 758 759 787
f 759 788 787
f 759 760 788
f 760 789 788
f 760 761 789
f 761 790 789
f 761 762 790
f 762 791 790
f 762 763 791
f 763 792 791
f 763 764 792
f 764 793 792
f 764 765 793
f 765 794 793
f 765 766 794
f 766 795 794
f 766 767 795
f 767 796 795
f 767 768 796
f 768 797 796
f 768 769 797
f 769 798 797
f 769 770 798
f 770 799 798
f 770 771 799
f 771 800 799
f 771 772 800
f 772 801 800
f 772 773 801
f 773 802 801
f 773 774 802
f 774 803 802
f 774 775 803
f 775 804 803
f 775 776 804
f 776 805 804
f 776 777 805
f 777 806 805
f 777 778 806
f 778 807 806
f 778 779 807
f 779 808 807
f 779 780 808
f 780 809 808
f 780 781 809
f 781 810 809
f 781 782 810
f 782 811 810
f 782 783 811
f 783 812 811
f 783 784 812
f 784 785 812
f 784 757 785
f 785 814 813
f 785 786 814
f 786 815 814
f 786 787 815
f 787 816 815
f 787 788 816
f 788 817 816
f 788 789 817
f 789 818 817
f 789 790 818
f 790 819 818
f 790 791 819
f 791 820 819
f 791 792 820
f 792 821 820
f 792 793 821
f 793 822 821
f 793 794 822
f 794 823 822
f 794 795 823
f 795 824 823
f 795 796 824
f 796 825 824
f 796 797 825
f 797 826 825
f 797 798 826
f 798 827 826
f 798 799 827
f 799 828 827
f 799 800 828
f 800 829 828
f 800 801 829
f 801 830 829
f 801 802 830
f 802 831 830
f 802 803 831
f 803 832 831
f 803 804 832
f 804 833 832
f 804 805 833
f 805 834 833
f 805 806 834
f 806 835 834
f 806 807 835
f 807 836 835
f 807 808 836
f 808 837 836
f 808 809 837
f 809 838 837
f 809 810 838
f 810 839 838
f 810 811 839
f 811 840 839
f 811 812 840
f 812 813 840
f 812 785 813
f 813 842 841
f 813 814 842
f 814 843 842
f 814 815 843
f 815 844 843
f 815 816 844
f 816 845 844
f 816 817 845
f 817 846 845
f 817 818 846
f 818 847 846
f 818 819 847
f 819 848 847
f 819 820 848
f 820 849 848
f 820 821 849
f 821 850 849
f 821 822 850
f 822 851 850
f 822 823 851
f 823 852 851
f 823 824 852
f 824 853 852
f 824 825 853
f 825 854 853
f 825 826 854
f 826 855 854
f 826 827 855
f 827 856 855
f 827 828 856
f 828 857 856
f 828 829 857
f 829 858 857
f 829 830 858
f 830 859 858
f 830 831 859
f 831 860 859
f 831 832 860
f 832 861 860
f 832 833 861
f 833 862 861
f 833 834 862
f 834 863 862
f 834 835 863
f 835 864 863
f 835 836 864
f 836 865 864
f 836 837 865
f 837 866 865
f 837 838 866
f 838 867 866
f 838 839 867
f 839 868 867
f 839 840 868
f 840 841 868
f 840 813 841
f 841 870 869
f 841 842 870
f 842 871 870
f 842 843 871
f 843 872 871
f 843 844 872
f 844 873 872
f 844 845 873
f 845 874 873
f 845 846 874
f 846 875 874
f 846 847 875
f 847 876 875
f 847 848 876
f 848 877 876
f 848 849 877
f 849 878 877
f 849 850 878
f 850 879 878
f 850 851 879
f 851 880 879
f 851 852 880
f 852 881 880
f 852 853 881
f 853 882 881
f 853 854 882
f 854 883 882
f 854 855 883
f 855 884 883
f 855 856 884
f 856 885 884
f 856 857 885
f 857 886 885
f 857 858 886
f 858 887 886
f 858 859 887
f 859 888 887
f 859 860 888
f 860 889 888
f 860 861 889
f 861 890 889
f 861 862 890
f 862 891 890
f 862 863 891
f 863 892 891
f 863 864 892
f 864 893 892
f 864 865 893
f 865 894 893
f 865 866 894
f 866 895 894
f 866 867 895
f 867 896 895
f 867 868 896
f 868 869 896
f 868 841 869
f 869 898 897
f 869 870 898
f 870 899 898
f 870 871 899
f 871 900 899
f 871 872 900
f 872 901 900
f 872 873 901
f 873 902 901
f 873 874 902
f 874 903 902
f 874 875 903
f 875 904 903
f 875 876 904
f 876 905 904
f 876 877 905
f 877 906 905
f 877 878 906
f 878 907 906
f 878 879 907
f 879 908 907
f 879 880 908
f 880 909 908
f 880 881 909
f 881 910 909
f 881 882 910
f 882 911 910
f 882 883 911
f 883 912 911
f 883 884 912
f 884 913 912
f 884 885 913
f 885 914 913
f 885 886 914
f 886 915 914
f 886 887 915
f 887 916 915
f 887 888 916
f 888 917 916
f 888 889 917
f 889 918 917
f 889 890 918
f 890 919 918
f 890 891 919
f 891 920 919
f 891 892 920
f 892 921 920
f 892 893 921
f 893 922 921
f 893 894 922
f 894 923 922
f 894 895 923
f 895 924 923
f 895 896 924
f 896 897 924
f 896 869 897
f 897 926 925
f 897 898 926
f 898 927 926
f 898 899 927
f 899 928 927
f 899 900 928
f 900 929 928
f 900 901 929
f 901 930 929
f 901 902 930
f 902 931 930
f 902 903 931
f 903 932 931
f 903 904 932
f 904 933 932
f 904 905 933
f 905 934 933
f 905 906 934
f 906 935 934
f 906 907 935
f 907 936 935
f 907 908 936
f 908 937 936
f 908 909 937
f 909 938 937
f 909 910 938
f 910 939 938
f 910 911 939
f 911 940 939
f 911 912 940
f 912 941 940
f 912 913 941
f 913 942 941
f 913 914 942
f 914 943 942
f 914 915 943
f 915 944 943
f 915 916 944
f 916 945 944
f 916 917 945
f 917 946 945
f 917 918 946
f 918 947 946
f 918 919 947
f 919 948 947
f 919 920 948
f 920 949 948
f 920 921 949
f 921 950 949
f 921 922 950
f 922 951 950
f 922 923 951
f 923 952 951
f 923 924 952
f 924 925 952
f 924 897 925
f 925 954 953
f 925 926 954
f 926 955 954
f 926 927 955
f 927 956 955
f 927 928 956
f 928 957 956
f 928 929 957
f 929 958 957
f 929 930 958
f 930 959 958
f 930 931 959
f 931 960 959
f 931 932 960
f 932 961 960
f 932 933 961
f 933 962 961
f 933 934 962
f 934 963 962
f 934 935 963
f 935 964 963
f 935 936 964
f 936 965 964
f 936 937 965
f 937 966 965
f 937 938 966
f 938 967 966
f 938 939 967
f 939 968 967
f 939 940 968
f 940 969 968
f 940 941 969
f 941 970 969
f 941 942 970
f 942 971 970
f 942 943 971
f 943 972 971
f 943 944 972
f 944 973 972
f 944 945 973
f 945 974 973
f 945 946 974
f 946 975 974
f 946 947 975
f 947 976 975
f 947 948 976
f 948 977 976
f 948 949 977
f 949 978 977
f 949 950 978
f 950 979 978
f 950 951 979
f 951 980 979
f 951 952 980
f 952 953 980
f 952 925 953
f 953 982 981
f 953 954 982
f 954 983 982
f 954 955 983
f 955 984 983
f 955 956 984
f 956 985 984
f 956 957 985
f 957 986 985
f 957 958 986
f 958 987 986
f 958 959 987
f 959 988 987
f 959 960 988
f 960 989 988
f 960 961 989
f 961 990 989
f 961 962 990
f 962 991 990
f 962 963 991
f 963 992 991
f 963 964 992
f 964 993 992
f 964 965 993
f 965 994 993
f 965 966 994
f 966 995 994
f 966 967 995
f 967 996 995
f 967 968 996
f 968 997 996
f 968 969 997
f 969 998 997
f 969 970 998
f 970 999 998
f 970 971 999
f 971 1000 999
f 971 972 1000
f 972 1001 1000
f 972 973 1001
f 973 1002 1001
f 973 974 1002
f 974 1003 1002
f 974 975 1003
f 975 1004 1003
f 975 976 1004
f 976 1005 1004
f 976 977 1005
f 977 1006 1005
f 977 978 1006
f 978 1007 1006
f 978 979 1007
f 979 1008 1007
f 979 980 1008
f 980 981 1008
f 980 953 981
f 981 1010 1009
f 981 982 1010
f 982 1011 1010
f 982 983 1011
f 983 1012 1011
f 983 984 1012
f 984 1013 1012
f 984 985 1013
f 985 1014 1013
f 985 986 1014
f 986 1015 1014
f 986 987 1015
f 987 1016 1015
f 987 988 1016
f 988 1017 1016
f 988 989 1017
f 989 1018 1017
f 989 990 1018
f 990 1019 1018
f 990 991 1019
f 991 1020 1019
f 991 992 1020
f 992 1021 1020
f 992 993 1021
f 993 1022 1021
f 993 994 1022
f 994 1023 1022
f 994 995 1023
f 995 1024 1023
f 995 996 1024
f 996 1025 1024
f 996 997 1025
f 997 1026 1025
f 997 998 1026
f 998 1027 1026
f 998 999 1027
f 999 1028 1027
f 999 1000 1028
f 1000 1029 1028
f 1000 1001 1029
f 1001 1030 1029
f 1001 1002 1030
f 1002 1031 1030
f 1002 1003 1031
f 1003 1032 1031
f 1003 1004 1032
f 1004 1033 1032
f 1004 1005 1033
f 1005 1034 1033
f 1005 1006 1034
f 1006 1035 1034
f 1006 1007 1035
f 1007 1036 1035
f 1007 1008 1036
f 1008 1009 1036
f 1008 981 1009
f 1009 1038 1037
f 1009 1010 1038
f 1010 1039 1038
f 1010 1011 1039
f 1011 1040 1039
f 1011 1012 1040
f 1012 1041 1040
f 1012 1013 1041
f 1013 1042 1041
f 1013 1014 1042
f 1014 1043 1042
f 1014 1015 1043
f 1015 1044 1043
f 1015 1016 1044
f 1016 1045 1044
f 1016 1017 1045
f 1017 1046 1045
f 1017 1018 1046
f 1018 1047 1046
f 1018 1019 1047
f 1019 1048 1047
f 1019 1020 1048
f 1020 1049 1048
f 1020 1021 1049
f 1021 1050 1049
f 1021 1022 1050
f 1022 1051 1050
f 1022 1023 1051
f 1023 1052 1051
f 1023 1024 1052
f 1024 1053 1052
f 1024 1025 1053
f 1025 1054 1053
f 1025 1026 1054
f 1026 1055 1054
f 1026 1027 1055
f 1027 1056 1055
f 1027 1028 1056
f 1028 1057 1056
f 1028 1029 1057
f 1029 1058 1057
f 1029 1030 1058
f 1030 1059 1058
f 1030 1031 1059
f 1031 1060 1059
f 1031 1032 1060
f 1032 1061 1060
f 1032 1033 1061
f 1033 1062 1061
f 1033 1034 1062
f 1034 1063 1062
f 1034 1035 1063
f 1035 1064 1063
f 1035 1036 1064
f 1036 1037 1064
f 1036 1009 1037
f 1037 1066 1065
f 1037 1038 1066
f 1038 1067 1066
f 1038 1039 1067
f 1039 1068 1067
f 1039 1040 1068
f 1040 1069 1068
f 1040 1041 1069
f 1041 1070 1069
f 1041 1042 1070
f 1042 1071 1070
f 1042 1043 1071
f 1043 1072 1071
f 1043 1044 1072
f 1044 1073 1072
f 1044 1045 1073
f 1045 1074 1073
f 1045 1046 1074
f 1046 1075 1074
f 1046 1047 1075
f 1047 1076 1075
f 1047 1048 1076
f 1048 1077 1076
f 1048 1049 1077
f 1049 1078 1077
f 1049 1050 1078
f 1050 1079 1078
f 1050 1051 1079
f 1051 1080 1079
f 1051 1052 1080
f 1052 1081 1080
f 1052 1053 1081
f 1053 1082 1081
f 1053 1054 1082
f 1054 1083 1082
f 1054 1055 1083
f 1055 1084 1083
f 1055 1056 1084
f 1056 1085 1084
f 1056 1057 1085
f 1057 1086 1085
f 1057 1058 1086
f 1058 1087 1086
f 1058 1059 1087
f 1059 1088 1087
f 1059 1060 1088
f 1060 1089 1088
f 1060 1061 1089
f 1061 1090 1089
f 1061 1062 1090
f 1062 1091 1090
f 1062 1063 1091
f 1063 1092 1091
f 1063 1064 1092
f 1064 1065 1092
f 1064 1037 1065
f 1065 1094 1093
f 1065 1066 1094
f 1066 1095 1094
f 1066 1067 1095
f 1067 1096 1095
f 1067 1068 1096
f 1068 1097 1096
f 1068 1069 1097
f 1069 1098 1097
f 1069 1070 1098
f 1070 1099 1098
f 1070 1071 1099
f 1071 1100 1099
f 1071 1072 1100
f 1072 1101 1100
f 1072 1073 1101
f 1073 1102 1101
f 1073 1074 1102
f 1074 1103 1102
f 1074 1075 1103
f 1075 1104 1103
f 1075 1076 1104
f 1076 1105 1104
f 1076 1077 1105
f 1077 1106 1105
f 1077 1078 1106
f 1078 1107 1106
f 1078 1079 1107
f 1079 1108 1107
f 1079 1080 1108
f 1080 1109 1108
f 1080 1081 1109
f 1081 1110 1109
f 1081 1082 1110
f 1082 1111 1110
f 1082 1083 1111
f 1083 1112 1111
f 1083 1084 1112
f 1084 1113 1112
f 1084 1085 1113
f 1085 1114 1113
f 1085 1086 1114
f 1086 1115 1114
f 1086 1087 1115
f 1087 1116 1115
f 1087 1088 1116
f 1088 1117 1116
f 1088 1089 1117
f 1089 1118 1117
f 1089 1090 1118
f 1090 1119 1118
f 1090 1091 1119
f 1091 1120 1119
f 1091 1092 1120
f 1092 1093 1120
f 1092 1065 1093
f 1093 1122 1121
f 1093 1094 1122
f 1094 1123 1122
f 1094 1095 1123
f 1095 1124 1123
f 1095 1096 1124
f 1096 1125 1124
f 1096 1097 1125
f 1097 1126 1125
f 1097 1098 1126
f 1098 1127 1126
f 1098 1099 1127
f 1099 1128 1127
f 1099 1100 1128
f 1100 1129 1128
f 1100 1101 1129
f 1101 1130 1129
f 1101 1102 1130
f 1102 1131 1130
f 1102 1103 1131
f 1103 1132 1131
f 1103 1104 1132
f 1104 1133 1132
f 1104 1105 1133
f 1105 1134 1133
f 1105 1106 1134
f 1106 1135 1134
f 1106 1107 1135
f 1107 1136 1135
f 1107 1108 1136
f 1108 1137 1136
f 1108 1109 1137
f 1109 1138 1137
f 1109 1110 1138
f 1110 1139 1138
f 1110 1111 1139
f 1111 1140 1139
f 1111 1112 1140
f 1112 1141 1140
f 1112 1113 1141
f 1113 1142 1141
f 1113 1114 1142
f 1114 1143 1142
f 1114 1115 1143
f 1115 1144 1143
f 1115 1116 1144
f 1116 1145 1144
f 1116 1117 1145
f 1117 1146 1145
f 1117 1118 1146
f 1118 1147 1146
f 1118 1119 1147
f 1119 1148 1147
f 1119 1120 1148
f 1120 1121 1148
f 1120 1093 1121
f 1121 1150 1149
f 1121 1122 1150
f 1122 1151 1150
f 1122 1123 1151
f 1123 1152 1151
f 1123 1124 1152
f 1124 1153 1152
f 1124 1125 1153
f 1125 1154 1153
f 1125 1126 1154
f 1126 1155 1154
f 1126 1127 1155
f 1127 1156 1155
f 1127 1128 1156
f 1128 1157 1156
f 1128 1129 1157
f 1129 1158 1157
f 1129 1130 1158
f 1130 1159 1158
f 1130 1131 1159
f 1131 1160 1159
f 1131 1132 1160
f 1132 1161 1160
f 1132 1133 1161
f 1133 1162 1161
f 1133 1134 1162
f 1134 1163 1162
f 1134 1135 1163
f 1135 1164 1163
f 1135 1136 1164
f 1136 1165 1164
f 1136 1137 1165
f 1137 1166 1165
f 1137 1138 1166
f 1138 1167 1166
f 1138 1139 1167
f 1139 1168 1167
f 1139 1140 1168
f 1140 1169 1168
f 1140 1141 1169
f 1141 1170 1169
f 1141 1142 1170
f 1142 1171 1170
f 1142 1143 1171
f 1143 1172 1171
f 1143 1144 1172
f 1144 1173 1172
f 1144 1145 1173
f 1145 1174 1173
f 1145 1146 1174
f 1146 1175 1174
f 1146 1147 1175
f 1147 1176 1175
f 1147 1148 1176
f 1148 1149 1176
f 1148 1121 1149
f 1149 1178 1177
f 1149 1150 1178
f 1150 1179 1178
f 1150 1151 1179
f 1151 1180 1179
f 1151 1152 1180
f 1152 1181 1180
f 1152 1153 1181
f 1153 1182 1181
f 1153 1154 1182
f 1154 1183 1182
f 1154 1155 1183
f 1155 1184 1183
f 1155 1156 1184
f 1156 1185 1184
f 1156 1157 1185
f 1157 1186 1185
f 1157 1158 1186
f 1158 1187 1186
f 1158 1159 1187
f 1159 1188 1187
f 1159 1160 1188
f 1160 1189 1188
f 1160 1161 1189
f 1161 1190 1189
f 1161 1162 1190
f 1162 1191 1190
f 1162 1163 1191
f 1163 1192 1191
f 1163 1164 1192
f 1164 1193 1192
f 1164 1165 1193
f 1165 1194 1193
f 1165 1166 1194
f 1166 1195 1194
f 1166 1167 1195
f 1167 1196 1195
f 1167 1168 1196
f 1168 1197 1196
f 1168 1169 1197
f 1169 1198 1197
f 1169 1170 1198
f 1170 1199 1198
f 1170 1171 1199
f 1171 1200 1199
f 1171 1172 1200
f 1172 1201 1200
f 1172 1173 1201
f 1173 1202 1201
f 1173 1174 1202
f 1174 1203 1202
f 1174 1175 1203
f 1175 1204 1203
f 1175 1176 1204
f 1176 1177 1204
f 1176 1149 1177
f 1177 1206 1205
f 1177 1178 1206
f 1178 1207 1206
f 1178 1179 1207
f 1179 1208 1207
f 1179 1180 1208
f 1180 1209 1208
f 1180 1181 1209
f 1181 1210 1209
f 1181 1182 1210
f 1182 1211 1210
f 1182 1183 1211
f 1183 1212 1211
f 1183 1184 1212
f 1184 1213 1212
f 1184 1185 1213
f 1185 1214 1213
f 1185 1186 1214
f 1186 1215 1214
f 1186 1187 1215
f 1187 1216 1215
f 1187 1188 1216
f 1188 1217 1216
f 1188 1189 1217
f 1189 1218 1217
f 1189 1190 1218
f 1190 1219 1218
f 1190 1191 1219
f 1191 1220 1219
f 1191 1192 1220
f 1192 1221 1220
f 1192 1193 1221
f 1193 1222 1221
f 1193 1194 1222
f 1194 1223 1222
f 1194 1195 1223
f 1195 1224 1223
f 1195 1196 1224
f 1196 1225 1224
f 1196 1197 1225
f 1197 1226 1225
f 1197 1198 1226
f 1198 1227 1226
f 1198 1199 1227
f 1199 1228 1227
f 1199 1200 1228
f 1200 1229 1228
f 1200 1201 1229
f 1201 1230 1229
f 1201 1202 1230
f 1202 1231 1230
f 1202 1203 1231
f 1203 1232 1231
f 1203 1204 1232
f 1204 1205 1232
f 1204 1177 1205
f 1205 1234 1233
f 1205 1206 1234
f 1206 1235 1234
f 1206 1207 1235
f 1207 1236 1235
f 1207 1208 1236
f 1208 1237 1236
f 1208 1209 1237
f 1209 1238 1237
f 1209 1210 1238
f 1210 1239 1238
f 1210 1211 1239
f 1211 1240 1239
f 1211 1212 1240
f 1212 1241 1240
f 1212 1213 1241
f 1213 1242 1241
f 1213 1214 1242
f 1214 1243 1242
f 1214 1215 1243
f 1215 1244 1243
f 1215 1216 1244
f 1216 1245 1244
f 1216 1217 1245
f 1217 1246 1245
f 1217 1218 1246
f 1218 1247 1246
f 1218 1219 1247
f 1219 1248 1247
f 1219 1220 1248
f 1220 1249 1248
f 1220 1221 1249
f 1221 1250 1249
f 1221 1222 1250
f 1222 1251 1250
f 1222 1223 1251
f 1223 1252 1251
f 1223 1224 1252
f 1224 1253 1252
f 1224 1225 1253
f 1225 1254 1253
f 1225 1226 1254
f 1226 1255 1254
f 1226 1227 1255
f 1227 1256 1255
f 1227 1228 1256
f 1228 1257 1256
f 1228 1229 1257
f 1229 1258 1257
f 1229 1230 1258
f 1230 1259 1258
f 1230 1231 1259
f 1231 1260 1259
f 1231 1232 1260
f 1232 1233 1260
f 1232 1205 1233
f 1233 1262 1261
f 1233 1234 1262
f 1234 1263 1262
f 1234 1235 1263
f 1235 1264 1263
f 1235 1236 1264
f 1236 1265 1264
f 1236 1237 1265
f 1237 1266 1265
f 1237 1238 1266
f 1238 1267 1266
f 1238 1239 1267
f 1239 1268 1267
f 1239 1240 1268
f 1240 1269 1268
f 1240 1241 1269
f 1241 1270 1269
f 1241 1242 1270
f 1242 1271 1270
f 1242 1243 1271
f 1243 1272 1271
f 1243 1244 1272
f 1244 1273 1272
f 1244 1245 1273
f 1245 1274 1273
f 1245 1246 1274
f 1246 1275 1274
f 1246 1247 1275
f 1247 1276 1275
f 1247 1248 1276
f 1248 1277 1276
f 1248 1249 1277
f 1249 1278 1277
f 1249 1250 1278
f 1250 1279 1278
f 1250 1251 1279
f 1251 1280 1279
f 1251 1252 1280
f 1252 1281 1280
f 1252 1253 1281
f 1253 1282 1281
f 1253 1254 1282
f 1254 1283 1282
f 1254 1255 1283
f 1255 1284 1283
f 1255 1256 1284
f 1256 1285 1284
f 1256 1257 1285
f 1257 1286 1285
f 1257 1258 1286
f 1258 1287 1286
f 1258 1259 1287
f 1259 1288 1287
f 1259 1260 1288
f 1260 1261 1288
f 1260 1233 1261
f 1261 1290 1289
f 1261 1262 1290
f 1262 1291 1290
f 1262 1263 1291
f 1263 1292 1291
f 1263 1264 1292
f 1264 1293 1292
f 1264 1265 1293
f 1265 1294 1293
f 1265 1266 1294
f 1266 1295 1294
f 1266 1267 1295
f 1267 1296 1295
f 1267 1268 1296
f 1268 1297 1296
f 1268 1269 1297
f 1269 1298 1297
f 1269 1270 1298
f 1270 1299 1298
f 1270 1271 1299
f 1271 1300 1299
f 1271 1272 1300
f 1272 1301 1300
f 1272 1273 1301
f 1273 1302 1301
f 1273 1274 1302
f 1274 1303 1302
f 1274 1275 1303
f 1275 1304 1303
f 1275 1276 1304
f 1276 1305 1304
f 1276 1277 1305
f 1277 1306 1305
f 1277 1278 1306
f 1278 1307 1306
f 1278 1279 1307
f 1279 1308 1307
f 1279 1280 1308
f 1280 1309 1308
f 1280 1281 1309
f 1281 1310 1309
f 1281 1282 1310
f 1282 1311 1310
f 1282 1283 1311
f 1283 1312 1311
f 1283 1284 1312
f 1284 1313 1312
f 1284 1285 1313
f 1285 1314 1313
f 1285 1286 1314
f 1286 1315 1314
f 1286 1287 1315
f 1287 1316 1315
f 1287 1288 1316
f 1288 1289 1316
f 1288 1261 1289
f 1289 1318 1317
f 1289 1290 1318
f 1290 1319 1318
f 1290 1291 1319
f 1291 1320 1319
f 1291 1292 1320
f 1292 1321 1320
f 1292 1293 1321
f 1293 1322 1321
f 1293 1294 1322
f 1294 1323 1322
f 1294 1295 1323
f 1295 1324 1323
f 1295 1296 1324
f 1296 1325 1324
f 1296 1297 1325
f 1297 1326 1325
f 1297 1298 1326
f 1298 1327 1326
f 1298 1299 1327
f 1299 1328 1327
f 1299 1300 1328
f 1300 1329 1328
f 1300 1301 1329
f 1301 1330 1329
f 1301 1302 1330
f 1302 1331 1330
f 1302 1303 1331
f 1303 1332 1331
f 1303 1304 1332
f 1304 1333 1332
f 1304 1305 1333
f 1305 1334 1333
f 1305 1306 1334
f 1306 1335 1334
f 1306 1307 1335
f 1307 1336 1335
f 1307 1308 1336
f 1308 1337 1336
f 1308 1309 1337
f 1309 1338 1337
f 1309 1310 1338
f 1310 1339 1338
f 1310 1311 1339
f 1311 1340 1339
f 1311 1312 1340
f 1312 1341 1340
f 1312 1313 1341
f 1313 1342 1341
f 1313 1314 1342
f 1314 1343 1342
f 1314 1315 1343
f 1315 1344 1343
f 1315 1316 1344
f 1316 1317 1344
f 1316 1289 1317
f 1317 1346 1345
f 1317 1318 1346
f 1318 1347 1346
f 1318 1319 1347
f 1319 1348 1347
f 1319 1320 1348
f 1320 1349 1348
f 1320 1321 1349
f 1321 1350 1349
f 1321 1322 1350
f 1322 1351 1350
f 1322 1323 1351
f 1323 1352 1351
f 1323 1324 1352
f 1324 1353 1352
f 1324 1325 1353
f 1325 1354 1353
f 1325 1326 1354
f 1326 1355 1354
f 1326 1327 1355
f 1327 1356 1355
f 1327 1328 1356
f 1328 1357 1356
f 1328 1329 1357
f 1329 1358 1357
f 1329 1330 1358
f 1330 1359 1358
f 1330 1331 1359
f 1331 1360 1359
f 1331 1332 1360
f 1332 1361 1360
f 1332 1333 1361
f 1333 1362 1361
f 1333 1334 1362
f 1334 1363 1362
f 1334 1335 1363
f 1335 1364 1363
f 1335 1336 1364
f 1336 1365 1364
f 1336 1337 1365
f 1337 1366 1365
f 1337 1338 1366
f 1338 1367 1366
f 1338 1339 1367
f 1339 1368 1367
f 1339 1340 1368
f 1340 1369 1368
f 1340 1341 1369
f 1341 1370 1369
f 1341 1342 1370
f 1342 1371 1370
f 1342 1343 1371
f 1343 1372 1371
f 1343 1344 1372
f 1344 1345 1372
f 1344 1317 1345
f 1345 1374 1373
f 1345 1346 1374
f 1346 1375 1374
f 1346 1347 1375
f 1347 1376 1375
f 1347 1348 1376
f 1348 1377 1376
f 1348 1349 1377
f 1349 1378 1377
f 1349 1350 1378
f 1350 1379 1378
f 1350 1351 1379
f 1351 1380 1379
f 1351 1352 1380
f 1352 1381 1380
f 1352 1353 1381
f 1353 1382 1381
f 1353 1354 1382
f 1354 1383 1382
f 1354 1355 1383
f 1355 1384 1383
f 1355 1356 1384
f 1356 1385 1384
f 1356 1357 1385
f 1357 1386 1385
f 1357 1358 1386
f 1358 1387 1386
f 1358 1359 1387
f 1359 1388 1387
f 1359 1360 1388
f 1360 1389 1388
f 1360 1361 1389
f 1361 1390 1389
f 1361 1362 1390
f 1362 1391 1390
f 1362 1363 1391
f 1363 1392 1391
f 1363 1364 1392
f 1364 1393 1392
f 1364 1365 1393
f 1365 1394 1393
f 1365 1366 1394
f 1366 1395 1394
f 1366 1367 1395
f 1367 1396 1395
f 1367 1368 1396
f 1368 1397 1396
f 1368 1369 1397
f 1369 1398 1397
f 1369 1370 1398
f 1370 1399 1398
f 1370 1371 1399
f 1371 1400 1399
f 1371 1372 1400
f 1372 1373 1400
f 1372 1345 1373
f 1373 1402 1401
f 1373 1374 1402
f 1374 1403 1402
f 1374 1375 1403
f 1375 1404 1403
f 1375 1376 1404
f 1376 1405 1404
f 1376 1377 1405
f 1377 1406 1405
f 1377 1378 1406
f 1378 1407 1406
f 1378 1379 1407
f 1379 1408 1407
f 1379 1380 1408
f 1380 1409 1408
f 1380 1381 1409
f 1381 1410 1409
f 1381 1382 1410
f 1382 1411 1410
f 1382 1383 1411
f 1383 1412 1411
f 1383 1384 1412
f 1384 1413 1412
f 1384 1385 1413
f 1385 1414 1413
f 1385 1386 1414
f 1386 1415 1414
f 1386 1387 1415
f 1387 1416 1415
f 1387 1388 1416
f 1388 1417 1416
f 1388 1389 1417
f 1389 1418 1417
f 1389 1390 1418
f 1390 1419 1418
f 1390 1391 1419
f 1391 1420 1419
f 1391 1392 1420
f 1392 1421 1420
f 1392 1393 1421
f 1393 1422 1421
f 1393 1394 1422
f 1394 1423 1422
f 1394 1395 1423
f 1395 1424 1423
f 1395 1396 1424
f 1396 1425 1424
f 1396 1397 1425
f 1397 1426 1425
f 1397 1398 1426
f 1398 1427 1426
f 1398 1399 1427
f 1399 1428 1427
f 1399 1400 1428
f 1400 1401 1428
f 1400 1373 1401
f 1401 1430 1429
f 1401 1402 1430
f 1402 1431 1430
f 1402 1403 1431
f 1403 1432 1431
f 1403 1404 1432
f 1404 1433 1432
f 1404 1405 1433
f 1405 1434 1433
f 1405 1406 1434
f 1406 1435 1434
f 1406 1407 1435
f 1407 1436 1435
f 1407 1408 1436
f 1408 1437 1436
f 1408 1409 1437
f 1409 1438 1437
f 1409 1410 1438
f 1410 1439 1438
f 1410 1411 1439
f 1411 1440 1439
f 1411 1412 1440
f 1412 1441 1440
f 1412 1413 1441
f 1413 1442 1441
f 1413 1414 1442
f 1414 1443 1442
f 1414 1415 1443
f 1415 1444 1443
f 1415 1416 1444
f 1416 1445 1444
f 1416 1417 1445
f 1417 1446 1445
f 1417 1418 1446
f 1418 1447 1446
f 1418 1419 1447
f 1419 1448 1447
f 1419 1420 1448
f 1420 1449 1448
f 1420 1421 1449
f 1421 1450 1449
f 1421 1422 1450
f 1422 1451 1450
f 1422 1423 1451
f 1423 1452 1451
f 1423 1424 1452
f 1424 1453 1452
f 1424 1425 1453
f 1425 1454 1453
f 1425 1426 1454
f 1426 1455 1454
f 1426 1427 1455
f 1427 1456 1455
f 1427 1428 1456
f 1428 1429 1456
f 1428 1401 1429
f 1429 1458 1457
f 1429 1430 1458
f 1430 1459 1458
f 1430 1431 1459
f 1431 1460 1459
f 1431 1432 1460
f 1432 1461 1460
f 1432 1433 1461
f 1433 1462 1461
f 1433 1434 1462
f 1434 1463 1462
f 1434 1435 1463
f 1435 1464 1463
f 1435 1436 1464
f 1436 1465 1464
f 1436 1437 1465
f 1437 1466 1465
f 1437 1438 1466
f 1438 1467 1466
f 1438 1439 1467
f 1439 1468 1467
f 1439 1440 1468
f 1440 1469 1468
f 1440 1441 1469
f 1441 1470 1469
f 1441 1442 1470
f 1442 1471 1470
f 1442 1443 1471
f 1443 1472 1471
f 1443 1444 1472
f 1444 1473 1472
f 1444 1445 1473
f 1445 1474 1473
f 1445 1446 1474
f 1446 1475 1474
f 1446 1447 1475
f 1447 1476 1475
f 1447 1448 1476
f 1448 1477 1476
f 1448 1449 1477
f 1449 1478 1477
f 1449 1450 1478
f 1450 1479 1478
f 1450 1451 1479
f 1451 1480 1479
f 1451 1452 1480
f 1452 1481 1480
f 1452 1453 1481
f 1453 1482 1481
f 1453 1454 1482
f 1454 1483 1482
f 1454 1455 1483
f 1455 1484 1483
f 1455 1456 1484
f 1456 1457 1484
f 1456 1429 1457
f 1457 1486 1485
f 1457 1458 1486
f 1458 1487 1486
f 1458 1459 1487
f 1459 1488 1487
f 1459 1460 1488
f 1460 1489 1488
f 1460 1461 1489
f 1461 1490 1489
f 1461 1462 1490
f 1462 1491 1490
f 1462 1463 1491
f 1463 1492 1491
f 1463 1464 1492
f 1464 1493 1492
f 1464 1465 1493
f 1465 1494 1493
f 1465 1466 1494
f 1466 1495 1494
f 1466 1467 1495
f 1467 1496 1495
f 1467 1468 1496
f 1468 1497 1496
f 1468 1469 1497
f 1469 1498 1497
f 1469 1470 1498
f 1470 1499 1498
f 1470 1471 1499
f 1471 1500 1499
f 1471 1472 1500
f 1472 1501 1500
f 1472 1473 1501
f 1473 1502 1501
f 1473 1474 1502
f 1474 1503 1502
f 1474 1475 1503
f 1475 1504 1503
f 1475 1476 1504
f 1476 1505 1504
f 1476 1477 1505
f 1477 1506 1505
f 1477 1478 1506
f 1478 1507 1506
f 1478 1479 1507
f 1479 1508 1507
f 1479 1480 1508
f 1480 1509 1508
f 1480 1481 1509
f 1481 1510 1509
f 1481 1482 1510
f 1482 1511 1510
f 1482 1483 1511
f 1483 1512 1511
f 1483 1484 1512
f 1484 1485 1512
f 1484 1457 1485
f 1485 1514 1513
f 1485 1486 1514
f 1486 1515 1514
f 1486 1487 1515
f 1487 1516 1515
f 1487 1488 1516
f 1488 1517 1516
f 1488 1489 1517
f 1489 1518 1517
f 1489 1490 1518
f 1490 1519 1518
f 1490 1491 1519
f 1491 1520 1519
f 1491 1492 1520
f 1492 1521 1520
f 1492 1493 1521
f 1493 1522 1521
f 1493 1494 1522
f 1494 1523 1522
f 1494 1495 1523
f 1495 1524 1523
f 1495 1496 1524
f 1496 1525 1524
f 1496 1497 1525
f 1497 1526 1525
f 1497 1498 1526
f 1498 1527 1526
f 1498 1499 1527
f 1499 1528 1527
f 1499 1500 1528
f 1500 1529 1528
f 1500 1501 1529
f 1501 1530 1529
f 1501 1502 1530
f 1502 1531 1530
f 1502 1503 1531
f 1503 1532 1531
f 1503 1504 1532
f 1504 1533 1532
f 1504 1505 1533
f 1505 1534 1533
f 1505 1506 1534
f 1506 1535 1534
f 1506 1507 1535
f 1507 1536 1535
f 1507 1508 1536
f 1508 1537 1536
f 1508 1509 1537
f 1509 1538 1537
f 1509 1510 1538
f 1510 1539 1538
f 1510 1511 1539
f 1511 1540 1539
f 1511 1512 1540
f 1512 1513 1540
f 1512 1485 1513
f 1513 1542 1541
f 1513 1514 1542
f 1514 1543 1542
f 1514 1515 1543
f 1515 1544 1543
f 1515 1516 1544
f 1516 1545 1544
f 1516 1517 1545
f 1517 1546 1545
f 1517 1518 1546
f 1518 1547 1546
f 1518 1519 1547
f 1519 1548 1547
f 1519 1520 1548
f 1520 1549 1548
f 1520 1521 1549
f 1521 1550 1549
f 1521 1522 1550
f 1522 1551 1550
f 1522 1523 1551
f 1523 1552 1551
f 1523 1524 1552
f 1524 1553 1552
f 1524 1525 1553
f 1525 1554 1553
f 1525 1526 1554
f 1526 1555 1554
f 1526 1527 1555
f 1527 1556 1555
f 1527 1528 1556
f 1528 1557 1556
f 1528 1529 1557
f 1529 1558 1557
f 1529 1530 1558
f 1530 1559 1558
f 1530 1531 1559
f 1531 1560 1559
f 1531 1532 1560
f 1532 1561 1560
f 1532 1533 1561
f 1533 1562 1561
f 1533 1534 1562
f 1534 1563 1562
f 1534 1535 1563
f 1535 1564 1563
f 1535 1536 1564
f 1536 1565 1564
f 1536 1537 1565
f 1537 1566 1565
f 1537 1538 1566
f 1538 1567 1566
f 1538 1539 1567
f 1539 1568 1567
f 1539 1540 1568
f 1540 1541 1568
f 1540 1513 1541
f 1541 1570 1569
f 1541 1542 1570
f 1542 1571 1570
f 1542 1543 1571
f 1543 1572 1571
f 1543 1544 1572
f 1544 1573 1572
f 1544 1545 1573
f 1545 1574 1573
f 1545 1546 1574
f 1546 1575 1574
f 1546 1547 1575
f 1547 1576 1575
f 1547 1548 1576
f 1548 1577 1576
f 1548 1549 1577
f 1549 1578 1577
f 1549 1550 1578
f 1550 1579 1578
f 1550 1551 1579
f 1551 1580 1579
f 1551 1552 1580
f 1552 1581 1580
f 1552 1553 1581
f 1553 1582 1581
f 1553 1554 1582
f 1554 1583 1582
f 1554 1555 1583
f 1555 1584 1583
f 1555 1556 1584
f 1556 1585 1584
f 1556 1557 1585
f 1557 1586 1585
f 1557 1558 1586
f 1558 1587 1586
f 1558 1559 1587
f 1559 1588 1587
f 1559 1560 1588
f 1560 1589 1588
f 1560 1561 1589
f 1561 1590 1589
f 1561 1562 1590
f 1562 1591 1590
f 1562 1563 1591
f 1563 1592 1591
f 1563 1564 1592
f 1564 1593 1592
f 1564 1565 1593
f 1565 1594 1593
f 1565 1566 1594
f 1566 1595 1594
f 1566 1567 1595
f 1567 1596 1595
f 1567 1568 1596
f 1568 1569 1596
f 1568 1541 1569
f 1569 1598 1597
f 1569 1570 1598
f 1570 1599 1598
f 1570 1571 1599
f 1571 1600 1599
f 1571 1572 1600
f 1572 1601 1600
f 1572 1573 1601
f 1573 1602 1601
f 1573 1574 1602
f 1574 1603 1602
f 1574 1575 1603
f 1575 1604 1603
f 1575 1576 1604
f 1576 1605 1604
f 1576 1577 1605
f 1577 1606 1605
f 1577 1578 1606
f 1578 1607 1606
f 1578 1579 1607
f 1579 1608 1607
f 1579 1580 1608
f 1580 1609 1608
f 1580 1581 1609
f 1581 1610 1609
f 1581 1582 1610
f 1582 1611 1610
f 1582 1583 1611
f 1583 1612 1611
f 1583 1584 1612
f 1584 1613 1612
f 1584 1585 1613
f 1585 1614 1613
f 1585 1586 1614
f 1586 1615 1614
f 1586 1587 1615
f 1587 1616 1615
f 1587 1588 1616
f 1588 1617 1616
f 1588 1589 1617
f 1589 1618 1617
f 1589 1590 1618
f 1590 1619 1618
f 1590 1591 1619
f 1591 1620 1619
f 1591 1592 1620
f 1592 1621 1620
f 1592 1593 1621
f 1593 1622 1621
f 1593 1594 1622
f 1594 1623 1622
f 1594 1595 1623
f 1595 1624 1623
f 1595 1596 1624
f 1596 1597 1624
f 1596 1569 1597
f 1597 1626 1625
f 1597 1598 1626
f 1598 1627 1626
f 1598 1599 1627
f 1599 1628 1627
f 1599 1600 1628
f 1600 1629 1628
f 1600 1601 1629
f 1601 1630 1629
f 1601 1602 1630
f 1602 1631 1630
f 1602 1603 1631
f 1603 1632 1631
f 1603 1604 1632
f 1604 1633 1632
f 1604 1605 1633
f 1605 1634 1633
f 1605 1606 1634
f 1606 1635 1634
f 1606 1607 1635
f 1607 1636 1635
f 1607 1608 1636
f 1608 1637 1636
f 1608 1609 1637
f 1609 1638 1637
f 1609 1610 1638
f 1610 1639 1638
f 1610 1611 1639
f 1611 1640 1639
f 1611 1612 1640
f 1612 1641 1640
f 1612 1613 1641
f 1613 1642 1641
f 1613 1614 1642
f 1614 1643 1642
f 1614 1615 1643
f 1615 1644 1643
f 1615 1616 1644
f 1616 1645 1644
f 1616 1617 1645
f 1617 1646 1645
f 1617 1618 1646
f 1618 1647 1646
f 1618 1619 1647
f 1619 1648 1647
f 1619 1620 1648
f 1620 1649 1648
f 1620 1621 1649
f 1621 1650 1649
f 1621 1622 1650
f 1622 1651 1650
f 1622 1623 1651
f 1623 1652 1651
f 1623 1624 1652
f 1624 1625 1652
f 1624 1597 1625
f 1625 1654 1653
f 1625 1626 1654
f 1626 1655 1654
f 1626 1627 1655
f 1627 1656 1655
f 1627 1628 1656
f 1628 1657 1656
f 1628 1629 1657
f 1629 1658 1657
f 1629 1630 1658
f 1630 1659 1658
f 1630 1631 1659
f 1631 1660 1659
f 1631 1632 1660
f 1632 1661 1660
f 1632 1633 1661
f 1633 1662 1661
f 1633 1634 1662
f 1634 1663 1662
f 1634 1635 1663
f 1635 1664 1663
f 1635 1636 1664
f 1636 1665 1664
f 1636 1637 1665
f 1637 1666 1665
f 1637 1638 1666
f 1638 1667 1666
f 1638 1639 1667
f 1639 1668 1667
f 1639 1640 1668
f 1640 1669 1668
f 1640 1641 1669
f 1641 1670 1669
f 1641 1642 1670
f 1642 1671 1670
f 1642 1643 1671
f 1643 1672 1671
f 1643 1644 1672
f 1644 1673 1672
f 1644 1645 1673
f 1645 1674 1673
f 1645 1646 1674
f 1646 1675 1674
f 1646 1647 1675
f 1647 1676 1675
f 1647 1648 1676
f 1648 1677 1676
f 1648 1649 1677
f 1649 1678 1677
f 1649 1650 1678
f 1650 1679 1678
f 1650 1651 1679
f 1651 1680 1679
f 1651 1652 1680
f 1652 1653 1680
f 1652 1625 1653
f 1653 1682 1681
f 1653 1654 1682
f 1654 1683 1682
f 1654 1655 1683
f 1655 1684 1683
f 1655 1656 1684
f 1656 1685 1684
f 1656 1657 1685
f 1657 1686 1685
f 1657 1658 1686
f 1658 1687 1686
f 1658 1659 1687
f 1659 1688 1687
f 1659 1660 1688
f 1660 1689 1688
f 1660 1661 1689
f 1661 1690 1689
f 1661 1662 1690
f 1662 1691 1690
f 1662 1663 1691
f 1663 1692 1691
f 1663 1664 1692
f 1664 1693 1692
f 1664 1665 1693
f 1665 1694 1693
f 1665 1666 1694
f 1666 1695 1694
f 1666 1667 1695
f 1667 1696 1695
f 1667 1668 1696
f 1668 1697 1696
f 1668 1669 1697
f 1669 1698 1697
f 1669 1670 1698
f 1670 1699 1698
f 1670 1671 1699
f 1671 1700 1699
f 1671 1672 1700
f 1672 1701 1700
f 1672 1673 1701
f 1673 1702 1701
f 1673 1674 1702
f 1674 1703 1702
f 1674 1675 1703
f 1675 1704 1703
f 1675 1676 1704
f 1676 1705 1704
f 1676 1677 1705
f 1677 1706 1705
f 1677 1678 1706
f 1678 1707 1706
f 1678 1679 1707
f 1679 1708 1707
f 1679 1680 1708
f 1680 1681 1708
f 1680 1653 1681
f 1681 1710 1709
f 1681 1682 1710
f 1682 1711 1710
f 1682 1683 1711
f 1683 1712 1711
f 1683 1684 1712
f 1684 1713 1712
f 1684 1685 1713
f 1685 1714 1713
f 1685 1686 1714
f 1686 1715 1714
f 1686 1687 1715
f 1687 1716 1715
f 1687 1688 1716
f 1688 1717 1716
f 1688 1689 1717
f 1689 1718 1717
f 1689 1690 1718
f 1690 1719 1718
f 1690 1691 1719
f 1691 1720 1719
f 1691 1692 1720
f 1692 1721 1720
f 1692 1693 1721
f 1693 1722 1721
f 1693 1694 1722
f 1694 1723 1722
f 1694 1695 1723
f 1695 1724 1723
f 1695 1696 1724
f 1696 1725 1724
f 1696 1697 1725
f 1697 1726 1725
f 1697 1698 1726
f 1698 1727 1726
f 1698 1699 1727
f 1699 1728 1727
f 1699 1700 1728
f 1700 1729 1728
f 1700 1701 1729
f 1701 1730 1729
f 1701 1702 1730
f 1702 1731 1730
f 1702 1703 1731
f 1703 1732 1731
f 1703 1704 1732
f 1704 1733 1732
f 1704 1705 1733
f 1705 1734 1733
f 1705 1706 1734
f 1706 1735 1734
f 1706 1707 1735
f 1707 1736 1735
f 1707 1708 1736
f 1708 1709 1736
f 1708 1681 1709
f 1709 1738 1737
f 1709 1710 1738
f 1710 1739 1738
f 1710 1711 1739
f 1711 1740 1739
f 1711 1712 1740
f 1712 1741 1740
f 1712 1713 1741
f 1713 1742 1741
f 1713 1714 1742
f 1714 1743 1742
f 1714 1715 1743
f 1715 1744 1743
f 1715 1716 1744
f 1716 1745 1744
f 1716 1717 1745
f 1717 1746 1745
f 1717 1718 1746
f 1718 1747 1746
f 1718 1719 1747
f 1719 1748 1747
f 1719 1720 1748
f 1720 1749 1748
f 1720 1721 1749
f 1721 1750 1749
f 1721 1722 1750
f 1722 1751 1750
f 1722 1723 1751
f 1723 1752 1751
f 1723 1724 1752
f 1724 1753 1752
f 1724 1725 1753
f 1725 1754 1753
f 1725 1726 1754
f 1726 1755 1754
f 1726 1727 1755
f 1727 1756 1755
f 1727 1728 1756
f 1728 1757 1756
f 1728 1729 1757
f 1729 1758 1757
f 1729 1730 1758
f 1730 1759 1758
f 1730 1731 1759
f 1731 1760 1759
f 1731 1732 1760
f 1732 1761 1760
f 1732 1733 1761
f 1733 1762 1761
f 1733 1734 1762
f 1734 1763 1762
f 1734 1735 1763
f 1735 1764 1763
f 1735 1736 1764
f 1736 1737 1764
f 1736 1709 1737
f 1737 1766 1765
f 1737 1738 1766
f 1738 1767 1766
f 1738 1739 1767
f 1739 1768 1767
f 1739 1740 1768
f 1740 1769 1768
f 1740 1741 1769
f 1741 1770 1769
f 1741 1742 1770
f 1742 1771 1770
f 1742 1743 1771
f 1743 1772 1771
f 1743 1744 1772
f 1744 1773 1772
f 1744 1745 1773
f 1745 1774 1773
f 1745 1746 1774
f 1746 1775 1774
f 1746 1747 1775
f 1747 1776 1775
f 1747 1748 1776
f 1748 1777 1776
f 1748 1749 1777
f 1749 1778 1777
f 1749 1750 1778
f 1750 1779 1778
f 1750 1751 1779
f 1751 1780 1779
f 1751 1752 1780
f 1752 1781 1780
f 1752 1753 1781
f 1753 1782 1781
f 1753 1754 1782
f 1754 1783 1782
f 1754 1755 1783
f 1755 1784 1783
f 1755 1756 1784
f 1756 1785 1784
f 1756 1757 1785
f 1757 1786 1785
f 1757 1758 1786
f 1758 1787 1786
f 1758 1759 1787
f 1759 1788 1787
f 1759 1760 1788
f 1760 1789 1788
f 1760 1761 1789
f 1761 1790 1789
f 1761 1762 1790
f 1762 1791 1790
f 1762 1763 1791
f 1763 1792 1791
f 1763 1764 1792
f 1764 1765 1792
f 1764 1737 1765
f 1765 1794 1793
f 1765 1766 1794
f 1766 1795 1794
f 1766 1767 1795
f 1767 1796 1795
f 1767 1768 1796
f 1768 1797 1796
f 1768 1769 1797
f 1769 1798 1797
f 1769 1770 1798
f 1770 1799 1798
f 1770 1771 1799
f 1771 1800 1799
f 1771 1772 1800
f 1772 1801 1800
f 1772 1773 1801
f 1773 1802 1801
f 1773 1774 1802
f 1774 1803 1802
f 1774 1775 1803
f 1775 1804 1803
f 1775 1776 1804
f 1776 1805 1804
f 1776 1777 1805
f 1777 1806 1805
f 1777 1778 1806
f 1778 1807 1806
f 1778 1779 1807
f 1779 1808 1807
f 1779 1780 1808
f 1780 1809 1808
f 1780 1781 1809
f 1781 1810 1809
f 1781 1782 1810
f 1782 1811 1810
f 1782 1783 1811
f 1783 1812 1811
f 1783 1784 1812
f 1784 1813 1812
f 1784 1785 1813
f 1785 1814 1813
f 1785 1786 1814
f 1786 1815 1814
f 1786 1787 1815
f 1787 1816 1815
f 1787 1788 1816
f 1788 1817 1816
f 1788 1789 1817
f 1789 1818 1817
f 1789 1790 1818
f 1790 1819 1818
f 1790 1791 1819
f 1791 1820 1819
f 1791 1792 1820
f 1792 1793 1820
f 1792 1765 1793
f 1793 1822 1821
f 1793 1794 1822
f 1794 1823 1822
f 1794 1795 1823
f 1795 1824 1823
f 1795 1796 1824
f 1796 1825 1824
f 1796 1797 1825
f 1797 1826 1825
f 1797 1798 1826
f 1798 1827 1826
f 1798 1799 1827
f 1799 1828 1827
f 1799 1800 1828
f 1800 1829 1828
f 1800 1801 1829
f 1801 1830 1829
f 1801 1802 1830
f 1802 1831 1830
f 1802 1803 1831
f 1803 1832 1831
f 1803 1804 1832
f 1804 1833 1832
f 1804 1805 1833
f 1805 1834 1833
f 1805 1806 1834
f 1806 1835 1834
f 1806 1807 1835
f 1807 1836 1835
f 1807 1808 1836
f 1808 1837 1836
f 1808 1809 1837
f 1809 1838 1837
f 1809 1810 1838
f 1810 1839 1838
f 1810 1811 1839
f 1811 1840 1839
f 1811 1812 1840
f 1812 1841 1840
f 1812 1813 1841
f 1813 1842 1841
f 1813 1814 1842
f 1814 1843 1842
f 1814 1815 1843
f 1815 1844 1843
f 1815 1816 1844
f 1816 1845 1844
f 1816 1817 1845
f 1817 1846 1845
f 1817 1818 1846
f 1818 1847 1846
f 1818 1819 1847
f 1819 1848 1847
f 1819 1820 1848
f 1820 1821 1848
f 1820 1793 1821
f 1821 1850 1849
f 1821 1822 1850
f 1822 1851 1850
f 1822 1823 1851
f 1823 1852 1851
f 1823 1824 1852
f 1824 1853 1852
f 1824 1825 1853
f 1825 1854 1853
f 1825 1826 1854
f 1826 1855 1854
f 1826 1827 1855
f 1827 1856 1855
f 1827 1828 1856
f 1828 1857 1856
f 1828 1829 1857
f 1829 1858 1857
f 1829 1830 1858
f 1830 1859 1858
f 1830 1831 1859
f 1831 1860 1859
f 1831 1832 1860
f 1832 1861 1860
f 1832 1833 1861
f 1833 1862 1861
f 1833 1834 1862
f 1834 1863 1862
f 1834 1835 1863
f 1835 1864 1863
f 1835 1836 1864
f 1836 1865 1864
f 1836 1837 1865
f 1837 1866 1865
f 1837 1838 1866
f 1838 1867 1866
f 1838 1839 1867
f 1839 1868 1867
f 1839 1840 1868
f 1840 1869 1868
f 1840 1841 1869
f 1841 1870 1869
f 1841 1842 1870
f 1842 1871 1870
f 1842 1843 1871
f 1843 1872 1871
f 1843 1844 1872
f 1844 1873 1872
f 1844 1845 1873
f 1845 1874 1873
f 1845 1846 1874
f 1846 1875 1874
f 1846 1847 1875
f 1847 1876 1875
f 1847 1848 1876
f 1848 1849 1876
f 1848 1821 1849
f 1849 1878 1877
f 1849 1850 1878
f 1850 1879 1878
f 1850 1851 1879
f 1851 1880 1879
f 1851 1852 1880
f 1852 1881 1880
f 1852 1853 1881
f 1853 1882 1881
f 1853 1854 1882
f 1854 1883 1882
f 1854 1855 1883
f 1855 1884 1883
f 1855 1856 1884
f 1856 1885 1884
f 1856 1857 1885
f 1857 1886 1885
f 1857 1858 1886
f 1858 1887 1886
f 1858 1859 1887
f 1859 1888 1887
f 1859 1860 1888
f 1860 1889 1888
f 1860 1861 1889
f 1861 1890 1889
f 1861 1862 1890
f 1862 1891 1890
f 1862 1863 1891
f 1863 1892 1891
f 1863 1864 1892
f 1864 1893 1892
f 1864 1865 1893
f 1865 1894 1893
f 1865 1866 1894
f 1866 1895 1894
f 1866 1867 1895
f 1867 1896 1895
f 1867 1868 1896
f 1868 1897 1896
f 1868 1869 1897
f 1869 1898 1897
f 1869 1870 1898
f 1870 1899 1898
f 1870 1871 1899
f 1871 1900 1899
f 1871 1872 1900
f 1872 1901 1900
f 1872 1873 1901
f 1873 1902 1901
f 1873 1874 1902
f 1874 1903 1902
f 1874 1875 1903
f 1875 1904 1903
f 1875 1876 1904
f 1876 1877 1904
f 1876 1849 1877
f 1877 1906 1905
f 1877 1878 1906
f 1878 1907 1906
f 1878 1879 1907
f 1879 1908 1907
f 1879 1880 1908
f 1880 1909 1908
f 1880 1881 1909
f 1881 1910 1909
f 1881 1882 1910
f 1882 1911 1910
f 1882 1883 1911
f 1883 1912 1911
f 1883 1884 1912
f 1884 1913 1912
f 1884 1885 1913
f 1885 1914 1913
f 1885 1886 1914
f 1886 1915 1914
f 1886 1887 1915
f 1887 1916 1915
f 1887 1888 1916
f 1888 1917 1916
f 1888 1889 1917
f 1889 1918 1917
f 1889 1890 1918
f 1890 1919 1918
f 1890 1891 1919
f 1891 1920 1919
f 1891 1892 1920
f 1892 1921 1920
f 1892 1893 1921
f 1893 1922 1921
f 1893 1894 1922
f 1894 1923 1922
f 1894 1895 1923
f 1895 1924 1923
f 1895 1896 1924
f 1896 1925 1924
f 1896 1897 1925
f 1897 1926 1925
f 1897 1898 1926
f 1898 1927 1926
f 1898 1899 1927
f 1899 1928 1927
f 1899 1900 1928
f 1900 1929 1928
f 1900 1901 1929
f 1901 1930 1929
f 1901 1902 1930
f 1902 1931 1930
f 1902 1903 1931
f 1903 1932 1931
f 1903 1904 1932
f 1904 1905 1932
f 1904 1877 1905
f 1905 1934 1933
f 1905 1906 1934
f 1906 1935 1934
f 1906 1907 1935
f 1907 1936 1935
f 1907 1908 1936
f 1908 1937 1936
f 1908 1909 1937
f 1909 1938 1937
f 1909 1910 1938
f 1910 1939 1938
f 1910 1911 1939
f 1911 1940 1939
f 1911 1912 1940
f 1912 1941 1940
f 1912 1913 1941
f 1913 1942 1941
f 1913 1914 1942
f 1914 1943 1942
f 1914 1915 1943
f 1915 1944 1943
f 1915 1916 1944
f 1916 1945 1944
f 1916 1917 1945
f 1917 1946 1945
f 1917 1918 1946
f 1918 1947 1946
f 1918 1919 1947
f 1919 1948 1947
f 1919 1920 1948
f 1920 1949 1948
f 1920 1921 1949
f 1921 1950 1949
f 1921 1922 1950
f 1922 1951 1950
f 1922 1923 1951
f 1923 1952 1951
f 1923 1924 1952
f 1924 1953 1952
f 1924 1925 1953
f 1925 1954 1953
f 1925 1926 1954
f 1926 1955 1954
f 1926 1927 1955
f 1927 1956 1955
f 1927 1928 1956
f 1928 1957 1956
f 1928 1929 1957
f 1929 1958 1957
f 1929 1930 1958
f 1930 1959 1958
f 1930 1931 1959
f 1931 1960 1959
f 1931 1932 1960
f 1932 1933 1960
f 1932 1905 1933
f 1933 1962 1961
f 1933 1934 1962
f 1934 1963 1962
f 1934 1935 1963
f 1935 1964 1963
f 1935 1936 1964
f 1936 1965 1964
f 1936 1937 1965
f 1937 1966 1965
f 1937 1938 1966
f 1938 1967 1966
f 1938 1939 1967
f 1939 1968 1967
f 1939 1940 1968
f 1940 1969 1968
f 1940 1941 1969
f 1941 1970 1969
f 1941 1942 1970
f 1942 1971 1970
f 1942 1943 1971
f 1943 1972 1971
f 1943 1944 1972
f 1944 1973 1972
f 1944 1945 1973
f 1945 1974 1973
f 1945 1946 1974
f 1946 1975 1974
f 1946 1947 1975
f 1947 1976 1975
f 1947 1948 1976
f 1948 1977 1976
f 1948 1949 1977
f 1949 1978 1977
f 1949 1950 1978
f 1950 1979 1978
f 1950 1951 1979
f 1951 1980 1979
f 1951 1952 1980
f 1952 1981 1980
f 1952 1953 1981
f 1953 1982 1981
f 1953 1954 1982
f 1954 1983 1982
f 1954 1955 1983
f 1955 1984 1983
f 1955 1956 1984
f 1956 1985 1984
f 1956 1957 1985
f 1957 1986 1985
f 1957 1958 1986
f 1958 1987 1986
f 1958 1959 1987
f 1959 1988 1987
f 1959 1960 1988
f 1960 1961 1988
f 1960 1933 1961
f 1961 1990 1989
f 1961 1962 1990
f 1962 1991 1990
f 1962 1963 1991
f 1963 1992 1991
f 1963 1964 1992
f 1964 1993 1992
f 1964 1965 1993
f 1965 1994 1993
f 1965 1966 1994
f 1966 1995 1994
f 1966 1967 1995
f 1967 1996 1995
f 1967 1968 1996
f 1968 1997 1996
f 1968 1969 1997
f 1969 1998 1997
f 1969 1970 1998
f 1970 1999 1998
f 1970 1971 1999
f 1971 2000 1999
f 1971 1972 2000
f 1972 2001 2000
f 1972 1973 2001
f 1973 2002 2001
f 1973 1974 2002
f 1974 2003 2002
f 1974 1975 2003
f 1975 2004 2003
f 1975 1976 2004
f 1976 2005 2004
f 1976 1977 2005
f 1977 2006 2005
f 1977 1978 2006
f 1978 2007 2006
f 1978 1979 2007
f 1979 2008 2007
f 1979 1980 2008
f 1980 2009 2008
f 1980 1981 2009
f 1981 2010 2009
f 1981 1982 2010
f 1982 2011 2010
f 1982 1983 2011
f 1983 2012 2011
f 1983 1984 2012
f 1984 2013 2012
f 1984 1985 2013
f 1985 2014 2013
f 1985 1986 2014
f 1986 2015 2014
f 1986 1987 2015
f 1987 2016 2015
f 1987 1988 2016
f 1988 1989 2016
f 1988 1961 1989
f 2017 2 1
f 2018 1989 1990
f 2017 3 2
f 2018 1990 1991
f 2017 4 3
f 2018 1991 1992
f 2017 5 4
f 2018 1992 1993
f 2017 6 5
f 2018 1993 1994
f 2017 7 6
f 2018 1994 1995
f 2017 8 7
f 2018 1995 1996
f 2017 9 8
f 2018 1996 1997
f 2017 10 9
f 2018 1997 1998
f 2017 11 10
f 2018 1998 1999
f 2017 12 11
f 2018 1999 2000
f 2017 13 12
f 2018 2000 2001
f 2017 14 13
f 2018 2001 2002
f 2017 15 14
f 2018 2002 2003
f 2017 16 15
f 2018 2003 2004
f 2017 17 16
f 2018 2004 2005
f 2017 18 17
f 2018 2005 2006
f 2017 19 18
f 2018 2006 2007
f 2017 20 19
f 2018 2007 2008
f 2017 21 20
f 2018 2008 2009
f 2017 22 21
f 2018 2009 2010
f 2017 23 22
f 2018 2010 2011
f 2017 24 23
f 2018 2011 2012
f 2017 25 24
f 2018 2012 2013
f 2017 26 25
f 2018 2013 2014
f 2017 27 26
f 2018 2014 2015
f 2017 28 27
f 2018 2015 2016
f 2017 1 28
f 2018 2016 1989
