time_s,body_x_m,body_y_m,body_z_m,body_dx_m,body_dy_m,body_dz_m,body_vx_m_s,body_vy_m_s,body_vz_m_s,body_wx_rad_s,body_wy_rad_s,body_wz_rad_s,roll_rad,pitch_rad,yaw_rad,roll_deg,pitch_deg,yaw_deg,m1_cmd_rad,m1_cmd_deg,m1_q_rad,m1_q_deg,m1_vel_rad_s,j1_q_rad,j2_q_rad,j3_q_rad,j4_q_rad,j1_q_deg,j2_q_deg,j3_q_deg,j4_q_deg,j1_vel_rad_s,j2_vel_rad_s,j3_vel_rad_s,j4_vel_rad_s,j1_tau_raw_nm,j2_tau_raw_nm,j3_tau_raw_nm,j4_tau_raw_nm,j1_tau_applied_nm,j2_tau_applied_nm,j3_tau_applied_nm,j4_tau_applied_nm,j1_clipped,j2_clipped,j3_clipped,j4_clipped,tail_tip_relative_rad,tail_tip_relative_deg,safety_tripped
0.0005,-3.5,0,2,0,0,0,0,0,0,0,0,0,-4.33680869e-19,-0,-1.293984181e-34,-2.484808345e-17,-0,-7.413983235e-33,0,0,0,0,0,0,0,0,0,0,0,0,0,0,0,0,0,-0,-0,-0,-0,-0,-0,-0,-0,0,0,0,0,0,0,0
0.0055,-3.5,0,2,0,0,0,0,0,0,0,0,0,-4.33680869e-19,-0,-1.293984181e-34,-2.484808345e-17,-0,-7.413983235e-33,0,0,0,0,0,0,0,0,0,0,0,0,0,0,0,0,0,-0,-0,-0,-0,-0,-0,-0,-0,0,0,0,0,0,0,0
0.0105,-3.5,0,2,0,0,0,0,0,0,0,0,0,-4.33680869e-19,-0,-1.293984181e-34,-2.484808345e-17,-0,-7.413983235e-33,0,0,0,0,0,0,0,0,0,0,0,0,0,0,0,0,0,-0,-0,-0,-0,-0,-0,-0,-0,0,0,0,0,0,0,0
0.0155,-3.5,0,2,0,0,0,0,0,0,0,0,0,-4.33680869e-19,-0,-1.293984181e-34,-2.484808345e-17,-0,-7.413983235e-33,0,0,0,0,0,0,0,0,0,0,0,0,0,0,0,0,0,-0,-0,-0,-0,-0,-0,-0,-0,0,0,0,0,0,0,0
0.0205,-3.5,0,2,0,0,0,0,0,0,0,0,0,-4.33680869e-19,-0,-1.293984181e-34,-2.484808345e-17,-0,-7.413983235e-33,0,0,0,0,0,0,0,0,0,0,0,0,0,0,0,0,0,-0,-0,-0,-0,-0,-0,-0,-0,0,0,0,0,0,0,0
0.0255,-3.5,0,2,0,0,0,0,0,0,0,0,0,-4.33680869e-19,-0,-1.293984181e-34,-2.484808345e-17,-0,-7.413983235e-33,0,0,0,0,0,0,0,0,0,0,0,0,0,0,0,0,0,-0,-0,-0,-0,-0,-0,-0,-0,0,0,0,0,0,0,0
0.0305,-3.5,0,2,0,0,0,0,0,0,0,0,0,-4.33680869e-19,-0,-1.293984181e-34,-2.484808345e-17,-0,-7.413983235e-33,0,0,0,0,0,0,0,0,0,0,0,0,0,0,0,0,0,-0,-0,-0,-0,-0,-0,-0,-0,0,0,0,0,0,0,0
0.0355,-3.5,0,2,0,0,0,0,0,0,0,0,0,-4.33680869e-19,-0,-1.293984181e-34,-2.484808345e-17,-0,-7.413983235e-33,0,0,0,0,0,0,0,0,0,0,0,0,0,0,0,0,0,-0,-0,-0,-0,-0,-0,-0,-0,0,0,0,0,0,0,0
0.0405,-3.5,0,2,0,0,0,0,0,0,0,0,0,-4.33680869e-19,-0,-1.293984181e-34,-2.484808345e-17,-0,-7.413983235e-33,0,0,0,0,0,0,0,0,0,0,0,0,0,0,0,0,0,-0,-0,-0,-0,-0,-0,-0,-0,0,0,0,0,0,0,0
0.0455,-3.5,0,2,0,0,0,0,0,0,0,0,0,-4.33680869e-19,-0,-1.293984181e-34,-2.484808345e-17,-0,-7.413983235e-33,0,0,0,0,0,0,0,0,0,0,0,0,0,0,0,0,0,-0,-0,-0,-0,-0,-0,-0,-0,0,0,0,0,0,0,0
0.0505,-3.5,0,2,0,0,0,0,0,0,0,0,0,-4.33680869e-19,-0,-1.293984181e-34,-2.484808345e-17,-0,-7.413983235e-33,0,0,0,0,0,0,0,0,0,0,0,0,0,0,0,0,0,-0,-0,-0,-0,-0,-0,-0,-0,0,0,0,0,0,0,0
0.0555,-3.5,0,2,0,0,0,0,0,0,0,0,0,-4.33680869e-19,-0,-1.293984181e-34,-2.484808345e-17,-0,-7.413983235e-33,0,0,0,0,0,0,0,0,0,0,0,0,0,0,0,0,0,-0,-0,-0,-0,-0,-0,-0,-0,0,0,0,0,0,0,0
0.0605,-3.5,0,2,0,0,0,0,0,0,0,0,0,-4.33680869e-19,-0,-1.293984181e-34,-2.484808345e-17,-0,-7.413983235e-33,0,0,0,0,0,0,0,0,0,0,0,0,0,0,0,0,0,-0,-0,-0,-0,-0,-0,-0,-0,0,0,0,0,0,0,0
0.066,-3.5,0,2,0,0,0,0,0,0,0,0,0,-4.33680869e-19,-0,-1.293984181e-34,-2.484808345e-17,-0,-7.413983235e-33,0,0,0,0,0,0,0,0,0,0,0,0,0,0,0,0,0,-0,-0,-0,-0,-0,-0,-0,-0,0,0,0,0,0,0,0
0.071,-3.5,0,2,0,0,0,0,0,0,0,0,0,-4.33680869e-19,-0,-1.293984181e-34,-2.484808345e-17,-0,-7.413983235e-33,0,0,0,0,0,0,0,0,0,0,0,0,0,0,0,0,0,-0,-0,-0,-0,-0,-0,-0,-0,0,0,0,0,0,0,0
0.076,-3.5,0,2,0,0,0,0,0,0,0,0,0,-4.33680869e-19,-0,-1.293984181e-34,-2.484808345e-17,-0,-7.413983235e-33,0,0,0,0,0,0,0,0,0,0,0,0,0,0,0,0,0,-0,-0,-0,-0,-0,-0,-0,-0,0,0,0,0,0,0,0
0.081,-3.5,0,2,0,0,0,0,0,0,0,0,0,-4.33680869e-19,-0,-1.293984181e-34,-2.484808345e-17,-0,-7.413983235e-33,0,0,0,0,0,0,0,0,0,0,0,0,0,0,0,0,0,-0,-0,-0,-0,-0,-0,-0,-0,0,0,0,0,0,0,0
0.086,-3.5,0,2,0,0,0,0,0,0,0,0,0,-4.33680869e-19,-0,-1.293984181e-34,-2.484808345e-17,-0,-7.413983235e-33,0,0,0,0,0,0,0,0,0,0,0,0,0,0,0,0,0,-0,-0,-0,-0,-0,-0,-0,-0,0,0,0,0,0,0,0
0.091,-3.5,0,2,0,0,0,0,0,0,0,0,0,-4.33680869e-19,-0,-1.293984181e-34,-2.484808345e-17,-0,-7.413983235e-33,0,0,0,0,0,0,0,0,0,0,0,0,0,0,0,0,0,-0,-0,-0,-0,-0,-0,-0,-0,0,0,0,0,0,0,0
0.096,-3.5,0,2,0,0,0,0,0,0,0,0,0,-4.33680869e-19,-0,-1.293984181e-34,-2.484808345e-17,-0,-7.413983235e-33,0,0,0,0,0,0,0,0,0,0,0,0,0,0,0,0,0,-0,-0,-0,-0,-0,-0,-0,-0,0,0,0,0,0,0,0
0.101,-3.5,0,2,0,0,0,0,0,0,0,0,0,-4.33680869e-19,-0,-1.293984181e-34,-2.484808345e-17,-0,-7.413983235e-33,0,0,0,0,0,0,0,0,0,0,0,0,0,0,0,0,0,-0,-0,-0,-0,-0,-0,-0,-0,0,0,0,0,0,0,0
0.106,-3.5,0,2,0,0,0,0,0,0,0,0,0,-4.33680869e-19,-0,-1.293984181e-34,-2.484808345e-17,-0,-7.413983235e-33,0,0,0,0,0,0,0,0,0,0,0,0,0,0,0,0,0,-0,-0,-0,-0,-0,-0,-0,-0,0,0,0,0,0,0,0
0.111,-3.5,0,2,0,0,0,0,0,0,0,0,0,-4.33680869e-19,-0,-1.293984181e-34,-2.484808345e-17,-0,-7.413983235e-33,0,0,0,0,0,0,0,0,0,0,0,0,0,0,0,0,0,-0,-0,-0,-0,-0,-0,-0,-0,0,0,0,0,0,0,0
0.116,-3.5,0,2,0,0,0,0,0,0,0,0,0,-4.33680869e-19,-0,-1.293984181e-34,-2.484808345e-17,-0,-7.413983235e-33,0,0,0,0,0,0,0,0,0,0,0,0,0,0,0,0,0,-0,-0,-0,-0,-0,-0,-0,-0,0,0,0,0,0,0,0
0.121,-3.5,0,2,0,0,0,0,0,0,0,0,0,-4.33680869e-19,-0,-1.293984181e-34,-2.484808345e-17,-0,-7.413983235e-33,0,0,0,0,0,0,0,0,0,0,0,0,0,0,0,0,0,-0,-0,-0,-0,-0,-0,-0,-0,0,0,0,0,0,0,0
0.1265,-3.5,0,2,0,0,0,0,0,0,0,0,0,-4.33680869e-19,-0,-1.293984181e-34,-2.484808345e-17,-0,-7.413983235e-33,0,0,0,0,0,0,0,0,0,0,0,0,0,0,0,0,0,-0,-0,-0,-0,-0,-0,-0,-0,0,0,0,0,0,0,0
0.1315,-3.5,0,2,0,0,0,0,0,0,0,0,0,-4.33680869e-19,-0,-1.293984181e-34,-2.484808345e-17,-0,-7.413983235e-33,0,0,0,0,0,0,0,0,0,0,0,0,0,0,0,0,0,-0,-0,-0,-0,-0,-0,-0,-0,0,0,0,0,0,0,0
0.1365,-3.5,0,2,0,0,0,0,0,0,0,0,0,-4.33680869e-19,-0,-1.293984181e-34,-2.484808345e-17,-0,-7.413983235e-33,0,0,0,0,0,0,0,0,0,0,0,0,0,0,0,0,0,-0,-0,-0,-0,-0,-0,-0,-0,0,0,0,0,0,0,0
0.1415,-3.5,0,2,0,0,0,0,0,0,0,0,0,-4.33680869e-19,-0,-1.293984181e-34,-2.484808345e-17,-0,-7.413983235e-33,0,0,0,0,0,0,0,0,0,0,0,0,0,0,0,0,0,-0,-0,-0,-0,-0,-0,-0,-0,0,0,0,0,0,0,0
0.1465,-3.5,0,2,0,0,0,0,0,0,0,0,0,-4.33680869e-19,-0,-1.293984181e-34,-2.484808345e-17,-0,-7.413983235e-33,0,0,0,0,0,0,0,0,0,0,0,0,0,0,0,0,0,-0,-0,-0,-0,-0,-0,-0,-0,0,0,0,0,0,0,0
0.1515,-3.5,0,2,0,0,0,0,0,0,0,0,0,-4.33680869e-19,-0,-1.293984181e-34,-2.484808345e-17,-0,-7.413983235e-33,0,0,0,0,0,0,0,0,0,0,0,0,0,0,0,0,0,-0,-0,-0,-0,-0,-0,-0,-0,0,0,0,0,0,0,0
0.1565,-3.5,0,2,0,0,0,0,0,0,0,0,0,-4.33680869e-19,-0,-1.293984181e-34,-2.484808345e-17,-0,-7.413983235e-33,0,0,0,0,0,0,0,0,0,0,0,0,0,0,0,0,0,-0,-0,-0,-0,-0,-0,-0,-0,0,0,0,0,0,0,0
0.1615,-3.5,0,2,0,0,0,0,0,0,0,0,0,-4.33680869e-19,-0,-1.293984181e-34,-2.484808345e-17,-0,-7.413983235e-33,0,0,0,0,0,0,0,0,0,0,0,0,0,0,0,0,0,-0,-0,-0,-0,-0,-0,-0,-0,0,0,0,0,0,0,0
0.1665,-3.5,0,2,0,0,0,0,0,0,0,0,0,-4.33680869e-19,-0,-1.293984181e-34,-2.484808345e-17,-0,-7.413983235e-33,0,0,0,0,0,0,0,0,0,0,0,0,0,0,0,0,0,-0,-0,-0,-0,-0,-0,-0,-0,0,0,0,0,0,0,0
0.1715,-3.5,0,2,0,0,0,0,0,0,0,0,0,-4.33680869e-19,-0,-1.293984181e-34,-2.484808345e-17,-0,-7.413983235e-33,0,0,0,0,0,0,0,0,0,0,0,0,0,0,0,0,0,-0,-0,-0,-0,-0,-0,-0,-0,0,0,0,0,0,0,0
0.1765,-3.5,0,2,0,0,0,0,0,0,0,0,0,-4.33680869e-19,-0,-1.293984181e-34,-2.484808345e-17,-0,-7.413983235e-33,0,0,0,0,0,0,0,0,0,0,0,0,0,0,0,0,0,-0,-0,-0,-0,-0,-0,-0,-0,0,0,0,0,0,0,0
0.1815,-3.5,0,2,0,0,0,0,0,0,0,0,0,-4.33680869e-19,-0,-1.293984181e-34,-2.484808345e-17,-0,-7.413983235e-33,0,0,0,0,0,0,0,0,0,0,0,0,0,0,0,0,0,-0,-0,-0,-0,-0,-0,-0,-0,0,0,0,0,0,0,0
0.1865,-3.5,0,2,0,0,0,0,0,0,0,0,0,-4.33680869e-19,-0,-1.293984181e-34,-2.484808345e-17,-0,-7.413983235e-33,0,0,0,0,0,0,0,0,0,0,0,0,0,0,0,0,0,-0,-0,-0,-0,-0,-0,-0,-0,0,0,0,0,0,0,0
0.1915,-3.5,0,2,0,0,0,0,0,0,0,0,0,-4.33680869e-19,-0,-1.293984181e-34,-2.484808345e-17,-0,-7.413983235e-33,0,0,0,0,0,0,0,0,0,0,0,0,0,0,0,0,0,-0,-0,-0,-0,-0,-0,-0,-0,0,0,0,0,0,0,0
0.1965,-3.5,0,2,0,0,0,0,0,0,0,0,0,-4.33680869e-19,-0,-1.293984181e-34,-2.484808345e-17,-0,-7.413983235e-33,0,0,0,0,0,0,0,0,0,0,0,0,0,0,0,0,0,-0,-0,-0,-0,-0,-0,-0,-0,0,0,0,0,0,0,0
0.2015,-3.5,0,2,0,0,0,0,0,0,0,0,0,-4.33680869e-19,-0,-1.293984181e-34,-2.484808345e-17,-0,-7.413983235e-33,0,0,0,0,0,0,0,0,0,0,0,0,0,0,0,0,0,-0,-0,-0,-0,-0,-0,-0,-0,0,0,0,0,0,0,0
0.2065,-3.5,0,2,0,0,0,0,0,0,0,0,0,-4.33680869e-19,-0,-1.293984181e-34,-2.484808345e-17,-0,-7.413983235e-33,0,0,0,0,0,0,0,0,0,0,0,0,0,0,0,0,0,-0,-0,-0,-0,-0,-0,-0,-0,0,0,0,0,0,0,0
0.2115,-3.5,0,2,0,0,0,0,0,0,0,0,0,-4.33680869e-19,-0,-1.293984181e-34,-2.484808345e-17,-0,-7.413983235e-33,0,0,0,0,0,0,0,0,0,0,0,0,0,0,0,0,0,-0,-0,-0,-0,-0,-0,-0,-0,0,0,0,0,0,0,0
0.2165,-3.5,0,2,0,0,0,0,0,0,0,0,0,-4.33680869e-19,-0,-1.293984181e-34,-2.484808345e-17,-0,-7.413983235e-33,0,0,0,0,0,0,0,0,0,0,0,0,0,0,0,0,0,-0,-0,-0,-0,-0,-0,-0,-0,0,0,0,0,0,0,0
0.2215,-3.5,0,2,0,0,0,0,0,0,0,0,0,-4.33680869e-19,-0,-1.293984181e-34,-2.484808345e-17,-0,-7.413983235e-33,0,0,0,0,0,0,0,0,0,0,0,0,0,0,0,0,0,-0,-0,-0,-0,-0,-0,-0,-0,0,0,0,0,0,0,0
0.2265,-3.5,0,2,0,0,0,0,0,0,0,0,0,-4.33680869e-19,-0,-1.293984181e-34,-2.484808345e-17,-0,-7.413983235e-33,0,0,0,0,0,0,0,0,0,0,0,0,0,0,0,0,0,-0,-0,-0,-0,-0,-0,-0,-0,0,0,0,0,0,0,0
0.2315,-3.5,0,2,0,0,0,0,0,0,0,0,0,-4.33680869e-19,-0,-1.293984181e-34,-2.484808345e-17,-0,-7.413983235e-33,0,0,0,0,0,0,0,0,0,0,0,0,0,0,0,0,0,-0,-0,-0,-0,-0,-0,-0,-0,0,0,0,0,0,0,0
0.2365,-3.5,0,2,0,0,0,0,0,0,0,0,0,-4.33680869e-19,-0,-1.293984181e-34,-2.484808345e-17,-0,-7.413983235e-33,0,0,0,0,0,0,0,0,0,0,0,0,0,0,0,0,0,-0,-0,-0,-0,-0,-0,-0,-0,0,0,0,0,0,0,0
0.2415,-3.5,0,2,0,0,0,0,0,0,0,0,0,-4.33680869e-19,-0,-1.293984181e-34,-2.484808345e-17,-0,-7.413983235e-33,0,0,0,0,0,0,0,0,0,0,0,0,0,0,0,0,0,-0,-0,-0,-0,-0,-0,-0,-0,0,0,0,0,0,0,0
0.2465,-3.5,0,2,0,0,0,0,0,0,0,0,0,-4.33680869e-19,-0,-1.293984181e-34,-2.484808345e-17,-0,-7.413983235e-33,0,0,0,0,0,0,0,0,0,0,0,0,0,0,0,0,0,-0,-0,-0,-0,-0,-0,-0,-0,0,0,0,0,0,0,0
0.252,-3.5,0,2,0,0,0,0,0,0,0,0,0,-4.33680869e-19,-0,-1.293984181e-34,-2.484808345e-17,-0,-7.413983235e-33,0,0,0,0,0,0,0,0,0,0,0,0,0,0,0,0,0,-0,-0,-0,-0,-0,-0,-0,-0,0,0,0,0,0,0,0
0.257,-3.5,0,2,0,0,0,0,0,0,0,0,0,-4.33680869e-19,-0,-1.293984181e-34,-2.484808345e-17,-0,-7.413983235e-33,0,0,0,0,0,0,0,0,0,0,0,0,0,0,0,0,0,-0,-0,-0,-0,-0,-0,-0,-0,0,0,0,0,0,0,0
0.262,-3.5,0,2,0,0,0,0,0,0,0,0,0,-4.33680869e-19,-0,-1.293984181e-34,-2.484808345e-17,-0,-7.413983235e-33,0,0,0,0,0,0,0,0,0,0,0,0,0,0,0,0,0,-0,-0,-0,-0,-0,-0,-0,-0,0,0,0,0,0,0,0
0.267,-3.5,0,2,0,0,0,0,0,0,0,0,0,-4.33680869e-19,-0,-1.293984181e-34,-2.484808345e-17,-0,-7.413983235e-33,0,0,0,0,0,0,0,0,0,0,0,0,0,0,0,0,0,-0,-0,-0,-0,-0,-0,-0,-0,0,0,0,0,0,0,0
0.272,-3.5,0,2,0,0,0,0,0,0,0,0,0,-4.33680869e-19,-0,-1.293984181e-34,-2.484808345e-17,-0,-7.413983235e-33,0,0,0,0,0,0,0,0,0,0,0,0,0,0,0,0,0,-0,-0,-0,-0,-0,-0,-0,-0,0,0,0,0,0,0,0
0.277,-3.5,0,2,0,0,0,0,0,0,0,0,0,-4.33680869e-19,-0,-1.293984181e-34,-2.484808345e-17,-0,-7.413983235e-33,0,0,0,0,0,0,0,0,0,0,0,0,0,0,0,0,0,-0,-0,-0,-0,-0,-0,-0,-0,0,0,0,0,0,0,0
0.282,-3.5,0,2,0,0,0,0,0,0,0,0,0,-4.33680869e-19,-0,-1.293984181e-34,-2.484808345e-17,-0,-7.413983235e-33,0,0,0,0,0,0,0,0,0,0,0,0,0,0,0,0,0,-0,-0,-0,-0,-0,-0,-0,-0,0,0,0,0,0,0,0
0.287,-3.5,0,2,0,0,0,0,0,0,0,0,0,-4.33680869e-19,-0,-1.293984181e-34,-2.484808345e-17,-0,-7.413983235e-33,0,0,0,0,0,0,0,0,0,0,0,0,0,0,0,0,0,-0,-0,-0,-0,-0,-0,-0,-0,0,0,0,0,0,0,0
0.292,-3.5,0,2,0,0,0,0,0,0,0,0,0,-4.33680869e-19,-0,-1.293984181e-34,-2.484808345e-17,-0,-7.413983235e-33,0,0,0,0,0,0,0,0,0,0,0,0,0,0,0,0,0,-0,-0,-0,-0,-0,-0,-0,-0,0,0,0,0,0,0,0
0.297,-3.5,0,2,0,0,0,0,0,0,0,0,0,-4.33680869e-19,-0,-1.293984181e-34,-2.484808345e-17,-0,-7.413983235e-33,0,0,0,0,0,0,0,0,0,0,0,0,0,0,0,0,0,-0,-0,-0,-0,-0,-0,-0,-0,0,0,0,0,0,0,0
0.302,-3.5,0,2,0,0,0,0,0,0,0,0,0,-4.33680869e-19,-0,-1.293984181e-34,-2.484808345e-17,-0,-7.413983235e-33,0,0,0,0,0,0,0,0,0,0,0,0,0,0,0,0,0,-0,-0,-0,-0,-0,-0,-0,-0,0,0,0,0,0,0,0
0.307,-3.5,0,2,0,0,0,0,0,0,0,0,0,-4.33680869e-19,-0,-1.293984181e-34,-2.484808345e-17,-0,-7.413983235e-33,0,0,0,0,0,0,0,0,0,0,0,0,0,0,0,0,0,-0,-0,-0,-0,-0,-0,-0,-0,0,0,0,0,0,0,0
0.312,-3.5,0,2,0,0,0,0,0,0,0,0,0,-4.33680869e-19,-0,-1.293984181e-34,-2.484808345e-17,-0,-7.413983235e-33,0,0,0,0,0,0,0,0,0,0,0,0,0,0,0,0,0,-0,-0,-0,-0,-0,-0,-0,-0,0,0,0,0,0,0,0
0.317,-3.5,0,2,0,0,0,0,0,0,0,0,0,-4.33680869e-19,-0,-1.293984181e-34,-2.484808345e-17,-0,-7.413983235e-33,0,0,0,0,0,0,0,0,0,0,0,0,0,0,0,0,0,-0,-0,-0,-0,-0,-0,-0,-0,0,0,0,0,0,0,0
0.322,-3.5,0,2,0,0,0,0,0,0,0,0,0,-4.33680869e-19,-0,-1.293984181e-34,-2.484808345e-17,-0,-7.413983235e-33,0,0,0,0,0,0,0,0,0,0,0,0,0,0,0,0,0,-0,-0,-0,-0,-0,-0,-0,-0,0,0,0,0,0,0,0
0.327,-3.5,0,2,0,0,0,0,0,0,0,0,0,-4.33680869e-19,-0,-1.293984181e-34,-2.484808345e-17,-0,-7.413983235e-33,0,0,0,0,0,0,0,0,0,0,0,0,0,0,0,0,0,-0,-0,-0,-0,-0,-0,-0,-0,0,0,0,0,0,0,0
0.332,-3.5,0,2,0,0,0,0,0,0,0,0,0,-4.33680869e-19,-0,-1.293984181e-34,-2.484808345e-17,-0,-7.413983235e-33,0,0,0,0,0,0,0,0,0,0,0,0,0,0,0,0,0,-0,-0,-0,-0,-0,-0,-0,-0,0,0,0,0,0,0,0
0.337,-3.5,0,2,0,0,0,0,0,0,0,0,0,-4.33680869e-19,-0,-1.293984181e-34,-2.484808345e-17,-0,-7.413983235e-33,0,0,0,0,0,0,0,0,0,0,0,0,0,0,0,0,0,-0,-0,-0,-0,-0,-0,-0,-0,0,0,0,0,0,0,0
0.342,-3.5,0,2,0,0,0,0,0,0,0,0,0,-4.33680869e-19,-0,-1.293984181e-34,-2.484808345e-17,-0,-7.413983235e-33,0,0,0,0,0,0,0,0,0,0,0,0,0,0,0,0,0,-0,-0,-0,-0,-0,-0,-0,-0,0,0,0,0,0,0,0
0.347,-3.5,0,2,0,0,0,0,0,0,0,0,0,-4.33680869e-19,-0,-1.293984181e-34,-2.484808345e-17,-0,-7.413983235e-33,0,0,0,0,0,0,0,0,0,0,0,0,0,0,0,0,0,-0,-0,-0,-0,-0,-0,-0,-0,0,0,0,0,0,0,0
0.352,-3.5,0,2,0,0,0,0,0,0,0,0,0,-4.33680869e-19,-0,-1.293984181e-34,-2.484808345e-17,-0,-7.413983235e-33,0,0,0,0,0,0,0,0,0,0,0,0,0,0,0,0,0,-0,-0,-0,-0,-0,-0,-0,-0,0,0,0,0,0,0,0
0.357,-3.5,0,2,0,0,0,0,0,0,0,0,0,-4.33680869e-19,-0,-1.293984181e-34,-2.484808345e-17,-0,-7.413983235e-33,0,0,0,0,0,0,0,0,0,0,0,0,0,0,0,0,0,-0,-0,-0,-0,-0,-0,-0,-0,0,0,0,0,0,0,0
0.362,-3.5,0,2,0,0,0,0,0,0,0,0,0,-4.33680869e-19,-0,-1.293984181e-34,-2.484808345e-17,-0,-7.413983235e-33,0,0,0,0,0,0,0,0,0,0,0,0,0,0,0,0,0,-0,-0,-0,-0,-0,-0,-0,-0,0,0,0,0,0,0,0
0.367,-3.5,0,2,0,0,0,0,0,0,0,0,0,-4.33680869e-19,-0,-1.293984181e-34,-2.484808345e-17,-0,-7.413983235e-33,0,0,0,0,0,0,0,0,0,0,0,0,0,0,0,0,0,-0,-0,-0,-0,-0,-0,-0,-0,0,0,0,0,0,0,0
0.372,-3.5,0,2,0,0,0,0,0,0,0,0,0,-4.33680869e-19,-0,-1.293984181e-34,-2.484808345e-17,-0,-7.413983235e-33,0,0,0,0,0,0,0,0,0,0,0,0,0,0,0,0,0,-0,-0,-0,-0,-0,-0,-0,-0,0,0,0,0,0,0,0
0.377,-3.5,0,2,0,0,0,0,0,0,0,0,0,-4.33680869e-19,-0,-1.293984181e-34,-2.484808345e-17,-0,-7.413983235e-33,0,0,0,0,0,0,0,0,0,0,0,0,0,0,0,0,0,-0,-0,-0,-0,-0,-0,-0,-0,0,0,0,0,0,0,0
0.382,-3.5,0,2,0,0,0,0,0,0,0,0,0,-4.33680869e-19,-0,-1.293984181e-34,-2.484808345e-17,-0,-7.413983235e-33,0,0,0,0,0,0,0,0,0,0,0,0,0,0,0,0,0,-0,-0,-0,-0,-0,-0,-0,-0,0,0,0,0,0,0,0
0.387,-3.5,0,2,0,0,0,0,0,0,0,0,0,-4.33680869e-19,-0,-1.293984181e-34,-2.484808345e-17,-0,-7.413983235e-33,0,0,0,0,0,0,0,0,0,0,0,0,0,0,0,0,0,-0,-0,-0,-0,-0,-0,-0,-0,0,0,0,0,0,0,0
0.392,-3.5,0,2,0,0,0,0,0,0,0,0,0,-4.33680869e-19,-0,-1.293984181e-34,-2.484808345e-17,-0,-7.413983235e-33,0,0,0,0,0,0,0,0,0,0,0,0,0,0,0,0,0,-0,-0,-0,-0,-0,-0,-0,-0,0,0,0,0,0,0,0
0.397,-3.5,0,2,0,0,0,0,0,0,0,0,0,-4.33680869e-19,-0,-1.293984181e-34,-2.484808345e-17,-0,-7.413983235e-33,0,0,0,0,0,0,0,0,0,0,0,0,0,0,0,0,0,-0,-0,-0,-0,-0,-0,-0,-0,0,0,0,0,0,0,0
0.402,-3.5,0,2,0,0,0,0,0,0,0,0,0,-4.33680869e-19,-0,-1.293984181e-34,-2.484808345e-17,-0,-7.413983235e-33,0,0,0,0,0,0,0,0,0,0,0,0,0,0,0,0,0,-0,-0,-0,-0,-0,-0,-0,-0,0,0,0,0,0,0,0
0.407,-3.5,0,2,0,0,0,0,0,0,0,0,0,-4.33680869e-19,-0,-1.293984181e-34,-2.484808345e-17,-0,-7.413983235e-33,0,0,0,0,0,0,0,0,0,0,0,0,0,0,0,0,0,-0,-0,-0,-0,-0,-0,-0,-0,0,0,0,0,0,0,0
0.412,-3.5,0,2,0,0,0,0,0,0,0,0,0,-4.33680869e-19,-0,-1.293984181e-34,-2.484808345e-17,-0,-7.413983235e-33,0,0,0,0,0,0,0,0,0,0,0,0,0,0,0,0,0,-0,-0,-0,-0,-0,-0,-0,-0,0,0,0,0,0,0,0
0.417,-3.5,0,2,0,0,0,0,0,0,0,0,0,-4.33680869e-19,-0,-1.293984181e-34,-2.484808345e-17,-0,-7.413983235e-33,0,0,0,0,0,0,0,0,0,0,0,0,0,0,0,0,0,-0,-0,-0,-0,-0,-0,-0,-0,0,0,0,0,0,0,0
0.422,-3.5,0,2,0,0,0,0,0,0,0,0,0,-4.33680869e-19,-0,-1.293984181e-34,-2.484808345e-17,-0,-7.413983235e-33,0,0,0,0,0,0,0,0,0,0,0,0,0,0,0,0,0,-0,-0,-0,-0,-0,-0,-0,-0,0,0,0,0,0,0,0
0.427,-3.5,0,2,0,0,0,0,0,0,0,0,0,-4.33680869e-19,-0,-1.293984181e-34,-2.484808345e-17,-0,-7.413983235e-33,0,0,0,0,0,0,0,0,0,0,0,0,0,0,0,0,0,-0,-0,-0,-0,-0,-0,-0,-0,0,0,0,0,0,0,0
0.432,-3.5,0,2,0,0,0,0,0,0,0,0,0,-4.33680869e-19,-0,-1.293984181e-34,-2.484808345e-17,-0,-7.413983235e-33,0,0,0,0,0,0,0,0,0,0,0,0,0,0,0,0,0,-0,-0,-0,-0,-0,-0,-0,-0,0,0,0,0,0,0,0
0.437,-3.5,0,2,0,0,0,0,0,0,0,0,0,-4.33680869e-19,-0,-1.293984181e-34,-2.484808345e-17,-0,-7.413983235e-33,0,0,0,0,0,0,0,0,0,0,0,0,0,0,0,0,0,-0,-0,-0,-0,-0,-0,-0,-0,0,0,0,0,0,0,0
0.442,-3.5,0,2,0,0,0,0,0,0,0,0,0,-4.33680869e-19,-0,-1.293984181e-34,-2.484808345e-17,-0,-7.413983235e-33,0,0,0,0,0,0,0,0,0,0,0,0,0,0,0,0,0,-0,-0,-0,-0,-0,-0,-0,-0,0,0,0,0,0,0,0
0.447,-3.5,0,2,0,0,0,0,0,0,0,0,0,-4.33680869e-19,-0,-1.293984181e-34,-2.484808345e-17,-0,-7.413983235e-33,0,0,0,0,0,0,0,0,0,0,0,0,0,0,0,0,0,-0,-0,-0,-0,-0,-0,-0,-0,0,0,0,0,0,0,0
0.452,-3.5,0,2,0,0,0,0,0,0,0,0,0,-4.33680869e-19,-0,-1.293984181e-34,-2.484808345e-17,-0,-7.413983235e-33,0,0,0,0,0,0,0,0,0,0,0,0,0,0,0,0,0,-0,-0,-0,-0,-0,-0,-0,-0,0,0,0,0,0,0,0
0.457,-3.5,0,2,0,0,0,0,0,0,0,0,0,-4.33680869e-19,-0,-1.293984181e-34,-2.484808345e-17,-0,-7.413983235e-33,0,0,0,0,0,0,0,0,0,0,0,0,0,0,0,0,0,-0,-0,-0,-0,-0,-0,-0,-0,0,0,0,0,0,0,0
0.462,-3.5,0,2,0,0,0,0,0,0,0,0,0,-4.33680869e-19,-0,-1.293984181e-34,-2.484808345e-17,-0,-7.413983235e-33,0,0,0,0,0,0,0,0,0,0,0,0,0,0,0,0,0,-0,-0,-0,-0,-0,-0,-0,-0,0,0,0,0,0,0,0
0.467,-3.5,0,2,0,0,0,0,0,0,0,0,0,-4.33680869e-19,-0,-1.293984181e-34,-2.484808345e-17,-0,-7.413983235e-33,0,0,0,0,0,0,0,0,0,0,0,0,0,0,0,0,0,-0,-0,-0,-0,-0,-0,-0,-0,0,0,0,0,0,0,0
0.472,-3.5,0,2,0,0,0,0,0,0,0,0,0,-4.33680869e-19,-0,-1.293984181e-34,-2.484808345e-17,-0,-7.413983235e-33,0,0,0,0,0,0,0,0,0,0,0,0,0,0,0,0,0,-0,-0,-0,-0,-0,-0,-0,-0,0,0,0,0,0,0,0
0.477,-3.5,0,2,0,0,0,0,0,0,0,0,0,-4.33680869e-19,-0,-1.293984181e-34,-2.484808345e-17,-0,-7.413983235e-33,0,0,0,0,0,0,0,0,0,0,0,0,0,0,0,0,0,-0,-0,-0,-0,-0,-0,-0,-0,0,0,0,0,0,0,0
0.482,-3.5,0,2,0,0,0,0,0,0,0,0,0,-4.33680869e-19,-0,-1.293984181e-34,-2.484808345e-17,-0,-7.413983235e-33,0,0,0,0,0,0,0,0,0,0,0,0,0,0,0,0,0,-0,-0,-0,-0,-0,-0,-0,-0,0,0,0,0,0,0,0
0.487,-3.5,0,2,0,0,0,0,0,0,0,0,0,-4.33680869e-19,-0,-1.293984181e-34,-2.484808345e-17,-0,-7.413983235e-33,0,0,0,0,0,0,0,0,0,0,0,0,0,0,0,0,0,-0,-0,-0,-0,-0,-0,-0,-0,0,0,0,0,0,0,0
0.492,-3.5,0,2,0,0,0,0,0,0,0,0,0,-4.33680869e-19,-0,-1.293984181e-34,-2.484808345e-17,-0,-7.413983235e-33,0,0,0,0,0,0,0,0,0,0,0,0,0,0,0,0,0,-0,-0,-0,-0,-0,-0,-0,-0,0,0,0,0,0,0,0
0.497,-3.5,0,2,0,0,0,0,0,0,0,0,0,-4.33680869e-19,-0,-1.293984181e-34,-2.484808345e-17,-0,-7.413983235e-33,0,0,0,0,0,0,0,0,0,0,0,0,0,0,0,0,0,-0,-0,-0,-0,-0,-0,-0,-0,0,0,0,0,0,0,0
0.5025,-3.5,0,2,0,0,0,0,0,0,0,0,0,-4.33680869e-19,-0,-1.293984181e-34,-2.484808345e-17,-0,-7.413983235e-33,0,0,0,0,0,0,0,0,0,0,0,0,0,0,0,0,0,-0,-0,-0,-0,-0,-0,-0,-0,0,0,0,0,0,0,0
0.508,-3.5,0,2,0,0,0,0,0,0,0,0,0,-4.33680869e-19,-0,-1.293984181e-34,-2.484808345e-17,-0,-7.413983235e-33,0,0,0,0,0,0,0,0,0,0,0,0,0,0,0,0,0,-0,-0,-0,-0,-0,-0,-0,-0,0,0,0,0,0,0,0
0.5135,-3.5,0,2,0,0,0,0,0,0,0,0,0,-4.33680869e-19,-0,-1.293984181e-34,-2.484808345e-17,-0,-7.413983235e-33,0,0,0,0,0,0,0,0,0,0,0,0,0,0,0,0,0,-0,-0,-0,-0,-0,-0,-0,-0,0,0,0,0,0,0,0
0.519,-3.5,0,2,0,0,0,0,0,0,0,0,0,-4.33680869e-19,-0,-1.293984181e-34,-2.484808345e-17,-0,-7.413983235e-33,0,0,0,0,0,0,0,0,0,0,0,0,0,0,0,0,0,-0,-0,-0,-0,-0,-0,-0,-0,0,0,0,0,0,0,0
0.5245,-3.5,0,2,0,0,0,0,0,0,0,0,0,-4.33680869e-19,-0,-1.293984181e-34,-2.484808345e-17,-0,-7.413983235e-33,0,0,0,0,0,0,0,0,0,0,0,0,0,0,0,0,0,-0,-0,-0,-0,-0,-0,-0,-0,0,0,0,0,0,0,0
0.53,-3.5,0,2,0,0,0,0,0,0,0,0,0,-4.33680869e-19,-0,-1.293984181e-34,-2.484808345e-17,-0,-7.413983235e-33,0,0,0,0,0,0,0,0,0,0,0,0,0,0,0,0,0,-0,-0,-0,-0,-0,-0,-0,-0,0,0,0,0,0,0,0
0.5355,-3.5,0,2,0,0,0,0,0,0,0,0,0,-4.33680869e-19,-0,-1.293984181e-34,-2.484808345e-17,-0,-7.413983235e-33,0,0,0,0,0,0,0,0,0,0,0,0,0,0,0,0,0,-0,-0,-0,-0,-0,-0,-0,-0,0,0,0,0,0,0,0
0.541,-3.5,0,2,0,0,0,0,0,0,0,0,0,-4.33680869e-19,-0,-1.293984181e-34,-2.484808345e-17,-0,-7.413983235e-33,0,0,0,0,0,0,0,0,0,0,0,0,0,0,0,0,0,-0,-0,-0,-0,-0,-0,-0,-0,0,0,0,0,0,0,0
0.5465,-3.5,0,2,0,0,0,0,0,0,0,0,0,-4.33680869e-19,-0,-1.293984181e-34,-2.484808345e-17,-0,-7.413983235e-33,0,0,0,0,0,0,0,0,0,0,0,0,0,0,0,0,0,-0,-0,-0,-0,-0,-0,-0,-0,0,0,0,0,0,0,0
0.552,-3.5,0,2,0,0,0,0,0,0,0,0,0,-4.33680869e-19,-0,-1.293984181e-34,-2.484808345e-17,-0,-7.413983235e-33,0,0,0,0,0,0,0,0,0,0,0,0,0,0,0,0,0,-0,-0,-0,-0,-0,-0,-0,-0,0,0,0,0,0,0,0
0.5575,-3.5,0,2,0,0,0,0,0,0,0,0,0,-4.33680869e-19,-0,-1.293984181e-34,-2.484808345e-17,-0,-7.413983235e-33,0,0,0,0,0,0,0,0,0,0,0,0,0,0,0,0,0,-0,-0,-0,-0,-0,-0,-0,-0,0,0,0,0,0,0,0
0.563,-3.5,0,2,0,0,0,0,0,0,0,0,0,-4.33680869e-19,-0,-1.293984181e-34,-2.484808345e-17,-0,-7.413983235e-33,0,0,0,0,0,0,0,0,0,0,0,0,0,0,0,0,0,-0,-0,-0,-0,-0,-0,-0,-0,0,0,0,0,0,0,0
0.5685,-3.5,0,2,0,0,0,0,0,0,0,0,0,-4.33680869e-19,-0,-1.293984181e-34,-2.484808345e-17,-0,-7.413983235e-33,0,0,0,0,0,0,0,0,0,0,0,0,0,0,0,0,0,-0,-0,-0,-0,-0,-0,-0,-0,0,0,0,0,0,0,0
0.574,-3.5,0,2,0,0,0,0,0,0,0,0,0,-4.33680869e-19,-0,-1.293984181e-34,-2.484808345e-17,-0,-7.413983235e-33,0,0,0,0,0,0,0,0,0,0,0,0,0,0,0,0,0,-0,-0,-0,-0,-0,-0,-0,-0,0,0,0,0,0,0,0
0.5795,-3.5,0,2,0,0,0,0,0,0,0,0,0,-4.33680869e-19,-0,-1.293984181e-34,-2.484808345e-17,-0,-7.413983235e-33,0,0,0,0,0,0,0,0,0,0,0,0,0,0,0,0,0,-0,-0,-0,-0,-0,-0,-0,-0,0,0,0,0,0,0,0
0.585,-3.5,0,2,0,0,0,0,0,0,0,0,0,-4.33680869e-19,-0,-1.293984181e-34,-2.484808345e-17,-0,-7.413983235e-33,0,0,0,0,0,0,0,0,0,0,0,0,0,0,0,0,0,-0,-0,-0,-0,-0,-0,-0,-0,0,0,0,0,0,0,0
0.5905,-3.5,0,2,0,0,0,0,0,0,0,0,0,-4.33680869e-19,-0,-1.293984181e-34,-2.484808345e-17,-0,-7.413983235e-33,0,0,0,0,0,0,0,0,0,0,0,0,0,0,0,0,0,-0,-0,-0,-0,-0,-0,-0,-0,0,0,0,0,0,0,0
0.596,-3.5,0,2,0,0,0,0,0,0,0,0,0,-4.33680869e-19,-0,-1.293984181e-34,-2.484808345e-17,-0,-7.413983235e-33,0,0,0,0,0,0,0,0,0,0,0,0,0,0,0,0,0,-0,-0,-0,-0,-0,-0,-0,-0,0,0,0,0,0,0,0
0.6015,-3.5,0,2,0,0,0,0,0,0,0,0,0,-4.33680869e-19,-0,-1.293984181e-34,-2.484808345e-17,-0,-7.413983235e-33,0,0,0,0,0,0,0,0,0,0,0,0,0,0,0,0,0,-0,-0,-0,-0,-0,-0,-0,-0,0,0,0,0,0,0,0
0.607,-3.5,0,2,0,0,0,0,0,0,0,0,0,-4.33680869e-19,-0,-1.293984181e-34,-2.484808345e-17,-0,-7.413983235e-33,0,0,0,0,0,0,0,0,0,0,0,0,0,0,0,0,0,-0,-0,-0,-0,-0,-0,-0,-0,0,0,0,0,0,0,0
0.6125,-3.5,0,2,0,0,0,0,0,0,0,0,0,-4.33680869e-19,-0,-1.293984181e-34,-2.484808345e-17,-0,-7.413983235e-33,0,0,0,0,0,0,0,0,0,0,0,0,0,0,0,0,0,-0,-0,-0,-0,-0,-0,-0,-0,0,0,0,0,0,0,0
0.618,-3.5,0,2,0,0,0,0,0,0,0,0,0,-4.33680869e-19,-0,-1.293984181e-34,-2.484808345e-17,-0,-7.413983235e-33,0,0,0,0,0,0,0,0,0,0,0,0,0,0,0,0,0,-0,-0,-0,-0,-0,-0,-0,-0,0,0,0,0,0,0,0
0.6235,-3.5,0,2,0,0,0,0,0,0,0,0,0,-4.33680869e-19,-0,-1.293984181e-34,-2.484808345e-17,-0,-7.413983235e-33,0,0,0,0,0,0,0,0,0,0,0,0,0,0,0,0,0,-0,-0,-0,-0,-0,-0,-0,-0,0,0,0,0,0,0,0
0.629,-3.5,0,2,0,0,0,0,0,0,0,0,0,-4.33680869e-19,-0,-1.293984181e-34,-2.484808345e-17,-0,-7.413983235e-33,0,0,0,0,0,0,0,0,0,0,0,0,0,0,0,0,0,-0,-0,-0,-0,-0,-0,-0,-0,0,0,0,0,0,0,0
0.6345,-3.5,0,2,0,0,0,0,0,0,0,0,0,-4.33680869e-19,-0,-1.293984181e-34,-2.484808345e-17,-0,-7.413983235e-33,0,0,0,0,0,0,0,0,0,0,0,0,0,0,0,0,0,-0,-0,-0,-0,-0,-0,-0,-0,0,0,0,0,0,0,0
0.64,-3.5,0,2,0,0,0,0,0,0,0,0,0,-4.33680869e-19,-0,-1.293984181e-34,-2.484808345e-17,-0,-7.413983235e-33,0,0,0,0,0,0,0,0,0,0,0,0,0,0,0,0,0,-0,-0,-0,-0,-0,-0,-0,-0,0,0,0,0,0,0,0
0.6455,-3.5,0,2,0,0,0,0,0,0,0,0,0,-4.33680869e-19,-0,-1.293984181e-34,-2.484808345e-17,-0,-7.413983235e-33,0,0,0,0,0,0,0,0,0,0,0,0,0,0,0,0,0,-0,-0,-0,-0,-0,-0,-0,-0,0,0,0,0,0,0,0
0.651,-3.5,0,2,0,0,0,0,0,0,0,0,0,-4.33680869e-19,-0,-1.293984181e-34,-2.484808345e-17,-0,-7.413983235e-33,0,0,0,0,0,0,0,0,0,0,0,0,0,0,0,0,0,-0,-0,-0,-0,-0,-0,-0,-0,0,0,0,0,0,0,0
0.6565,-3.5,0,2,0,0,0,0,0,0,0,0,0,-4.33680869e-19,-0,-1.293984181e-34,-2.484808345e-17,-0,-7.413983235e-33,0,0,0,0,0,0,0,0,0,0,0,0,0,0,0,0,0,-0,-0,-0,-0,-0,-0,-0,-0,0,0,0,0,0,0,0
0.662,-3.5,0,2,0,0,0,0,0,0,0,0,0,-4.33680869e-19,-0,-1.293984181e-34,-2.484808345e-17,-0,-7.413983235e-33,0,0,0,0,0,0,0,0,0,0,0,0,0,0,0,0,0,-0,-0,-0,-0,-0,-0,-0,-0,0,0,0,0,0,0,0
0.6675,-3.5,0,2,0,0,0,0,0,0,0,0,0,-4.33680869e-19,-0,-1.293984181e-34,-2.484808345e-17,-0,-7.413983235e-33,0,0,0,0,0,0,0,0,0,0,0,0,0,0,0,0,0,-0,-0,-0,-0,-0,-0,-0,-0,0,0,0,0,0,0,0
0.673,-3.5,0,2,0,0,0,0,0,0,0,0,0,-4.33680869e-19,-0,-1.293984181e-34,-2.484808345e-17,-0,-7.413983235e-33,0,0,0,0,0,0,0,0,0,0,0,0,0,0,0,0,0,-0,-0,-0,-0,-0,-0,-0,-0,0,0,0,0,0,0,0
0.6785,-3.5,0,2,0,0,0,0,0,0,0,0,0,-4.33680869e-19,-0,-1.293984181e-34,-2.484808345e-17,-0,-7.413983235e-33,0,0,0,0,0,0,0,0,0,0,0,0,0,0,0,0,0,-0,-0,-0,-0,-0,-0,-0,-0,0,0,0,0,0,0,0
0.684,-3.5,0,2,0,0,0,0,0,0,0,0,0,-4.33680869e-19,-0,-1.293984181e-34,-2.484808345e-17,-0,-7.413983235e-33,0,0,0,0,0,0,0,0,0,0,0,0,0,0,0,0,0,-0,-0,-0,-0,-0,-0,-0,-0,0,0,0,0,0,0,0
0.6895,-3.5,0,2,0,0,0,0,0,0,0,0,0,-4.33680869e-19,-0,-1.293984181e-34,-2.484808345e-17,-0,-7.413983235e-33,0,0,0,0,0,0,0,0,0,0,0,0,0,0,0,0,0,-0,-0,-0,-0,-0,-0,-0,-0,0,0,0,0,0,0,0
0.695,-3.5,0,2,0,0,0,0,0,0,0,0,0,-4.33680869e-19,-0,-1.293984181e-34,-2.484808345e-17,-0,-7.413983235e-33,0,0,0,0,0,0,0,0,0,0,0,0,0,0,0,0,0,-0,-0,-0,-0,-0,-0,-0,-0,0,0,0,0,0,0,0
0.7005,-3.5,0,2,0,0,0,0,0,0,0,0,0,-4.33680869e-19,-0,-1.293984181e-34,-2.484808345e-17,-0,-7.413983235e-33,0,0,0,0,0,0,0,0,0,0,0,0,0,0,0,0,0,-0,-0,-0,-0,-0,-0,-0,-0,0,0,0,0,0,0,0
0.706,-3.5,0,2,0,0,0,0,0,0,0,0,0,-4.33680869e-19,-0,-1.293984181e-34,-2.484808345e-17,-0,-7.413983235e-33,0,0,0,0,0,0,0,0,0,0,0,0,0,0,0,0,0,-0,-0,-0,-0,-0,-0,-0,-0,0,0,0,0,0,0,0
0.7115,-3.5,0,2,0,0,0,0,0,0,0,0,0,-4.33680869e-19,-0,-1.293984181e-34,-2.484808345e-17,-0,-7.413983235e-33,0,0,0,0,0,0,0,0,0,0,0,0,0,0,0,0,0,-0,-0,-0,-0,-0,-0,-0,-0,0,0,0,0,0,0,0
0.717,-3.5,0,2,0,0,0,0,0,0,0,0,0,-4.33680869e-19,-0,-1.293984181e-34,-2.484808345e-17,-0,-7.413983235e-33,0,0,0,0,0,0,0,0,0,0,0,0,0,0,0,0,0,-0,-0,-0,-0,-0,-0,-0,-0,0,0,0,0,0,0,0
0.7225,-3.5,0,2,0,0,0,0,0,0,0,0,0,-4.33680869e-19,-0,-1.293984181e-34,-2.484808345e-17,-0,-7.413983235e-33,0,0,0,0,0,0,0,0,0,0,0,0,0,0,0,0,0,-0,-0,-0,-0,-0,-0,-0,-0,0,0,0,0,0,0,0
0.728,-3.5,0,2,0,0,0,0,0,0,0,0,0,-4.33680869e-19,-0,-1.293984181e-34,-2.484808345e-17,-0,-7.413983235e-33,0,0,0,0,0,0,0,0,0,0,0,0,0,0,0,0,0,-0,-0,-0,-0,-0,-0,-0,-0,0,0,0,0,0,0,0
0.7335,-3.5,0,2,0,0,0,0,0,0,0,0,0,-4.33680869e-19,-0,-1.293984181e-34,-2.484808345e-17,-0,-7.413983235e-33,0,0,0,0,0,0,0,0,0,0,0,0,0,0,0,0,0,-0,-0,-0,-0,-0,-0,-0,-0,0,0,0,0,0,0,0
0.739,-3.5,0,2,0,0,0,0,0,0,0,0,0,-4.33680869e-19,-0,-1.293984181e-34,-2.484808345e-17,-0,-7.413983235e-33,0,0,0,0,0,0,0,0,0,0,0,0,0,0,0,0,0,-0,-0,-0,-0,-0,-0,-0,-0,0,0,0,0,0,0,0
0.7445,-3.5,0,2,0,0,0,0,0,0,0,0,0,-4.33680869e-19,-0,-1.293984181e-34,-2.484808345e-17,-0,-7.413983235e-33,0,0,0,0,0,0,0,0,0,0,0,0,0,0,0,0,0,-0,-0,-0,-0,-0,-0,-0,-0,0,0,0,0,0,0,0
0.75,-3.5,0,2,0,0,0,0,0,0,0,0,0,-4.33680869e-19,-0,-1.293984181e-34,-2.484808345e-17,-0,-7.413983235e-33,0,0,0,0,0,0,0,0,0,0,0,0,0,0,0,0,0,-0,-0,-0,-0,-0,-0,-0,-0,0,0,0,0,0,0,0
0.7555,-3.5,0,2,0,0,0,0,0,0,0,0,0,-4.33680869e-19,-0,-1.293984181e-34,-2.484808345e-17,-0,-7.413983235e-33,0,0,0,0,0,0,0,0,0,0,0,0,0,0,0,0,0,-0,-0,-0,-0,-0,-0,-0,-0,0,0,0,0,0,0,0
0.761,-3.5,0,2,0,0,0,0,0,0,0,0,0,-4.33680869e-19,-0,-1.293984181e-34,-2.484808345e-17,-0,-7.413983235e-33,0,0,0,0,0,0,0,0,0,0,0,0,0,0,0,0,0,-0,-0,-0,-0,-0,-0,-0,-0,0,0,0,0,0,0,0
0.7665,-3.5,0,2,0,0,0,0,0,0,0,0,0,-4.33680869e-19,-0,-1.293984181e-34,-2.484808345e-17,-0,-7.413983235e-33,0,0,0,0,0,0,0,0,0,0,0,0,0,0,0,0,0,-0,-0,-0,-0,-0,-0,-0,-0,0,0,0,0,0,0,0
0.772,-3.5,0,2,0,0,0,0,0,0,0,0,0,-4.33680869e-19,-0,-1.293984181e-34,-2.484808345e-17,-0,-7.413983235e-33,0,0,0,0,0,0,0,0,0,0,0,0,0,0,0,0,0,-0,-0,-0,-0,-0,-0,-0,-0,0,0,0,0,0,0,0
0.7775,-3.5,0,2,0,0,0,0,0,0,0,0,0,-4.33680869e-19,-0,-1.293984181e-34,-2.484808345e-17,-0,-7.413983235e-33,0,0,0,0,0,0,0,0,0,0,0,0,0,0,0,0,0,-0,-0,-0,-0,-0,-0,-0,-0,0,0,0,0,0,0,0
0.783,-3.5,0,2,0,0,0,0,0,0,0,0,0,-4.33680869e-19,-0,-1.293984181e-34,-2.484808345e-17,-0,-7.413983235e-33,0,0,0,0,0,0,0,0,0,0,0,0,0,0,0,0,0,-0,-0,-0,-0,-0,-0,-0,-0,0,0,0,0,0,0,0
0.7885,-3.5,0,2,0,0,0,0,0,0,0,0,0,-4.33680869e-19,-0,-1.293984181e-34,-2.484808345e-17,-0,-7.413983235e-33,0,0,0,0,0,0,0,0,0,0,0,0,0,0,0,0,0,-0,-0,-0,-0,-0,-0,-0,-0,0,0,0,0,0,0,0
0.794,-3.5,0,2,0,0,0,0,0,0,0,0,0,-4.33680869e-19,-0,-1.293984181e-34,-2.484808345e-17,-0,-7.413983235e-33,0,0,0,0,0,0,0,0,0,0,0,0,0,0,0,0,0,-0,-0,-0,-0,-0,-0,-0,-0,0,0,0,0,0,0,0
0.7995,-3.5,0,2,0,0,0,0,0,0,0,0,0,-4.33680869e-19,-0,-1.293984181e-34,-2.484808345e-17,-0,-7.413983235e-33,0,0,0,0,0,0,0,0,0,0,0,0,0,0,0,0,0,-0,-0,-0,-0,-0,-0,-0,-0,0,0,0,0,0,0,0
0.805,-3.5,0,2,0,0,0,0,0,0,0,0,0,-4.33680869e-19,-0,-1.293984181e-34,-2.484808345e-17,-0,-7.413983235e-33,0,0,0,0,0,0,0,0,0,0,0,0,0,0,0,0,0,-0,-0,-0,-0,-0,-0,-0,-0,0,0,0,0,0,0,0
0.8105,-3.5,0,2,0,0,0,0,0,0,0,0,0,-4.33680869e-19,-0,-1.293984181e-34,-2.484808345e-17,-0,-7.413983235e-33,0,0,0,0,0,0,0,0,0,0,0,0,0,0,0,0,0,-0,-0,-0,-0,-0,-0,-0,-0,0,0,0,0,0,0,0
0.816,-3.5,0,2,0,0,0,0,0,0,0,0,0,-4.33680869e-19,-0,-1.293984181e-34,-2.484808345e-17,-0,-7.413983235e-33,0,0,0,0,0,0,0,0,0,0,0,0,0,0,0,0,0,-0,-0,-0,-0,-0,-0,-0,-0,0,0,0,0,0,0,0
0.8215,-3.5,0,2,0,0,0,0,0,0,0,0,0,-4.33680869e-19,-0,-1.293984181e-34,-2.484808345e-17,-0,-7.413983235e-33,0,0,0,0,0,0,0,0,0,0,0,0,0,0,0,0,0,-0,-0,-0,-0,-0,-0,-0,-0,0,0,0,0,0,0,0
0.827,-3.5,0,2,0,0,0,0,0,0,0,0,0,-4.33680869e-19,-0,-1.293984181e-34,-2.484808345e-17,-0,-7.413983235e-33,0,0,0,0,0,0,0,0,0,0,0,0,0,0,0,0,0,-0,-0,-0,-0,-0,-0,-0,-0,0,0,0,0,0,0,0
0.8325,-3.5,0,2,0,0,0,0,0,0,0,0,0,-4.33680869e-19,-0,-1.293984181e-34,-2.484808345e-17,-0,-7.413983235e-33,0,0,0,0,0,0,0,0,0,0,0,0,0,0,0,0,0,-0,-0,-0,-0,-0,-0,-0,-0,0,0,0,0,0,0,0
0.838,-3.5,0,2,0,0,0,0,0,0,0,0,0,-4.33680869e-19,-0,-1.293984181e-34,-2.484808345e-17,-0,-7.413983235e-33,0,0,0,0,0,0,0,0,0,0,0,0,0,0,0,0,0,-0,-0,-0,-0,-0,-0,-0,-0,0,0,0,0,0,0,0
0.8435,-3.5,0,2,0,0,0,0,0,0,0,0,0,-4.33680869e-19,-0,-1.293984181e-34,-2.484808345e-17,-0,-7.413983235e-33,0,0,0,0,0,0,0,0,0,0,0,0,0,0,0,0,0,-0,-0,-0,-0,-0,-0,-0,-0,0,0,0,0,0,0,0
0.849,-3.5,0,2,0,0,0,0,0,0,0,0,0,-4.33680869e-19,-0,-1.293984181e-34,-2.484808345e-17,-0,-7.413983235e-33,0,0,0,0,0,0,0,0,0,0,0,0,0,0,0,0,0,-0,-0,-0,-0,-0,-0,-0,-0,0,0,0,0,0,0,0
0.8545,-3.5,0,2,0,0,0,0,0,0,0,0,0,-4.33680869e-19,-0,-1.293984181e-34,-2.484808345e-17,-0,-7.413983235e-33,0,0,0,0,0,0,0,0,0,0,0,0,0,0,0,0,0,-0,-0,-0,-0,-0,-0,-0,-0,0,0,0,0,0,0,0
0.86,-3.5,0,2,0,0,0,0,0,0,0,0,0,-4.33680869e-19,-0,-1.293984181e-34,-2.484808345e-17,-0,-7.413983235e-33,0,0,0,0,0,0,0,0,0,0,0,0,0,0,0,0,0,-0,-0,-0,-0,-0,-0,-0,-0,0,0,0,0,0,0,0
0.8655,-3.5,0,2,0,0,0,0,0,0,0,0,0,-4.33680869e-19,-0,-1.293984181e-34,-2.484808345e-17,-0,-7.413983235e-33,0,0,0,0,0,0,0,0,0,0,0,0,0,0,0,0,0,-0,-0,-0,-0,-0,-0,-0,-0,0,0,0,0,0,0,0
0.871,-3.5,0,2,0,0,0,0,0,0,0,0,0,-4.33680869e-19,-0,-1.293984181e-34,-2.484808345e-17,-0,-7.413983235e-33,0,0,0,0,0,0,0,0,0,0,0,0,0,0,0,0,0,-0,-0,-0,-0,-0,-0,-0,-0,0,0,0,0,0,0,0
0.8765,-3.5,0,2,0,0,0,0,0,0,0,0,0,-4.33680869e-19,-0,-1.293984181e-34,-2.484808345e-17,-0,-7.413983235e-33,0,0,0,0,0,0,0,0,0,0,0,0,0,0,0,0,0,-0,-0,-0,-0,-0,-0,-0,-0,0,0,0,0,0,0,0
0.882,-3.5,0,2,0,0,0,0,0,0,0,0,0,-4.33680869e-19,-0,-1.293984181e-34,-2.484808345e-17,-0,-7.413983235e-33,0,0,0,0,0,0,0,0,0,0,0,0,0,0,0,0,0,-0,-0,-0,-0,-0,-0,-0,-0,0,0,0,0,0,0,0
0.8875,-3.5,0,2,0,0,0,0,0,0,0,0,0,-4.33680869e-19,-0,-1.293984181e-34,-2.484808345e-17,-0,-7.413983235e-33,0,0,0,0,0,0,0,0,0,0,0,0,0,0,0,0,0,-0,-0,-0,-0,-0,-0,-0,-0,0,0,0,0,0,0,0
0.893,-3.5,0,2,0,0,0,0,0,0,0,0,0,-4.33680869e-19,-0,-1.293984181e-34,-2.484808345e-17,-0,-7.413983235e-33,0,0,0,0,0,0,0,0,0,0,0,0,0,0,0,0,0,-0,-0,-0,-0,-0,-0,-0,-0,0,0,0,0,0,0,0
0.8985,-3.5,0,2,0,0,0,0,0,0,0,0,0,-4.33680869e-19,-0,-1.293984181e-34,-2.484808345e-17,-0,-7.413983235e-33,0,0,0,0,0,0,0,0,0,0,0,0,0,0,0,0,0,-0,-0,-0,-0,-0,-0,-0,-0,0,0,0,0,0,0,0
0.904,-3.5,0,2,0,0,0,0,0,0,0,0,0,-4.33680869e-19,-0,-1.293984181e-34,-2.484808345e-17,-0,-7.413983235e-33,0,0,0,0,0,0,0,0,0,0,0,0,0,0,0,0,0,-0,-0,-0,-0,-0,-0,-0,-0,0,0,0,0,0,0,0
0.9095,-3.5,0,2,0,0,0,0,0,0,0,0,0,-4.33680869e-19,-0,-1.293984181e-34,-2.484808345e-17,-0,-7.413983235e-33,0,0,0,0,0,0,0,0,0,0,0,0,0,0,0,0,0,-0,-0,-0,-0,-0,-0,-0,-0,0,0,0,0,0,0,0
0.915,-3.5,0,2,0,0,0,0,0,0,0,0,0,-4.33680869e-19,-0,-1.293984181e-34,-2.484808345e-17,-0,-7.413983235e-33,0,0,0,0,0,0,0,0,0,0,0,0,0,0,0,0,0,-0,-0,-0,-0,-0,-0,-0,-0,0,0,0,0,0,0,0
0.9205,-3.5,0,2,0,0,0,0,0,0,0,0,0,-4.33680869e-19,-0,-1.293984181e-34,-2.484808345e-17,-0,-7.413983235e-33,0,0,0,0,0,0,0,0,0,0,0,0,0,0,0,0,0,-0,-0,-0,-0,-0,-0,-0,-0,0,0,0,0,0,0,0
0.926,-3.5,0,2,0,0,0,0,0,0,0,0,0,-4.33680869e-19,-0,-1.293984181e-34,-2.484808345e-17,-0,-7.413983235e-33,0,0,0,0,0,0,0,0,0,0,0,0,0,0,0,0,0,-0,-0,-0,-0,-0,-0,-0,-0,0,0,0,0,0,0,0
0.9315,-3.5,0,2,0,0,0,0,0,0,0,0,0,-4.33680869e-19,-0,-1.293984181e-34,-2.484808345e-17,-0,-7.413983235e-33,0,0,0,0,0,0,0,0,0,0,0,0,0,0,0,0,0,-0,-0,-0,-0,-0,-0,-0,-0,0,0,0,0,0,0,0
0.937,-3.5,0,2,0,0,0,0,0,0,0,0,0,-4.33680869e-19,-0,-1.293984181e-34,-2.484808345e-17,-0,-7.413983235e-33,0,0,0,0,0,0,0,0,0,0,0,0,0,0,0,0,0,-0,-0,-0,-0,-0,-0,-0,-0,0,0,0,0,0,0,0
0.9425,-3.5,0,2,0,0,0,0,0,0,0,0,0,-4.33680869e-19,-0,-1.293984181e-34,-2.484808345e-17,-0,-7.413983235e-33,0,0,0,0,0,0,0,0,0,0,0,0,0,0,0,0,0,-0,-0,-0,-0,-0,-0,-0,-0,0,0,0,0,0,0,0
0.948,-3.5,0,2,0,0,0,0,0,0,0,0,0,-4.33680869e-19,-0,-1.293984181e-34,-2.484808345e-17,-0,-7.413983235e-33,0,0,0,0,0,0,0,0,0,0,0,0,0,0,0,0,0,-0,-0,-0,-0,-0,-0,-0,-0,0,0,0,0,0,0,0
0.9535,-3.5,0,2,0,0,0,0,0,0,0,0,0,-4.33680869e-19,-0,-1.293984181e-34,-2.484808345e-17,-0,-7.413983235e-33,0,0,0,0,0,0,0,0,0,0,0,0,0,0,0,0,0,-0,-0,-0,-0,-0,-0,-0,-0,0,0,0,0,0,0,0
0.959,-3.5,0,2,0,0,0,0,0,0,0,0,0,-4.33680869e-19,-0,-1.293984181e-34,-2.484808345e-17,-0,-7.413983235e-33,0,0,0,0,0,0,0,0,0,0,0,0,0,0,0,0,0,-0,-0,-0,-0,-0,-0,-0,-0,0,0,0,0,0,0,0
0.9645,-3.5,0,2,0,0,0,0,0,0,0,0,0,-4.33680869e-19,-0,-1.293984181e-34,-2.484808345e-17,-0,-7.413983235e-33,0,0,0,0,0,0,0,0,0,0,0,0,0,0,0,0,0,-0,-0,-0,-0,-0,-0,-0,-0,0,0,0,0,0,0,0
0.97,-3.5,0,2,0,0,0,0,0,0,0,0,0,-4.33680869e-19,-0,-1.293984181e-34,-2.484808345e-17,-0,-7.413983235e-33,0,0,0,0,0,0,0,0,0,0,0,0,0,0,0,0,0,-0,-0,-0,-0,-0,-0,-0,-0,0,0,0,0,0,0,0
0.9755,-3.5,0,2,0,0,0,0,0,0,0,0,0,-4.33680869e-19,-0,-1.293984181e-34,-2.484808345e-17,-0,-7.413983235e-33,0,0,0,0,0,0,0,0,0,0,0,0,0,0,0,0,0,-0,-0,-0,-0,-0,-0,-0,-0,0,0,0,0,0,0,0
0.981,-3.5,0,2,0,0,0,0,0,0,0,0,0,-4.33680869e-19,-0,-1.293984181e-34,-2.484808345e-17,-0,-7.413983235e-33,0,0,0,0,0,0,0,0,0,0,0,0,0,0,0,0,0,-0,-0,-0,-0,-0,-0,-0,-0,0,0,0,0,0,0,0
0.9865,-3.5,0,2,0,0,0,0,0,0,0,0,0,-4.33680869e-19,-0,-1.293984181e-34,-2.484808345e-17,-0,-7.413983235e-33,0,0,0,0,0,0,0,0,0,0,0,0,0,0,0,0,0,-0,-0,-0,-0,-0,-0,-0,-0,0,0,0,0,0,0,0
0.992,-3.5,0,2,0,0,0,0,0,0,0,0,0,-4.33680869e-19,-0,-1.293984181e-34,-2.484808345e-17,-0,-7.413983235e-33,0,0,0,0,0,0,0,0,0,0,0,0,0,0,0,0,0,-0,-0,-0,-0,-0,-0,-0,-0,0,0,0,0,0,0,0
0.9975,-3.5,0,2,0,0,0,0,0,0,0,0,0,-4.33680869e-19,-0,-1.293984181e-34,-2.484808345e-17,-0,-7.413983235e-33,0,0,0,0,0,0,0,0,0,0,0,0,0,0,0,0,0,-0,-0,-0,-0,-0,-0,-0,-0,0,0,0,0,0,0,0
1.003,-3.5,0,2,0,0,0,0,0,0,0,0,0,-4.33680869e-19,-0,-1.293984181e-34,-2.484808345e-17,-0,-7.413983235e-33,0,0,0,0,0,0,0,0,0,0,0,0,0,0,0,0,0,-0,-0,-0,-0,-0,-0,-0,-0,0,0,0,0,0,0,0
1.0085,-3.5,0,2,0,0,0,0,0,0,0,0,0,-4.33680869e-19,-0,-1.293984181e-34,-2.484808345e-17,-0,-7.413983235e-33,0,0,0,0,0,0,0,0,0,0,0,0,0,0,0,0,0,-0,-0,-0,-0,-0,-0,-0,-0,0,0,0,0,0,0,0
1.014,-3.5,0,2,0,0,0,0,0,0,0,0,0,-4.33680869e-19,-0,-1.293984181e-34,-2.484808345e-17,-0,-7.413983235e-33,0,0,0,0,0,0,0,0,0,0,0,0,0,0,0,0,0,-0,-0,-0,-0,-0,-0,-0,-0,0,0,0,0,0,0,0
1.0195,-3.5,0,2,0,0,0,0,0,0,0,0,0,-4.33680869e-19,-0,-1.293984181e-34,-2.484808345e-17,-0,-7.413983235e-33,0,0,0,0,0,0,0,0,0,0,0,0,0,0,0,0,0,-0,-0,-0,-0,-0,-0,-0,-0,0,0,0,0,0,0,0
1.025,-3.5,0,2,0,0,0,0,0,0,0,0,0,-4.33680869e-19,-0,-1.293984181e-34,-2.484808345e-17,-0,-7.413983235e-33,0,0,0,0,0,0,0,0,0,0,0,0,0,0,0,0,0,-0,-0,-0,-0,-0,-0,-0,-0,0,0,0,0,0,0,0
1.0305,-3.5,0,2,0,0,0,0,0,0,0,0,0,-4.33680869e-19,-0,-1.293984181e-34,-2.484808345e-17,-0,-7.413983235e-33,0,0,0,0,0,0,0,0,0,0,0,0,0,0,0,0,0,-0,-0,-0,-0,-0,-0,-0,-0,0,0,0,0,0,0,0
1.036,-3.5,0,2,0,0,0,0,0,0,0,0,0,-4.33680869e-19,-0,-1.293984181e-34,-2.484808345e-17,-0,-7.413983235e-33,0,0,0,0,0,0,0,0,0,0,0,0,0,0,0,0,0,-0,-0,-0,-0,-0,-0,-0,-0,0,0,0,0,0,0,0
1.0415,-3.5,0,2,0,0,0,0,0,0,0,0,0,-4.33680869e-19,-0,-1.293984181e-34,-2.484808345e-17,-0,-7.413983235e-33,0,0,0,0,0,0,0,0,0,0,0,0,0,0,0,0,0,-0,-0,-0,-0,-0,-0,-0,-0,0,0,0,0,0,0,0
1.047,-3.5,0,2,0,0,0,0,0,0,0,0,0,-4.33680869e-19,-0,-1.293984181e-34,-2.484808345e-17,-0,-7.413983235e-33,0,0,0,0,0,0,0,0,0,0,0,0,0,0,0,0,0,-0,-0,-0,-0,-0,-0,-0,-0,0,0,0,0,0,0,0
1.0525,-3.5,0,2,0,0,0,0,0,0,0,0,0,-4.33680869e-19,-0,-1.293984181e-34,-2.484808345e-17,-0,-7.413983235e-33,0,0,0,0,0,0,0,0,0,0,0,0,0,0,0,0,0,-0,-0,-0,-0,-0,-0,-0,-0,0,0,0,0,0,0,0
1.058,-3.5,0,2,0,0,0,0,0,0,0,0,0,-4.33680869e-19,-0,-1.293984181e-34,-2.484808345e-17,-0,-7.413983235e-33,0,0,0,0,0,0,0,0,0,0,0,0,0,0,0,0,0,-0,-0,-0,-0,-0,-0,-0,-0,0,0,0,0,0,0,0
1.0635,-3.5,0,2,0,0,0,0,0,0,0,0,0,-4.33680869e-19,-0,-1.293984181e-34,-2.484808345e-17,-0,-7.413983235e-33,0,0,0,0,0,0,0,0,0,0,0,0,0,0,0,0,0,-0,-0,-0,-0,-0,-0,-0,-0,0,0,0,0,0,0,0
1.069,-3.5,0,2,0,0,0,0,0,0,0,0,0,-4.33680869e-19,-0,-1.293984181e-34,-2.484808345e-17,-0,-7.413983235e-33,0,0,0,0,0,0,0,0,0,0,0,0,0,0,0,0,0,-0,-0,-0,-0,-0,-0,-0,-0,0,0,0,0,0,0,0
1.0745,-3.5,0,2,0,0,0,0,0,0,0,0,0,-4.33680869e-19,-0,-1.293984181e-34,-2.484808345e-17,-0,-7.413983235e-33,0,0,0,0,0,0,0,0,0,0,0,0,0,0,0,0,0,-0,-0,-0,-0,-0,-0,-0,-0,0,0,0,0,0,0,0
1.08,-3.5,0,2,0,0,0,0,0,0,0,0,0,-4.33680869e-19,-0,-1.293984181e-34,-2.484808345e-17,-0,-7.413983235e-33,0,0,0,0,0,0,0,0,0,0,0,0,0,0,0,0,0,-0,-0,-0,-0,-0,-0,-0,-0,0,0,0,0,0,0,0
1.0855,-3.5,0,2,0,0,0,0,0,0,0,0,0,-4.33680869e-19,-0,-1.293984181e-34,-2.484808345e-17,-0,-7.413983235e-33,0,0,0,0,0,0,0,0,0,0,0,0,0,0,0,0,0,-0,-0,-0,-0,-0,-0,-0,-0,0,0,0,0,0,0,0
1.091,-3.5,0,2,0,0,0,0,0,0,0,0,0,-4.33680869e-19,-0,-1.293984181e-34,-2.484808345e-17,-0,-7.413983235e-33,0,0,0,0,0,0,0,0,0,0,0,0,0,0,0,0,0,-0,-0,-0,-0,-0,-0,-0,-0,0,0,0,0,0,0,0
1.0965,-3.5,0,2,0,0,0,0,0,0,0,0,0,-4.33680869e-19,-0,-1.293984181e-34,-2.484808345e-17,-0,-7.413983235e-33,0,0,0,0,0,0,0,0,0,0,0,0,0,0,0,0,0,-0,-0,-0,-0,-0,-0,-0,-0,0,0,0,0,0,0,0
1.102,-3.5,0,2,0,0,0,0,0,0,0,0,0,-4.33680869e-19,-0,-1.293984181e-34,-2.484808345e-17,-0,-7.413983235e-33,0,0,0,0,0,0,0,0,0,0,0,0,0,0,0,0,0,-0,-0,-0,-0,-0,-0,-0,-0,0,0,0,0,0,0,0
1.1075,-3.5,0,2,0,0,0,0,0,0,0,0,0,-4.33680869e-19,-0,-1.293984181e-34,-2.484808345e-17,-0,-7.413983235e-33,0,0,0,0,0,0,0,0,0,0,0,0,0,0,0,0,0,-0,-0,-0,-0,-0,-0,-0,-0,0,0,0,0,0,0,0
1.113,-3.5,0,2,0,0,0,0,0,0,0,0,0,-4.33680869e-19,-0,-1.293984181e-34,-2.484808345e-17,-0,-7.413983235e-33,0,0,0,0,0,0,0,0,0,0,0,0,0,0,0,0,0,-0,-0,-0,-0,-0,-0,-0,-0,0,0,0,0,0,0,0
1.1185,-3.5,0,2,0,0,0,0,0,0,0,0,0,-4.33680869e-19,-0,-1.293984181e-34,-2.484808345e-17,-0,-7.413983235e-33,0,0,0,0,0,0,0,0,0,0,0,0,0,0,0,0,0,-0,-0,-0,-0,-0,-0,-0,-0,0,0,0,0,0,0,0
1.124,-3.5,0,2,0,0,0,0,0,0,0,0,0,-4.33680869e-19,-0,-1.293984181e-34,-2.484808345e-17,-0,-7.413983235e-33,0,0,0,0,0,0,0,0,0,0,0,0,0,0,0,0,0,-0,-0,-0,-0,-0,-0,-0,-0,0,0,0,0,0,0,0
1.1295,-3.5,0,2,0,0,0,0,0,0,0,0,0,-4.33680869e-19,-0,-1.293984181e-34,-2.484808345e-17,-0,-7.413983235e-33,0,0,0,0,0,0,0,0,0,0,0,0,0,0,0,0,0,-0,-0,-0,-0,-0,-0,-0,-0,0,0,0,0,0,0,0
1.135,-3.5,0,2,0,0,0,0,0,0,0,0,0,-4.33680869e-19,-0,-1.293984181e-34,-2.484808345e-17,-0,-7.413983235e-33,0,0,0,0,0,0,0,0,0,0,0,0,0,0,0,0,0,-0,-0,-0,-0,-0,-0,-0,-0,0,0,0,0,0,0,0
1.1405,-3.5,0,2,0,0,0,0,0,0,0,0,0,-4.33680869e-19,-0,-1.293984181e-34,-2.484808345e-17,-0,-7.413983235e-33,0,0,0,0,0,0,0,0,0,0,0,0,0,0,0,0,0,-0,-0,-0,-0,-0,-0,-0,-0,0,0,0,0,0,0,0
1.146,-3.5,0,2,0,0,0,0,0,0,0,0,0,-4.33680869e-19,-0,-1.293984181e-34,-2.484808345e-17,-0,-7.413983235e-33,0,0,0,0,0,0,0,0,0,0,0,0,0,0,0,0,0,-0,-0,-0,-0,-0,-0,-0,-0,0,0,0,0,0,0,0
1.1515,-3.5,0,2,0,0,0,0,0,0,0,0,0,-4.33680869e-19,-0,-1.293984181e-34,-2.484808345e-17,-0,-7.413983235e-33,0,0,0,0,0,0,0,0,0,0,0,0,0,0,0,0,0,-0,-0,-0,-0,-0,-0,-0,-0,0,0,0,0,0,0,0
1.157,-3.5,0,2,0,0,0,0,0,0,0,0,0,-4.33680869e-19,-0,-1.293984181e-34,-2.484808345e-17,-0,-7.413983235e-33,0,0,0,0,0,0,0,0,0,0,0,0,0,0,0,0,0,-0,-0,-0,-0,-0,-0,-0,-0,0,0,0,0,0,0,0
1.1625,-3.5,0,2,0,0,0,0,0,0,0,0,0,-4.33680869e-19,-0,-1.293984181e-34,-2.484808345e-17,-0,-7.413983235e-33,0,0,0,0,0,0,0,0,0,0,0,0,0,0,0,0,0,-0,-0,-0,-0,-0,-0,-0,-0,0,0,0,0,0,0,0
1.168,-3.5,0,2,0,0,0,0,0,0,0,0,0,-4.33680869e-19,-0,-1.293984181e-34,-2.484808345e-17,-0,-7.413983235e-33,0,0,0,0,0,0,0,0,0,0,0,0,0,0,0,0,0,-0,-0,-0,-0,-0,-0,-0,-0,0,0,0,0,0,0,0
1.1735,-3.5,0,2,0,0,0,0,0,0,0,0,0,-4.33680869e-19,-0,-1.293984181e-34,-2.484808345e-17,-0,-7.413983235e-33,0,0,0,0,0,0,0,0,0,0,0,0,0,0,0,0,0,-0,-0,-0,-0,-0,-0,-0,-0,0,0,0,0,0,0,0
1.179,-3.5,0,2,0,0,0,0,0,0,0,0,0,-4.33680869e-19,-0,-1.293984181e-34,-2.484808345e-17,-0,-7.413983235e-33,0,0,0,0,0,0,0,0,0,0,0,0,0,0,0,0,0,-0,-0,-0,-0,-0,-0,-0,-0,0,0,0,0,0,0,0
1.1845,-3.5,0,2,0,0,0,0,0,0,0,0,0,-4.33680869e-19,-0,-1.293984181e-34,-2.484808345e-17,-0,-7.413983235e-33,0,0,0,0,0,0,0,0,0,0,0,0,0,0,0,0,0,-0,-0,-0,-0,-0,-0,-0,-0,0,0,0,0,0,0,0
1.19,-3.5,0,2,0,0,0,0,0,0,0,0,0,-4.33680869e-19,-0,-1.293984181e-34,-2.484808345e-17,-0,-7.413983235e-33,0,0,0,0,0,0,0,0,0,0,0,0,0,0,0,0,0,-0,-0,-0,-0,-0,-0,-0,-0,0,0,0,0,0,0,0
1.1955,-3.5,0,2,0,0,0,0,0,0,0,0,0,-4.33680869e-19,-0,-1.293984181e-34,-2.484808345e-17,-0,-7.413983235e-33,0,0,0,0,0,0,0,0,0,0,0,0,0,0,0,0,0,-0,-0,-0,-0,-0,-0,-0,-0,0,0,0,0,0,0,0
1.201,-3.5,0,2,0,0,0,0,0,0,0,0,0,-4.33680869e-19,-0,-1.293984181e-34,-2.484808345e-17,-0,-7.413983235e-33,0,0,0,0,0,0,0,0,0,0,0,0,0,0,0,0,0,-0,-0,-0,-0,-0,-0,-0,-0,0,0,0,0,0,0,0
1.2065,-3.5,0,2,0,0,0,0,0,0,0,0,0,-4.33680869e-19,-0,-1.293984181e-34,-2.484808345e-17,-0,-7.413983235e-33,0,0,0,0,0,0,0,0,0,0,0,0,0,0,0,0,0,-0,-0,-0,-0,-0,-0,-0,-0,0,0,0,0,0,0,0
1.212,-3.5,0,2,0,0,0,0,0,0,0,0,0,-4.33680869e-19,-0,-1.293984181e-34,-2.484808345e-17,-0,-7.413983235e-33,0,0,0,0,0,0,0,0,0,0,0,0,0,0,0,0,0,-0,-0,-0,-0,-0,-0,-0,-0,0,0,0,0,0,0,0
1.2175,-3.5,0,2,0,0,0,0,0,0,0,0,0,-4.33680869e-19,-0,-1.293984181e-34,-2.484808345e-17,-0,-7.413983235e-33,0,0,0,0,0,0,0,0,0,0,0,0,0,0,0,0,0,-0,-0,-0,-0,-0,-0,-0,-0,0,0,0,0,0,0,0
1.223,-3.5,0,2,0,0,0,0,0,0,0,0,0,-4.33680869e-19,-0,-1.293984181e-34,-2.484808345e-17,-0,-7.413983235e-33,0,0,0,0,0,0,0,0,0,0,0,0,0,0,0,0,0,-0,-0,-0,-0,-0,-0,-0,-0,0,0,0,0,0,0,0
1.2285,-3.5,0,2,0,0,0,0,0,0,0,0,0,-4.33680869e-19,-0,-1.293984181e-34,-2.484808345e-17,-0,-7.413983235e-33,0,0,0,0,0,0,0,0,0,0,0,0,0,0,0,0,0,-0,-0,-0,-0,-0,-0,-0,-0,0,0,0,0,0,0,0
1.234,-3.5,0,2,0,0,0,0,0,0,0,0,0,-4.33680869e-19,-0,-1.293984181e-34,-2.484808345e-17,-0,-7.413983235e-33,0,0,0,0,0,0,0,0,0,0,0,0,0,0,0,0,0,-0,-0,-0,-0,-0,-0,-0,-0,0,0,0,0,0,0,0
1.2395,-3.5,0,2,0,0,0,0,0,0,0,0,0,-4.33680869e-19,-0,-1.293984181e-34,-2.484808345e-17,-0,-7.413983235e-33,0,0,0,0,0,0,0,0,0,0,0,0,0,0,0,0,0,-0,-0,-0,-0,-0,-0,-0,-0,0,0,0,0,0,0,0
1.245,-3.5,0,2,0,0,0,0,0,0,0,0,0,-4.33680869e-19,-0,-1.293984181e-34,-2.484808345e-17,-0,-7.413983235e-33,0,0,0,0,0,0,0,0,0,0,0,0,0,0,0,0,0,-0,-0,-0,-0,-0,-0,-0,-0,0,0,0,0,0,0,0
1.2505,-3.5,0,2,0,0,0,0,0,0,0,0,0,-4.33680869e-19,-0,-1.293984181e-34,-2.484808345e-17,-0,-7.413983235e-33,0,0,0,0,0,0,0,0,0,0,0,0,0,0,0,0,0,-0,-0,-0,-0,-0,-0,-0,-0,0,0,0,0,0,0,0
1.256,-3.5,0,2,0,0,0,0,0,0,0,0,0,-4.33680869e-19,-0,-1.293984181e-34,-2.484808345e-17,-0,-7.413983235e-33,0,0,0,0,0,0,0,0,0,0,0,0,0,0,0,0,0,-0,-0,-0,-0,-0,-0,-0,-0,0,0,0,0,0,0,0
1.2615,-3.5,0,2,0,0,0,0,0,0,0,0,0,-4.33680869e-19,-0,-1.293984181e-34,-2.484808345e-17,-0,-7.413983235e-33,0,0,0,0,0,0,0,0,0,0,0,0,0,0,0,0,0,-0,-0,-0,-0,-0,-0,-0,-0,0,0,0,0,0,0,0
1.267,-3.5,0,2,0,0,0,0,0,0,0,0,0,-4.33680869e-19,-0,-1.293984181e-34,-2.484808345e-17,-0,-7.413983235e-33,0,0,0,0,0,0,0,0,0,0,0,0,0,0,0,0,0,-0,-0,-0,-0,-0,-0,-0,-0,0,0,0,0,0,0,0
1.2725,-3.5,0,2,0,0,0,0,0,0,0,0,0,-4.33680869e-19,-0,-1.293984181e-34,-2.484808345e-17,-0,-7.413983235e-33,0,0,0,0,0,0,0,0,0,0,0,0,0,0,0,0,0,-0,-0,-0,-0,-0,-0,-0,-0,0,0,0,0,0,0,0
1.278,-3.5,0,2,0,0,0,0,0,0,0,0,0,-4.33680869e-19,-0,-1.293984181e-34,-2.484808345e-17,-0,-7.413983235e-33,0,0,0,0,0,0,0,0,0,0,0,0,0,0,0,0,0,-0,-0,-0,-0,-0,-0,-0,-0,0,0,0,0,0,0,0
1.2835,-3.5,0,2,0,0,0,0,0,0,0,0,0,-4.33680869e-19,-0,-1.293984181e-34,-2.484808345e-17,-0,-7.413983235e-33,0,0,0,0,0,0,0,0,0,0,0,0,0,0,0,0,0,-0,-0,-0,-0,-0,-0,-0,-0,0,0,0,0,0,0,0
1.289,-3.5,0,2,0,0,0,0,0,0,0,0,0,-4.33680869e-19,-0,-1.293984181e-34,-2.484808345e-17,-0,-7.413983235e-33,0,0,0,0,0,0,0,0,0,0,0,0,0,0,0,0,0,-0,-0,-0,-0,-0,-0,-0,-0,0,0,0,0,0,0,0
1.2945,-3.5,0,2,0,0,0,0,0,0,0,0,0,-4.33680869e-19,-0,-1.293984181e-34,-2.484808345e-17,-0,-7.413983235e-33,0,0,0,0,0,0,0,0,0,0,0,0,0,0,0,0,0,-0,-0,-0,-0,-0,-0,-0,-0,0,0,0,0,0,0,0
1.3,-3.5,0,2,0,0,0,0,0,0,0,0,0,-4.33680869e-19,-0,-1.293984181e-34,-2.484808345e-17,-0,-7.413983235e-33,0,0,0,0,0,0,0,0,0,0,0,0,0,0,0,0,0,-0,-0,-0,-0,-0,-0,-0,-0,0,0,0,0,0,0,0
1.3055,-3.5,0,2,0,0,0,0,0,0,0,0,0,-4.33680869e-19,-0,-1.293984181e-34,-2.484808345e-17,-0,-7.413983235e-33,0,0,0,0,0,0,0,0,0,0,0,0,0,0,0,0,0,-0,-0,-0,-0,-0,-0,-0,-0,0,0,0,0,0,0,0
1.311,-3.5,0,2,0,0,0,0,0,0,0,0,0,-4.33680869e-19,-0,-1.293984181e-34,-2.484808345e-17,-0,-7.413983235e-33,0,0,0,0,0,0,0,0,0,0,0,0,0,0,0,0,0,-0,-0,-0,-0,-0,-0,-0,-0,0,0,0,0,0,0,0
1.3165,-3.5,0,2,0,0,0,0,0,0,0,0,0,-4.33680869e-19,-0,-1.293984181e-34,-2.484808345e-17,-0,-7.413983235e-33,0,0,0,0,0,0,0,0,0,0,0,0,0,0,0,0,0,-0,-0,-0,-0,-0,-0,-0,-0,0,0,0,0,0,0,0
1.322,-3.5,0,2,0,0,0,0,0,0,0,0,0,-4.33680869e-19,-0,-1.293984181e-34,-2.484808345e-17,-0,-7.413983235e-33,0,0,0,0,0,0,0,0,0,0,0,0,0,0,0,0,0,-0,-0,-0,-0,-0,-0,-0,-0,0,0,0,0,0,0,0
1.3275,-3.5,0,2,0,0,0,0,0,0,0,0,0,-4.33680869e-19,-0,-1.293984181e-34,-2.484808345e-17,-0,-7.413983235e-33,0,0,0,0,0,0,0,0,0,0,0,0,0,0,0,0,0,-0,-0,-0,-0,-0,-0,-0,-0,0,0,0,0,0,0,0
1.333,-3.5,0,2,0,0,0,0,0,0,0,0,0,-4.33680869e-19,-0,-1.293984181e-34,-2.484808345e-17,-0,-7.413983235e-33,0,0,0,0,0,0,0,0,0,0,0,0,0,0,0,0,0,-0,-0,-0,-0,-0,-0,-0,-0,0,0,0,0,0,0,0
1.3385,-3.5,0,2,0,0,0,0,0,0,0,0,0,-4.33680869e-19,-0,-1.293984181e-34,-2.484808345e-17,-0,-7.413983235e-33,0,0,0,0,0,0,0,0,0,0,0,0,0,0,0,0,0,-0,-0,-0,-0,-0,-0,-0,-0,0,0,0,0,0,0,0
1.344,-3.5,0,2,0,0,0,0,0,0,0,0,0,-4.33680869e-19,-0,-1.293984181e-34,-2.484808345e-17,-0,-7.413983235e-33,0,0,0,0,0,0,0,0,0,0,0,0,0,0,0,0,0,-0,-0,-0,-0,-0,-0,-0,-0,0,0,0,0,0,0,0
1.3495,-3.5,0,2,0,0,0,0,0,0,0,0,0,-4.33680869e-19,-0,-1.293984181e-34,-2.484808345e-17,-0,-7.413983235e-33,0,0,0,0,0,0,0,0,0,0,0,0,0,0,0,0,0,-0,-0,-0,-0,-0,-0,-0,-0,0,0,0,0,0,0,0
1.355,-3.5,0,2,0,0,0,0,0,0,0,0,0,-4.33680869e-19,-0,-1.293984181e-34,-2.484808345e-17,-0,-7.413983235e-33,0,0,0,0,0,0,0,0,0,0,0,0,0,0,0,0,0,-0,-0,-0,-0,-0,-0,-0,-0,0,0,0,0,0,0,0
1.3605,-3.5,0,2,0,0,0,0,0,0,0,0,0,-4.33680869e-19,-0,-1.293984181e-34,-2.484808345e-17,-0,-7.413983235e-33,0,0,0,0,0,0,0,0,0,0,0,0,0,0,0,0,0,-0,-0,-0,-0,-0,-0,-0,-0,0,0,0,0,0,0,0
1.366,-3.5,0,2,0,0,0,0,0,0,0,0,0,-4.33680869e-19,-0,-1.293984181e-34,-2.484808345e-17,-0,-7.413983235e-33,0,0,0,0,0,0,0,0,0,0,0,0,0,0,0,0,0,-0,-0,-0,-0,-0,-0,-0,-0,0,0,0,0,0,0,0
1.3715,-3.5,0,2,0,0,0,0,0,0,0,0,0,-4.33680869e-19,-0,-1.293984181e-34,-2.484808345e-17,-0,-7.413983235e-33,0,0,0,0,0,0,0,0,0,0,0,0,0,0,0,0,0,-0,-0,-0,-0,-0,-0,-0,-0,0,0,0,0,0,0,0
1.377,-3.5,0,2,0,0,0,0,0,0,0,0,0,-4.33680869e-19,-0,-1.293984181e-34,-2.484808345e-17,-0,-7.413983235e-33,0,0,0,0,0,0,0,0,0,0,0,0,0,0,0,0,0,-0,-0,-0,-0,-0,-0,-0,-0,0,0,0,0,0,0,0
1.3825,-3.5,0,2,0,0,0,0,0,0,0,0,0,-4.33680869e-19,-0,-1.293984181e-34,-2.484808345e-17,-0,-7.413983235e-33,0,0,0,0,0,0,0,0,0,0,0,0,0,0,0,0,0,-0,-0,-0,-0,-0,-0,-0,-0,0,0,0,0,0,0,0
1.388,-3.5,0,2,0,0,0,0,0,0,0,0,0,-4.33680869e-19,-0,-1.293984181e-34,-2.484808345e-17,-0,-7.413983235e-33,0,0,0,0,0,0,0,0,0,0,0,0,0,0,0,0,0,-0,-0,-0,-0,-0,-0,-0,-0,0,0,0,0,0,0,0
1.3935,-3.5,0,2,0,0,0,0,0,0,0,0,0,-4.33680869e-19,-0,-1.293984181e-34,-2.484808345e-17,-0,-7.413983235e-33,0,0,0,0,0,0,0,0,0,0,0,0,0,0,0,0,0,-0,-0,-0,-0,-0,-0,-0,-0,0,0,0,0,0,0,0
1.399,-3.5,0,2,0,0,0,0,0,0,0,0,0,-4.33680869e-19,-0,-1.293984181e-34,-2.484808345e-17,-0,-7.413983235e-33,0,0,0,0,0,0,0,0,0,0,0,0,0,0,0,0,0,-0,-0,-0,-0,-0,-0,-0,-0,0,0,0,0,0,0,0
1.4045,-3.5,0,2,0,0,0,0,0,0,0,0,0,-4.33680869e-19,-0,-1.293984181e-34,-2.484808345e-17,-0,-7.413983235e-33,0,0,0,0,0,0,0,0,0,0,0,0,0,0,0,0,0,-0,-0,-0,-0,-0,-0,-0,-0,0,0,0,0,0,0,0
1.41,-3.5,0,2,0,0,0,0,0,0,0,0,0,-4.33680869e-19,-0,-1.293984181e-34,-2.484808345e-17,-0,-7.413983235e-33,0,0,0,0,0,0,0,0,0,0,0,0,0,0,0,0,0,-0,-0,-0,-0,-0,-0,-0,-0,0,0,0,0,0,0,0
1.4155,-3.5,0,2,0,0,0,0,0,0,0,0,0,-4.33680869e-19,-0,-1.293984181e-34,-2.484808345e-17,-0,-7.413983235e-33,0,0,0,0,0,0,0,0,0,0,0,0,0,0,0,0,0,-0,-0,-0,-0,-0,-0,-0,-0,0,0,0,0,0,0,0
1.421,-3.5,0,2,0,0,0,0,0,0,0,0,0,-4.33680869e-19,-0,-1.293984181e-34,-2.484808345e-17,-0,-7.413983235e-33,0,0,0,0,0,0,0,0,0,0,0,0,0,0,0,0,0,-0,-0,-0,-0,-0,-0,-0,-0,0,0,0,0,0,0,0
1.4265,-3.5,0,2,0,0,0,0,0,0,0,0,0,-4.33680869e-19,-0,-1.293984181e-34,-2.484808345e-17,-0,-7.413983235e-33,0,0,0,0,0,0,0,0,0,0,0,0,0,0,0,0,0,-0,-0,-0,-0,-0,-0,-0,-0,0,0,0,0,0,0,0
1.432,-3.5,0,2,0,0,0,0,0,0,0,0,0,-4.33680869e-19,-0,-1.293984181e-34,-2.484808345e-17,-0,-7.413983235e-33,0,0,0,0,0,0,0,0,0,0,0,0,0,0,0,0,0,-0,-0,-0,-0,-0,-0,-0,-0,0,0,0,0,0,0,0
1.4375,-3.5,0,2,0,0,0,0,0,0,0,0,0,-4.33680869e-19,-0,-1.293984181e-34,-2.484808345e-17,-0,-7.413983235e-33,0,0,0,0,0,0,0,0,0,0,0,0,0,0,0,0,0,-0,-0,-0,-0,-0,-0,-0,-0,0,0,0,0,0,0,0
1.443,-3.5,0,2,0,0,0,0,0,0,0,0,0,-4.33680869e-19,-0,-1.293984181e-34,-2.484808345e-17,-0,-7.413983235e-33,0,0,0,0,0,0,0,0,0,0,0,0,0,0,0,0,0,-0,-0,-0,-0,-0,-0,-0,-0,0,0,0,0,0,0,0
1.4485,-3.5,0,2,0,0,0,0,0,0,0,0,0,-4.33680869e-19,-0,-1.293984181e-34,-2.484808345e-17,-0,-7.413983235e-33,0,0,0,0,0,0,0,0,0,0,0,0,0,0,0,0,0,-0,-0,-0,-0,-0,-0,-0,-0,0,0,0,0,0,0,0
1.454,-3.5,0,2,0,0,0,0,0,0,0,0,0,-4.33680869e-19,-0,-1.293984181e-34,-2.484808345e-17,-0,-7.413983235e-33,0,0,0,0,0,0,0,0,0,0,0,0,0,0,0,0,0,-0,-0,-0,-0,-0,-0,-0,-0,0,0,0,0,0,0,0
1.4595,-3.5,0,2,0,0,0,0,0,0,0,0,0,-4.33680869e-19,-0,-1.293984181e-34,-2.484808345e-17,-0,-7.413983235e-33,0,0,0,0,0,0,0,0,0,0,0,0,0,0,0,0,0,-0,-0,-0,-0,-0,-0,-0,-0,0,0,0,0,0,0,0
1.465,-3.5,0,2,0,0,0,0,0,0,0,0,0,-4.33680869e-19,-0,-1.293984181e-34,-2.484808345e-17,-0,-7.413983235e-33,0,0,0,0,0,0,0,0,0,0,0,0,0,0,0,0,0,-0,-0,-0,-0,-0,-0,-0,-0,0,0,0,0,0,0,0
1.4705,-3.5,0,2,0,0,0,0,0,0,0,0,0,-4.33680869e-19,-0,-1.293984181e-34,-2.484808345e-17,-0,-7.413983235e-33,0,0,0,0,0,0,0,0,0,0,0,0,0,0,0,0,0,-0,-0,-0,-0,-0,-0,-0,-0,0,0,0,0,0,0,0
1.476,-3.5,0,2,0,0,0,0,0,0,0,0,0,-4.33680869e-19,-0,-1.293984181e-34,-2.484808345e-17,-0,-7.413983235e-33,0,0,0,0,0,0,0,0,0,0,0,0,0,0,0,0,0,-0,-0,-0,-0,-0,-0,-0,-0,0,0,0,0,0,0,0
1.4815,-3.5,0,2,0,0,0,0,0,0,0,0,0,-4.33680869e-19,-0,-1.293984181e-34,-2.484808345e-17,-0,-7.413983235e-33,0,0,0,0,0,0,0,0,0,0,0,0,0,0,0,0,0,-0,-0,-0,-0,-0,-0,-0,-0,0,0,0,0,0,0,0
1.487,-3.5,0,2,0,0,0,0,0,0,0,0,0,-4.33680869e-19,-0,-1.293984181e-34,-2.484808345e-17,-0,-7.413983235e-33,0,0,0,0,0,0,0,0,0,0,0,0,0,0,0,0,0,-0,-0,-0,-0,-0,-0,-0,-0,0,0,0,0,0,0,0
1.4925,-3.5,0,2,0,0,0,0,0,0,0,0,0,-4.33680869e-19,-0,-1.293984181e-34,-2.484808345e-17,-0,-7.413983235e-33,0,0,0,0,0,0,0,0,0,0,0,0,0,0,0,0,0,-0,-0,-0,-0,-0,-0,-0,-0,0,0,0,0,0,0,0
1.498,-3.5,0,2,0,0,0,0,0,0,0,0,0,-4.33680869e-19,-0,-1.293984181e-34,-2.484808345e-17,-0,-7.413983235e-33,0,0,0,0,0,0,0,0,0,0,0,0,0,0,0,0,0,-0,-0,-0,-0,-0,-0,-0,-0,0,0,0,0,0,0,0
1.5035,-3.5,0,2,0,0,0,0,0,0,0,0,0,-4.33680869e-19,-0,-1.293984181e-34,-2.484808345e-17,-0,-7.413983235e-33,0,0,0,0,0,0,0,0,0,0,0,0,0,0,0,0,0,-0,-0,-0,-0,-0,-0,-0,-0,0,0,0,0,0,0,0
1.509,-3.5,0,2,0,0,0,0,0,0,0,0,0,-4.33680869e-19,-0,-1.293984181e-34,-2.484808345e-17,-0,-7.413983235e-33,0,0,0,0,0,0,0,0,0,0,0,0,0,0,0,0,0,-0,-0,-0,-0,-0,-0,-0,-0,0,0,0,0,0,0,0
1.5145,-3.5,0,2,0,0,0,0,0,0,0,0,0,-4.33680869e-19,-0,-1.293984181e-34,-2.484808345e-17,-0,-7.413983235e-33,0,0,0,0,0,0,0,0,0,0,0,0,0,0,0,0,0,-0,-0,-0,-0,-0,-0,-0,-0,0,0,0,0,0,0,0
1.52,-3.5,0,2,0,0,0,0,0,0,0,0,0,-4.33680869e-19,-0,-1.293984181e-34,-2.484808345e-17,-0,-7.413983235e-33,0,0,0,0,0,0,0,0,0,0,0,0,0,0,0,0,0,-0,-0,-0,-0,-0,-0,-0,-0,0,0,0,0,0,0,0
1.5255,-3.5,0,2,0,0,0,0,0,0,0,0,0,-4.33680869e-19,-0,-1.293984181e-34,-2.484808345e-17,-0,-7.413983235e-33,0,0,0,0,0,0,0,0,0,0,0,0,0,0,0,0,0,-0,-0,-0,-0,-0,-0,-0,-0,0,0,0,0,0,0,0
1.531,-3.5,0,2,0,0,0,0,0,0,0,0,0,-4.33680869e-19,-0,-1.293984181e-34,-2.484808345e-17,-0,-7.413983235e-33,0,0,0,0,0,0,0,0,0,0,0,0,0,0,0,0,0,-0,-0,-0,-0,-0,-0,-0,-0,0,0,0,0,0,0,0
1.5365,-3.5,0,2,0,0,0,0,0,0,0,0,0,-4.33680869e-19,-0,-1.293984181e-34,-2.484808345e-17,-0,-7.413983235e-33,0,0,0,0,0,0,0,0,0,0,0,0,0,0,0,0,0,-0,-0,-0,-0,-0,-0,-0,-0,0,0,0,0,0,0,0
1.542,-3.5,0,2,0,0,0,0,0,0,0,0,0,-4.33680869e-19,-0,-1.293984181e-34,-2.484808345e-17,-0,-7.413983235e-33,0,0,0,0,0,0,0,0,0,0,0,0,0,0,0,0,0,-0,-0,-0,-0,-0,-0,-0,-0,0,0,0,0,0,0,0
1.5475,-3.5,0,2,0,0,0,0,0,0,0,0,0,-4.33680869e-19,-0,-1.293984181e-34,-2.484808345e-17,-0,-7.413983235e-33,0,0,0,0,0,0,0,0,0,0,0,0,0,0,0,0,0,-0,-0,-0,-0,-0,-0,-0,-0,0,0,0,0,0,0,0
1.553,-3.5,0,2,0,0,0,0,0,0,0,0,0,-4.33680869e-19,-0,-1.293984181e-34,-2.484808345e-17,-0,-7.413983235e-33,0,0,0,0,0,0,0,0,0,0,0,0,0,0,0,0,0,-0,-0,-0,-0,-0,-0,-0,-0,0,0,0,0,0,0,0
1.5585,-3.5,0,2,0,0,0,0,0,0,0,0,0,-4.33680869e-19,-0,-1.293984181e-34,-2.484808345e-17,-0,-7.413983235e-33,0,0,0,0,0,0,0,0,0,0,0,0,0,0,0,0,0,-0,-0,-0,-0,-0,-0,-0,-0,0,0,0,0,0,0,0
1.564,-3.5,0,2,0,0,0,0,0,0,0,0,0,-4.33680869e-19,-0,-1.293984181e-34,-2.484808345e-17,-0,-7.413983235e-33,0,0,0,0,0,0,0,0,0,0,0,0,0,0,0,0,0,-0,-0,-0,-0,-0,-0,-0,-0,0,0,0,0,0,0,0
1.5695,-3.5,0,2,0,0,0,0,0,0,0,0,0,-4.33680869e-19,-0,-1.293984181e-34,-2.484808345e-17,-0,-7.413983235e-33,0,0,0,0,0,0,0,0,0,0,0,0,0,0,0,0,0,-0,-0,-0,-0,-0,-0,-0,-0,0,0,0,0,0,0,0
1.575,-3.5,0,2,0,0,0,0,0,0,0,0,0,-4.33680869e-19,-0,-1.293984181e-34,-2.484808345e-17,-0,-7.413983235e-33,0,0,0,0,0,0,0,0,0,0,0,0,0,0,0,0,0,-0,-0,-0,-0,-0,-0,-0,-0,0,0,0,0,0,0,0
1.5805,-3.5,0,2,0,0,0,0,0,0,0,0,0,-4.33680869e-19,-0,-1.293984181e-34,-2.484808345e-17,-0,-7.413983235e-33,0,0,0,0,0,0,0,0,0,0,0,0,0,0,0,0,0,-0,-0,-0,-0,-0,-0,-0,-0,0,0,0,0,0,0,0
1.586,-3.5,0,2,0,0,0,0,0,0,0,0,0,-4.33680869e-19,-0,-1.293984181e-34,-2.484808345e-17,-0,-7.413983235e-33,0,0,0,0,0,0,0,0,0,0,0,0,0,0,0,0,0,-0,-0,-0,-0,-0,-0,-0,-0,0,0,0,0,0,0,0
1.5915,-3.5,0,2,0,0,0,0,0,0,0,0,0,-4.33680869e-19,-0,-1.293984181e-34,-2.484808345e-17,-0,-7.413983235e-33,0,0,0,0,0,0,0,0,0,0,0,0,0,0,0,0,0,-0,-0,-0,-0,-0,-0,-0,-0,0,0,0,0,0,0,0
1.597,-3.5,0,2,0,0,0,0,0,0,0,0,0,-4.33680869e-19,-0,-1.293984181e-34,-2.484808345e-17,-0,-7.413983235e-33,0,0,0,0,0,0,0,0,0,0,0,0,0,0,0,0,0,-0,-0,-0,-0,-0,-0,-0,-0,0,0,0,0,0,0,0
1.6025,-3.5,0,2,0,0,0,0,0,0,0,0,0,-4.33680869e-19,-0,-1.293984181e-34,-2.484808345e-17,-0,-7.413983235e-33,0,0,0,0,0,0,0,0,0,0,0,0,0,0,0,0,0,-0,-0,-0,-0,-0,-0,-0,-0,0,0,0,0,0,0,0
1.608,-3.5,0,2,0,0,0,0,0,0,0,0,0,-4.33680869e-19,-0,-1.293984181e-34,-2.484808345e-17,-0,-7.413983235e-33,0,0,0,0,0,0,0,0,0,0,0,0,0,0,0,0,0,-0,-0,-0,-0,-0,-0,-0,-0,0,0,0,0,0,0,0
1.6135,-3.5,0,2,0,0,0,0,0,0,0,0,0,-4.33680869e-19,-0,-1.293984181e-34,-2.484808345e-17,-0,-7.413983235e-33,0,0,0,0,0,0,0,0,0,0,0,0,0,0,0,0,0,-0,-0,-0,-0,-0,-0,-0,-0,0,0,0,0,0,0,0
1.619,-3.5,0,2,0,0,0,0,0,0,0,0,0,-4.33680869e-19,-0,-1.293984181e-34,-2.484808345e-17,-0,-7.413983235e-33,0,0,0,0,0,0,0,0,0,0,0,0,0,0,0,0,0,-0,-0,-0,-0,-0,-0,-0,-0,0,0,0,0,0,0,0
1.6245,-3.5,0,2,0,0,0,0,0,0,0,0,0,-4.33680869e-19,-0,-1.293984181e-34,-2.484808345e-17,-0,-7.413983235e-33,0,0,0,0,0,0,0,0,0,0,0,0,0,0,0,0,0,-0,-0,-0,-0,-0,-0,-0,-0,0,0,0,0,0,0,0
1.63,-3.5,0,2,0,0,0,0,0,0,0,0,0,-4.33680869e-19,-0,-1.293984181e-34,-2.484808345e-17,-0,-7.413983235e-33,0,0,0,0,0,0,0,0,0,0,0,0,0,0,0,0,0,-0,-0,-0,-0,-0,-0,-0,-0,0,0,0,0,0,0,0
1.6355,-3.5,0,2,0,0,0,0,0,0,0,0,0,-4.33680869e-19,-0,-1.293984181e-34,-2.484808345e-17,-0,-7.413983235e-33,0,0,0,0,0,0,0,0,0,0,0,0,0,0,0,0,0,-0,-0,-0,-0,-0,-0,-0,-0,0,0,0,0,0,0,0
1.641,-3.5,0,2,0,0,0,0,0,0,0,0,0,-4.33680869e-19,-0,-1.293984181e-34,-2.484808345e-17,-0,-7.413983235e-33,0,0,0,0,0,0,0,0,0,0,0,0,0,0,0,0,0,-0,-0,-0,-0,-0,-0,-0,-0,0,0,0,0,0,0,0
1.6465,-3.5,0,2,0,0,0,0,0,0,0,0,0,-4.33680869e-19,-0,-1.293984181e-34,-2.484808345e-17,-0,-7.413983235e-33,0,0,0,0,0,0,0,0,0,0,0,0,0,0,0,0,0,-0,-0,-0,-0,-0,-0,-0,-0,0,0,0,0,0,0,0
1.652,-3.5,0,2,0,0,0,0,0,0,0,0,0,-4.33680869e-19,-0,-1.293984181e-34,-2.484808345e-17,-0,-7.413983235e-33,0,0,0,0,0,0,0,0,0,0,0,0,0,0,0,0,0,-0,-0,-0,-0,-0,-0,-0,-0,0,0,0,0,0,0,0
1.6575,-3.5,0,2,0,0,0,0,0,0,0,0,0,-4.33680869e-19,-0,-1.293984181e-34,-2.484808345e-17,-0,-7.413983235e-33,0,0,0,0,0,0,0,0,0,0,0,0,0,0,0,0,0,-0,-0,-0,-0,-0,-0,-0,-0,0,0,0,0,0,0,0
1.663,-3.5,0,2,0,0,0,0,0,0,0,0,0,-4.33680869e-19,-0,-1.293984181e-34,-2.484808345e-17,-0,-7.413983235e-33,0,0,0,0,0,0,0,0,0,0,0,0,0,0,0,0,0,-0,-0,-0,-0,-0,-0,-0,-0,0,0,0,0,0,0,0
1.6685,-3.5,0,2,0,0,0,0,0,0,0,0,0,-4.33680869e-19,-0,-1.293984181e-34,-2.484808345e-17,-0,-7.413983235e-33,0,0,0,0,0,0,0,0,0,0,0,0,0,0,0,0,0,-0,-0,-0,-0,-0,-0,-0,-0,0,0,0,0,0,0,0
1.674,-3.5,0,2,0,0,0,0,0,0,0,0,0,-4.33680869e-19,-0,-1.293984181e-34,-2.484808345e-17,-0,-7.413983235e-33,0,0,0,0,0,0,0,0,0,0,0,0,0,0,0,0,0,-0,-0,-0,-0,-0,-0,-0,-0,0,0,0,0,0,0,0
1.6795,-3.5,0,2,0,0,0,0,0,0,0,0,0,-4.33680869e-19,-0,-1.293984181e-34,-2.484808345e-17,-0,-7.413983235e-33,0,0,0,0,0,0,0,0,0,0,0,0,0,0,0,0,0,-0,-0,-0,-0,-0,-0,-0,-0,0,0,0,0,0,0,0
1.685,-3.5,0,2,0,0,0,0,0,0,0,0,0,-4.33680869e-19,-0,-1.293984181e-34,-2.484808345e-17,-0,-7.413983235e-33,0,0,0,0,0,0,0,0,0,0,0,0,0,0,0,0,0,-0,-0,-0,-0,-0,-0,-0,-0,0,0,0,0,0,0,0
1.6905,-3.5,0,2,0,0,0,0,0,0,0,0,0,-4.33680869e-19,-0,-1.293984181e-34,-2.484808345e-17,-0,-7.413983235e-33,0,0,0,0,0,0,0,0,0,0,0,0,0,0,0,0,0,-0,-0,-0,-0,-0,-0,-0,-0,0,0,0,0,0,0,0
1.696,-3.5,0,2,0,0,0,0,0,0,0,0,0,-4.33680869e-19,-0,-1.293984181e-34,-2.484808345e-17,-0,-7.413983235e-33,0,0,0,0,0,0,0,0,0,0,0,0,0,0,0,0,0,-0,-0,-0,-0,-0,-0,-0,-0,0,0,0,0,0,0,0
1.7015,-3.5,0,2,0,0,0,0,0,0,0,0,0,-4.33680869e-19,-0,-1.293984181e-34,-2.484808345e-17,-0,-7.413983235e-33,0,0,0,0,0,0,0,0,0,0,0,0,0,0,0,0,0,-0,-0,-0,-0,-0,-0,-0,-0,0,0,0,0,0,0,0
1.707,-3.5,0,2,0,0,0,0,0,0,0,0,0,-4.33680869e-19,-0,-1.293984181e-34,-2.484808345e-17,-0,-7.413983235e-33,0,0,0,0,0,0,0,0,0,0,0,0,0,0,0,0,0,-0,-0,-0,-0,-0,-0,-0,-0,0,0,0,0,0,0,0
1.7125,-3.5,0,2,0,0,0,0,0,0,0,0,0,-4.33680869e-19,-0,-1.293984181e-34,-2.484808345e-17,-0,-7.413983235e-33,0,0,0,0,0,0,0,0,0,0,0,0,0,0,0,0,0,-0,-0,-0,-0,-0,-0,-0,-0,0,0,0,0,0,0,0
1.718,-3.5,0,2,0,0,0,0,0,0,0,0,0,-4.33680869e-19,-0,-1.293984181e-34,-2.484808345e-17,-0,-7.413983235e-33,0,0,0,0,0,0,0,0,0,0,0,0,0,0,0,0,0,-0,-0,-0,-0,-0,-0,-0,-0,0,0,0,0,0,0,0
1.7235,-3.5,0,2,0,0,0,0,0,0,0,0,0,-4.33680869e-19,-0,-1.293984181e-34,-2.484808345e-17,-0,-7.413983235e-33,0,0,0,0,0,0,0,0,0,0,0,0,0,0,0,0,0,-0,-0,-0,-0,-0,-0,-0,-0,0,0,0,0,0,0,0
1.729,-3.5,0,2,0,0,0,0,0,0,0,0,0,-4.33680869e-19,-0,-1.293984181e-34,-2.484808345e-17,-0,-7.413983235e-33,0,0,0,0,0,0,0,0,0,0,0,0,0,0,0,0,0,-0,-0,-0,-0,-0,-0,-0,-0,0,0,0,0,0,0,0
1.7345,-3.5,0,2,0,0,0,0,0,0,0,0,0,-4.33680869e-19,-0,-1.293984181e-34,-2.484808345e-17,-0,-7.413983235e-33,0,0,0,0,0,0,0,0,0,0,0,0,0,0,0,0,0,-0,-0,-0,-0,-0,-0,-0,-0,0,0,0,0,0,0,0
1.74,-3.5,0,2,0,0,0,0,0,0,0,0,0,-4.33680869e-19,-0,-1.293984181e-34,-2.484808345e-17,-0,-7.413983235e-33,0,0,0,0,0,0,0,0,0,0,0,0,0,0,0,0,0,-0,-0,-0,-0,-0,-0,-0,-0,0,0,0,0,0,0,0
1.7455,-3.5,0,2,0,0,0,0,0,0,0,0,0,-4.33680869e-19,-0,-1.293984181e-34,-2.484808345e-17,-0,-7.413983235e-33,0,0,0,0,0,0,0,0,0,0,0,0,0,0,0,0,0,-0,-0,-0,-0,-0,-0,-0,-0,0,0,0,0,0,0,0
1.751,-3.5,0,2,0,0,0,0,0,0,0,0,0,-4.33680869e-19,-0,-1.293984181e-34,-2.484808345e-17,-0,-7.413983235e-33,0,0,0,0,0,0,0,0,0,0,0,0,0,0,0,0,0,-0,-0,-0,-0,-0,-0,-0,-0,0,0,0,0,0,0,0
1.7565,-3.5,0,2,0,0,0,0,0,0,0,0,0,-4.33680869e-19,-0,-1.293984181e-34,-2.484808345e-17,-0,-7.413983235e-33,0,0,0,0,0,0,0,0,0,0,0,0,0,0,0,0,0,-0,-0,-0,-0,-0,-0,-0,-0,0,0,0,0,0,0,0
1.762,-3.5,0,2,0,0,0,0,0,0,0,0,0,-4.33680869e-19,-0,-1.293984181e-34,-2.484808345e-17,-0,-7.413983235e-33,0,0,0,0,0,0,0,0,0,0,0,0,0,0,0,0,0,-0,-0,-0,-0,-0,-0,-0,-0,0,0,0,0,0,0,0
1.7675,-3.5,0,2,0,0,0,0,0,0,0,0,0,-4.33680869e-19,-0,-1.293984181e-34,-2.484808345e-17,-0,-7.413983235e-33,0,0,0,0,0,0,0,0,0,0,0,0,0,0,0,0,0,-0,-0,-0,-0,-0,-0,-0,-0,0,0,0,0,0,0,0
1.773,-3.5,0,2,0,0,0,0,0,0,0,0,0,-4.33680869e-19,-0,-1.293984181e-34,-2.484808345e-17,-0,-7.413983235e-33,0,0,0,0,0,0,0,0,0,0,0,0,0,0,0,0,0,-0,-0,-0,-0,-0,-0,-0,-0,0,0,0,0,0,0,0
1.7785,-3.5,0,2,0,0,0,0,0,0,0,0,0,-4.33680869e-19,-0,-1.293984181e-34,-2.484808345e-17,-0,-7.413983235e-33,0,0,0,0,0,0,0,0,0,0,0,0,0,0,0,0,0,-0,-0,-0,-0,-0,-0,-0,-0,0,0,0,0,0,0,0
1.784,-3.5,0,2,0,0,0,0,0,0,0,0,0,-4.33680869e-19,-0,-1.293984181e-34,-2.484808345e-17,-0,-7.413983235e-33,0,0,0,0,0,0,0,0,0,0,0,0,0,0,0,0,0,-0,-0,-0,-0,-0,-0,-0,-0,0,0,0,0,0,0,0
1.7895,-3.5,0,2,0,0,0,0,0,0,0,0,0,-4.33680869e-19,-0,-1.293984181e-34,-2.484808345e-17,-0,-7.413983235e-33,0,0,0,0,0,0,0,0,0,0,0,0,0,0,0,0,0,-0,-0,-0,-0,-0,-0,-0,-0,0,0,0,0,0,0,0
1.795,-3.5,0,2,0,0,0,0,0,0,0,0,0,-4.33680869e-19,-0,-1.293984181e-34,-2.484808345e-17,-0,-7.413983235e-33,0,0,0,0,0,0,0,0,0,0,0,0,0,0,0,0,0,-0,-0,-0,-0,-0,-0,-0,-0,0,0,0,0,0,0,0
1.8005,-3.5,0,2,0,0,0,0,0,0,0,0,0,-4.33680869e-19,-0,-1.293984181e-34,-2.484808345e-17,-0,-7.413983235e-33,0,0,0,0,0,0,0,0,0,0,0,0,0,0,0,0,0,-0,-0,-0,-0,-0,-0,-0,-0,0,0,0,0,0,0,0
1.806,-3.5,0,2,0,0,0,0,0,0,0,0,0,-4.33680869e-19,-0,-1.293984181e-34,-2.484808345e-17,-0,-7.413983235e-33,0,0,0,0,0,0,0,0,0,0,0,0,0,0,0,0,0,-0,-0,-0,-0,-0,-0,-0,-0,0,0,0,0,0,0,0
1.8115,-3.5,0,2,0,0,0,0,0,0,0,0,0,-4.33680869e-19,-0,-1.293984181e-34,-2.484808345e-17,-0,-7.413983235e-33,0,0,0,0,0,0,0,0,0,0,0,0,0,0,0,0,0,-0,-0,-0,-0,-0,-0,-0,-0,0,0,0,0,0,0,0
1.817,-3.5,0,2,0,0,0,0,0,0,0,0,0,-4.33680869e-19,-0,-1.293984181e-34,-2.484808345e-17,-0,-7.413983235e-33,0,0,0,0,0,0,0,0,0,0,0,0,0,0,0,0,0,-0,-0,-0,-0,-0,-0,-0,-0,0,0,0,0,0,0,0
1.8225,-3.5,0,2,0,0,0,0,0,0,0,0,0,-4.33680869e-19,-0,-1.293984181e-34,-2.484808345e-17,-0,-7.413983235e-33,0,0,0,0,0,0,0,0,0,0,0,0,0,0,0,0,0,-0,-0,-0,-0,-0,-0,-0,-0,0,0,0,0,0,0,0
1.828,-3.5,0,2,0,0,0,0,0,0,0,0,0,-4.33680869e-19,-0,-1.293984181e-34,-2.484808345e-17,-0,-7.413983235e-33,0,0,0,0,0,0,0,0,0,0,0,0,0,0,0,0,0,-0,-0,-0,-0,-0,-0,-0,-0,0,0,0,0,0,0,0
1.8335,-3.5,0,2,0,0,0,0,0,0,0,0,0,-4.33680869e-19,-0,-1.293984181e-34,-2.484808345e-17,-0,-7.413983235e-33,0,0,0,0,0,0,0,0,0,0,0,0,0,0,0,0,0,-0,-0,-0,-0,-0,-0,-0,-0,0,0,0,0,0,0,0
1.839,-3.5,0,2,0,0,0,0,0,0,0,0,0,-4.33680869e-19,-0,-1.293984181e-34,-2.484808345e-17,-0,-7.413983235e-33,0,0,0,0,0,0,0,0,0,0,0,0,0,0,0,0,0,-0,-0,-0,-0,-0,-0,-0,-0,0,0,0,0,0,0,0
1.8445,-3.5,0,2,0,0,0,0,0,0,0,0,0,-4.33680869e-19,-0,-1.293984181e-34,-2.484808345e-17,-0,-7.413983235e-33,0,0,0,0,0,0,0,0,0,0,0,0,0,0,0,0,0,-0,-0,-0,-0,-0,-0,-0,-0,0,0,0,0,0,0,0
1.85,-3.5,0,2,0,0,0,0,0,0,0,0,0,-4.33680869e-19,-0,-1.293984181e-34,-2.484808345e-17,-0,-7.413983235e-33,0,0,0,0,0,0,0,0,0,0,0,0,0,0,0,0,0,-0,-0,-0,-0,-0,-0,-0,-0,0,0,0,0,0,0,0
1.8555,-3.5,0,2,0,0,0,0,0,0,0,0,0,-4.33680869e-19,-0,-1.293984181e-34,-2.484808345e-17,-0,-7.413983235e-33,0,0,0,0,0,0,0,0,0,0,0,0,0,0,0,0,0,-0,-0,-0,-0,-0,-0,-0,-0,0,0,0,0,0,0,0
1.861,-3.5,0,2,0,0,0,0,0,0,0,0,0,-4.33680869e-19,-0,-1.293984181e-34,-2.484808345e-17,-0,-7.413983235e-33,0,0,0,0,0,0,0,0,0,0,0,0,0,0,0,0,0,-0,-0,-0,-0,-0,-0,-0,-0,0,0,0,0,0,0,0
1.8665,-3.5,0,2,0,0,0,0,0,0,0,0,0,-4.33680869e-19,-0,-1.293984181e-34,-2.484808345e-17,-0,-7.413983235e-33,0,0,0,0,0,0,0,0,0,0,0,0,0,0,0,0,0,-0,-0,-0,-0,-0,-0,-0,-0,0,0,0,0,0,0,0
1.872,-3.5,0,2,0,0,0,0,0,0,0,0,0,-4.33680869e-19,-0,-1.293984181e-34,-2.484808345e-17,-0,-7.413983235e-33,0,0,0,0,0,0,0,0,0,0,0,0,0,0,0,0,0,-0,-0,-0,-0,-0,-0,-0,-0,0,0,0,0,0,0,0
1.8775,-3.5,0,2,0,0,0,0,0,0,0,0,0,-4.33680869e-19,-0,-1.293984181e-34,-2.484808345e-17,-0,-7.413983235e-33,0,0,0,0,0,0,0,0,0,0,0,0,0,0,0,0,0,-0,-0,-0,-0,-0,-0,-0,-0,0,0,0,0,0,0,0
1.883,-3.5,0,2,0,0,0,0,0,0,0,0,0,-4.33680869e-19,-0,-1.293984181e-34,-2.484808345e-17,-0,-7.413983235e-33,0,0,0,0,0,0,0,0,0,0,0,0,0,0,0,0,0,-0,-0,-0,-0,-0,-0,-0,-0,0,0,0,0,0,0,0
1.8885,-3.5,0,2,0,0,0,0,0,0,0,0,0,-4.33680869e-19,-0,-1.293984181e-34,-2.484808345e-17,-0,-7.413983235e-33,0,0,0,0,0,0,0,0,0,0,0,0,0,0,0,0,0,-0,-0,-0,-0,-0,-0,-0,-0,0,0,0,0,0,0,0
1.894,-3.5,0,2,0,0,0,0,0,0,0,0,0,-4.33680869e-19,-0,-1.293984181e-34,-2.484808345e-17,-0,-7.413983235e-33,0,0,0,0,0,0,0,0,0,0,0,0,0,0,0,0,0,-0,-0,-0,-0,-0,-0,-0,-0,0,0,0,0,0,0,0
1.8995,-3.5,0,2,0,0,0,0,0,0,0,0,0,-4.33680869e-19,-0,-1.293984181e-34,-2.484808345e-17,-0,-7.413983235e-33,0,0,0,0,0,0,0,0,0,0,0,0,0,0,0,0,0,-0,-0,-0,-0,-0,-0,-0,-0,0,0,0,0,0,0,0
1.905,-3.5,0,2,0,0,0,0,0,0,0,0,0,-4.33680869e-19,-0,-1.293984181e-34,-2.484808345e-17,-0,-7.413983235e-33,0,0,0,0,0,0,0,0,0,0,0,0,0,0,0,0,0,-0,-0,-0,-0,-0,-0,-0,-0,0,0,0,0,0,0,0
1.9105,-3.5,0,2,0,0,0,0,0,0,0,0,0,-4.33680869e-19,-0,-1.293984181e-34,-2.484808345e-17,-0,-7.413983235e-33,0,0,0,0,0,0,0,0,0,0,0,0,0,0,0,0,0,-0,-0,-0,-0,-0,-0,-0,-0,0,0,0,0,0,0,0
1.916,-3.5,0,2,0,0,0,0,0,0,0,0,0,-4.33680869e-19,-0,-1.293984181e-34,-2.484808345e-17,-0,-7.413983235e-33,0,0,0,0,0,0,0,0,0,0,0,0,0,0,0,0,0,-0,-0,-0,-0,-0,-0,-0,-0,0,0,0,0,0,0,0
1.9215,-3.5,0,2,0,0,0,0,0,0,0,0,0,-4.33680869e-19,-0,-1.293984181e-34,-2.484808345e-17,-0,-7.413983235e-33,0,0,0,0,0,0,0,0,0,0,0,0,0,0,0,0,0,-0,-0,-0,-0,-0,-0,-0,-0,0,0,0,0,0,0,0
1.927,-3.5,0,2,0,0,0,0,0,0,0,0,0,-4.33680869e-19,-0,-1.293984181e-34,-2.484808345e-17,-0,-7.413983235e-33,0,0,0,0,0,0,0,0,0,0,0,0,0,0,0,0,0,-0,-0,-0,-0,-0,-0,-0,-0,0,0,0,0,0,0,0
1.9325,-3.5,0,2,0,0,0,0,0,0,0,0,0,-4.33680869e-19,-0,-1.293984181e-34,-2.484808345e-17,-0,-7.413983235e-33,0,0,0,0,0,0,0,0,0,0,0,0,0,0,0,0,0,-0,-0,-0,-0,-0,-0,-0,-0,0,0,0,0,0,0,0
1.938,-3.5,0,2,0,0,0,0,0,0,0,0,0,-4.33680869e-19,-0,-1.293984181e-34,-2.484808345e-17,-0,-7.413983235e-33,0,0,0,0,0,0,0,0,0,0,0,0,0,0,0,0,0,-0,-0,-0,-0,-0,-0,-0,-0,0,0,0,0,0,0,0
1.9435,-3.5,0,2,0,0,0,0,0,0,0,0,0,-4.33680869e-19,-0,-1.293984181e-34,-2.484808345e-17,-0,-7.413983235e-33,0,0,0,0,0,0,0,0,0,0,0,0,0,0,0,0,0,-0,-0,-0,-0,-0,-0,-0,-0,0,0,0,0,0,0,0
1.949,-3.5,0,2,0,0,0,0,0,0,0,0,0,-4.33680869e-19,-0,-1.293984181e-34,-2.484808345e-17,-0,-7.413983235e-33,0,0,0,0,0,0,0,0,0,0,0,0,0,0,0,0,0,-0,-0,-0,-0,-0,-0,-0,-0,0,0,0,0,0,0,0
1.9545,-3.5,0,2,0,0,0,0,0,0,0,0,0,-4.33680869e-19,-0,-1.293984181e-34,-2.484808345e-17,-0,-7.413983235e-33,0,0,0,0,0,0,0,0,0,0,0,0,0,0,0,0,0,-0,-0,-0,-0,-0,-0,-0,-0,0,0,0,0,0,0,0
1.96,-3.5,0,2,0,0,0,0,0,0,0,0,0,-4.33680869e-19,-0,-1.293984181e-34,-2.484808345e-17,-0,-7.413983235e-33,0,0,0,0,0,0,0,0,0,0,0,0,0,0,0,0,0,-0,-0,-0,-0,-0,-0,-0,-0,0,0,0,0,0,0,0
1.9655,-3.5,0,2,0,0,0,0,0,0,0,0,0,-4.33680869e-19,-0,-1.293984181e-34,-2.484808345e-17,-0,-7.413983235e-33,0,0,0,0,0,0,0,0,0,0,0,0,0,0,0,0,0,-0,-0,-0,-0,-0,-0,-0,-0,0,0,0,0,0,0,0
1.971,-3.5,0,2,0,0,0,0,0,0,0,0,0,-4.33680869e-19,-0,-1.293984181e-34,-2.484808345e-17,-0,-7.413983235e-33,0,0,0,0,0,0,0,0,0,0,0,0,0,0,0,0,0,-0,-0,-0,-0,-0,-0,-0,-0,0,0,0,0,0,0,0
1.9765,-3.5,0,2,0,0,0,0,0,0,0,0,0,-4.33680869e-19,-0,-1.293984181e-34,-2.484808345e-17,-0,-7.413983235e-33,0,0,0,0,0,0,0,0,0,0,0,0,0,0,0,0,0,-0,-0,-0,-0,-0,-0,-0,-0,0,0,0,0,0,0,0
1.982,-3.5,0,2,0,0,0,0,0,0,0,0,0,-4.33680869e-19,-0,-1.293984181e-34,-2.484808345e-17,-0,-7.413983235e-33,0,0,0,0,0,0,0,0,0,0,0,0,0,0,0,0,0,-0,-0,-0,-0,-0,-0,-0,-0,0,0,0,0,0,0,0
1.9875,-3.5,0,2,0,0,0,0,0,0,0,0,0,-4.33680869e-19,-0,-1.293984181e-34,-2.484808345e-17,-0,-7.413983235e-33,0,0,0,0,0,0,0,0,0,0,0,0,0,0,0,0,0,-0,-0,-0,-0,-0,-0,-0,-0,0,0,0,0,0,0,0
1.993,-3.5,0,2,0,0,0,0,0,0,0,0,0,-4.33680869e-19,-0,-1.293984181e-34,-2.484808345e-17,-0,-7.413983235e-33,0,0,0,0,0,0,0,0,0,0,0,0,0,0,0,0,0,-0,-0,-0,-0,-0,-0,-0,-0,0,0,0,0,0,0,0
1.9985,-3.5,0,2,0,0,0,0,0,0,0,0,0,-4.33680869e-19,-0,-1.293984181e-34,-2.484808345e-17,-0,-7.413983235e-33,0,0,0,0,0,0,0,0,0,0,0,0,0,0,0,0,0,-0,-0,-0,-0,-0,-0,-0,-0,0,0,0,0,0,0,0
2.0035,-3.5,0,2,0,0,0,0,0,0,0,0,0,-4.33680869e-19,-0,-1.293984181e-34,-2.484808345e-17,-0,-7.413983235e-33,0,0,0,0,0,0,0,0,0,0,0,0,0,0,0,0,0,-0,-0,-0,-0,-0,-0,-0,-0,0,0,0,0,0,0,0
2.0085,-3.5,0,2,0,0,0,0,0,0,0,0,0,-4.33680869e-19,-0,-1.293984181e-34,-2.484808345e-17,-0,-7.413983235e-33,0,0,0,0,0,0,0,0,0,0,0,0,0,0,0,0,0,-0,-0,-0,-0,-0,-0,-0,-0,0,0,0,0,0,0,0
2.0135,-3.5,0,2,0,0,0,0,0,0,0,0,0,-4.33680869e-19,-0,-1.293984181e-34,-2.484808345e-17,-0,-7.413983235e-33,0,0,0,0,0,0,0,0,0,0,0,0,0,0,0,0,0,-0,-0,-0,-0,-0,-0,-0,-0,0,0,0,0,0,0,0
2.0185,-3.5,0,2,0,0,0,0,0,0,0,0,0,-4.33680869e-19,-0,-1.293984181e-34,-2.484808345e-17,-0,-7.413983235e-33,0,0,0,0,0,0,0,0,0,0,0,0,0,0,0,0,0,-0,-0,-0,-0,-0,-0,-0,-0,0,0,0,0,0,0,0
2.0235,-3.5,0,2,0,0,0,0,0,0,0,0,0,-4.33680869e-19,-0,-1.293984181e-34,-2.484808345e-17,-0,-7.413983235e-33,0,0,0,0,0,0,0,0,0,0,0,0,0,0,0,0,0,-0,-0,-0,-0,-0,-0,-0,-0,0,0,0,0,0,0,0
2.0285,-3.5,0,2,0,0,0,0,0,0,0,0,0,-4.33680869e-19,-0,-1.293984181e-34,-2.484808345e-17,-0,-7.413983235e-33,0,0,0,0,0,0,0,0,0,0,0,0,0,0,0,0,0,-0,-0,-0,-0,-0,-0,-0,-0,0,0,0,0,0,0,0
2.0335,-3.5,0,2,0,0,0,0,0,0,0,0,0,-4.33680869e-19,-0,-1.293984181e-34,-2.484808345e-17,-0,-7.413983235e-33,0,0,0,0,0,0,0,0,0,0,0,0,0,0,0,0,0,-0,-0,-0,-0,-0,-0,-0,-0,0,0,0,0,0,0,0
2.0385,-3.5,0,2,0,0,0,0,0,0,0,0,0,-4.33680869e-19,-0,-1.293984181e-34,-2.484808345e-17,-0,-7.413983235e-33,0,0,0,0,0,0,0,0,0,0,0,0,0,0,0,0,0,-0,-0,-0,-0,-0,-0,-0,-0,0,0,0,0,0,0,0
2.0435,-3.5,0,2,0,0,0,0,0,0,0,0,0,-4.33680869e-19,-0,-1.293984181e-34,-2.484808345e-17,-0,-7.413983235e-33,0,0,0,0,0,0,0,0,0,0,0,0,0,0,0,0,0,-0,-0,-0,-0,-0,-0,-0,-0,0,0,0,0,0,0,0
2.0485,-3.5,0,2,0,0,0,0,0,0,0,0,0,-4.33680869e-19,-0,-1.293984181e-34,-2.484808345e-17,-0,-7.413983235e-33,0,0,0,0,0,0,0,0,0,0,0,0,0,0,0,0,0,-0,-0,-0,-0,-0,-0,-0,-0,0,0,0,0,0,0,0
2.0535,-3.5,0,2,0,0,0,0,0,0,0,0,0,-4.33680869e-19,-0,-1.293984181e-34,-2.484808345e-17,-0,-7.413983235e-33,0,0,0,0,0,0,0,0,0,0,0,0,0,0,0,0,0,-0,-0,-0,-0,-0,-0,-0,-0,0,0,0,0,0,0,0
2.0585,-3.5,0,2,0,0,0,0,0,0,0,0,0,-4.33680869e-19,-0,-1.293984181e-34,-2.484808345e-17,-0,-7.413983235e-33,0,0,0,0,0,0,0,0,0,0,0,0,0,0,0,0,0,-0,-0,-0,-0,-0,-0,-0,-0,0,0,0,0,0,0,0
2.0635,-3.5,0,2,0,0,0,0,0,0,0,0,0,-4.33680869e-19,-0,-1.293984181e-34,-2.484808345e-17,-0,-7.413983235e-33,0,0,0,0,0,0,0,0,0,0,0,0,0,0,0,0,0,-0,-0,-0,-0,-0,-0,-0,-0,0,0,0,0,0,0,0
2.0685,-3.5,0,2,0,0,0,0,0,0,0,0,0,-4.33680869e-19,-0,-1.293984181e-34,-2.484808345e-17,-0,-7.413983235e-33,0,0,0,0,0,0,0,0,0,0,0,0,0,0,0,0,0,-0,-0,-0,-0,-0,-0,-0,-0,0,0,0,0,0,0,0
2.0735,-3.5,0,2,0,0,0,0,0,0,0,0,0,-4.33680869e-19,-0,-1.293984181e-34,-2.484808345e-17,-0,-7.413983235e-33,0,0,0,0,0,0,0,0,0,0,0,0,0,0,0,0,0,-0,-0,-0,-0,-0,-0,-0,-0,0,0,0,0,0,0,0
2.0785,-3.5,0,2,0,0,0,0,0,0,0,0,0,-4.33680869e-19,-0,-1.293984181e-34,-2.484808345e-17,-0,-7.413983235e-33,0,0,0,0,0,0,0,0,0,0,0,0,0,0,0,0,0,-0,-0,-0,-0,-0,-0,-0,-0,0,0,0,0,0,0,0
2.0835,-3.5,0,2,0,0,0,0,0,0,0,0,0,-4.33680869e-19,-0,-1.293984181e-34,-2.484808345e-17,-0,-7.413983235e-33,0,0,0,0,0,0,0,0,0,0,0,0,0,0,0,0,0,-0,-0,-0,-0,-0,-0,-0,-0,0,0,0,0,0,0,0
2.0885,-3.5,0,2,0,0,0,0,0,0,0,0,0,-4.33680869e-19,-0,-1.293984181e-34,-2.484808345e-17,-0,-7.413983235e-33,0,0,0,0,0,0,0,0,0,0,0,0,0,0,0,0,0,-0,-0,-0,-0,-0,-0,-0,-0,0,0,0,0,0,0,0
2.0935,-3.5,0,2,0,0,0,0,0,0,0,0,0,-4.33680869e-19,-0,-1.293984181e-34,-2.484808345e-17,-0,-7.413983235e-33,0,0,0,0,0,0,0,0,0,0,0,0,0,0,0,0,0,-0,-0,-0,-0,-0,-0,-0,-0,0,0,0,0,0,0,0
2.0985,-3.5,0,2,0,0,0,0,0,0,0,0,0,-4.33680869e-19,-0,-1.293984181e-34,-2.484808345e-17,-0,-7.413983235e-33,0,0,0,0,0,0,0,0,0,0,0,0,0,0,0,0,0,-0,-0,-0,-0,-0,-0,-0,-0,0,0,0,0,0,0,0
2.1035,-3.5,0,2,0,0,0,0,0,0,0,0,0,-4.33680869e-19,-0,-1.293984181e-34,-2.484808345e-17,-0,-7.413983235e-33,0,0,0,0,0,0,0,0,0,0,0,0,0,0,0,0,0,-0,-0,-0,-0,-0,-0,-0,-0,0,0,0,0,0,0,0
2.1085,-3.5,0,2,0,0,0,0,0,0,0,0,0,-4.33680869e-19,-0,-1.293984181e-34,-2.484808345e-17,-0,-7.413983235e-33,0,0,0,0,0,0,0,0,0,0,0,0,0,0,0,0,0,-0,-0,-0,-0,-0,-0,-0,-0,0,0,0,0,0,0,0
2.1135,-3.5,0,2,0,0,0,0,0,0,0,0,0,-4.33680869e-19,-0,-1.293984181e-34,-2.484808345e-17,-0,-7.413983235e-33,0,0,0,0,0,0,0,0,0,0,0,0,0,0,0,0,0,-0,-0,-0,-0,-0,-0,-0,-0,0,0,0,0,0,0,0
2.1185,-3.5,0,2,0,0,0,0,0,0,0,0,0,-4.33680869e-19,-0,-1.293984181e-34,-2.484808345e-17,-0,-7.413983235e-33,0,0,0,0,0,0,0,0,0,0,0,0,0,0,0,0,0,-0,-0,-0,-0,-0,-0,-0,-0,0,0,0,0,0,0,0
2.1235,-3.5,0,2,0,0,0,0,0,0,0,0,0,-4.33680869e-19,-0,-1.293984181e-34,-2.484808345e-17,-0,-7.413983235e-33,0,0,0,0,0,0,0,0,0,0,0,0,0,0,0,0,0,-0,-0,-0,-0,-0,-0,-0,-0,0,0,0,0,0,0,0
2.1285,-3.5,0,2,0,0,0,0,0,0,0,0,0,-4.33680869e-19,-0,-1.293984181e-34,-2.484808345e-17,-0,-7.413983235e-33,0,0,0,0,0,0,0,0,0,0,0,0,0,0,0,0,0,-0,-0,-0,-0,-0,-0,-0,-0,0,0,0,0,0,0,0
2.1335,-3.5,0,2,0,0,0,0,0,0,0,0,0,-4.33680869e-19,-0,-1.293984181e-34,-2.484808345e-17,-0,-7.413983235e-33,0,0,0,0,0,0,0,0,0,0,0,0,0,0,0,0,0,-0,-0,-0,-0,-0,-0,-0,-0,0,0,0,0,0,0,0
2.1385,-3.5,0,2,0,0,0,0,0,0,0,0,0,-4.33680869e-19,-0,-1.293984181e-34,-2.484808345e-17,-0,-7.413983235e-33,0,0,0,0,0,0,0,0,0,0,0,0,0,0,0,0,0,-0,-0,-0,-0,-0,-0,-0,-0,0,0,0,0,0,0,0
2.1435,-3.5,0,2,0,0,0,0,0,0,0,0,0,-4.33680869e-19,-0,-1.293984181e-34,-2.484808345e-17,-0,-7.413983235e-33,0,0,0,0,0,0,0,0,0,0,0,0,0,0,0,0,0,-0,-0,-0,-0,-0,-0,-0,-0,0,0,0,0,0,0,0
2.1485,-3.5,0,2,0,0,0,0,0,0,0,0,0,-4.33680869e-19,-0,-1.293984181e-34,-2.484808345e-17,-0,-7.413983235e-33,0,0,0,0,0,0,0,0,0,0,0,0,0,0,0,0,0,-0,-0,-0,-0,-0,-0,-0,-0,0,0,0,0,0,0,0
2.1535,-3.5,0,2,0,0,0,0,0,0,0,0,0,-4.33680869e-19,-0,-1.293984181e-34,-2.484808345e-17,-0,-7.413983235e-33,0,0,0,0,0,0,0,0,0,0,0,0,0,0,0,0,0,-0,-0,-0,-0,-0,-0,-0,-0,0,0,0,0,0,0,0
2.1585,-3.5,0,2,0,0,0,0,0,0,0,0,0,-4.33680869e-19,-0,-1.293984181e-34,-2.484808345e-17,-0,-7.413983235e-33,0,0,0,0,0,0,0,0,0,0,0,0,0,0,0,0,0,-0,-0,-0,-0,-0,-0,-0,-0,0,0,0,0,0,0,0
2.1635,-3.5,0,2,0,0,0,0,0,0,0,0,0,-4.33680869e-19,-0,-1.293984181e-34,-2.484808345e-17,-0,-7.413983235e-33,0,0,0,0,0,0,0,0,0,0,0,0,0,0,0,0,0,-0,-0,-0,-0,-0,-0,-0,-0,0,0,0,0,0,0,0
2.1685,-3.5,0,2,0,0,0,0,0,0,0,0,0,-4.33680869e-19,-0,-1.293984181e-34,-2.484808345e-17,-0,-7.413983235e-33,0,0,0,0,0,0,0,0,0,0,0,0,0,0,0,0,0,-0,-0,-0,-0,-0,-0,-0,-0,0,0,0,0,0,0,0
2.1735,-3.5,0,2,0,0,0,0,0,0,0,0,0,-4.33680869e-19,-0,-1.293984181e-34,-2.484808345e-17,-0,-7.413983235e-33,0,0,0,0,0,0,0,0,0,0,0,0,0,0,0,0,0,-0,-0,-0,-0,-0,-0,-0,-0,0,0,0,0,0,0,0
2.1785,-3.5,0,2,0,0,0,0,0,0,0,0,0,-4.33680869e-19,-0,-1.293984181e-34,-2.484808345e-17,-0,-7.413983235e-33,0,0,0,0,0,0,0,0,0,0,0,0,0,0,0,0,0,-0,-0,-0,-0,-0,-0,-0,-0,0,0,0,0,0,0,0
2.1835,-3.5,0,2,0,0,0,0,0,0,0,0,0,-4.33680869e-19,-0,-1.293984181e-34,-2.484808345e-17,-0,-7.413983235e-33,0,0,0,0,0,0,0,0,0,0,0,0,0,0,0,0,0,-0,-0,-0,-0,-0,-0,-0,-0,0,0,0,0,0,0,0
2.1885,-3.5,0,2,0,0,0,0,0,0,0,0,0,-4.33680869e-19,-0,-1.293984181e-34,-2.484808345e-17,-0,-7.413983235e-33,0,0,0,0,0,0,0,0,0,0,0,0,0,0,0,0,0,-0,-0,-0,-0,-0,-0,-0,-0,0,0,0,0,0,0,0
2.1935,-3.5,0,2,0,0,0,0,0,0,0,0,0,-4.33680869e-19,-0,-1.293984181e-34,-2.484808345e-17,-0,-7.413983235e-33,0,0,0,0,0,0,0,0,0,0,0,0,0,0,0,0,0,-0,-0,-0,-0,-0,-0,-0,-0,0,0,0,0,0,0,0
2.1985,-3.5,0,2,0,0,0,0,0,0,0,0,0,-4.33680869e-19,-0,-1.293984181e-34,-2.484808345e-17,-0,-7.413983235e-33,0,0,0,0,0,0,0,0,0,0,0,0,0,0,0,0,0,-0,-0,-0,-0,-0,-0,-0,-0,0,0,0,0,0,0,0
2.2035,-3.5,0,2,0,0,0,0,0,0,0,0,0,-4.33680869e-19,-0,-1.293984181e-34,-2.484808345e-17,-0,-7.413983235e-33,0,0,0,0,0,0,0,0,0,0,0,0,0,0,0,0,0,-0,-0,-0,-0,-0,-0,-0,-0,0,0,0,0,0,0,0
2.2085,-3.5,0,2,0,0,0,0,0,0,0,0,0,-4.33680869e-19,-0,-1.293984181e-34,-2.484808345e-17,-0,-7.413983235e-33,0,0,0,0,0,0,0,0,0,0,0,0,0,0,0,0,0,-0,-0,-0,-0,-0,-0,-0,-0,0,0,0,0,0,0,0
2.2135,-3.5,0,2,0,0,0,0,0,0,0,0,0,-4.33680869e-19,-0,-1.293984181e-34,-2.484808345e-17,-0,-7.413983235e-33,0,0,0,0,0,0,0,0,0,0,0,0,0,0,0,0,0,-0,-0,-0,-0,-0,-0,-0,-0,0,0,0,0,0,0,0
2.2185,-3.5,0,2,0,0,0,0,0,0,0,0,0,-4.33680869e-19,-0,-1.293984181e-34,-2.484808345e-17,-0,-7.413983235e-33,0,0,0,0,0,0,0,0,0,0,0,0,0,0,0,0,0,-0,-0,-0,-0,-0,-0,-0,-0,0,0,0,0,0,0,0
2.2235,-3.5,0,2,0,0,0,0,0,0,0,0,0,-4.33680869e-19,-0,-1.293984181e-34,-2.484808345e-17,-0,-7.413983235e-33,0,0,0,0,0,0,0,0,0,0,0,0,0,0,0,0,0,-0,-0,-0,-0,-0,-0,-0,-0,0,0,0,0,0,0,0
2.2285,-3.5,0,2,0,0,0,0,0,0,0,0,0,-4.33680869e-19,-0,-1.293984181e-34,-2.484808345e-17,-0,-7.413983235e-33,0,0,0,0,0,0,0,0,0,0,0,0,0,0,0,0,0,-0,-0,-0,-0,-0,-0,-0,-0,0,0,0,0,0,0,0
2.2335,-3.5,0,2,0,0,0,0,0,0,0,0,0,-4.33680869e-19,-0,-1.293984181e-34,-2.484808345e-17,-0,-7.413983235e-33,0,0,0,0,0,0,0,0,0,0,0,0,0,0,0,0,0,-0,-0,-0,-0,-0,-0,-0,-0,0,0,0,0,0,0,0
2.2385,-3.5,0,2,0,0,0,0,0,0,0,0,0,-4.33680869e-19,-0,-1.293984181e-34,-2.484808345e-17,-0,-7.413983235e-33,0,0,0,0,0,0,0,0,0,0,0,0,0,0,0,0,0,-0,-0,-0,-0,-0,-0,-0,-0,0,0,0,0,0,0,0
2.2435,-3.5,0,2,0,0,0,0,0,0,0,0,0,-4.33680869e-19,-0,-1.293984181e-34,-2.484808345e-17,-0,-7.413983235e-33,0,0,0,0,0,0,0,0,0,0,0,0,0,0,0,0,0,-0,-0,-0,-0,-0,-0,-0,-0,0,0,0,0,0,0,0
2.2485,-3.5,0,2,0,0,0,0,0,0,0,0,0,-4.33680869e-19,-0,-1.293984181e-34,-2.484808345e-17,-0,-7.413983235e-33,0,0,0,0,0,0,0,0,0,0,0,0,0,0,0,0,0,-0,-0,-0,-0,-0,-0,-0,-0,0,0,0,0,0,0,0
2.2535,-3.5,0,2,0,0,0,0,0,0,0,0,0,-4.33680869e-19,-0,-1.293984181e-34,-2.484808345e-17,-0,-7.413983235e-33,0,0,0,0,0,0,0,0,0,0,0,0,0,0,0,0,0,-0,-0,-0,-0,-0,-0,-0,-0,0,0,0,0,0,0,0
2.2585,-3.5,0,2,0,0,0,0,0,0,0,0,0,-4.33680869e-19,-0,-1.293984181e-34,-2.484808345e-17,-0,-7.413983235e-33,0,0,0,0,0,0,0,0,0,0,0,0,0,0,0,0,0,-0,-0,-0,-0,-0,-0,-0,-0,0,0,0,0,0,0,0
2.2635,-3.5,0,2,0,0,0,0,0,0,0,0,0,-4.33680869e-19,-0,-1.293984181e-34,-2.484808345e-17,-0,-7.413983235e-33,0,0,0,0,0,0,0,0,0,0,0,0,0,0,0,0,0,-0,-0,-0,-0,-0,-0,-0,-0,0,0,0,0,0,0,0
2.2685,-3.5,0,2,0,0,0,0,0,0,0,0,0,-4.33680869e-19,-0,-1.293984181e-34,-2.484808345e-17,-0,-7.413983235e-33,0,0,0,0,0,0,0,0,0,0,0,0,0,0,0,0,0,-0,-0,-0,-0,-0,-0,-0,-0,0,0,0,0,0,0,0
2.2735,-3.5,0,2,0,0,0,0,0,0,0,0,0,-4.33680869e-19,-0,-1.293984181e-34,-2.484808345e-17,-0,-7.413983235e-33,0,0,0,0,0,0,0,0,0,0,0,0,0,0,0,0,0,-0,-0,-0,-0,-0,-0,-0,-0,0,0,0,0,0,0,0
2.2785,-3.5,0,2,0,0,0,0,0,0,0,0,0,-4.33680869e-19,-0,-1.293984181e-34,-2.484808345e-17,-0,-7.413983235e-33,0,0,0,0,0,0,0,0,0,0,0,0,0,0,0,0,0,-0,-0,-0,-0,-0,-0,-0,-0,0,0,0,0,0,0,0
2.2835,-3.5,0,2,0,0,0,0,0,0,0,0,0,-4.33680869e-19,-0,-1.293984181e-34,-2.484808345e-17,-0,-7.413983235e-33,0,0,0,0,0,0,0,0,0,0,0,0,0,0,0,0,0,-0,-0,-0,-0,-0,-0,-0,-0,0,0,0,0,0,0,0
2.2885,-3.5,0,2,0,0,0,0,0,0,0,0,0,-4.33680869e-19,-0,-1.293984181e-34,-2.484808345e-17,-0,-7.413983235e-33,0,0,0,0,0,0,0,0,0,0,0,0,0,0,0,0,0,-0,-0,-0,-0,-0,-0,-0,-0,0,0,0,0,0,0,0
2.2935,-3.5,0,2,0,0,0,0,0,0,0,0,0,-4.33680869e-19,-0,-1.293984181e-34,-2.484808345e-17,-0,-7.413983235e-33,0,0,0,0,0,0,0,0,0,0,0,0,0,0,0,0,0,-0,-0,-0,-0,-0,-0,-0,-0,0,0,0,0,0,0,0
2.2985,-3.5,0,2,0,0,0,0,0,0,0,0,0,-4.33680869e-19,-0,-1.293984181e-34,-2.484808345e-17,-0,-7.413983235e-33,0,0,0,0,0,0,0,0,0,0,0,0,0,0,0,0,0,-0,-0,-0,-0,-0,-0,-0,-0,0,0,0,0,0,0,0
2.3035,-3.5,0,2,0,0,0,0,0,0,0,0,0,-4.33680869e-19,-0,-1.293984181e-34,-2.484808345e-17,-0,-7.413983235e-33,0,0,0,0,0,0,0,0,0,0,0,0,0,0,0,0,0,-0,-0,-0,-0,-0,-0,-0,-0,0,0,0,0,0,0,0
2.3085,-3.5,0,2,0,0,0,0,0,0,0,0,0,-4.33680869e-19,-0,-1.293984181e-34,-2.484808345e-17,-0,-7.413983235e-33,0,0,0,0,0,0,0,0,0,0,0,0,0,0,0,0,0,-0,-0,-0,-0,-0,-0,-0,-0,0,0,0,0,0,0,0
2.3135,-3.5,0,2,0,0,0,0,0,0,0,0,0,-4.33680869e-19,-0,-1.293984181e-34,-2.484808345e-17,-0,-7.413983235e-33,0,0,0,0,0,0,0,0,0,0,0,0,0,0,0,0,0,-0,-0,-0,-0,-0,-0,-0,-0,0,0,0,0,0,0,0
2.3185,-3.5,0,2,0,0,0,0,0,0,0,0,0,-4.33680869e-19,-0,-1.293984181e-34,-2.484808345e-17,-0,-7.413983235e-33,0,0,0,0,0,0,0,0,0,0,0,0,0,0,0,0,0,-0,-0,-0,-0,-0,-0,-0,-0,0,0,0,0,0,0,0
2.3235,-3.5,0,2,0,0,0,0,0,0,0,0,0,-4.33680869e-19,-0,-1.293984181e-34,-2.484808345e-17,-0,-7.413983235e-33,0,0,0,0,0,0,0,0,0,0,0,0,0,0,0,0,0,-0,-0,-0,-0,-0,-0,-0,-0,0,0,0,0,0,0,0
2.3285,-3.5,0,2,0,0,0,0,0,0,0,0,0,-4.33680869e-19,-0,-1.293984181e-34,-2.484808345e-17,-0,-7.413983235e-33,0,0,0,0,0,0,0,0,0,0,0,0,0,0,0,0,0,-0,-0,-0,-0,-0,-0,-0,-0,0,0,0,0,0,0,0
2.3335,-3.5,0,2,0,0,0,0,0,0,0,0,0,-4.33680869e-19,-0,-1.293984181e-34,-2.484808345e-17,-0,-7.413983235e-33,0,0,0,0,0,0,0,0,0,0,0,0,0,0,0,0,0,-0,-0,-0,-0,-0,-0,-0,-0,0,0,0,0,0,0,0
2.3385,-3.5,0,2,0,0,0,0,0,0,0,0,0,-4.33680869e-19,-0,-1.293984181e-34,-2.484808345e-17,-0,-7.413983235e-33,0,0,0,0,0,0,0,0,0,0,0,0,0,0,0,0,0,-0,-0,-0,-0,-0,-0,-0,-0,0,0,0,0,0,0,0
2.3435,-3.5,0,2,0,0,0,0,0,0,0,0,0,-4.33680869e-19,-0,-1.293984181e-34,-2.484808345e-17,-0,-7.413983235e-33,0,0,0,0,0,0,0,0,0,0,0,0,0,0,0,0,0,-0,-0,-0,-0,-0,-0,-0,-0,0,0,0,0,0,0,0
2.3485,-3.5,0,2,0,0,0,0,0,0,0,0,0,-4.33680869e-19,-0,-1.293984181e-34,-2.484808345e-17,-0,-7.413983235e-33,0,0,0,0,0,0,0,0,0,0,0,0,0,0,0,0,0,-0,-0,-0,-0,-0,-0,-0,-0,0,0,0,0,0,0,0
2.3535,-3.5,0,2,0,0,0,0,0,0,0,0,0,-4.33680869e-19,-0,-1.293984181e-34,-2.484808345e-17,-0,-7.413983235e-33,0,0,0,0,0,0,0,0,0,0,0,0,0,0,0,0,0,-0,-0,-0,-0,-0,-0,-0,-0,0,0,0,0,0,0,0
2.3585,-3.5,0,2,0,0,0,0,0,0,0,0,0,-4.33680869e-19,-0,-1.293984181e-34,-2.484808345e-17,-0,-7.413983235e-33,0,0,0,0,0,0,0,0,0,0,0,0,0,0,0,0,0,-0,-0,-0,-0,-0,-0,-0,-0,0,0,0,0,0,0,0
2.3635,-3.5,0,2,0,0,0,0,0,0,0,0,0,-4.33680869e-19,-0,-1.293984181e-34,-2.484808345e-17,-0,-7.413983235e-33,0,0,0,0,0,0,0,0,0,0,0,0,0,0,0,0,0,-0,-0,-0,-0,-0,-0,-0,-0,0,0,0,0,0,0,0
2.3685,-3.5,0,2,0,0,0,0,0,0,0,0,0,-4.33680869e-19,-0,-1.293984181e-34,-2.484808345e-17,-0,-7.413983235e-33,0,0,0,0,0,0,0,0,0,0,0,0,0,0,0,0,0,-0,-0,-0,-0,-0,-0,-0,-0,0,0,0,0,0,0,0
2.3735,-3.5,0,2,0,0,0,0,0,0,0,0,0,-4.33680869e-19,-0,-1.293984181e-34,-2.484808345e-17,-0,-7.413983235e-33,0,0,0,0,0,0,0,0,0,0,0,0,0,0,0,0,0,-0,-0,-0,-0,-0,-0,-0,-0,0,0,0,0,0,0,0
2.3785,-3.5,0,2,0,0,0,0,0,0,0,0,0,-4.33680869e-19,-0,-1.293984181e-34,-2.484808345e-17,-0,-7.413983235e-33,0,0,0,0,0,0,0,0,0,0,0,0,0,0,0,0,0,-0,-0,-0,-0,-0,-0,-0,-0,0,0,0,0,0,0,0
2.3835,-3.5,0,2,0,0,0,0,0,0,0,0,0,-4.33680869e-19,-0,-1.293984181e-34,-2.484808345e-17,-0,-7.413983235e-33,0,0,0,0,0,0,0,0,0,0,0,0,0,0,0,0,0,-0,-0,-0,-0,-0,-0,-0,-0,0,0,0,0,0,0,0
2.3885,-3.5,0,2,0,0,0,0,0,0,0,0,0,-4.33680869e-19,-0,-1.293984181e-34,-2.484808345e-17,-0,-7.413983235e-33,0,0,0,0,0,0,0,0,0,0,0,0,0,0,0,0,0,-0,-0,-0,-0,-0,-0,-0,-0,0,0,0,0,0,0,0
2.3935,-3.5,0,2,0,0,0,0,0,0,0,0,0,-4.33680869e-19,-0,-1.293984181e-34,-2.484808345e-17,-0,-7.413983235e-33,0,0,0,0,0,0,0,0,0,0,0,0,0,0,0,0,0,-0,-0,-0,-0,-0,-0,-0,-0,0,0,0,0,0,0,0
2.3985,-3.5,0,2,0,0,0,0,0,0,0,0,0,-4.33680869e-19,-0,-1.293984181e-34,-2.484808345e-17,-0,-7.413983235e-33,0,0,0,0,0,0,0,0,0,0,0,0,0,0,0,0,0,-0,-0,-0,-0,-0,-0,-0,-0,0,0,0,0,0,0,0
2.4035,-3.5,0,2,0,0,0,0,0,0,0,0,0,-4.33680869e-19,-0,-1.293984181e-34,-2.484808345e-17,-0,-7.413983235e-33,0,0,0,0,0,0,0,0,0,0,0,0,0,0,0,0,0,-0,-0,-0,-0,-0,-0,-0,-0,0,0,0,0,0,0,0
2.4085,-3.5,0,2,0,0,0,0,0,0,0,0,0,-4.33680869e-19,-0,-1.293984181e-34,-2.484808345e-17,-0,-7.413983235e-33,0,0,0,0,0,0,0,0,0,0,0,0,0,0,0,0,0,-0,-0,-0,-0,-0,-0,-0,-0,0,0,0,0,0,0,0
2.4135,-3.5,0,2,0,0,0,0,0,0,0,0,0,-4.33680869e-19,-0,-1.293984181e-34,-2.484808345e-17,-0,-7.413983235e-33,0,0,0,0,0,0,0,0,0,0,0,0,0,0,0,0,0,-0,-0,-0,-0,-0,-0,-0,-0,0,0,0,0,0,0,0
2.4185,-3.5,0,2,0,0,0,0,0,0,0,0,0,-4.33680869e-19,-0,-1.293984181e-34,-2.484808345e-17,-0,-7.413983235e-33,0,0,0,0,0,0,0,0,0,0,0,0,0,0,0,0,0,-0,-0,-0,-0,-0,-0,-0,-0,0,0,0,0,0,0,0
2.4235,-3.5,0,2,0,0,0,0,0,0,0,0,0,-4.33680869e-19,-0,-1.293984181e-34,-2.484808345e-17,-0,-7.413983235e-33,0,0,0,0,0,0,0,0,0,0,0,0,0,0,0,0,0,-0,-0,-0,-0,-0,-0,-0,-0,0,0,0,0,0,0,0
2.4285,-3.5,0,2,0,0,0,0,0,0,0,0,0,-4.33680869e-19,-0,-1.293984181e-34,-2.484808345e-17,-0,-7.413983235e-33,0,0,0,0,0,0,0,0,0,0,0,0,0,0,0,0,0,-0,-0,-0,-0,-0,-0,-0,-0,0,0,0,0,0,0,0
2.4335,-3.5,0,2,0,0,0,0,0,0,0,0,0,-4.33680869e-19,-0,-1.293984181e-34,-2.484808345e-17,-0,-7.413983235e-33,0,0,0,0,0,0,0,0,0,0,0,0,0,0,0,0,0,-0,-0,-0,-0,-0,-0,-0,-0,0,0,0,0,0,0,0
2.4385,-3.5,0,2,0,0,0,0,0,0,0,0,0,-4.33680869e-19,-0,-1.293984181e-34,-2.484808345e-17,-0,-7.413983235e-33,0,0,0,0,0,0,0,0,0,0,0,0,0,0,0,0,0,-0,-0,-0,-0,-0,-0,-0,-0,0,0,0,0,0,0,0
2.4435,-3.5,0,2,0,0,0,0,0,0,0,0,0,-4.33680869e-19,-0,-1.293984181e-34,-2.484808345e-17,-0,-7.413983235e-33,0,0,0,0,0,0,0,0,0,0,0,0,0,0,0,0,0,-0,-0,-0,-0,-0,-0,-0,-0,0,0,0,0,0,0,0
2.4485,-3.5,0,2,0,0,0,0,0,0,0,0,0,-4.33680869e-19,-0,-1.293984181e-34,-2.484808345e-17,-0,-7.413983235e-33,0,0,0,0,0,0,0,0,0,0,0,0,0,0,0,0,0,-0,-0,-0,-0,-0,-0,-0,-0,0,0,0,0,0,0,0
2.4535,-3.5,0,2,0,0,0,0,0,0,0,0,0,-4.33680869e-19,-0,-1.293984181e-34,-2.484808345e-17,-0,-7.413983235e-33,0,0,0,0,0,0,0,0,0,0,0,0,0,0,0,0,0,-0,-0,-0,-0,-0,-0,-0,-0,0,0,0,0,0,0,0
2.4585,-3.5,0,2,0,0,0,0,0,0,0,0,0,-4.33680869e-19,-0,-1.293984181e-34,-2.484808345e-17,-0,-7.413983235e-33,0,0,0,0,0,0,0,0,0,0,0,0,0,0,0,0,0,-0,-0,-0,-0,-0,-0,-0,-0,0,0,0,0,0,0,0
2.4635,-3.5,0,2,0,0,0,0,0,0,0,0,0,-4.33680869e-19,-0,-1.293984181e-34,-2.484808345e-17,-0,-7.413983235e-33,0,0,0,0,0,0,0,0,0,0,0,0,0,0,0,0,0,-0,-0,-0,-0,-0,-0,-0,-0,0,0,0,0,0,0,0
2.4685,-3.5,0,2,0,0,0,0,0,0,0,0,0,-4.33680869e-19,-0,-1.293984181e-34,-2.484808345e-17,-0,-7.413983235e-33,0,0,0,0,0,0,0,0,0,0,0,0,0,0,0,0,0,-0,-0,-0,-0,-0,-0,-0,-0,0,0,0,0,0,0,0
2.4735,-3.5,0,2,0,0,0,0,0,0,0,0,0,-4.33680869e-19,-0,-1.293984181e-34,-2.484808345e-17,-0,-7.413983235e-33,0,0,0,0,0,0,0,0,0,0,0,0,0,0,0,0,0,-0,-0,-0,-0,-0,-0,-0,-0,0,0,0,0,0,0,0
2.4785,-3.5,0,2,0,0,0,0,0,0,0,0,0,-4.33680869e-19,-0,-1.293984181e-34,-2.484808345e-17,-0,-7.413983235e-33,0,0,0,0,0,0,0,0,0,0,0,0,0,0,0,0,0,-0,-0,-0,-0,-0,-0,-0,-0,0,0,0,0,0,0,0
2.4835,-3.5,0,2,0,0,0,0,0,0,0,0,0,-4.33680869e-19,-0,-1.293984181e-34,-2.484808345e-17,-0,-7.413983235e-33,0,0,0,0,0,0,0,0,0,0,0,0,0,0,0,0,0,-0,-0,-0,-0,-0,-0,-0,-0,0,0,0,0,0,0,0
2.4885,-3.5,0,2,0,0,0,0,0,0,0,0,0,-4.33680869e-19,-0,-1.293984181e-34,-2.484808345e-17,-0,-7.413983235e-33,0,0,0,0,0,0,0,0,0,0,0,0,0,0,0,0,0,-0,-0,-0,-0,-0,-0,-0,-0,0,0,0,0,0,0,0
2.4935,-3.5,0,2,0,0,0,0,0,0,0,0,0,-4.33680869e-19,-0,-1.293984181e-34,-2.484808345e-17,-0,-7.413983235e-33,0,0,0,0,0,0,0,0,0,0,0,0,0,0,0,0,0,-0,-0,-0,-0,-0,-0,-0,-0,0,0,0,0,0,0,0
2.4985,-3.5,0,2,0,0,0,0,0,0,0,0,0,-4.33680869e-19,-0,-1.293984181e-34,-2.484808345e-17,-0,-7.413983235e-33,0,0,0,0,0,0,0,0,0,0,0,0,0,0,0,0,0,-0,-0,-0,-0,-0,-0,-0,-0,0,0,0,0,0,0,0
2.5035,-3.5,0,2,0,0,0,0,0,0,0,0,0,-4.33680869e-19,-0,-1.293984181e-34,-2.484808345e-17,-0,-7.413983235e-33,0,0,0,0,0,0,0,0,0,0,0,0,0,0,0,0,0,-0,-0,-0,-0,-0,-0,-0,-0,0,0,0,0,0,0,0
2.5085,-3.5,0,2,0,0,0,0,0,0,0,0,0,-4.33680869e-19,-0,-1.293984181e-34,-2.484808345e-17,-0,-7.413983235e-33,0,0,0,0,0,0,0,0,0,0,0,0,0,0,0,0,0,-0,-0,-0,-0,-0,-0,-0,-0,0,0,0,0,0,0,0
2.5135,-3.5,0,2,0,0,0,0,0,0,0,0,0,-4.33680869e-19,-0,-1.293984181e-34,-2.484808345e-17,-0,-7.413983235e-33,0,0,0,0,0,0,0,0,0,0,0,0,0,0,0,0,0,-0,-0,-0,-0,-0,-0,-0,-0,0,0,0,0,0,0,0
2.5185,-3.5,0,2,0,0,0,0,0,0,0,0,0,-4.33680869e-19,-0,-1.293984181e-34,-2.484808345e-17,-0,-7.413983235e-33,0,0,0,0,0,0,0,0,0,0,0,0,0,0,0,0,0,-0,-0,-0,-0,-0,-0,-0,-0,0,0,0,0,0,0,0
2.5235,-3.5,0,2,0,0,0,0,0,0,0,0,0,-4.33680869e-19,-0,-1.293984181e-34,-2.484808345e-17,-0,-7.413983235e-33,0,0,0,0,0,0,0,0,0,0,0,0,0,0,0,0,0,-0,-0,-0,-0,-0,-0,-0,-0,0,0,0,0,0,0,0
2.5285,-3.5,0,2,0,0,0,0,0,0,0,0,0,-4.33680869e-19,-0,-1.293984181e-34,-2.484808345e-17,-0,-7.413983235e-33,0,0,0,0,0,0,0,0,0,0,0,0,0,0,0,0,0,-0,-0,-0,-0,-0,-0,-0,-0,0,0,0,0,0,0,0
2.5335,-3.5,0,2,0,0,0,0,0,0,0,0,0,-4.33680869e-19,-0,-1.293984181e-34,-2.484808345e-17,-0,-7.413983235e-33,0,0,0,0,0,0,0,0,0,0,0,0,0,0,0,0,0,-0,-0,-0,-0,-0,-0,-0,-0,0,0,0,0,0,0,0
2.5385,-3.5,0,2,0,0,0,0,0,0,0,0,0,-4.33680869e-19,-0,-1.293984181e-34,-2.484808345e-17,-0,-7.413983235e-33,0,0,0,0,0,0,0,0,0,0,0,0,0,0,0,0,0,-0,-0,-0,-0,-0,-0,-0,-0,0,0,0,0,0,0,0
2.5435,-3.5,0,2,0,0,0,0,0,0,0,0,0,-4.33680869e-19,-0,-1.293984181e-34,-2.484808345e-17,-0,-7.413983235e-33,0,0,0,0,0,0,0,0,0,0,0,0,0,0,0,0,0,-0,-0,-0,-0,-0,-0,-0,-0,0,0,0,0,0,0,0
2.5485,-3.5,0,2,0,0,0,0,0,0,0,0,0,-4.33680869e-19,-0,-1.293984181e-34,-2.484808345e-17,-0,-7.413983235e-33,0,0,0,0,0,0,0,0,0,0,0,0,0,0,0,0,0,-0,-0,-0,-0,-0,-0,-0,-0,0,0,0,0,0,0,0
2.5535,-3.5,0,2,0,0,0,0,0,0,0,0,0,-4.33680869e-19,-0,-1.293984181e-34,-2.484808345e-17,-0,-7.413983235e-33,0,0,0,0,0,0,0,0,0,0,0,0,0,0,0,0,0,-0,-0,-0,-0,-0,-0,-0,-0,0,0,0,0,0,0,0
2.5585,-3.5,0,2,0,0,0,0,0,0,0,0,0,-4.33680869e-19,-0,-1.293984181e-34,-2.484808345e-17,-0,-7.413983235e-33,0,0,0,0,0,0,0,0,0,0,0,0,0,0,0,0,0,-0,-0,-0,-0,-0,-0,-0,-0,0,0,0,0,0,0,0
2.5635,-3.5,0,2,0,0,0,0,0,0,0,0,0,-4.33680869e-19,-0,-1.293984181e-34,-2.484808345e-17,-0,-7.413983235e-33,0,0,0,0,0,0,0,0,0,0,0,0,0,0,0,0,0,-0,-0,-0,-0,-0,-0,-0,-0,0,0,0,0,0,0,0
2.5685,-3.5,0,2,0,0,0,0,0,0,0,0,0,-4.33680869e-19,-0,-1.293984181e-34,-2.484808345e-17,-0,-7.413983235e-33,0,0,0,0,0,0,0,0,0,0,0,0,0,0,0,0,0,-0,-0,-0,-0,-0,-0,-0,-0,0,0,0,0,0,0,0
2.5735,-3.5,0,2,0,0,0,0,0,0,0,0,0,-4.33680869e-19,-0,-1.293984181e-34,-2.484808345e-17,-0,-7.413983235e-33,0,0,0,0,0,0,0,0,0,0,0,0,0,0,0,0,0,-0,-0,-0,-0,-0,-0,-0,-0,0,0,0,0,0,0,0
2.5785,-3.5,0,2,0,0,0,0,0,0,0,0,0,-4.33680869e-19,-0,-1.293984181e-34,-2.484808345e-17,-0,-7.413983235e-33,0,0,0,0,0,0,0,0,0,0,0,0,0,0,0,0,0,-0,-0,-0,-0,-0,-0,-0,-0,0,0,0,0,0,0,0
2.5835,-3.5,0,2,0,0,0,0,0,0,0,0,0,-4.33680869e-19,-0,-1.293984181e-34,-2.484808345e-17,-0,-7.413983235e-33,0,0,0,0,0,0,0,0,0,0,0,0,0,0,0,0,0,-0,-0,-0,-0,-0,-0,-0,-0,0,0,0,0,0,0,0
2.5885,-3.5,0,2,0,0,0,0,0,0,0,0,0,-4.33680869e-19,-0,-1.293984181e-34,-2.484808345e-17,-0,-7.413983235e-33,0,0,0,0,0,0,0,0,0,0,0,0,0,0,0,0,0,-0,-0,-0,-0,-0,-0,-0,-0,0,0,0,0,0,0,0
2.5935,-3.5,0,2,0,0,0,0,0,0,0,0,0,-4.33680869e-19,-0,-1.293984181e-34,-2.484808345e-17,-0,-7.413983235e-33,0,0,0,0,0,0,0,0,0,0,0,0,0,0,0,0,0,-0,-0,-0,-0,-0,-0,-0,-0,0,0,0,0,0,0,0
2.5985,-3.5,0,2,0,0,0,0,0,0,0,0,0,-4.33680869e-19,-0,-1.293984181e-34,-2.484808345e-17,-0,-7.413983235e-33,0,0,0,0,0,0,0,0,0,0,0,0,0,0,0,0,0,-0,-0,-0,-0,-0,-0,-0,-0,0,0,0,0,0,0,0
2.6035,-3.5,0,2,0,0,0,0,0,0,0,0,0,-4.33680869e-19,-0,-1.293984181e-34,-2.484808345e-17,-0,-7.413983235e-33,0,0,0,0,0,0,0,0,0,0,0,0,0,0,0,0,0,-0,-0,-0,-0,-0,-0,-0,-0,0,0,0,0,0,0,0
2.6085,-3.5,0,2,0,0,0,0,0,0,0,0,0,-4.33680869e-19,-0,-1.293984181e-34,-2.484808345e-17,-0,-7.413983235e-33,0,0,0,0,0,0,0,0,0,0,0,0,0,0,0,0,0,-0,-0,-0,-0,-0,-0,-0,-0,0,0,0,0,0,0,0
2.6135,-3.5,0,2,0,0,0,0,0,0,0,0,0,-4.33680869e-19,-0,-1.293984181e-34,-2.484808345e-17,-0,-7.413983235e-33,0,0,0,0,0,0,0,0,0,0,0,0,0,0,0,0,0,-0,-0,-0,-0,-0,-0,-0,-0,0,0,0,0,0,0,0
2.6185,-3.5,0,2,0,0,0,0,0,0,0,0,0,-4.33680869e-19,-0,-1.293984181e-34,-2.484808345e-17,-0,-7.413983235e-33,0,0,0,0,0,0,0,0,0,0,0,0,0,0,0,0,0,-0,-0,-0,-0,-0,-0,-0,-0,0,0,0,0,0,0,0
2.6235,-3.5,0,2,0,0,0,0,0,0,0,0,0,-4.33680869e-19,-0,-1.293984181e-34,-2.484808345e-17,-0,-7.413983235e-33,0,0,0,0,0,0,0,0,0,0,0,0,0,0,0,0,0,-0,-0,-0,-0,-0,-0,-0,-0,0,0,0,0,0,0,0
2.6285,-3.5,0,2,0,0,0,0,0,0,0,0,0,-4.33680869e-19,-0,-1.293984181e-34,-2.484808345e-17,-0,-7.413983235e-33,0,0,0,0,0,0,0,0,0,0,0,0,0,0,0,0,0,-0,-0,-0,-0,-0,-0,-0,-0,0,0,0,0,0,0,0
2.6335,-3.5,0,2,0,0,0,0,0,0,0,0,0,-4.33680869e-19,-0,-1.293984181e-34,-2.484808345e-17,-0,-7.413983235e-33,0,0,0,0,0,0,0,0,0,0,0,0,0,0,0,0,0,-0,-0,-0,-0,-0,-0,-0,-0,0,0,0,0,0,0,0
2.6385,-3.5,0,2,0,0,0,0,0,0,0,0,0,-4.33680869e-19,-0,-1.293984181e-34,-2.484808345e-17,-0,-7.413983235e-33,0,0,0,0,0,0,0,0,0,0,0,0,0,0,0,0,0,-0,-0,-0,-0,-0,-0,-0,-0,0,0,0,0,0,0,0
2.6435,-3.5,0,2,0,0,0,0,0,0,0,0,0,-4.33680869e-19,-0,-1.293984181e-34,-2.484808345e-17,-0,-7.413983235e-33,0,0,0,0,0,0,0,0,0,0,0,0,0,0,0,0,0,-0,-0,-0,-0,-0,-0,-0,-0,0,0,0,0,0,0,0
2.6485,-3.5,0,2,0,0,0,0,0,0,0,0,0,-4.33680869e-19,-0,-1.293984181e-34,-2.484808345e-17,-0,-7.413983235e-33,0,0,0,0,0,0,0,0,0,0,0,0,0,0,0,0,0,-0,-0,-0,-0,-0,-0,-0,-0,0,0,0,0,0,0,0
2.6535,-3.5,0,2,0,0,0,0,0,0,0,0,0,-4.33680869e-19,-0,-1.293984181e-34,-2.484808345e-17,-0,-7.413983235e-33,0,0,0,0,0,0,0,0,0,0,0,0,0,0,0,0,0,-0,-0,-0,-0,-0,-0,-0,-0,0,0,0,0,0,0,0
2.6585,-3.5,0,2,0,0,0,0,0,0,0,0,0,-4.33680869e-19,-0,-1.293984181e-34,-2.484808345e-17,-0,-7.413983235e-33,0,0,0,0,0,0,0,0,0,0,0,0,0,0,0,0,0,-0,-0,-0,-0,-0,-0,-0,-0,0,0,0,0,0,0,0
2.6635,-3.5,0,2,0,0,0,0,0,0,0,0,0,-4.33680869e-19,-0,-1.293984181e-34,-2.484808345e-17,-0,-7.413983235e-33,0,0,0,0,0,0,0,0,0,0,0,0,0,0,0,0,0,-0,-0,-0,-0,-0,-0,-0,-0,0,0,0,0,0,0,0
2.6685,-3.5,0,2,0,0,0,0,0,0,0,0,0,-4.33680869e-19,-0,-1.293984181e-34,-2.484808345e-17,-0,-7.413983235e-33,0,0,0,0,0,0,0,0,0,0,0,0,0,0,0,0,0,-0,-0,-0,-0,-0,-0,-0,-0,0,0,0,0,0,0,0
2.6735,-3.5,0,2,0,0,0,0,0,0,0,0,0,-4.33680869e-19,-0,-1.293984181e-34,-2.484808345e-17,-0,-7.413983235e-33,0,0,0,0,0,0,0,0,0,0,0,0,0,0,0,0,0,-0,-0,-0,-0,-0,-0,-0,-0,0,0,0,0,0,0,0
2.6785,-3.5,0,2,0,0,0,0,0,0,0,0,0,-4.33680869e-19,-0,-1.293984181e-34,-2.484808345e-17,-0,-7.413983235e-33,0,0,0,0,0,0,0,0,0,0,0,0,0,0,0,0,0,-0,-0,-0,-0,-0,-0,-0,-0,0,0,0,0,0,0,0
2.6835,-3.5,0,2,0,0,0,0,0,0,0,0,0,-4.33680869e-19,-0,-1.293984181e-34,-2.484808345e-17,-0,-7.413983235e-33,0,0,0,0,0,0,0,0,0,0,0,0,0,0,0,0,0,-0,-0,-0,-0,-0,-0,-0,-0,0,0,0,0,0,0,0
2.6885,-3.5,0,2,0,0,0,0,0,0,0,0,0,-4.33680869e-19,-0,-1.293984181e-34,-2.484808345e-17,-0,-7.413983235e-33,0,0,0,0,0,0,0,0,0,0,0,0,0,0,0,0,0,-0,-0,-0,-0,-0,-0,-0,-0,0,0,0,0,0,0,0
2.6935,-3.5,0,2,0,0,0,0,0,0,0,0,0,-4.33680869e-19,-0,-1.293984181e-34,-2.484808345e-17,-0,-7.413983235e-33,0,0,0,0,0,0,0,0,0,0,0,0,0,0,0,0,0,-0,-0,-0,-0,-0,-0,-0,-0,0,0,0,0,0,0,0
2.6985,-3.5,0,2,0,0,0,0,0,0,0,0,0,-4.33680869e-19,-0,-1.293984181e-34,-2.484808345e-17,-0,-7.413983235e-33,0,0,0,0,0,0,0,0,0,0,0,0,0,0,0,0,0,-0,-0,-0,-0,-0,-0,-0,-0,0,0,0,0,0,0,0
2.7035,-3.5,0,2,0,0,0,0,0,0,0,0,0,-4.33680869e-19,-0,-1.293984181e-34,-2.484808345e-17,-0,-7.413983235e-33,0,0,0,0,0,0,0,0,0,0,0,0,0,0,0,0,0,-0,-0,-0,-0,-0,-0,-0,-0,0,0,0,0,0,0,0
2.7085,-3.5,0,2,0,0,0,0,0,0,0,0,0,-4.33680869e-19,-0,-1.293984181e-34,-2.484808345e-17,-0,-7.413983235e-33,0,0,0,0,0,0,0,0,0,0,0,0,0,0,0,0,0,-0,-0,-0,-0,-0,-0,-0,-0,0,0,0,0,0,0,0
2.7135,-3.5,0,2,0,0,0,0,0,0,0,0,0,-4.33680869e-19,-0,-1.293984181e-34,-2.484808345e-17,-0,-7.413983235e-33,0,0,0,0,0,0,0,0,0,0,0,0,0,0,0,0,0,-0,-0,-0,-0,-0,-0,-0,-0,0,0,0,0,0,0,0
2.7185,-3.5,0,2,0,0,0,0,0,0,0,0,0,-4.33680869e-19,-0,-1.293984181e-34,-2.484808345e-17,-0,-7.413983235e-33,0,0,0,0,0,0,0,0,0,0,0,0,0,0,0,0,0,-0,-0,-0,-0,-0,-0,-0,-0,0,0,0,0,0,0,0
2.7235,-3.5,0,2,0,0,0,0,0,0,0,0,0,-4.33680869e-19,-0,-1.293984181e-34,-2.484808345e-17,-0,-7.413983235e-33,0,0,0,0,0,0,0,0,0,0,0,0,0,0,0,0,0,-0,-0,-0,-0,-0,-0,-0,-0,0,0,0,0,0,0,0
2.7285,-3.5,0,2,0,0,0,0,0,0,0,0,0,-4.33680869e-19,-0,-1.293984181e-34,-2.484808345e-17,-0,-7.413983235e-33,0,0,0,0,0,0,0,0,0,0,0,0,0,0,0,0,0,-0,-0,-0,-0,-0,-0,-0,-0,0,0,0,0,0,0,0
2.7335,-3.5,0,2,0,0,0,0,0,0,0,0,0,-4.33680869e-19,-0,-1.293984181e-34,-2.484808345e-17,-0,-7.413983235e-33,0,0,0,0,0,0,0,0,0,0,0,0,0,0,0,0,0,-0,-0,-0,-0,-0,-0,-0,-0,0,0,0,0,0,0,0
2.7385,-3.5,0,2,0,0,0,0,0,0,0,0,0,-4.33680869e-19,-0,-1.293984181e-34,-2.484808345e-17,-0,-7.413983235e-33,0,0,0,0,0,0,0,0,0,0,0,0,0,0,0,0,0,-0,-0,-0,-0,-0,-0,-0,-0,0,0,0,0,0,0,0
2.7435,-3.5,0,2,0,0,0,0,0,0,0,0,0,-4.33680869e-19,-0,-1.293984181e-34,-2.484808345e-17,-0,-7.413983235e-33,0,0,0,0,0,0,0,0,0,0,0,0,0,0,0,0,0,-0,-0,-0,-0,-0,-0,-0,-0,0,0,0,0,0,0,0
2.7485,-3.5,0,2,0,0,0,0,0,0,0,0,0,-4.33680869e-19,-0,-1.293984181e-34,-2.484808345e-17,-0,-7.413983235e-33,0,0,0,0,0,0,0,0,0,0,0,0,0,0,0,0,0,-0,-0,-0,-0,-0,-0,-0,-0,0,0,0,0,0,0,0
2.7535,-3.5,0,2,0,0,0,0,0,0,0,0,0,-4.33680869e-19,-0,-1.293984181e-34,-2.484808345e-17,-0,-7.413983235e-33,0,0,0,0,0,0,0,0,0,0,0,0,0,0,0,0,0,-0,-0,-0,-0,-0,-0,-0,-0,0,0,0,0,0,0,0
2.7585,-3.5,0,2,0,0,0,0,0,0,0,0,0,-4.33680869e-19,-0,-1.293984181e-34,-2.484808345e-17,-0,-7.413983235e-33,0,0,0,0,0,0,0,0,0,0,0,0,0,0,0,0,0,-0,-0,-0,-0,-0,-0,-0,-0,0,0,0,0,0,0,0
2.7635,-3.5,0,2,0,0,0,0,0,0,0,0,0,-4.33680869e-19,-0,-1.293984181e-34,-2.484808345e-17,-0,-7.413983235e-33,0,0,0,0,0,0,0,0,0,0,0,0,0,0,0,0,0,-0,-0,-0,-0,-0,-0,-0,-0,0,0,0,0,0,0,0
2.7685,-3.5,0,2,0,0,0,0,0,0,0,0,0,-4.33680869e-19,-0,-1.293984181e-34,-2.484808345e-17,-0,-7.413983235e-33,0,0,0,0,0,0,0,0,0,0,0,0,0,0,0,0,0,-0,-0,-0,-0,-0,-0,-0,-0,0,0,0,0,0,0,0
2.7735,-3.5,0,2,0,0,0,0,0,0,0,0,0,-4.33680869e-19,-0,-1.293984181e-34,-2.484808345e-17,-0,-7.413983235e-33,0,0,0,0,0,0,0,0,0,0,0,0,0,0,0,0,0,-0,-0,-0,-0,-0,-0,-0,-0,0,0,0,0,0,0,0
2.7785,-3.5,0,2,0,0,0,0,0,0,0,0,0,-4.33680869e-19,-0,-1.293984181e-34,-2.484808345e-17,-0,-7.413983235e-33,0,0,0,0,0,0,0,0,0,0,0,0,0,0,0,0,0,-0,-0,-0,-0,-0,-0,-0,-0,0,0,0,0,0,0,0
2.7835,-3.5,0,2,0,0,0,0,0,0,0,0,0,-4.33680869e-19,-0,-1.293984181e-34,-2.484808345e-17,-0,-7.413983235e-33,0,0,0,0,0,0,0,0,0,0,0,0,0,0,0,0,0,-0,-0,-0,-0,-0,-0,-0,-0,0,0,0,0,0,0,0
2.7885,-3.5,0,2,0,0,0,0,0,0,0,0,0,-4.33680869e-19,-0,-1.293984181e-34,-2.484808345e-17,-0,-7.413983235e-33,0,0,0,0,0,0,0,0,0,0,0,0,0,0,0,0,0,-0,-0,-0,-0,-0,-0,-0,-0,0,0,0,0,0,0,0
2.7935,-3.5,0,2,0,0,0,0,0,0,0,0,0,-4.33680869e-19,-0,-1.293984181e-34,-2.484808345e-17,-0,-7.413983235e-33,0,0,0,0,0,0,0,0,0,0,0,0,0,0,0,0,0,-0,-0,-0,-0,-0,-0,-0,-0,0,0,0,0,0,0,0
2.7985,-3.5,0,2,0,0,0,0,0,0,0,0,0,-4.33680869e-19,-0,-1.293984181e-34,-2.484808345e-17,-0,-7.413983235e-33,0,0,0,0,0,0,0,0,0,0,0,0,0,0,0,0,0,-0,-0,-0,-0,-0,-0,-0,-0,0,0,0,0,0,0,0
2.8035,-3.5,0,2,0,0,0,0,0,0,0,0,0,-4.33680869e-19,-0,-1.293984181e-34,-2.484808345e-17,-0,-7.413983235e-33,0,0,0,0,0,0,0,0,0,0,0,0,0,0,0,0,0,-0,-0,-0,-0,-0,-0,-0,-0,0,0,0,0,0,0,0
2.8085,-3.5,0,2,0,0,0,0,0,0,0,0,0,-4.33680869e-19,-0,-1.293984181e-34,-2.484808345e-17,-0,-7.413983235e-33,0,0,0,0,0,0,0,0,0,0,0,0,0,0,0,0,0,-0,-0,-0,-0,-0,-0,-0,-0,0,0,0,0,0,0,0
2.8135,-3.5,0,2,0,0,0,0,0,0,0,0,0,-4.33680869e-19,-0,-1.293984181e-34,-2.484808345e-17,-0,-7.413983235e-33,0,0,0,0,0,0,0,0,0,0,0,0,0,0,0,0,0,-0,-0,-0,-0,-0,-0,-0,-0,0,0,0,0,0,0,0
2.8185,-3.5,0,2,0,0,0,0,0,0,0,0,0,-4.33680869e-19,-0,-1.293984181e-34,-2.484808345e-17,-0,-7.413983235e-33,0,0,0,0,0,0,0,0,0,0,0,0,0,0,0,0,0,-0,-0,-0,-0,-0,-0,-0,-0,0,0,0,0,0,0,0
2.8235,-3.5,0,2,0,0,0,0,0,0,0,0,0,-4.33680869e-19,-0,-1.293984181e-34,-2.484808345e-17,-0,-7.413983235e-33,0,0,0,0,0,0,0,0,0,0,0,0,0,0,0,0,0,-0,-0,-0,-0,-0,-0,-0,-0,0,0,0,0,0,0,0
2.8285,-3.5,0,2,0,0,0,0,0,0,0,0,0,-4.33680869e-19,-0,-1.293984181e-34,-2.484808345e-17,-0,-7.413983235e-33,0,0,0,0,0,0,0,0,0,0,0,0,0,0,0,0,0,-0,-0,-0,-0,-0,-0,-0,-0,0,0,0,0,0,0,0
2.8335,-3.5,0,2,0,0,0,0,0,0,0,0,0,-4.33680869e-19,-0,-1.293984181e-34,-2.484808345e-17,-0,-7.413983235e-33,0,0,0,0,0,0,0,0,0,0,0,0,0,0,0,0,0,-0,-0,-0,-0,-0,-0,-0,-0,0,0,0,0,0,0,0
2.8385,-3.5,0,2,0,0,0,0,0,0,0,0,0,-4.33680869e-19,-0,-1.293984181e-34,-2.484808345e-17,-0,-7.413983235e-33,0,0,0,0,0,0,0,0,0,0,0,0,0,0,0,0,0,-0,-0,-0,-0,-0,-0,-0,-0,0,0,0,0,0,0,0
2.8435,-3.5,0,2,0,0,0,0,0,0,0,0,0,-4.33680869e-19,-0,-1.293984181e-34,-2.484808345e-17,-0,-7.413983235e-33,0,0,0,0,0,0,0,0,0,0,0,0,0,0,0,0,0,-0,-0,-0,-0,-0,-0,-0,-0,0,0,0,0,0,0,0
2.8485,-3.5,0,2,0,0,0,0,0,0,0,0,0,-4.33680869e-19,-0,-1.293984181e-34,-2.484808345e-17,-0,-7.413983235e-33,0,0,0,0,0,0,0,0,0,0,0,0,0,0,0,0,0,-0,-0,-0,-0,-0,-0,-0,-0,0,0,0,0,0,0,0
2.8535,-3.5,0,2,0,0,0,0,0,0,0,0,0,-4.33680869e-19,-0,-1.293984181e-34,-2.484808345e-17,-0,-7.413983235e-33,0,0,0,0,0,0,0,0,0,0,0,0,0,0,0,0,0,-0,-0,-0,-0,-0,-0,-0,-0,0,0,0,0,0,0,0
2.8585,-3.5,0,2,0,0,0,0,0,0,0,0,0,-4.33680869e-19,-0,-1.293984181e-34,-2.484808345e-17,-0,-7.413983235e-33,0,0,0,0,0,0,0,0,0,0,0,0,0,0,0,0,0,-0,-0,-0,-0,-0,-0,-0,-0,0,0,0,0,0,0,0
2.8635,-3.5,0,2,0,0,0,0,0,0,0,0,0,-4.33680869e-19,-0,-1.293984181e-34,-2.484808345e-17,-0,-7.413983235e-33,0,0,0,0,0,0,0,0,0,0,0,0,0,0,0,0,0,-0,-0,-0,-0,-0,-0,-0,-0,0,0,0,0,0,0,0
2.8685,-3.5,0,2,0,0,0,0,0,0,0,0,0,-4.33680869e-19,-0,-1.293984181e-34,-2.484808345e-17,-0,-7.413983235e-33,0,0,0,0,0,0,0,0,0,0,0,0,0,0,0,0,0,-0,-0,-0,-0,-0,-0,-0,-0,0,0,0,0,0,0,0
2.8735,-3.5,0,2,0,0,0,0,0,0,0,0,0,-4.33680869e-19,-0,-1.293984181e-34,-2.484808345e-17,-0,-7.413983235e-33,0,0,0,0,0,0,0,0,0,0,0,0,0,0,0,0,0,-0,-0,-0,-0,-0,-0,-0,-0,0,0,0,0,0,0,0
2.8785,-3.5,0,2,0,0,0,0,0,0,0,0,0,-4.33680869e-19,-0,-1.293984181e-34,-2.484808345e-17,-0,-7.413983235e-33,0,0,0,0,0,0,0,0,0,0,0,0,0,0,0,0,0,-0,-0,-0,-0,-0,-0,-0,-0,0,0,0,0,0,0,0
2.8835,-3.5,0,2,0,0,0,0,0,0,0,0,0,-4.33680869e-19,-0,-1.293984181e-34,-2.484808345e-17,-0,-7.413983235e-33,0,0,0,0,0,0,0,0,0,0,0,0,0,0,0,0,0,-0,-0,-0,-0,-0,-0,-0,-0,0,0,0,0,0,0,0
2.8885,-3.5,0,2,0,0,0,0,0,0,0,0,0,-4.33680869e-19,-0,-1.293984181e-34,-2.484808345e-17,-0,-7.413983235e-33,0,0,0,0,0,0,0,0,0,0,0,0,0,0,0,0,0,-0,-0,-0,-0,-0,-0,-0,-0,0,0,0,0,0,0,0
2.8935,-3.5,0,2,0,0,0,0,0,0,0,0,0,-4.33680869e-19,-0,-1.293984181e-34,-2.484808345e-17,-0,-7.413983235e-33,0,0,0,0,0,0,0,0,0,0,0,0,0,0,0,0,0,-0,-0,-0,-0,-0,-0,-0,-0,0,0,0,0,0,0,0
2.8985,-3.5,0,2,0,0,0,0,0,0,0,0,0,-4.33680869e-19,-0,-1.293984181e-34,-2.484808345e-17,-0,-7.413983235e-33,0,0,0,0,0,0,0,0,0,0,0,0,0,0,0,0,0,-0,-0,-0,-0,-0,-0,-0,-0,0,0,0,0,0,0,0
2.9035,-3.5,0,2,0,0,0,0,0,0,0,0,0,-4.33680869e-19,-0,-1.293984181e-34,-2.484808345e-17,-0,-7.413983235e-33,0,0,0,0,0,0,0,0,0,0,0,0,0,0,0,0,0,-0,-0,-0,-0,-0,-0,-0,-0,0,0,0,0,0,0,0
2.9085,-3.5,0,2,0,0,0,0,0,0,0,0,0,-4.33680869e-19,-0,-1.293984181e-34,-2.484808345e-17,-0,-7.413983235e-33,0,0,0,0,0,0,0,0,0,0,0,0,0,0,0,0,0,-0,-0,-0,-0,-0,-0,-0,-0,0,0,0,0,0,0,0
2.9135,-3.5,0,2,0,0,0,0,0,0,0,0,0,-4.33680869e-19,-0,-1.293984181e-34,-2.484808345e-17,-0,-7.413983235e-33,0,0,0,0,0,0,0,0,0,0,0,0,0,0,0,0,0,-0,-0,-0,-0,-0,-0,-0,-0,0,0,0,0,0,0,0
2.9185,-3.5,0,2,0,0,0,0,0,0,0,0,0,-4.33680869e-19,-0,-1.293984181e-34,-2.484808345e-17,-0,-7.413983235e-33,0,0,0,0,0,0,0,0,0,0,0,0,0,0,0,0,0,-0,-0,-0,-0,-0,-0,-0,-0,0,0,0,0,0,0,0
2.9235,-3.5,0,2,0,0,0,0,0,0,0,0,0,-4.33680869e-19,-0,-1.293984181e-34,-2.484808345e-17,-0,-7.413983235e-33,0,0,0,0,0,0,0,0,0,0,0,0,0,0,0,0,0,-0,-0,-0,-0,-0,-0,-0,-0,0,0,0,0,0,0,0
2.9285,-3.5,0,2,0,0,0,0,0,0,0,0,0,-4.33680869e-19,-0,-1.293984181e-34,-2.484808345e-17,-0,-7.413983235e-33,0,0,0,0,0,0,0,0,0,0,0,0,0,0,0,0,0,-0,-0,-0,-0,-0,-0,-0,-0,0,0,0,0,0,0,0
2.9335,-3.5,0,2,0,0,0,0,0,0,0,0,0,-4.33680869e-19,-0,-1.293984181e-34,-2.484808345e-17,-0,-7.413983235e-33,0,0,0,0,0,0,0,0,0,0,0,0,0,0,0,0,0,-0,-0,-0,-0,-0,-0,-0,-0,0,0,0,0,0,0,0
2.9385,-3.5,0,2,0,0,0,0,0,0,0,0,0,-4.33680869e-19,-0,-1.293984181e-34,-2.484808345e-17,-0,-7.413983235e-33,0,0,0,0,0,0,0,0,0,0,0,0,0,0,0,0,0,-0,-0,-0,-0,-0,-0,-0,-0,0,0,0,0,0,0,0
2.9435,-3.5,0,2,0,0,0,0,0,0,0,0,0,-4.33680869e-19,-0,-1.293984181e-34,-2.484808345e-17,-0,-7.413983235e-33,0,0,0,0,0,0,0,0,0,0,0,0,0,0,0,0,0,-0,-0,-0,-0,-0,-0,-0,-0,0,0,0,0,0,0,0
2.9485,-3.5,0,2,0,0,0,0,0,0,0,0,0,-4.33680869e-19,-0,-1.293984181e-34,-2.484808345e-17,-0,-7.413983235e-33,0,0,0,0,0,0,0,0,0,0,0,0,0,0,0,0,0,-0,-0,-0,-0,-0,-0,-0,-0,0,0,0,0,0,0,0
2.9535,-3.5,0,2,0,0,0,0,0,0,0,0,0,-4.33680869e-19,-0,-1.293984181e-34,-2.484808345e-17,-0,-7.413983235e-33,0,0,0,0,0,0,0,0,0,0,0,0,0,0,0,0,0,-0,-0,-0,-0,-0,-0,-0,-0,0,0,0,0,0,0,0
2.9585,-3.5,0,2,0,0,0,0,0,0,0,0,0,-4.33680869e-19,-0,-1.293984181e-34,-2.484808345e-17,-0,-7.413983235e-33,0,0,0,0,0,0,0,0,0,0,0,0,0,0,0,0,0,-0,-0,-0,-0,-0,-0,-0,-0,0,0,0,0,0,0,0
2.9635,-3.5,0,2,0,0,0,0,0,0,0,0,0,-4.33680869e-19,-0,-1.293984181e-34,-2.484808345e-17,-0,-7.413983235e-33,0,0,0,0,0,0,0,0,0,0,0,0,0,0,0,0,0,-0,-0,-0,-0,-0,-0,-0,-0,0,0,0,0,0,0,0
2.9685,-3.5,0,2,0,0,0,0,0,0,0,0,0,-4.33680869e-19,-0,-1.293984181e-34,-2.484808345e-17,-0,-7.413983235e-33,0,0,0,0,0,0,0,0,0,0,0,0,0,0,0,0,0,-0,-0,-0,-0,-0,-0,-0,-0,0,0,0,0,0,0,0
2.9735,-3.5,0,2,0,0,0,0,0,0,0,0,0,-4.33680869e-19,-0,-1.293984181e-34,-2.484808345e-17,-0,-7.413983235e-33,0,0,0,0,0,0,0,0,0,0,0,0,0,0,0,0,0,-0,-0,-0,-0,-0,-0,-0,-0,0,0,0,0,0,0,0
2.9785,-3.5,0,2,0,0,0,0,0,0,0,0,0,-4.33680869e-19,-0,-1.293984181e-34,-2.484808345e-17,-0,-7.413983235e-33,0,0,0,0,0,0,0,0,0,0,0,0,0,0,0,0,0,-0,-0,-0,-0,-0,-0,-0,-0,0,0,0,0,0,0,0
2.9835,-3.5,0,2,0,0,0,0,0,0,0,0,0,-4.33680869e-19,-0,-1.293984181e-34,-2.484808345e-17,-0,-7.413983235e-33,0,0,0,0,0,0,0,0,0,0,0,0,0,0,0,0,0,-0,-0,-0,-0,-0,-0,-0,-0,0,0,0,0,0,0,0
2.9885,-3.5,0,2,0,0,0,0,0,0,0,0,0,-4.33680869e-19,-0,-1.293984181e-34,-2.484808345e-17,-0,-7.413983235e-33,0,0,0,0,0,0,0,0,0,0,0,0,0,0,0,0,0,-0,-0,-0,-0,-0,-0,-0,-0,0,0,0,0,0,0,0
2.9935,-3.5,0,2,0,0,0,0,0,0,0,0,0,-4.33680869e-19,-0,-1.293984181e-34,-2.484808345e-17,-0,-7.413983235e-33,0,0,0,0,0,0,0,0,0,0,0,0,0,0,0,0,0,-0,-0,-0,-0,-0,-0,-0,-0,0,0,0,0,0,0,0
2.9985,-3.5,0,2,0,0,0,0,0,0,0,0,0,-4.33680869e-19,-0,-1.293984181e-34,-2.484808345e-17,-0,-7.413983235e-33,0,0,0,0,0,0,0,0,0,0,0,0,0,0,0,0,0,-0,-0,-0,-0,-0,-0,-0,-0,0,0,0,0,0,0,0
3.0035,-3.5,0,2,0,0,0,0,0,0,0,0,0,-4.33680869e-19,-0,-1.293984181e-34,-2.484808345e-17,-0,-7.413983235e-33,0,0,0,0,0,0,0,0,0,0,0,0,0,0,0,0,0,-0,-0,-0,-0,-0,-0,-0,-0,0,0,0,0,0,0,0
3.0085,-3.5,0,2,0,0,0,0,0,0,0,0,0,-4.33680869e-19,-0,-1.293984181e-34,-2.484808345e-17,-0,-7.413983235e-33,0,0,0,0,0,0,0,0,0,0,0,0,0,0,0,0,0,-0,-0,-0,-0,-0,-0,-0,-0,0,0,0,0,0,0,0
3.0135,-3.5,0,2,0,0,0,0,0,0,0,0,0,-4.33680869e-19,-0,-1.293984181e-34,-2.484808345e-17,-0,-7.413983235e-33,0,0,0,0,0,0,0,0,0,0,0,0,0,0,0,0,0,-0,-0,-0,-0,-0,-0,-0,-0,0,0,0,0,0,0,0
3.0185,-3.5,0,2,0,0,0,0,0,0,0,0,0,-4.33680869e-19,-0,-1.293984181e-34,-2.484808345e-17,-0,-7.413983235e-33,0,0,0,0,0,0,0,0,0,0,0,0,0,0,0,0,0,-0,-0,-0,-0,-0,-0,-0,-0,0,0,0,0,0,0,0
3.0235,-3.5,0,2,0,0,0,0,0,0,0,0,0,-4.33680869e-19,-0,-1.293984181e-34,-2.484808345e-17,-0,-7.413983235e-33,0,0,0,0,0,0,0,0,0,0,0,0,0,0,0,0,0,-0,-0,-0,-0,-0,-0,-0,-0,0,0,0,0,0,0,0
3.0285,-3.5,0,2,0,0,0,0,0,0,0,0,0,-4.33680869e-19,-0,-1.293984181e-34,-2.484808345e-17,-0,-7.413983235e-33,0,0,0,0,0,0,0,0,0,0,0,0,0,0,0,0,0,-0,-0,-0,-0,-0,-0,-0,-0,0,0,0,0,0,0,0
3.0335,-3.5,0,2,0,0,0,0,0,0,0,0,0,-4.33680869e-19,-0,-1.293984181e-34,-2.484808345e-17,-0,-7.413983235e-33,0,0,0,0,0,0,0,0,0,0,0,0,0,0,0,0,0,-0,-0,-0,-0,-0,-0,-0,-0,0,0,0,0,0,0,0
3.0385,-3.5,0,2,0,0,0,0,0,0,0,0,0,-4.33680869e-19,-0,-1.293984181e-34,-2.484808345e-17,-0,-7.413983235e-33,0,0,0,0,0,0,0,0,0,0,0,0,0,0,0,0,0,-0,-0,-0,-0,-0,-0,-0,-0,0,0,0,0,0,0,0
3.0435,-3.5,0,2,0,0,0,0,0,0,0,0,0,-4.33680869e-19,-0,-1.293984181e-34,-2.484808345e-17,-0,-7.413983235e-33,0,0,0,0,0,0,0,0,0,0,0,0,0,0,0,0,0,-0,-0,-0,-0,-0,-0,-0,-0,0,0,0,0,0,0,0
3.0485,-3.5,0,2,0,0,0,0,0,0,0,0,0,-4.33680869e-19,-0,-1.293984181e-34,-2.484808345e-17,-0,-7.413983235e-33,0,0,0,0,0,0,0,0,0,0,0,0,0,0,0,0,0,-0,-0,-0,-0,-0,-0,-0,-0,0,0,0,0,0,0,0
3.0535,-3.5,0,2,0,0,0,0,0,0,0,0,0,-4.33680869e-19,-0,-1.293984181e-34,-2.484808345e-17,-0,-7.413983235e-33,0,0,0,0,0,0,0,0,0,0,0,0,0,0,0,0,0,-0,-0,-0,-0,-0,-0,-0,-0,0,0,0,0,0,0,0
3.0585,-3.5,0,2,0,0,0,0,0,0,0,0,0,-4.33680869e-19,-0,-1.293984181e-34,-2.484808345e-17,-0,-7.413983235e-33,0,0,0,0,0,0,0,0,0,0,0,0,0,0,0,0,0,-0,-0,-0,-0,-0,-0,-0,-0,0,0,0,0,0,0,0
3.0635,-3.5,0,2,0,0,0,0,0,0,0,0,0,-4.33680869e-19,-0,-1.293984181e-34,-2.484808345e-17,-0,-7.413983235e-33,0,0,0,0,0,0,0,0,0,0,0,0,0,0,0,0,0,-0,-0,-0,-0,-0,-0,-0,-0,0,0,0,0,0,0,0
3.0685,-3.5,0,2,0,0,0,0,0,0,0,0,0,-4.33680869e-19,-0,-1.293984181e-34,-2.484808345e-17,-0,-7.413983235e-33,0,0,0,0,0,0,0,0,0,0,0,0,0,0,0,0,0,-0,-0,-0,-0,-0,-0,-0,-0,0,0,0,0,0,0,0
3.0735,-3.5,0,2,0,0,0,0,0,0,0,0,0,-4.33680869e-19,-0,-1.293984181e-34,-2.484808345e-17,-0,-7.413983235e-33,0,0,0,0,0,0,0,0,0,0,0,0,0,0,0,0,0,-0,-0,-0,-0,-0,-0,-0,-0,0,0,0,0,0,0,0
3.0785,-3.5,0,2,0,0,0,0,0,0,0,0,0,-4.33680869e-19,-0,-1.293984181e-34,-2.484808345e-17,-0,-7.413983235e-33,0,0,0,0,0,0,0,0,0,0,0,0,0,0,0,0,0,-0,-0,-0,-0,-0,-0,-0,-0,0,0,0,0,0,0,0
3.0835,-3.5,0,2,0,0,0,0,0,0,0,0,0,-4.33680869e-19,-0,-1.293984181e-34,-2.484808345e-17,-0,-7.413983235e-33,0,0,0,0,0,0,0,0,0,0,0,0,0,0,0,0,0,-0,-0,-0,-0,-0,-0,-0,-0,0,0,0,0,0,0,0
3.0885,-3.5,0,2,0,0,0,0,0,0,0,0,0,-4.33680869e-19,-0,-1.293984181e-34,-2.484808345e-17,-0,-7.413983235e-33,0,0,0,0,0,0,0,0,0,0,0,0,0,0,0,0,0,-0,-0,-0,-0,-0,-0,-0,-0,0,0,0,0,0,0,0
3.0935,-3.5,0,2,0,0,0,0,0,0,0,0,0,-4.33680869e-19,-0,-1.293984181e-34,-2.484808345e-17,-0,-7.413983235e-33,0,0,0,0,0,0,0,0,0,0,0,0,0,0,0,0,0,-0,-0,-0,-0,-0,-0,-0,-0,0,0,0,0,0,0,0
3.0985,-3.5,0,2,0,0,0,0,0,0,0,0,0,-4.33680869e-19,-0,-1.293984181e-34,-2.484808345e-17,-0,-7.413983235e-33,0,0,0,0,0,0,0,0,0,0,0,0,0,0,0,0,0,-0,-0,-0,-0,-0,-0,-0,-0,0,0,0,0,0,0,0
3.1035,-3.5,0,2,0,0,0,0,0,0,0,0,0,-4.33680869e-19,-0,-1.293984181e-34,-2.484808345e-17,-0,-7.413983235e-33,0,0,0,0,0,0,0,0,0,0,0,0,0,0,0,0,0,-0,-0,-0,-0,-0,-0,-0,-0,0,0,0,0,0,0,0
3.1085,-3.5,0,2,0,0,0,0,0,0,0,0,0,-4.33680869e-19,-0,-1.293984181e-34,-2.484808345e-17,-0,-7.413983235e-33,0,0,0,0,0,0,0,0,0,0,0,0,0,0,0,0,0,-0,-0,-0,-0,-0,-0,-0,-0,0,0,0,0,0,0,0
3.1135,-3.5,0,2,0,0,0,0,0,0,0,0,0,-4.33680869e-19,-0,-1.293984181e-34,-2.484808345e-17,-0,-7.413983235e-33,0,0,0,0,0,0,0,0,0,0,0,0,0,0,0,0,0,-0,-0,-0,-0,-0,-0,-0,-0,0,0,0,0,0,0,0
3.1185,-3.5,0,2,0,0,0,0,0,0,0,0,0,-4.33680869e-19,-0,-1.293984181e-34,-2.484808345e-17,-0,-7.413983235e-33,0,0,0,0,0,0,0,0,0,0,0,0,0,0,0,0,0,-0,-0,-0,-0,-0,-0,-0,-0,0,0,0,0,0,0,0
3.1235,-3.5,0,2,0,0,0,0,0,0,0,0,0,-4.33680869e-19,-0,-1.293984181e-34,-2.484808345e-17,-0,-7.413983235e-33,0,0,0,0,0,0,0,0,0,0,0,0,0,0,0,0,0,-0,-0,-0,-0,-0,-0,-0,-0,0,0,0,0,0,0,0
3.1285,-3.5,0,2,0,0,0,0,0,0,0,0,0,-4.33680869e-19,-0,-1.293984181e-34,-2.484808345e-17,-0,-7.413983235e-33,0,0,0,0,0,0,0,0,0,0,0,0,0,0,0,0,0,-0,-0,-0,-0,-0,-0,-0,-0,0,0,0,0,0,0,0
3.1335,-3.5,0,2,0,0,0,0,0,0,0,0,0,-4.33680869e-19,-0,-1.293984181e-34,-2.484808345e-17,-0,-7.413983235e-33,0,0,0,0,0,0,0,0,0,0,0,0,0,0,0,0,0,-0,-0,-0,-0,-0,-0,-0,-0,0,0,0,0,0,0,0
3.1385,-3.5,0,2,0,0,0,0,0,0,0,0,0,-4.33680869e-19,-0,-1.293984181e-34,-2.484808345e-17,-0,-7.413983235e-33,0,0,0,0,0,0,0,0,0,0,0,0,0,0,0,0,0,-0,-0,-0,-0,-0,-0,-0,-0,0,0,0,0,0,0,0
3.1435,-3.5,0,2,0,0,0,0,0,0,0,0,0,-4.33680869e-19,-0,-1.293984181e-34,-2.484808345e-17,-0,-7.413983235e-33,0,0,0,0,0,0,0,0,0,0,0,0,0,0,0,0,0,-0,-0,-0,-0,-0,-0,-0,-0,0,0,0,0,0,0,0
3.1485,-3.5,0,2,0,0,0,0,0,0,0,0,0,-4.33680869e-19,-0,-1.293984181e-34,-2.484808345e-17,-0,-7.413983235e-33,0,0,0,0,0,0,0,0,0,0,0,0,0,0,0,0,0,-0,-0,-0,-0,-0,-0,-0,-0,0,0,0,0,0,0,0
3.1535,-3.5,0,2,0,0,0,0,0,0,0,0,0,-4.33680869e-19,-0,-1.293984181e-34,-2.484808345e-17,-0,-7.413983235e-33,0,0,0,0,0,0,0,0,0,0,0,0,0,0,0,0,0,-0,-0,-0,-0,-0,-0,-0,-0,0,0,0,0,0,0,0
3.1585,-3.5,0,2,0,0,0,0,0,0,0,0,0,-4.33680869e-19,-0,-1.293984181e-34,-2.484808345e-17,-0,-7.413983235e-33,0,0,0,0,0,0,0,0,0,0,0,0,0,0,0,0,0,-0,-0,-0,-0,-0,-0,-0,-0,0,0,0,0,0,0,0
3.1635,-3.5,0,2,0,0,0,0,0,0,0,0,0,-4.33680869e-19,-0,-1.293984181e-34,-2.484808345e-17,-0,-7.413983235e-33,0,0,0,0,0,0,0,0,0,0,0,0,0,0,0,0,0,-0,-0,-0,-0,-0,-0,-0,-0,0,0,0,0,0,0,0
3.1685,-3.5,0,2,0,0,0,0,0,0,0,0,0,-4.33680869e-19,-0,-1.293984181e-34,-2.484808345e-17,-0,-7.413983235e-33,0,0,0,0,0,0,0,0,0,0,0,0,0,0,0,0,0,-0,-0,-0,-0,-0,-0,-0,-0,0,0,0,0,0,0,0
3.1735,-3.5,0,2,0,0,0,0,0,0,0,0,0,-4.33680869e-19,-0,-1.293984181e-34,-2.484808345e-17,-0,-7.413983235e-33,0,0,0,0,0,0,0,0,0,0,0,0,0,0,0,0,0,-0,-0,-0,-0,-0,-0,-0,-0,0,0,0,0,0,0,0
3.1785,-3.5,0,2,0,0,0,0,0,0,0,0,0,-4.33680869e-19,-0,-1.293984181e-34,-2.484808345e-17,-0,-7.413983235e-33,0,0,0,0,0,0,0,0,0,0,0,0,0,0,0,0,0,-0,-0,-0,-0,-0,-0,-0,-0,0,0,0,0,0,0,0
3.1835,-3.5,0,2,0,0,0,0,0,0,0,0,0,-4.33680869e-19,-0,-1.293984181e-34,-2.484808345e-17,-0,-7.413983235e-33,0,0,0,0,0,0,0,0,0,0,0,0,0,0,0,0,0,-0,-0,-0,-0,-0,-0,-0,-0,0,0,0,0,0,0,0
3.1885,-3.5,0,2,0,0,0,0,0,0,0,0,0,-4.33680869e-19,-0,-1.293984181e-34,-2.484808345e-17,-0,-7.413983235e-33,0,0,0,0,0,0,0,0,0,0,0,0,0,0,0,0,0,-0,-0,-0,-0,-0,-0,-0,-0,0,0,0,0,0,0,0
3.1935,-3.5,0,2,0,0,0,0,0,0,0,0,0,-4.33680869e-19,-0,-1.293984181e-34,-2.484808345e-17,-0,-7.413983235e-33,0,0,0,0,0,0,0,0,0,0,0,0,0,0,0,0,0,-0,-0,-0,-0,-0,-0,-0,-0,0,0,0,0,0,0,0
3.1985,-3.5,0,2,0,0,0,0,0,0,0,0,0,-4.33680869e-19,-0,-1.293984181e-34,-2.484808345e-17,-0,-7.413983235e-33,0,0,0,0,0,0,0,0,0,0,0,0,0,0,0,0,0,-0,-0,-0,-0,-0,-0,-0,-0,0,0,0,0,0,0,0
3.2035,-3.5,0,2,0,0,0,0,0,0,0,0,0,-4.33680869e-19,-0,-1.293984181e-34,-2.484808345e-17,-0,-7.413983235e-33,0,0,0,0,0,0,0,0,0,0,0,0,0,0,0,0,0,-0,-0,-0,-0,-0,-0,-0,-0,0,0,0,0,0,0,0
3.2085,-3.5,0,2,0,0,0,0,0,0,0,0,0,-4.33680869e-19,-0,-1.293984181e-34,-2.484808345e-17,-0,-7.413983235e-33,0,0,0,0,0,0,0,0,0,0,0,0,0,0,0,0,0,-0,-0,-0,-0,-0,-0,-0,-0,0,0,0,0,0,0,0
3.2135,-3.5,0,2,0,0,0,0,0,0,0,0,0,-4.33680869e-19,-0,-1.293984181e-34,-2.484808345e-17,-0,-7.413983235e-33,0,0,0,0,0,0,0,0,0,0,0,0,0,0,0,0,0,-0,-0,-0,-0,-0,-0,-0,-0,0,0,0,0,0,0,0
3.2185,-3.5,0,2,0,0,0,0,0,0,0,0,0,-4.33680869e-19,-0,-1.293984181e-34,-2.484808345e-17,-0,-7.413983235e-33,0,0,0,0,0,0,0,0,0,0,0,0,0,0,0,0,0,-0,-0,-0,-0,-0,-0,-0,-0,0,0,0,0,0,0,0
3.2235,-3.5,0,2,0,0,0,0,0,0,0,0,0,-4.33680869e-19,-0,-1.293984181e-34,-2.484808345e-17,-0,-7.413983235e-33,0,0,0,0,0,0,0,0,0,0,0,0,0,0,0,0,0,-0,-0,-0,-0,-0,-0,-0,-0,0,0,0,0,0,0,0
3.2285,-3.5,0,2,0,0,0,0,0,0,0,0,0,-4.33680869e-19,-0,-1.293984181e-34,-2.484808345e-17,-0,-7.413983235e-33,0,0,0,0,0,0,0,0,0,0,0,0,0,0,0,0,0,-0,-0,-0,-0,-0,-0,-0,-0,0,0,0,0,0,0,0
3.2335,-3.5,0,2,0,0,0,0,0,0,0,0,0,-4.33680869e-19,-0,-1.293984181e-34,-2.484808345e-17,-0,-7.413983235e-33,0,0,0,0,0,0,0,0,0,0,0,0,0,0,0,0,0,-0,-0,-0,-0,-0,-0,-0,-0,0,0,0,0,0,0,0
3.2385,-3.5,0,2,0,0,0,0,0,0,0,0,0,-4.33680869e-19,-0,-1.293984181e-34,-2.484808345e-17,-0,-7.413983235e-33,0,0,0,0,0,0,0,0,0,0,0,0,0,0,0,0,0,-0,-0,-0,-0,-0,-0,-0,-0,0,0,0,0,0,0,0
3.2435,-3.5,0,2,0,0,0,0,0,0,0,0,0,-4.33680869e-19,-0,-1.293984181e-34,-2.484808345e-17,-0,-7.413983235e-33,0,0,0,0,0,0,0,0,0,0,0,0,0,0,0,0,0,-0,-0,-0,-0,-0,-0,-0,-0,0,0,0,0,0,0,0
3.2485,-3.5,0,2,0,0,0,0,0,0,0,0,0,-4.33680869e-19,-0,-1.293984181e-34,-2.484808345e-17,-0,-7.413983235e-33,0,0,0,0,0,0,0,0,0,0,0,0,0,0,0,0,0,-0,-0,-0,-0,-0,-0,-0,-0,0,0,0,0,0,0,0
3.2535,-3.5,0,2,0,0,0,0,0,0,0,0,0,-4.33680869e-19,-0,-1.293984181e-34,-2.484808345e-17,-0,-7.413983235e-33,0,0,0,0,0,0,0,0,0,0,0,0,0,0,0,0,0,-0,-0,-0,-0,-0,-0,-0,-0,0,0,0,0,0,0,0
3.2585,-3.5,0,2,0,0,0,0,0,0,0,0,0,-4.33680869e-19,-0,-1.293984181e-34,-2.484808345e-17,-0,-7.413983235e-33,0,0,0,0,0,0,0,0,0,0,0,0,0,0,0,0,0,-0,-0,-0,-0,-0,-0,-0,-0,0,0,0,0,0,0,0
3.2635,-3.5,0,2,0,0,0,0,0,0,0,0,0,-4.33680869e-19,-0,-1.293984181e-34,-2.484808345e-17,-0,-7.413983235e-33,0,0,0,0,0,0,0,0,0,0,0,0,0,0,0,0,0,-0,-0,-0,-0,-0,-0,-0,-0,0,0,0,0,0,0,0
3.2685,-3.5,0,2,0,0,0,0,0,0,0,0,0,-4.33680869e-19,-0,-1.293984181e-34,-2.484808345e-17,-0,-7.413983235e-33,0,0,0,0,0,0,0,0,0,0,0,0,0,0,0,0,0,-0,-0,-0,-0,-0,-0,-0,-0,0,0,0,0,0,0,0
3.2735,-3.5,0,2,0,0,0,0,0,0,0,0,0,-4.33680869e-19,-0,-1.293984181e-34,-2.484808345e-17,-0,-7.413983235e-33,0,0,0,0,0,0,0,0,0,0,0,0,0,0,0,0,0,-0,-0,-0,-0,-0,-0,-0,-0,0,0,0,0,0,0,0
3.2785,-3.5,0,2,0,0,0,0,0,0,0,0,0,-4.33680869e-19,-0,-1.293984181e-34,-2.484808345e-17,-0,-7.413983235e-33,0,0,0,0,0,0,0,0,0,0,0,0,0,0,0,0,0,-0,-0,-0,-0,-0,-0,-0,-0,0,0,0,0,0,0,0
3.2835,-3.5,0,2,0,0,0,0,0,0,0,0,0,-4.33680869e-19,-0,-1.293984181e-34,-2.484808345e-17,-0,-7.413983235e-33,0,0,0,0,0,0,0,0,0,0,0,0,0,0,0,0,0,-0,-0,-0,-0,-0,-0,-0,-0,0,0,0,0,0,0,0
3.2885,-3.5,0,2,0,0,0,0,0,0,0,0,0,-4.33680869e-19,-0,-1.293984181e-34,-2.484808345e-17,-0,-7.413983235e-33,0,0,0,0,0,0,0,0,0,0,0,0,0,0,0,0,0,-0,-0,-0,-0,-0,-0,-0,-0,0,0,0,0,0,0,0
3.2935,-3.5,0,2,0,0,0,0,0,0,0,0,0,-4.33680869e-19,-0,-1.293984181e-34,-2.484808345e-17,-0,-7.413983235e-33,0,0,0,0,0,0,0,0,0,0,0,0,0,0,0,0,0,-0,-0,-0,-0,-0,-0,-0,-0,0,0,0,0,0,0,0
3.2985,-3.5,0,2,0,0,0,0,0,0,0,0,0,-4.33680869e-19,-0,-1.293984181e-34,-2.484808345e-17,-0,-7.413983235e-33,0,0,0,0,0,0,0,0,0,0,0,0,0,0,0,0,0,-0,-0,-0,-0,-0,-0,-0,-0,0,0,0,0,0,0,0
3.3035,-3.5,0,2,0,0,0,0,0,0,0,0,0,-4.33680869e-19,-0,-1.293984181e-34,-2.484808345e-17,-0,-7.413983235e-33,0,0,0,0,0,0,0,0,0,0,0,0,0,0,0,0,0,-0,-0,-0,-0,-0,-0,-0,-0,0,0,0,0,0,0,0
3.3085,-3.5,0,2,0,0,0,0,0,0,0,0,0,-4.33680869e-19,-0,-1.293984181e-34,-2.484808345e-17,-0,-7.413983235e-33,0,0,0,0,0,0,0,0,0,0,0,0,0,0,0,0,0,-0,-0,-0,-0,-0,-0,-0,-0,0,0,0,0,0,0,0
3.3135,-3.5,0,2,0,0,0,0,0,0,0,0,0,-4.33680869e-19,-0,-1.293984181e-34,-2.484808345e-17,-0,-7.413983235e-33,0,0,0,0,0,0,0,0,0,0,0,0,0,0,0,0,0,-0,-0,-0,-0,-0,-0,-0,-0,0,0,0,0,0,0,0
3.3185,-3.5,0,2,0,0,0,0,0,0,0,0,0,-4.33680869e-19,-0,-1.293984181e-34,-2.484808345e-17,-0,-7.413983235e-33,0,0,0,0,0,0,0,0,0,0,0,0,0,0,0,0,0,-0,-0,-0,-0,-0,-0,-0,-0,0,0,0,0,0,0,0
3.3235,-3.5,0,2,0,0,0,0,0,0,0,0,0,-4.33680869e-19,-0,-1.293984181e-34,-2.484808345e-17,-0,-7.413983235e-33,0,0,0,0,0,0,0,0,0,0,0,0,0,0,0,0,0,-0,-0,-0,-0,-0,-0,-0,-0,0,0,0,0,0,0,0
3.3285,-3.5,0,2,0,0,0,0,0,0,0,0,0,-4.33680869e-19,-0,-1.293984181e-34,-2.484808345e-17,-0,-7.413983235e-33,0,0,0,0,0,0,0,0,0,0,0,0,0,0,0,0,0,-0,-0,-0,-0,-0,-0,-0,-0,0,0,0,0,0,0,0
3.3335,-3.5,0,2,0,0,0,0,0,0,0,0,0,-4.33680869e-19,-0,-1.293984181e-34,-2.484808345e-17,-0,-7.413983235e-33,0,0,0,0,0,0,0,0,0,0,0,0,0,0,0,0,0,-0,-0,-0,-0,-0,-0,-0,-0,0,0,0,0,0,0,0
3.3385,-3.5,0,2,0,0,0,0,0,0,0,0,0,-4.33680869e-19,-0,-1.293984181e-34,-2.484808345e-17,-0,-7.413983235e-33,0,0,0,0,0,0,0,0,0,0,0,0,0,0,0,0,0,-0,-0,-0,-0,-0,-0,-0,-0,0,0,0,0,0,0,0
3.3435,-3.5,0,2,0,0,0,0,0,0,0,0,0,-4.33680869e-19,-0,-1.293984181e-34,-2.484808345e-17,-0,-7.413983235e-33,0,0,0,0,0,0,0,0,0,0,0,0,0,0,0,0,0,-0,-0,-0,-0,-0,-0,-0,-0,0,0,0,0,0,0,0
3.3485,-3.5,0,2,0,0,0,0,0,0,0,0,0,-4.33680869e-19,-0,-1.293984181e-34,-2.484808345e-17,-0,-7.413983235e-33,0,0,0,0,0,0,0,0,0,0,0,0,0,0,0,0,0,-0,-0,-0,-0,-0,-0,-0,-0,0,0,0,0,0,0,0
3.3535,-3.5,0,2,0,0,0,0,0,0,0,0,0,-4.33680869e-19,-0,-1.293984181e-34,-2.484808345e-17,-0,-7.413983235e-33,0,0,0,0,0,0,0,0,0,0,0,0,0,0,0,0,0,-0,-0,-0,-0,-0,-0,-0,-0,0,0,0,0,0,0,0
3.3585,-3.5,0,2,0,0,0,0,0,0,0,0,0,-4.33680869e-19,-0,-1.293984181e-34,-2.484808345e-17,-0,-7.413983235e-33,0,0,0,0,0,0,0,0,0,0,0,0,0,0,0,0,0,-0,-0,-0,-0,-0,-0,-0,-0,0,0,0,0,0,0,0
3.3635,-3.5,0,2,0,0,0,0,0,0,0,0,0,-4.33680869e-19,-0,-1.293984181e-34,-2.484808345e-17,-0,-7.413983235e-33,0,0,0,0,0,0,0,0,0,0,0,0,0,0,0,0,0,-0,-0,-0,-0,-0,-0,-0,-0,0,0,0,0,0,0,0
3.3685,-3.5,0,2,0,0,0,0,0,0,0,0,0,-4.33680869e-19,-0,-1.293984181e-34,-2.484808345e-17,-0,-7.413983235e-33,0,0,0,0,0,0,0,0,0,0,0,0,0,0,0,0,0,-0,-0,-0,-0,-0,-0,-0,-0,0,0,0,0,0,0,0
3.3735,-3.5,0,2,0,0,0,0,0,0,0,0,0,-4.33680869e-19,-0,-1.293984181e-34,-2.484808345e-17,-0,-7.413983235e-33,0,0,0,0,0,0,0,0,0,0,0,0,0,0,0,0,0,-0,-0,-0,-0,-0,-0,-0,-0,0,0,0,0,0,0,0
3.3785,-3.5,0,2,0,0,0,0,0,0,0,0,0,-4.33680869e-19,-0,-1.293984181e-34,-2.484808345e-17,-0,-7.413983235e-33,0,0,0,0,0,0,0,0,0,0,0,0,0,0,0,0,0,-0,-0,-0,-0,-0,-0,-0,-0,0,0,0,0,0,0,0
3.3835,-3.5,0,2,0,0,0,0,0,0,0,0,0,-4.33680869e-19,-0,-1.293984181e-34,-2.484808345e-17,-0,-7.413983235e-33,0,0,0,0,0,0,0,0,0,0,0,0,0,0,0,0,0,-0,-0,-0,-0,-0,-0,-0,-0,0,0,0,0,0,0,0
3.3885,-3.5,0,2,0,0,0,0,0,0,0,0,0,-4.33680869e-19,-0,-1.293984181e-34,-2.484808345e-17,-0,-7.413983235e-33,0,0,0,0,0,0,0,0,0,0,0,0,0,0,0,0,0,-0,-0,-0,-0,-0,-0,-0,-0,0,0,0,0,0,0,0
3.3935,-3.5,0,2,0,0,0,0,0,0,0,0,0,-4.33680869e-19,-0,-1.293984181e-34,-2.484808345e-17,-0,-7.413983235e-33,0,0,0,0,0,0,0,0,0,0,0,0,0,0,0,0,0,-0,-0,-0,-0,-0,-0,-0,-0,0,0,0,0,0,0,0
3.3985,-3.5,0,2,0,0,0,0,0,0,0,0,0,-4.33680869e-19,-0,-1.293984181e-34,-2.484808345e-17,-0,-7.413983235e-33,0,0,0,0,0,0,0,0,0,0,0,0,0,0,0,0,0,-0,-0,-0,-0,-0,-0,-0,-0,0,0,0,0,0,0,0
3.4035,-3.5,0,2,0,0,0,0,0,0,0,0,0,-4.33680869e-19,-0,-1.293984181e-34,-2.484808345e-17,-0,-7.413983235e-33,0,0,0,0,0,0,0,0,0,0,0,0,0,0,0,0,0,-0,-0,-0,-0,-0,-0,-0,-0,0,0,0,0,0,0,0
3.4085,-3.5,0,2,0,0,0,0,0,0,0,0,0,-4.33680869e-19,-0,-1.293984181e-34,-2.484808345e-17,-0,-7.413983235e-33,0,0,0,0,0,0,0,0,0,0,0,0,0,0,0,0,0,-0,-0,-0,-0,-0,-0,-0,-0,0,0,0,0,0,0,0
3.4135,-3.5,0,2,0,0,0,0,0,0,0,0,0,-4.33680869e-19,-0,-1.293984181e-34,-2.484808345e-17,-0,-7.413983235e-33,0,0,0,0,0,0,0,0,0,0,0,0,0,0,0,0,0,-0,-0,-0,-0,-0,-0,-0,-0,0,0,0,0,0,0,0
3.4185,-3.5,0,2,0,0,0,0,0,0,0,0,0,-4.33680869e-19,-0,-1.293984181e-34,-2.484808345e-17,-0,-7.413983235e-33,0,0,0,0,0,0,0,0,0,0,0,0,0,0,0,0,0,-0,-0,-0,-0,-0,-0,-0,-0,0,0,0,0,0,0,0
3.4235,-3.5,0,2,0,0,0,0,0,0,0,0,0,-4.33680869e-19,-0,-1.293984181e-34,-2.484808345e-17,-0,-7.413983235e-33,0,0,0,0,0,0,0,0,0,0,0,0,0,0,0,0,0,-0,-0,-0,-0,-0,-0,-0,-0,0,0,0,0,0,0,0
3.4285,-3.5,0,2,0,0,0,0,0,0,0,0,0,-4.33680869e-19,-0,-1.293984181e-34,-2.484808345e-17,-0,-7.413983235e-33,0,0,0,0,0,0,0,0,0,0,0,0,0,0,0,0,0,-0,-0,-0,-0,-0,-0,-0,-0,0,0,0,0,0,0,0
3.4335,-3.5,0,2,0,0,0,0,0,0,0,0,0,-4.33680869e-19,-0,-1.293984181e-34,-2.484808345e-17,-0,-7.413983235e-33,0,0,0,0,0,0,0,0,0,0,0,0,0,0,0,0,0,-0,-0,-0,-0,-0,-0,-0,-0,0,0,0,0,0,0,0
3.4385,-3.5,0,2,0,0,0,0,0,0,0,0,0,-4.33680869e-19,-0,-1.293984181e-34,-2.484808345e-17,-0,-7.413983235e-33,0,0,0,0,0,0,0,0,0,0,0,0,0,0,0,0,0,-0,-0,-0,-0,-0,-0,-0,-0,0,0,0,0,0,0,0
3.4435,-3.5,0,2,0,0,0,0,0,0,0,0,0,-4.33680869e-19,-0,-1.293984181e-34,-2.484808345e-17,-0,-7.413983235e-33,0,0,0,0,0,0,0,0,0,0,0,0,0,0,0,0,0,-0,-0,-0,-0,-0,-0,-0,-0,0,0,0,0,0,0,0
3.4485,-3.5,0,2,0,0,0,0,0,0,0,0,0,-4.33680869e-19,-0,-1.293984181e-34,-2.484808345e-17,-0,-7.413983235e-33,0,0,0,0,0,0,0,0,0,0,0,0,0,0,0,0,0,-0,-0,-0,-0,-0,-0,-0,-0,0,0,0,0,0,0,0
3.4535,-3.5,0,2,0,0,0,0,0,0,0,0,0,-4.33680869e-19,-0,-1.293984181e-34,-2.484808345e-17,-0,-7.413983235e-33,0,0,0,0,0,0,0,0,0,0,0,0,0,0,0,0,0,-0,-0,-0,-0,-0,-0,-0,-0,0,0,0,0,0,0,0
3.4585,-3.5,0,2,0,0,0,0,0,0,0,0,0,-4.33680869e-19,-0,-1.293984181e-34,-2.484808345e-17,-0,-7.413983235e-33,0,0,0,0,0,0,0,0,0,0,0,0,0,0,0,0,0,-0,-0,-0,-0,-0,-0,-0,-0,0,0,0,0,0,0,0
3.4635,-3.5,0,2,0,0,0,0,0,0,0,0,0,-4.33680869e-19,-0,-1.293984181e-34,-2.484808345e-17,-0,-7.413983235e-33,0,0,0,0,0,0,0,0,0,0,0,0,0,0,0,0,0,-0,-0,-0,-0,-0,-0,-0,-0,0,0,0,0,0,0,0
3.4685,-3.5,0,2,0,0,0,0,0,0,0,0,0,-4.33680869e-19,-0,-1.293984181e-34,-2.484808345e-17,-0,-7.413983235e-33,0,0,0,0,0,0,0,0,0,0,0,0,0,0,0,0,0,-0,-0,-0,-0,-0,-0,-0,-0,0,0,0,0,0,0,0
3.4735,-3.5,0,2,0,0,0,0,0,0,0,0,0,-4.33680869e-19,-0,-1.293984181e-34,-2.484808345e-17,-0,-7.413983235e-33,0,0,0,0,0,0,0,0,0,0,0,0,0,0,0,0,0,-0,-0,-0,-0,-0,-0,-0,-0,0,0,0,0,0,0,0
3.4785,-3.5,0,2,0,0,0,0,0,0,0,0,0,-4.33680869e-19,-0,-1.293984181e-34,-2.484808345e-17,-0,-7.413983235e-33,0,0,0,0,0,0,0,0,0,0,0,0,0,0,0,0,0,-0,-0,-0,-0,-0,-0,-0,-0,0,0,0,0,0,0,0
3.4835,-3.5,0,2,0,0,0,0,0,0,0,0,0,-4.33680869e-19,-0,-1.293984181e-34,-2.484808345e-17,-0,-7.413983235e-33,0,0,0,0,0,0,0,0,0,0,0,0,0,0,0,0,0,-0,-0,-0,-0,-0,-0,-0,-0,0,0,0,0,0,0,0
3.4885,-3.5,0,2,0,0,0,0,0,0,0,0,0,-4.33680869e-19,-0,-1.293984181e-34,-2.484808345e-17,-0,-7.413983235e-33,0,0,0,0,0,0,0,0,0,0,0,0,0,0,0,0,0,-0,-0,-0,-0,-0,-0,-0,-0,0,0,0,0,0,0,0
3.4935,-3.5,0,2,0,0,0,0,0,0,0,0,0,-4.33680869e-19,-0,-1.293984181e-34,-2.484808345e-17,-0,-7.413983235e-33,0,0,0,0,0,0,0,0,0,0,0,0,0,0,0,0,0,-0,-0,-0,-0,-0,-0,-0,-0,0,0,0,0,0,0,0
3.4985,-3.5,0,2,0,0,0,0,0,0,0,0,0,-4.33680869e-19,-0,-1.293984181e-34,-2.484808345e-17,-0,-7.413983235e-33,0,0,0,0,0,0,0,0,0,0,0,0,0,0,0,0,0,-0,-0,-0,-0,-0,-0,-0,-0,0,0,0,0,0,0,0
3.5035,-3.5,0,2,0,0,0,0,0,0,0,0,0,-4.33680869e-19,-0,-1.293984181e-34,-2.484808345e-17,-0,-7.413983235e-33,0,0,0,0,0,0,0,0,0,0,0,0,0,0,0,0,0,-0,-0,-0,-0,-0,-0,-0,-0,0,0,0,0,0,0,0
3.5085,-3.5,0,2,0,0,0,0,0,0,0,0,0,-4.33680869e-19,-0,-1.293984181e-34,-2.484808345e-17,-0,-7.413983235e-33,0,0,0,0,0,0,0,0,0,0,0,0,0,0,0,0,0,-0,-0,-0,-0,-0,-0,-0,-0,0,0,0,0,0,0,0
3.5135,-3.5,0,2,0,0,0,0,0,0,0,0,0,-4.33680869e-19,-0,-1.293984181e-34,-2.484808345e-17,-0,-7.413983235e-33,0,0,0,0,0,0,0,0,0,0,0,0,0,0,0,0,0,-0,-0,-0,-0,-0,-0,-0,-0,0,0,0,0,0,0,0
3.5185,-3.5,0,2,0,0,0,0,0,0,0,0,0,-4.33680869e-19,-0,-1.293984181e-34,-2.484808345e-17,-0,-7.413983235e-33,0,0,0,0,0,0,0,0,0,0,0,0,0,0,0,0,0,-0,-0,-0,-0,-0,-0,-0,-0,0,0,0,0,0,0,0
3.5235,-3.5,0,2,0,0,0,0,0,0,0,0,0,-4.33680869e-19,-0,-1.293984181e-34,-2.484808345e-17,-0,-7.413983235e-33,0,0,0,0,0,0,0,0,0,0,0,0,0,0,0,0,0,-0,-0,-0,-0,-0,-0,-0,-0,0,0,0,0,0,0,0
3.5285,-3.5,0,2,0,0,0,0,0,0,0,0,0,-4.33680869e-19,-0,-1.293984181e-34,-2.484808345e-17,-0,-7.413983235e-33,0,0,0,0,0,0,0,0,0,0,0,0,0,0,0,0,0,-0,-0,-0,-0,-0,-0,-0,-0,0,0,0,0,0,0,0
3.5335,-3.5,0,2,0,0,0,0,0,0,0,0,0,-4.33680869e-19,-0,-1.293984181e-34,-2.484808345e-17,-0,-7.413983235e-33,0,0,0,0,0,0,0,0,0,0,0,0,0,0,0,0,0,-0,-0,-0,-0,-0,-0,-0,-0,0,0,0,0,0,0,0
3.5385,-3.5,0,2,0,0,0,0,0,0,0,0,0,-4.33680869e-19,-0,-1.293984181e-34,-2.484808345e-17,-0,-7.413983235e-33,0,0,0,0,0,0,0,0,0,0,0,0,0,0,0,0,0,-0,-0,-0,-0,-0,-0,-0,-0,0,0,0,0,0,0,0
3.5435,-3.5,0,2,0,0,0,0,0,0,0,0,0,-4.33680869e-19,-0,-1.293984181e-34,-2.484808345e-17,-0,-7.413983235e-33,0,0,0,0,0,0,0,0,0,0,0,0,0,0,0,0,0,-0,-0,-0,-0,-0,-0,-0,-0,0,0,0,0,0,0,0
3.5485,-3.5,0,2,0,0,0,0,0,0,0,0,0,-4.33680869e-19,-0,-1.293984181e-34,-2.484808345e-17,-0,-7.413983235e-33,0,0,0,0,0,0,0,0,0,0,0,0,0,0,0,0,0,-0,-0,-0,-0,-0,-0,-0,-0,0,0,0,0,0,0,0
3.5535,-3.5,0,2,0,0,0,0,0,0,0,0,0,-4.33680869e-19,-0,-1.293984181e-34,-2.484808345e-17,-0,-7.413983235e-33,0,0,0,0,0,0,0,0,0,0,0,0,0,0,0,0,0,-0,-0,-0,-0,-0,-0,-0,-0,0,0,0,0,0,0,0
3.5585,-3.5,0,2,0,0,0,0,0,0,0,0,0,-4.33680869e-19,-0,-1.293984181e-34,-2.484808345e-17,-0,-7.413983235e-33,0,0,0,0,0,0,0,0,0,0,0,0,0,0,0,0,0,-0,-0,-0,-0,-0,-0,-0,-0,0,0,0,0,0,0,0
3.5635,-3.5,0,2,0,0,0,0,0,0,0,0,0,-4.33680869e-19,-0,-1.293984181e-34,-2.484808345e-17,-0,-7.413983235e-33,0,0,0,0,0,0,0,0,0,0,0,0,0,0,0,0,0,-0,-0,-0,-0,-0,-0,-0,-0,0,0,0,0,0,0,0
3.5685,-3.5,0,2,0,0,0,0,0,0,0,0,0,-4.33680869e-19,-0,-1.293984181e-34,-2.484808345e-17,-0,-7.413983235e-33,0,0,0,0,0,0,0,0,0,0,0,0,0,0,0,0,0,-0,-0,-0,-0,-0,-0,-0,-0,0,0,0,0,0,0,0
3.5735,-3.5,0,2,0,0,0,0,0,0,0,0,0,-4.33680869e-19,-0,-1.293984181e-34,-2.484808345e-17,-0,-7.413983235e-33,0,0,0,0,0,0,0,0,0,0,0,0,0,0,0,0,0,-0,-0,-0,-0,-0,-0,-0,-0,0,0,0,0,0,0,0
3.5785,-3.5,0,2,0,0,0,0,0,0,0,0,0,-4.33680869e-19,-0,-1.293984181e-34,-2.484808345e-17,-0,-7.413983235e-33,0,0,0,0,0,0,0,0,0,0,0,0,0,0,0,0,0,-0,-0,-0,-0,-0,-0,-0,-0,0,0,0,0,0,0,0
3.5835,-3.5,0,2,0,0,0,0,0,0,0,0,0,-4.33680869e-19,-0,-1.293984181e-34,-2.484808345e-17,-0,-7.413983235e-33,0,0,0,0,0,0,0,0,0,0,0,0,0,0,0,0,0,-0,-0,-0,-0,-0,-0,-0,-0,0,0,0,0,0,0,0
3.5885,-3.5,0,2,0,0,0,0,0,0,0,0,0,-4.33680869e-19,-0,-1.293984181e-34,-2.484808345e-17,-0,-7.413983235e-33,0,0,0,0,0,0,0,0,0,0,0,0,0,0,0,0,0,-0,-0,-0,-0,-0,-0,-0,-0,0,0,0,0,0,0,0
3.5935,-3.5,0,2,0,0,0,0,0,0,0,0,0,-4.33680869e-19,-0,-1.293984181e-34,-2.484808345e-17,-0,-7.413983235e-33,0,0,0,0,0,0,0,0,0,0,0,0,0,0,0,0,0,-0,-0,-0,-0,-0,-0,-0,-0,0,0,0,0,0,0,0
3.5985,-3.5,0,2,0,0,0,0,0,0,0,0,0,-4.33680869e-19,-0,-1.293984181e-34,-2.484808345e-17,-0,-7.413983235e-33,0,0,0,0,0,0,0,0,0,0,0,0,0,0,0,0,0,-0,-0,-0,-0,-0,-0,-0,-0,0,0,0,0,0,0,0
3.6035,-3.5,0,2,0,0,0,0,0,0,0,0,0,-4.33680869e-19,-0,-1.293984181e-34,-2.484808345e-17,-0,-7.413983235e-33,0,0,0,0,0,0,0,0,0,0,0,0,0,0,0,0,0,-0,-0,-0,-0,-0,-0,-0,-0,0,0,0,0,0,0,0
3.6085,-3.5,0,2,0,0,0,0,0,0,0,0,0,-4.33680869e-19,-0,-1.293984181e-34,-2.484808345e-17,-0,-7.413983235e-33,0,0,0,0,0,0,0,0,0,0,0,0,0,0,0,0,0,-0,-0,-0,-0,-0,-0,-0,-0,0,0,0,0,0,0,0
3.6135,-3.5,0,2,0,0,0,0,0,0,0,0,0,-4.33680869e-19,-0,-1.293984181e-34,-2.484808345e-17,-0,-7.413983235e-33,0,0,0,0,0,0,0,0,0,0,0,0,0,0,0,0,0,-0,-0,-0,-0,-0,-0,-0,-0,0,0,0,0,0,0,0
3.6185,-3.5,0,2,0,0,0,0,0,0,0,0,0,-4.33680869e-19,-0,-1.293984181e-34,-2.484808345e-17,-0,-7.413983235e-33,0,0,0,0,0,0,0,0,0,0,0,0,0,0,0,0,0,-0,-0,-0,-0,-0,-0,-0,-0,0,0,0,0,0,0,0
3.6235,-3.5,0,2,0,0,0,0,0,0,0,0,0,-4.33680869e-19,-0,-1.293984181e-34,-2.484808345e-17,-0,-7.413983235e-33,0,0,0,0,0,0,0,0,0,0,0,0,0,0,0,0,0,-0,-0,-0,-0,-0,-0,-0,-0,0,0,0,0,0,0,0
3.6285,-3.5,0,2,0,0,0,0,0,0,0,0,0,-4.33680869e-19,-0,-1.293984181e-34,-2.484808345e-17,-0,-7.413983235e-33,0,0,0,0,0,0,0,0,0,0,0,0,0,0,0,0,0,-0,-0,-0,-0,-0,-0,-0,-0,0,0,0,0,0,0,0
3.6335,-3.5,0,2,0,0,0,0,0,0,0,0,0,-4.33680869e-19,-0,-1.293984181e-34,-2.484808345e-17,-0,-7.413983235e-33,0,0,0,0,0,0,0,0,0,0,0,0,0,0,0,0,0,-0,-0,-0,-0,-0,-0,-0,-0,0,0,0,0,0,0,0
3.6385,-3.5,0,2,0,0,0,0,0,0,0,0,0,-4.33680869e-19,-0,-1.293984181e-34,-2.484808345e-17,-0,-7.413983235e-33,0,0,0,0,0,0,0,0,0,0,0,0,0,0,0,0,0,-0,-0,-0,-0,-0,-0,-0,-0,0,0,0,0,0,0,0
3.6435,-3.5,0,2,0,0,0,0,0,0,0,0,0,-4.33680869e-19,-0,-1.293984181e-34,-2.484808345e-17,-0,-7.413983235e-33,0,0,0,0,0,0,0,0,0,0,0,0,0,0,0,0,0,-0,-0,-0,-0,-0,-0,-0,-0,0,0,0,0,0,0,0
3.6485,-3.5,0,2,0,0,0,0,0,0,0,0,0,-4.33680869e-19,-0,-1.293984181e-34,-2.484808345e-17,-0,-7.413983235e-33,0,0,0,0,0,0,0,0,0,0,0,0,0,0,0,0,0,-0,-0,-0,-0,-0,-0,-0,-0,0,0,0,0,0,0,0
3.6535,-3.5,0,2,0,0,0,0,0,0,0,0,0,-4.33680869e-19,-0,-1.293984181e-34,-2.484808345e-17,-0,-7.413983235e-33,0,0,0,0,0,0,0,0,0,0,0,0,0,0,0,0,0,-0,-0,-0,-0,-0,-0,-0,-0,0,0,0,0,0,0,0
3.6585,-3.5,0,2,0,0,0,0,0,0,0,0,0,-4.33680869e-19,-0,-1.293984181e-34,-2.484808345e-17,-0,-7.413983235e-33,0,0,0,0,0,0,0,0,0,0,0,0,0,0,0,0,0,-0,-0,-0,-0,-0,-0,-0,-0,0,0,0,0,0,0,0
3.6635,-3.5,0,2,0,0,0,0,0,0,0,0,0,-4.33680869e-19,-0,-1.293984181e-34,-2.484808345e-17,-0,-7.413983235e-33,0,0,0,0,0,0,0,0,0,0,0,0,0,0,0,0,0,-0,-0,-0,-0,-0,-0,-0,-0,0,0,0,0,0,0,0
3.6685,-3.5,0,2,0,0,0,0,0,0,0,0,0,-4.33680869e-19,-0,-1.293984181e-34,-2.484808345e-17,-0,-7.413983235e-33,0,0,0,0,0,0,0,0,0,0,0,0,0,0,0,0,0,-0,-0,-0,-0,-0,-0,-0,-0,0,0,0,0,0,0,0
3.6735,-3.5,0,2,0,0,0,0,0,0,0,0,0,-4.33680869e-19,-0,-1.293984181e-34,-2.484808345e-17,-0,-7.413983235e-33,0,0,0,0,0,0,0,0,0,0,0,0,0,0,0,0,0,-0,-0,-0,-0,-0,-0,-0,-0,0,0,0,0,0,0,0
3.6785,-3.5,0,2,0,0,0,0,0,0,0,0,0,-4.33680869e-19,-0,-1.293984181e-34,-2.484808345e-17,-0,-7.413983235e-33,0,0,0,0,0,0,0,0,0,0,0,0,0,0,0,0,0,-0,-0,-0,-0,-0,-0,-0,-0,0,0,0,0,0,0,0
3.6835,-3.5,0,2,0,0,0,0,0,0,0,0,0,-4.33680869e-19,-0,-1.293984181e-34,-2.484808345e-17,-0,-7.413983235e-33,0,0,0,0,0,0,0,0,0,0,0,0,0,0,0,0,0,-0,-0,-0,-0,-0,-0,-0,-0,0,0,0,0,0,0,0
3.6885,-3.5,0,2,0,0,0,0,0,0,0,0,0,-4.33680869e-19,-0,-1.293984181e-34,-2.484808345e-17,-0,-7.413983235e-33,0,0,0,0,0,0,0,0,0,0,0,0,0,0,0,0,0,-0,-0,-0,-0,-0,-0,-0,-0,0,0,0,0,0,0,0
3.6935,-3.5,0,2,0,0,0,0,0,0,0,0,0,-4.33680869e-19,-0,-1.293984181e-34,-2.484808345e-17,-0,-7.413983235e-33,0,0,0,0,0,0,0,0,0,0,0,0,0,0,0,0,0,-0,-0,-0,-0,-0,-0,-0,-0,0,0,0,0,0,0,0
3.6985,-3.5,0,2,0,0,0,0,0,0,0,0,0,-4.33680869e-19,-0,-1.293984181e-34,-2.484808345e-17,-0,-7.413983235e-33,0,0,0,0,0,0,0,0,0,0,0,0,0,0,0,0,0,-0,-0,-0,-0,-0,-0,-0,-0,0,0,0,0,0,0,0
3.7035,-3.5,0,2,0,0,0,0,0,0,0,0,0,-4.33680869e-19,-0,-1.293984181e-34,-2.484808345e-17,-0,-7.413983235e-33,0,0,0,0,0,0,0,0,0,0,0,0,0,0,0,0,0,-0,-0,-0,-0,-0,-0,-0,-0,0,0,0,0,0,0,0
3.7085,-3.5,0,2,0,0,0,0,0,0,0,0,0,-4.33680869e-19,-0,-1.293984181e-34,-2.484808345e-17,-0,-7.413983235e-33,0,0,0,0,0,0,0,0,0,0,0,0,0,0,0,0,0,-0,-0,-0,-0,-0,-0,-0,-0,0,0,0,0,0,0,0
3.7135,-3.5,0,2,0,0,0,0,0,0,0,0,0,-4.33680869e-19,-0,-1.293984181e-34,-2.484808345e-17,-0,-7.413983235e-33,0,0,0,0,0,0,0,0,0,0,0,0,0,0,0,0,0,-0,-0,-0,-0,-0,-0,-0,-0,0,0,0,0,0,0,0
3.7185,-3.5,0,2,0,0,0,0,0,0,0,0,0,-4.33680869e-19,-0,-1.293984181e-34,-2.484808345e-17,-0,-7.413983235e-33,0,0,0,0,0,0,0,0,0,0,0,0,0,0,0,0,0,-0,-0,-0,-0,-0,-0,-0,-0,0,0,0,0,0,0,0
3.7235,-3.5,0,2,0,0,0,0,0,0,0,0,0,-4.33680869e-19,-0,-1.293984181e-34,-2.484808345e-17,-0,-7.413983235e-33,0,0,0,0,0,0,0,0,0,0,0,0,0,0,0,0,0,-0,-0,-0,-0,-0,-0,-0,-0,0,0,0,0,0,0,0
3.7285,-3.5,0,2,0,0,0,0,0,0,0,0,0,-4.33680869e-19,-0,-1.293984181e-34,-2.484808345e-17,-0,-7.413983235e-33,0,0,0,0,0,0,0,0,0,0,0,0,0,0,0,0,0,-0,-0,-0,-0,-0,-0,-0,-0,0,0,0,0,0,0,0
3.7335,-3.5,0,2,0,0,0,0,0,0,0,0,0,-4.33680869e-19,-0,-1.293984181e-34,-2.484808345e-17,-0,-7.413983235e-33,0,0,0,0,0,0,0,0,0,0,0,0,0,0,0,0,0,-0,-0,-0,-0,-0,-0,-0,-0,0,0,0,0,0,0,0
3.7385,-3.5,0,2,0,0,0,0,0,0,0,0,0,-4.33680869e-19,-0,-1.293984181e-34,-2.484808345e-17,-0,-7.413983235e-33,0,0,0,0,0,0,0,0,0,0,0,0,0,0,0,0,0,-0,-0,-0,-0,-0,-0,-0,-0,0,0,0,0,0,0,0
3.7435,-3.5,0,2,0,0,0,0,0,0,0,0,0,-4.33680869e-19,-0,-1.293984181e-34,-2.484808345e-17,-0,-7.413983235e-33,0,0,0,0,0,0,0,0,0,0,0,0,0,0,0,0,0,-0,-0,-0,-0,-0,-0,-0,-0,0,0,0,0,0,0,0
3.7485,-3.5,0,2,0,0,0,0,0,0,0,0,0,-4.33680869e-19,-0,-1.293984181e-34,-2.484808345e-17,-0,-7.413983235e-33,0,0,0,0,0,0,0,0,0,0,0,0,0,0,0,0,0,-0,-0,-0,-0,-0,-0,-0,-0,0,0,0,0,0,0,0
3.7535,-3.5,0,2,0,0,0,0,0,0,0,0,0,-4.33680869e-19,-0,-1.293984181e-34,-2.484808345e-17,-0,-7.413983235e-33,0,0,0,0,0,0,0,0,0,0,0,0,0,0,0,0,0,-0,-0,-0,-0,-0,-0,-0,-0,0,0,0,0,0,0,0
3.7585,-3.5,0,2,0,0,0,0,0,0,0,0,0,-4.33680869e-19,-0,-1.293984181e-34,-2.484808345e-17,-0,-7.413983235e-33,0,0,0,0,0,0,0,0,0,0,0,0,0,0,0,0,0,-0,-0,-0,-0,-0,-0,-0,-0,0,0,0,0,0,0,0
3.7635,-3.5,0,2,0,0,0,0,0,0,0,0,0,-4.33680869e-19,-0,-1.293984181e-34,-2.484808345e-17,-0,-7.413983235e-33,0,0,0,0,0,0,0,0,0,0,0,0,0,0,0,0,0,-0,-0,-0,-0,-0,-0,-0,-0,0,0,0,0,0,0,0
3.7685,-3.5,0,2,0,0,0,0,0,0,0,0,0,-4.33680869e-19,-0,-1.293984181e-34,-2.484808345e-17,-0,-7.413983235e-33,0,0,0,0,0,0,0,0,0,0,0,0,0,0,0,0,0,-0,-0,-0,-0,-0,-0,-0,-0,0,0,0,0,0,0,0
3.7735,-3.5,0,2,0,0,0,0,0,0,0,0,0,-4.33680869e-19,-0,-1.293984181e-34,-2.484808345e-17,-0,-7.413983235e-33,0,0,0,0,0,0,0,0,0,0,0,0,0,0,0,0,0,-0,-0,-0,-0,-0,-0,-0,-0,0,0,0,0,0,0,0
3.7785,-3.5,0,2,0,0,0,0,0,0,0,0,0,-4.33680869e-19,-0,-1.293984181e-34,-2.484808345e-17,-0,-7.413983235e-33,0,0,0,0,0,0,0,0,0,0,0,0,0,0,0,0,0,-0,-0,-0,-0,-0,-0,-0,-0,0,0,0,0,0,0,0
3.7835,-3.5,0,2,0,0,0,0,0,0,0,0,0,-4.33680869e-19,-0,-1.293984181e-34,-2.484808345e-17,-0,-7.413983235e-33,0,0,0,0,0,0,0,0,0,0,0,0,0,0,0,0,0,-0,-0,-0,-0,-0,-0,-0,-0,0,0,0,0,0,0,0
3.7885,-3.5,0,2,0,0,0,0,0,0,0,0,0,-4.33680869e-19,-0,-1.293984181e-34,-2.484808345e-17,-0,-7.413983235e-33,0,0,0,0,0,0,0,0,0,0,0,0,0,0,0,0,0,-0,-0,-0,-0,-0,-0,-0,-0,0,0,0,0,0,0,0
3.7935,-3.5,0,2,0,0,0,0,0,0,0,0,0,-4.33680869e-19,-0,-1.293984181e-34,-2.484808345e-17,-0,-7.413983235e-33,0,0,0,0,0,0,0,0,0,0,0,0,0,0,0,0,0,-0,-0,-0,-0,-0,-0,-0,-0,0,0,0,0,0,0,0
3.7985,-3.5,0,2,0,0,0,0,0,0,0,0,0,-4.33680869e-19,-0,-1.293984181e-34,-2.484808345e-17,-0,-7.413983235e-33,0,0,0,0,0,0,0,0,0,0,0,0,0,0,0,0,0,-0,-0,-0,-0,-0,-0,-0,-0,0,0,0,0,0,0,0
3.8035,-3.5,0,2,0,0,0,0,0,0,0,0,0,-4.33680869e-19,-0,-1.293984181e-34,-2.484808345e-17,-0,-7.413983235e-33,0,0,0,0,0,0,0,0,0,0,0,0,0,0,0,0,0,-0,-0,-0,-0,-0,-0,-0,-0,0,0,0,0,0,0,0
3.8085,-3.5,0,2,0,0,0,0,0,0,0,0,0,-4.33680869e-19,-0,-1.293984181e-34,-2.484808345e-17,-0,-7.413983235e-33,0,0,0,0,0,0,0,0,0,0,0,0,0,0,0,0,0,-0,-0,-0,-0,-0,-0,-0,-0,0,0,0,0,0,0,0
3.8135,-3.5,0,2,0,0,0,0,0,0,0,0,0,-4.33680869e-19,-0,-1.293984181e-34,-2.484808345e-17,-0,-7.413983235e-33,0,0,0,0,0,0,0,0,0,0,0,0,0,0,0,0,0,-0,-0,-0,-0,-0,-0,-0,-0,0,0,0,0,0,0,0
3.8185,-3.5,0,2,0,0,0,0,0,0,0,0,0,-4.33680869e-19,-0,-1.293984181e-34,-2.484808345e-17,-0,-7.413983235e-33,0,0,0,0,0,0,0,0,0,0,0,0,0,0,0,0,0,-0,-0,-0,-0,-0,-0,-0,-0,0,0,0,0,0,0,0
3.8235,-3.5,0,2,0,0,0,0,0,0,0,0,0,-4.33680869e-19,-0,-1.293984181e-34,-2.484808345e-17,-0,-7.413983235e-33,0,0,0,0,0,0,0,0,0,0,0,0,0,0,0,0,0,-0,-0,-0,-0,-0,-0,-0,-0,0,0,0,0,0,0,0
3.8285,-3.5,0,2,0,0,0,0,0,0,0,0,0,-4.33680869e-19,-0,-1.293984181e-34,-2.484808345e-17,-0,-7.413983235e-33,0,0,0,0,0,0,0,0,0,0,0,0,0,0,0,0,0,-0,-0,-0,-0,-0,-0,-0,-0,0,0,0,0,0,0,0
3.8335,-3.5,0,2,0,0,0,0,0,0,0,0,0,-4.33680869e-19,-0,-1.293984181e-34,-2.484808345e-17,-0,-7.413983235e-33,0,0,0,0,0,0,0,0,0,0,0,0,0,0,0,0,0,-0,-0,-0,-0,-0,-0,-0,-0,0,0,0,0,0,0,0
3.8385,-3.5,0,2,0,0,0,0,0,0,0,0,0,-4.33680869e-19,-0,-1.293984181e-34,-2.484808345e-17,-0,-7.413983235e-33,0,0,0,0,0,0,0,0,0,0,0,0,0,0,0,0,0,-0,-0,-0,-0,-0,-0,-0,-0,0,0,0,0,0,0,0
3.8435,-3.5,0,2,0,0,0,0,0,0,0,0,0,-4.33680869e-19,-0,-1.293984181e-34,-2.484808345e-17,-0,-7.413983235e-33,0,0,0,0,0,0,0,0,0,0,0,0,0,0,0,0,0,-0,-0,-0,-0,-0,-0,-0,-0,0,0,0,0,0,0,0
3.8485,-3.5,0,2,0,0,0,0,0,0,0,0,0,-4.33680869e-19,-0,-1.293984181e-34,-2.484808345e-17,-0,-7.413983235e-33,0,0,0,0,0,0,0,0,0,0,0,0,0,0,0,0,0,-0,-0,-0,-0,-0,-0,-0,-0,0,0,0,0,0,0,0
3.8535,-3.5,0,2,0,0,0,0,0,0,0,0,0,-4.33680869e-19,-0,-1.293984181e-34,-2.484808345e-17,-0,-7.413983235e-33,0,0,0,0,0,0,0,0,0,0,0,0,0,0,0,0,0,-0,-0,-0,-0,-0,-0,-0,-0,0,0,0,0,0,0,0
3.8585,-3.5,0,2,0,0,0,0,0,0,0,0,0,-4.33680869e-19,-0,-1.293984181e-34,-2.484808345e-17,-0,-7.413983235e-33,0,0,0,0,0,0,0,0,0,0,0,0,0,0,0,0,0,-0,-0,-0,-0,-0,-0,-0,-0,0,0,0,0,0,0,0
3.8635,-3.5,0,2,0,0,0,0,0,0,0,0,0,-4.33680869e-19,-0,-1.293984181e-34,-2.484808345e-17,-0,-7.413983235e-33,0,0,0,0,0,0,0,0,0,0,0,0,0,0,0,0,0,-0,-0,-0,-0,-0,-0,-0,-0,0,0,0,0,0,0,0
3.8685,-3.5,0,2,0,0,0,0,0,0,0,0,0,-4.33680869e-19,-0,-1.293984181e-34,-2.484808345e-17,-0,-7.413983235e-33,0,0,0,0,0,0,0,0,0,0,0,0,0,0,0,0,0,-0,-0,-0,-0,-0,-0,-0,-0,0,0,0,0,0,0,0
3.8735,-3.5,0,2,0,0,0,0,0,0,0,0,0,-4.33680869e-19,-0,-1.293984181e-34,-2.484808345e-17,-0,-7.413983235e-33,0,0,0,0,0,0,0,0,0,0,0,0,0,0,0,0,0,-0,-0,-0,-0,-0,-0,-0,-0,0,0,0,0,0,0,0
3.8785,-3.5,0,2,0,0,0,0,0,0,0,0,0,-4.33680869e-19,-0,-1.293984181e-34,-2.484808345e-17,-0,-7.413983235e-33,0,0,0,0,0,0,0,0,0,0,0,0,0,0,0,0,0,-0,-0,-0,-0,-0,-0,-0,-0,0,0,0,0,0,0,0
3.8835,-3.5,0,2,0,0,0,0,0,0,0,0,0,-4.33680869e-19,-0,-1.293984181e-34,-2.484808345e-17,-0,-7.413983235e-33,0,0,0,0,0,0,0,0,0,0,0,0,0,0,0,0,0,-0,-0,-0,-0,-0,-0,-0,-0,0,0,0,0,0,0,0
3.8885,-3.5,0,2,0,0,0,0,0,0,0,0,0,-4.33680869e-19,-0,-1.293984181e-34,-2.484808345e-17,-0,-7.413983235e-33,0,0,0,0,0,0,0,0,0,0,0,0,0,0,0,0,0,-0,-0,-0,-0,-0,-0,-0,-0,0,0,0,0,0,0,0
3.8935,-3.5,0,2,0,0,0,0,0,0,0,0,0,-4.33680869e-19,-0,-1.293984181e-34,-2.484808345e-17,-0,-7.413983235e-33,0,0,0,0,0,0,0,0,0,0,0,0,0,0,0,0,0,-0,-0,-0,-0,-0,-0,-0,-0,0,0,0,0,0,0,0
3.8985,-3.5,0,2,0,0,0,0,0,0,0,0,0,-4.33680869e-19,-0,-1.293984181e-34,-2.484808345e-17,-0,-7.413983235e-33,0,0,0,0,0,0,0,0,0,0,0,0,0,0,0,0,0,-0,-0,-0,-0,-0,-0,-0,-0,0,0,0,0,0,0,0
3.9035,-3.5,0,2,0,0,0,0,0,0,0,0,0,-4.33680869e-19,-0,-1.293984181e-34,-2.484808345e-17,-0,-7.413983235e-33,0,0,0,0,0,0,0,0,0,0,0,0,0,0,0,0,0,-0,-0,-0,-0,-0,-0,-0,-0,0,0,0,0,0,0,0
3.9085,-3.5,0,2,0,0,0,0,0,0,0,0,0,-4.33680869e-19,-0,-1.293984181e-34,-2.484808345e-17,-0,-7.413983235e-33,0,0,0,0,0,0,0,0,0,0,0,0,0,0,0,0,0,-0,-0,-0,-0,-0,-0,-0,-0,0,0,0,0,0,0,0
3.9135,-3.5,0,2,0,0,0,0,0,0,0,0,0,-4.33680869e-19,-0,-1.293984181e-34,-2.484808345e-17,-0,-7.413983235e-33,0,0,0,0,0,0,0,0,0,0,0,0,0,0,0,0,0,-0,-0,-0,-0,-0,-0,-0,-0,0,0,0,0,0,0,0
3.9185,-3.5,0,2,0,0,0,0,0,0,0,0,0,-4.33680869e-19,-0,-1.293984181e-34,-2.484808345e-17,-0,-7.413983235e-33,0,0,0,0,0,0,0,0,0,0,0,0,0,0,0,0,0,-0,-0,-0,-0,-0,-0,-0,-0,0,0,0,0,0,0,0
3.9235,-3.5,0,2,0,0,0,0,0,0,0,0,0,-4.33680869e-19,-0,-1.293984181e-34,-2.484808345e-17,-0,-7.413983235e-33,0,0,0,0,0,0,0,0,0,0,0,0,0,0,0,0,0,-0,-0,-0,-0,-0,-0,-0,-0,0,0,0,0,0,0,0
3.9285,-3.5,0,2,0,0,0,0,0,0,0,0,0,-4.33680869e-19,-0,-1.293984181e-34,-2.484808345e-17,-0,-7.413983235e-33,0,0,0,0,0,0,0,0,0,0,0,0,0,0,0,0,0,-0,-0,-0,-0,-0,-0,-0,-0,0,0,0,0,0,0,0
3.9335,-3.5,0,2,0,0,0,0,0,0,0,0,0,-4.33680869e-19,-0,-1.293984181e-34,-2.484808345e-17,-0,-7.413983235e-33,0,0,0,0,0,0,0,0,0,0,0,0,0,0,0,0,0,-0,-0,-0,-0,-0,-0,-0,-0,0,0,0,0,0,0,0
3.9385,-3.5,0,2,0,0,0,0,0,0,0,0,0,-4.33680869e-19,-0,-1.293984181e-34,-2.484808345e-17,-0,-7.413983235e-33,0,0,0,0,0,0,0,0,0,0,0,0,0,0,0,0,0,-0,-0,-0,-0,-0,-0,-0,-0,0,0,0,0,0,0,0
3.9435,-3.5,0,2,0,0,0,0,0,0,0,0,0,-4.33680869e-19,-0,-1.293984181e-34,-2.484808345e-17,-0,-7.413983235e-33,0,0,0,0,0,0,0,0,0,0,0,0,0,0,0,0,0,-0,-0,-0,-0,-0,-0,-0,-0,0,0,0,0,0,0,0
3.9485,-3.5,0,2,0,0,0,0,0,0,0,0,0,-4.33680869e-19,-0,-1.293984181e-34,-2.484808345e-17,-0,-7.413983235e-33,0,0,0,0,0,0,0,0,0,0,0,0,0,0,0,0,0,-0,-0,-0,-0,-0,-0,-0,-0,0,0,0,0,0,0,0
3.9535,-3.5,0,2,0,0,0,0,0,0,0,0,0,-4.33680869e-19,-0,-1.293984181e-34,-2.484808345e-17,-0,-7.413983235e-33,0,0,0,0,0,0,0,0,0,0,0,0,0,0,0,0,0,-0,-0,-0,-0,-0,-0,-0,-0,0,0,0,0,0,0,0
3.9585,-3.5,0,2,0,0,0,0,0,0,0,0,0,-4.33680869e-19,-0,-1.293984181e-34,-2.484808345e-17,-0,-7.413983235e-33,0,0,0,0,0,0,0,0,0,0,0,0,0,0,0,0,0,-0,-0,-0,-0,-0,-0,-0,-0,0,0,0,0,0,0,0
3.9635,-3.5,0,2,0,0,0,0,0,0,0,0,0,-4.33680869e-19,-0,-1.293984181e-34,-2.484808345e-17,-0,-7.413983235e-33,0,0,0,0,0,0,0,0,0,0,0,0,0,0,0,0,0,-0,-0,-0,-0,-0,-0,-0,-0,0,0,0,0,0,0,0
3.9685,-3.5,0,2,0,0,0,0,0,0,0,0,0,-4.33680869e-19,-0,-1.293984181e-34,-2.484808345e-17,-0,-7.413983235e-33,0,0,0,0,0,0,0,0,0,0,0,0,0,0,0,0,0,-0,-0,-0,-0,-0,-0,-0,-0,0,0,0,0,0,0,0
3.9735,-3.5,0,2,0,0,0,0,0,0,0,0,0,-4.33680869e-19,-0,-1.293984181e-34,-2.484808345e-17,-0,-7.413983235e-33,0,0,0,0,0,0,0,0,0,0,0,0,0,0,0,0,0,-0,-0,-0,-0,-0,-0,-0,-0,0,0,0,0,0,0,0
3.9785,-3.5,0,2,0,0,0,0,0,0,0,0,0,-4.33680869e-19,-0,-1.293984181e-34,-2.484808345e-17,-0,-7.413983235e-33,0,0,0,0,0,0,0,0,0,0,0,0,0,0,0,0,0,-0,-0,-0,-0,-0,-0,-0,-0,0,0,0,0,0,0,0
3.9835,-3.5,0,2,0,0,0,0,0,0,0,0,0,-4.33680869e-19,-0,-1.293984181e-34,-2.484808345e-17,-0,-7.413983235e-33,0,0,0,0,0,0,0,0,0,0,0,0,0,0,0,0,0,-0,-0,-0,-0,-0,-0,-0,-0,0,0,0,0,0,0,0
3.9885,-3.5,0,2,0,0,0,0,0,0,0,0,0,-4.33680869e-19,-0,-1.293984181e-34,-2.484808345e-17,-0,-7.413983235e-33,0,0,0,0,0,0,0,0,0,0,0,0,0,0,0,0,0,-0,-0,-0,-0,-0,-0,-0,-0,0,0,0,0,0,0,0
3.9935,-3.5,0,2,0,0,0,0,0,0,0,0,0,-4.33680869e-19,-0,-1.293984181e-34,-2.484808345e-17,-0,-7.413983235e-33,0,0,0,0,0,0,0,0,0,0,0,0,0,0,0,0,0,-0,-0,-0,-0,-0,-0,-0,-0,0,0,0,0,0,0,0
3.9985,-3.5,0,2,0,0,0,0,0,0,0,0,0,-4.33680869e-19,-0,-1.293984181e-34,-2.484808345e-17,-0,-7.413983235e-33,0,0,0,0,0,0,0,0,0,0,0,0,0,0,0,0,0,-0,-0,-0,-0,-0,-0,-0,-0,0,0,0,0,0,0,0
4.004,-3.5,0,2,0,0,0,0,0,0,0,0,0,-4.33680869e-19,-0,-1.293984181e-34,-2.484808345e-17,-0,-7.413983235e-33,0,0,0,0,0,0,0,0,0,0,0,0,0,0,0,0,0,-0,-0,-0,-0,-0,-0,-0,-0,0,0,0,0,0,0,0
4.0095,-3.5,0,2,0,0,0,0,0,0,0,0,0,-4.33680869e-19,-0,-1.293984181e-34,-2.484808345e-17,-0,-7.413983235e-33,0,0,0,0,0,0,0,0,0,0,0,0,0,0,0,0,0,-0,-0,-0,-0,-0,-0,-0,-0,0,0,0,0,0,0,0
4.015,-3.5,0,2,0,0,0,0,0,0,0,0,0,-4.33680869e-19,-0,-1.293984181e-34,-2.484808345e-17,-0,-7.413983235e-33,0,0,0,0,0,0,0,0,0,0,0,0,0,0,0,0,0,-0,-0,-0,-0,-0,-0,-0,-0,0,0,0,0,0,0,0
4.0205,-3.5,0,2,0,0,0,0,0,0,0,0,0,-4.33680869e-19,-0,-1.293984181e-34,-2.484808345e-17,-0,-7.413983235e-33,0,0,0,0,0,0,0,0,0,0,0,0,0,0,0,0,0,-0,-0,-0,-0,-0,-0,-0,-0,0,0,0,0,0,0,0
4.026,-3.5,0,2,0,0,0,0,0,0,0,0,0,-4.33680869e-19,-0,-1.293984181e-34,-2.484808345e-17,-0,-7.413983235e-33,0,0,0,0,0,0,0,0,0,0,0,0,0,0,0,0,0,-0,-0,-0,-0,-0,-0,-0,-0,0,0,0,0,0,0,0
4.0315,-3.5,0,2,0,0,0,0,0,0,0,0,0,-4.33680869e-19,-0,-1.293984181e-34,-2.484808345e-17,-0,-7.413983235e-33,0,0,0,0,0,0,0,0,0,0,0,0,0,0,0,0,0,-0,-0,-0,-0,-0,-0,-0,-0,0,0,0,0,0,0,0
4.037,-3.5,0,2,0,0,0,0,0,0,0,0,0,-4.33680869e-19,-0,-1.293984181e-34,-2.484808345e-17,-0,-7.413983235e-33,0,0,0,0,0,0,0,0,0,0,0,0,0,0,0,0,0,-0,-0,-0,-0,-0,-0,-0,-0,0,0,0,0,0,0,0
4.0425,-3.5,0,2,0,0,0,0,0,0,0,0,0,-4.33680869e-19,-0,-1.293984181e-34,-2.484808345e-17,-0,-7.413983235e-33,0,0,0,0,0,0,0,0,0,0,0,0,0,0,0,0,0,-0,-0,-0,-0,-0,-0,-0,-0,0,0,0,0,0,0,0
4.048,-3.5,0,2,0,0,0,0,0,0,0,0,0,-4.33680869e-19,-0,-1.293984181e-34,-2.484808345e-17,-0,-7.413983235e-33,0,0,0,0,0,0,0,0,0,0,0,0,0,0,0,0,0,-0,-0,-0,-0,-0,-0,-0,-0,0,0,0,0,0,0,0
4.0535,-3.5,0,2,0,0,0,0,0,0,0,0,0,-4.33680869e-19,-0,-1.293984181e-34,-2.484808345e-17,-0,-7.413983235e-33,0,0,0,0,0,0,0,0,0,0,0,0,0,0,0,0,0,-0,-0,-0,-0,-0,-0,-0,-0,0,0,0,0,0,0,0
4.059,-3.5,0,2,0,0,0,0,0,0,0,0,0,-4.33680869e-19,-0,-1.293984181e-34,-2.484808345e-17,-0,-7.413983235e-33,0,0,0,0,0,0,0,0,0,0,0,0,0,0,0,0,0,-0,-0,-0,-0,-0,-0,-0,-0,0,0,0,0,0,0,0
4.0645,-3.5,0,2,0,0,0,0,0,0,0,0,0,-4.33680869e-19,-0,-1.293984181e-34,-2.484808345e-17,-0,-7.413983235e-33,0,0,0,0,0,0,0,0,0,0,0,0,0,0,0,0,0,-0,-0,-0,-0,-0,-0,-0,-0,0,0,0,0,0,0,0
4.07,-3.5,0,2,0,0,0,0,0,0,0,0,0,-4.33680869e-19,-0,-1.293984181e-34,-2.484808345e-17,-0,-7.413983235e-33,0,0,0,0,0,0,0,0,0,0,0,0,0,0,0,0,0,-0,-0,-0,-0,-0,-0,-0,-0,0,0,0,0,0,0,0
4.0755,-3.5,0,2,0,0,0,0,0,0,0,0,0,-4.33680869e-19,-0,-1.293984181e-34,-2.484808345e-17,-0,-7.413983235e-33,0,0,0,0,0,0,0,0,0,0,0,0,0,0,0,0,0,-0,-0,-0,-0,-0,-0,-0,-0,0,0,0,0,0,0,0
4.081,-3.5,0,2,0,0,0,0,0,0,0,0,0,-4.33680869e-19,-0,-1.293984181e-34,-2.484808345e-17,-0,-7.413983235e-33,0,0,0,0,0,0,0,0,0,0,0,0,0,0,0,0,0,-0,-0,-0,-0,-0,-0,-0,-0,0,0,0,0,0,0,0
4.0865,-3.5,0,2,0,0,0,0,0,0,0,0,0,-4.33680869e-19,-0,-1.293984181e-34,-2.484808345e-17,-0,-7.413983235e-33,0,0,0,0,0,0,0,0,0,0,0,0,0,0,0,0,0,-0,-0,-0,-0,-0,-0,-0,-0,0,0,0,0,0,0,0
4.092,-3.5,0,2,0,0,0,0,0,0,0,0,0,-4.33680869e-19,-0,-1.293984181e-34,-2.484808345e-17,-0,-7.413983235e-33,0,0,0,0,0,0,0,0,0,0,0,0,0,0,0,0,0,-0,-0,-0,-0,-0,-0,-0,-0,0,0,0,0,0,0,0
4.0975,-3.5,0,2,0,0,0,0,0,0,0,0,0,-4.33680869e-19,-0,-1.293984181e-34,-2.484808345e-17,-0,-7.413983235e-33,0,0,0,0,0,0,0,0,0,0,0,0,0,0,0,0,0,-0,-0,-0,-0,-0,-0,-0,-0,0,0,0,0,0,0,0
4.103,-3.5,0,2,0,0,0,0,0,0,0,0,0,-4.33680869e-19,-0,-1.293984181e-34,-2.484808345e-17,-0,-7.413983235e-33,0,0,0,0,0,0,0,0,0,0,0,0,0,0,0,0,0,-0,-0,-0,-0,-0,-0,-0,-0,0,0,0,0,0,0,0
4.1085,-3.5,0,2,0,0,0,0,0,0,0,0,0,-4.33680869e-19,-0,-1.293984181e-34,-2.484808345e-17,-0,-7.413983235e-33,0,0,0,0,0,0,0,0,0,0,0,0,0,0,0,0,0,-0,-0,-0,-0,-0,-0,-0,-0,0,0,0,0,0,0,0
4.114,-3.5,0,2,0,0,0,0,0,0,0,0,0,-4.33680869e-19,-0,-1.293984181e-34,-2.484808345e-17,-0,-7.413983235e-33,0,0,0,0,0,0,0,0,0,0,0,0,0,0,0,0,0,-0,-0,-0,-0,-0,-0,-0,-0,0,0,0,0,0,0,0
4.1195,-3.5,0,2,0,0,0,0,0,0,0,0,0,-4.33680869e-19,-0,-1.293984181e-34,-2.484808345e-17,-0,-7.413983235e-33,0,0,0,0,0,0,0,0,0,0,0,0,0,0,0,0,0,-0,-0,-0,-0,-0,-0,-0,-0,0,0,0,0,0,0,0
4.125,-3.5,0,2,0,0,0,0,0,0,0,0,0,-4.33680869e-19,-0,-1.293984181e-34,-2.484808345e-17,-0,-7.413983235e-33,0,0,0,0,0,0,0,0,0,0,0,0,0,0,0,0,0,-0,-0,-0,-0,-0,-0,-0,-0,0,0,0,0,0,0,0
4.1305,-3.5,0,2,0,0,0,0,0,0,0,0,0,-4.33680869e-19,-0,-1.293984181e-34,-2.484808345e-17,-0,-7.413983235e-33,0,0,0,0,0,0,0,0,0,0,0,0,0,0,0,0,0,-0,-0,-0,-0,-0,-0,-0,-0,0,0,0,0,0,0,0
4.136,-3.5,0,2,0,0,0,0,0,0,0,0,0,-4.33680869e-19,-0,-1.293984181e-34,-2.484808345e-17,-0,-7.413983235e-33,0,0,0,0,0,0,0,0,0,0,0,0,0,0,0,0,0,-0,-0,-0,-0,-0,-0,-0,-0,0,0,0,0,0,0,0
4.1415,-3.5,0,2,0,0,0,0,0,0,0,0,0,-4.33680869e-19,-0,-1.293984181e-34,-2.484808345e-17,-0,-7.413983235e-33,0,0,0,0,0,0,0,0,0,0,0,0,0,0,0,0,0,-0,-0,-0,-0,-0,-0,-0,-0,0,0,0,0,0,0,0
4.147,-3.5,0,2,0,0,0,0,0,0,0,0,0,-4.33680869e-19,-0,-1.293984181e-34,-2.484808345e-17,-0,-7.413983235e-33,0,0,0,0,0,0,0,0,0,0,0,0,0,0,0,0,0,-0,-0,-0,-0,-0,-0,-0,-0,0,0,0,0,0,0,0
4.1525,-3.5,0,2,0,0,0,0,0,0,0,0,0,-4.33680869e-19,-0,-1.293984181e-34,-2.484808345e-17,-0,-7.413983235e-33,0,0,0,0,0,0,0,0,0,0,0,0,0,0,0,0,0,-0,-0,-0,-0,-0,-0,-0,-0,0,0,0,0,0,0,0
4.158,-3.5,0,2,0,0,0,0,0,0,0,0,0,-4.33680869e-19,-0,-1.293984181e-34,-2.484808345e-17,-0,-7.413983235e-33,0,0,0,0,0,0,0,0,0,0,0,0,0,0,0,0,0,-0,-0,-0,-0,-0,-0,-0,-0,0,0,0,0,0,0,0
4.1635,-3.5,0,2,0,0,0,0,0,0,0,0,0,-4.33680869e-19,-0,-1.293984181e-34,-2.484808345e-17,-0,-7.413983235e-33,0,0,0,0,0,0,0,0,0,0,0,0,0,0,0,0,0,-0,-0,-0,-0,-0,-0,-0,-0,0,0,0,0,0,0,0
4.169,-3.5,0,2,0,0,0,0,0,0,0,0,0,-4.33680869e-19,-0,-1.293984181e-34,-2.484808345e-17,-0,-7.413983235e-33,0,0,0,0,0,0,0,0,0,0,0,0,0,0,0,0,0,-0,-0,-0,-0,-0,-0,-0,-0,0,0,0,0,0,0,0
4.1745,-3.5,0,2,0,0,0,0,0,0,0,0,0,-4.33680869e-19,-0,-1.293984181e-34,-2.484808345e-17,-0,-7.413983235e-33,0,0,0,0,0,0,0,0,0,0,0,0,0,0,0,0,0,-0,-0,-0,-0,-0,-0,-0,-0,0,0,0,0,0,0,0
4.18,-3.5,0,2,0,0,0,0,0,0,0,0,0,-4.33680869e-19,-0,-1.293984181e-34,-2.484808345e-17,-0,-7.413983235e-33,0,0,0,0,0,0,0,0,0,0,0,0,0,0,0,0,0,-0,-0,-0,-0,-0,-0,-0,-0,0,0,0,0,0,0,0
4.1855,-3.5,0,2,0,0,0,0,0,0,0,0,0,-4.33680869e-19,-0,-1.293984181e-34,-2.484808345e-17,-0,-7.413983235e-33,0,0,0,0,0,0,0,0,0,0,0,0,0,0,0,0,0,-0,-0,-0,-0,-0,-0,-0,-0,0,0,0,0,0,0,0
4.191,-3.5,0,2,0,0,0,0,0,0,0,0,0,-4.33680869e-19,-0,-1.293984181e-34,-2.484808345e-17,-0,-7.413983235e-33,0,0,0,0,0,0,0,0,0,0,0,0,0,0,0,0,0,-0,-0,-0,-0,-0,-0,-0,-0,0,0,0,0,0,0,0
4.1965,-3.5,0,2,0,0,0,0,0,0,0,0,0,-4.33680869e-19,-0,-1.293984181e-34,-2.484808345e-17,-0,-7.413983235e-33,0,0,0,0,0,0,0,0,0,0,0,0,0,0,0,0,0,-0,-0,-0,-0,-0,-0,-0,-0,0,0,0,0,0,0,0
4.202,-3.5,0,2,0,0,0,0,0,0,0,0,0,-4.33680869e-19,-0,-1.293984181e-34,-2.484808345e-17,-0,-7.413983235e-33,0,0,0,0,0,0,0,0,0,0,0,0,0,0,0,0,0,-0,-0,-0,-0,-0,-0,-0,-0,0,0,0,0,0,0,0
4.2075,-3.5,0,2,0,0,0,0,0,0,0,0,0,-4.33680869e-19,-0,-1.293984181e-34,-2.484808345e-17,-0,-7.413983235e-33,0,0,0,0,0,0,0,0,0,0,0,0,0,0,0,0,0,-0,-0,-0,-0,-0,-0,-0,-0,0,0,0,0,0,0,0
4.213,-3.5,0,2,0,0,0,0,0,0,0,0,0,-4.33680869e-19,-0,-1.293984181e-34,-2.484808345e-17,-0,-7.413983235e-33,0,0,0,0,0,0,0,0,0,0,0,0,0,0,0,0,0,-0,-0,-0,-0,-0,-0,-0,-0,0,0,0,0,0,0,0
4.2185,-3.5,0,2,0,0,0,0,0,0,0,0,0,-4.33680869e-19,-0,-1.293984181e-34,-2.484808345e-17,-0,-7.413983235e-33,0,0,0,0,0,0,0,0,0,0,0,0,0,0,0,0,0,-0,-0,-0,-0,-0,-0,-0,-0,0,0,0,0,0,0,0
4.224,-3.5,0,2,0,0,0,0,0,0,0,0,0,-4.33680869e-19,-0,-1.293984181e-34,-2.484808345e-17,-0,-7.413983235e-33,0,0,0,0,0,0,0,0,0,0,0,0,0,0,0,0,0,-0,-0,-0,-0,-0,-0,-0,-0,0,0,0,0,0,0,0
4.2295,-3.5,0,2,0,0,0,0,0,0,0,0,0,-4.33680869e-19,-0,-1.293984181e-34,-2.484808345e-17,-0,-7.413983235e-33,0,0,0,0,0,0,0,0,0,0,0,0,0,0,0,0,0,-0,-0,-0,-0,-0,-0,-0,-0,0,0,0,0,0,0,0
4.235,-3.5,0,2,0,0,0,0,0,0,0,0,0,-4.33680869e-19,-0,-1.293984181e-34,-2.484808345e-17,-0,-7.413983235e-33,0,0,0,0,0,0,0,0,0,0,0,0,0,0,0,0,0,-0,-0,-0,-0,-0,-0,-0,-0,0,0,0,0,0,0,0
4.2405,-3.5,0,2,0,0,0,0,0,0,0,0,0,-4.33680869e-19,-0,-1.293984181e-34,-2.484808345e-17,-0,-7.413983235e-33,0,0,0,0,0,0,0,0,0,0,0,0,0,0,0,0,0,-0,-0,-0,-0,-0,-0,-0,-0,0,0,0,0,0,0,0
4.246,-3.5,0,2,0,0,0,0,0,0,0,0,0,-4.33680869e-19,-0,-1.293984181e-34,-2.484808345e-17,-0,-7.413983235e-33,0,0,0,0,0,0,0,0,0,0,0,0,0,0,0,0,0,-0,-0,-0,-0,-0,-0,-0,-0,0,0,0,0,0,0,0
4.2515,-3.5,0,2,0,0,0,0,0,0,0,0,0,-4.33680869e-19,-0,-1.293984181e-34,-2.484808345e-17,-0,-7.413983235e-33,0,0,0,0,0,0,0,0,0,0,0,0,0,0,0,0,0,-0,-0,-0,-0,-0,-0,-0,-0,0,0,0,0,0,0,0
4.257,-3.5,0,2,0,0,0,0,0,0,0,0,0,-4.33680869e-19,-0,-1.293984181e-34,-2.484808345e-17,-0,-7.413983235e-33,0,0,0,0,0,0,0,0,0,0,0,0,0,0,0,0,0,-0,-0,-0,-0,-0,-0,-0,-0,0,0,0,0,0,0,0
4.2625,-3.5,0,2,0,0,0,0,0,0,0,0,0,-4.33680869e-19,-0,-1.293984181e-34,-2.484808345e-17,-0,-7.413983235e-33,0,0,0,0,0,0,0,0,0,0,0,0,0,0,0,0,0,-0,-0,-0,-0,-0,-0,-0,-0,0,0,0,0,0,0,0
4.268,-3.5,0,2,0,0,0,0,0,0,0,0,0,-4.33680869e-19,-0,-1.293984181e-34,-2.484808345e-17,-0,-7.413983235e-33,0,0,0,0,0,0,0,0,0,0,0,0,0,0,0,0,0,-0,-0,-0,-0,-0,-0,-0,-0,0,0,0,0,0,0,0
4.2735,-3.5,0,2,0,0,0,0,0,0,0,0,0,-4.33680869e-19,-0,-1.293984181e-34,-2.484808345e-17,-0,-7.413983235e-33,0,0,0,0,0,0,0,0,0,0,0,0,0,0,0,0,0,-0,-0,-0,-0,-0,-0,-0,-0,0,0,0,0,0,0,0
4.279,-3.5,0,2,0,0,0,0,0,0,0,0,0,-4.33680869e-19,-0,-1.293984181e-34,-2.484808345e-17,-0,-7.413983235e-33,0,0,0,0,0,0,0,0,0,0,0,0,0,0,0,0,0,-0,-0,-0,-0,-0,-0,-0,-0,0,0,0,0,0,0,0
4.2845,-3.5,0,2,0,0,0,0,0,0,0,0,0,-4.33680869e-19,-0,-1.293984181e-34,-2.484808345e-17,-0,-7.413983235e-33,0,0,0,0,0,0,0,0,0,0,0,0,0,0,0,0,0,-0,-0,-0,-0,-0,-0,-0,-0,0,0,0,0,0,0,0
4.29,-3.5,0,2,0,0,0,0,0,0,0,0,0,-4.33680869e-19,-0,-1.293984181e-34,-2.484808345e-17,-0,-7.413983235e-33,0,0,0,0,0,0,0,0,0,0,0,0,0,0,0,0,0,-0,-0,-0,-0,-0,-0,-0,-0,0,0,0,0,0,0,0
4.2955,-3.5,0,2,0,0,0,0,0,0,0,0,0,-4.33680869e-19,-0,-1.293984181e-34,-2.484808345e-17,-0,-7.413983235e-33,0,0,0,0,0,0,0,0,0,0,0,0,0,0,0,0,0,-0,-0,-0,-0,-0,-0,-0,-0,0,0,0,0,0,0,0
4.301,-3.5,0,2,0,0,0,0,0,0,0,0,0,-4.33680869e-19,-0,-1.293984181e-34,-2.484808345e-17,-0,-7.413983235e-33,0,0,0,0,0,0,0,0,0,0,0,0,0,0,0,0,0,-0,-0,-0,-0,-0,-0,-0,-0,0,0,0,0,0,0,0
4.3065,-3.5,0,2,0,0,0,0,0,0,0,0,0,-4.33680869e-19,-0,-1.293984181e-34,-2.484808345e-17,-0,-7.413983235e-33,0,0,0,0,0,0,0,0,0,0,0,0,0,0,0,0,0,-0,-0,-0,-0,-0,-0,-0,-0,0,0,0,0,0,0,0
4.312,-3.5,0,2,0,0,0,0,0,0,0,0,0,-4.33680869e-19,-0,-1.293984181e-34,-2.484808345e-17,-0,-7.413983235e-33,0,0,0,0,0,0,0,0,0,0,0,0,0,0,0,0,0,-0,-0,-0,-0,-0,-0,-0,-0,0,0,0,0,0,0,0
4.3175,-3.5,0,2,0,0,0,0,0,0,0,0,0,-4.33680869e-19,-0,-1.293984181e-34,-2.484808345e-17,-0,-7.413983235e-33,0,0,0,0,0,0,0,0,0,0,0,0,0,0,0,0,0,-0,-0,-0,-0,-0,-0,-0,-0,0,0,0,0,0,0,0
4.323,-3.5,0,2,0,0,0,0,0,0,0,0,0,-4.33680869e-19,-0,-1.293984181e-34,-2.484808345e-17,-0,-7.413983235e-33,0,0,0,0,0,0,0,0,0,0,0,0,0,0,0,0,0,-0,-0,-0,-0,-0,-0,-0,-0,0,0,0,0,0,0,0
4.3285,-3.5,0,2,0,0,0,0,0,0,0,0,0,-4.33680869e-19,-0,-1.293984181e-34,-2.484808345e-17,-0,-7.413983235e-33,0,0,0,0,0,0,0,0,0,0,0,0,0,0,0,0,0,-0,-0,-0,-0,-0,-0,-0,-0,0,0,0,0,0,0,0
4.334,-3.5,0,2,0,0,0,0,0,0,0,0,0,-4.33680869e-19,-0,-1.293984181e-34,-2.484808345e-17,-0,-7.413983235e-33,0,0,0,0,0,0,0,0,0,0,0,0,0,0,0,0,0,-0,-0,-0,-0,-0,-0,-0,-0,0,0,0,0,0,0,0
4.3395,-3.5,0,2,0,0,0,0,0,0,0,0,0,-4.33680869e-19,-0,-1.293984181e-34,-2.484808345e-17,-0,-7.413983235e-33,0,0,0,0,0,0,0,0,0,0,0,0,0,0,0,0,0,-0,-0,-0,-0,-0,-0,-0,-0,0,0,0,0,0,0,0
4.345,-3.5,0,2,0,0,0,0,0,0,0,0,0,-4.33680869e-19,-0,-1.293984181e-34,-2.484808345e-17,-0,-7.413983235e-33,0,0,0,0,0,0,0,0,0,0,0,0,0,0,0,0,0,-0,-0,-0,-0,-0,-0,-0,-0,0,0,0,0,0,0,0
4.3505,-3.5,0,2,0,0,0,0,0,0,0,0,0,-4.33680869e-19,-0,-1.293984181e-34,-2.484808345e-17,-0,-7.413983235e-33,0,0,0,0,0,0,0,0,0,0,0,0,0,0,0,0,0,-0,-0,-0,-0,-0,-0,-0,-0,0,0,0,0,0,0,0
4.356,-3.5,0,2,0,0,0,0,0,0,0,0,0,-4.33680869e-19,-0,-1.293984181e-34,-2.484808345e-17,-0,-7.413983235e-33,0,0,0,0,0,0,0,0,0,0,0,0,0,0,0,0,0,-0,-0,-0,-0,-0,-0,-0,-0,0,0,0,0,0,0,0
4.3615,-3.5,0,2,0,0,0,0,0,0,0,0,0,-4.33680869e-19,-0,-1.293984181e-34,-2.484808345e-17,-0,-7.413983235e-33,0,0,0,0,0,0,0,0,0,0,0,0,0,0,0,0,0,-0,-0,-0,-0,-0,-0,-0,-0,0,0,0,0,0,0,0
4.367,-3.5,0,2,0,0,0,0,0,0,0,0,0,-4.33680869e-19,-0,-1.293984181e-34,-2.484808345e-17,-0,-7.413983235e-33,0,0,0,0,0,0,0,0,0,0,0,0,0,0,0,0,0,-0,-0,-0,-0,-0,-0,-0,-0,0,0,0,0,0,0,0
4.3725,-3.5,0,2,0,0,0,0,0,0,0,0,0,-4.33680869e-19,-0,-1.293984181e-34,-2.484808345e-17,-0,-7.413983235e-33,0,0,0,0,0,0,0,0,0,0,0,0,0,0,0,0,0,-0,-0,-0,-0,-0,-0,-0,-0,0,0,0,0,0,0,0
4.378,-3.5,0,2,0,0,0,0,0,0,0,0,0,-4.33680869e-19,-0,-1.293984181e-34,-2.484808345e-17,-0,-7.413983235e-33,0,0,0,0,0,0,0,0,0,0,0,0,0,0,0,0,0,-0,-0,-0,-0,-0,-0,-0,-0,0,0,0,0,0,0,0
4.3835,-3.5,0,2,0,0,0,0,0,0,0,0,0,-4.33680869e-19,-0,-1.293984181e-34,-2.484808345e-17,-0,-7.413983235e-33,0,0,0,0,0,0,0,0,0,0,0,0,0,0,0,0,0,-0,-0,-0,-0,-0,-0,-0,-0,0,0,0,0,0,0,0
4.389,-3.5,0,2,0,0,0,0,0,0,0,0,0,-4.33680869e-19,-0,-1.293984181e-34,-2.484808345e-17,-0,-7.413983235e-33,0,0,0,0,0,0,0,0,0,0,0,0,0,0,0,0,0,-0,-0,-0,-0,-0,-0,-0,-0,0,0,0,0,0,0,0
4.3945,-3.5,0,2,0,0,0,0,0,0,0,0,0,-4.33680869e-19,-0,-1.293984181e-34,-2.484808345e-17,-0,-7.413983235e-33,0,0,0,0,0,0,0,0,0,0,0,0,0,0,0,0,0,-0,-0,-0,-0,-0,-0,-0,-0,0,0,0,0,0,0,0
4.4,-3.5,0,2,0,0,0,0,0,0,0,0,0,-4.33680869e-19,-0,-1.293984181e-34,-2.484808345e-17,-0,-7.413983235e-33,0,0,0,0,0,0,0,0,0,0,0,0,0,0,0,0,0,-0,-0,-0,-0,-0,-0,-0,-0,0,0,0,0,0,0,0
4.4055,-3.5,0,2,0,0,0,0,0,0,0,0,0,-4.33680869e-19,-0,-1.293984181e-34,-2.484808345e-17,-0,-7.413983235e-33,0,0,0,0,0,0,0,0,0,0,0,0,0,0,0,0,0,-0,-0,-0,-0,-0,-0,-0,-0,0,0,0,0,0,0,0
4.411,-3.5,0,2,0,0,0,0,0,0,0,0,0,-4.33680869e-19,-0,-1.293984181e-34,-2.484808345e-17,-0,-7.413983235e-33,0,0,0,0,0,0,0,0,0,0,0,0,0,0,0,0,0,-0,-0,-0,-0,-0,-0,-0,-0,0,0,0,0,0,0,0
4.4165,-3.5,0,2,0,0,0,0,0,0,0,0,0,-4.33680869e-19,-0,-1.293984181e-34,-2.484808345e-17,-0,-7.413983235e-33,0,0,0,0,0,0,0,0,0,0,0,0,0,0,0,0,0,-0,-0,-0,-0,-0,-0,-0,-0,0,0,0,0,0,0,0
4.422,-3.5,0,2,0,0,0,0,0,0,0,0,0,-4.33680869e-19,-0,-1.293984181e-34,-2.484808345e-17,-0,-7.413983235e-33,0,0,0,0,0,0,0,0,0,0,0,0,0,0,0,0,0,-0,-0,-0,-0,-0,-0,-0,-0,0,0,0,0,0,0,0
4.4275,-3.5,0,2,0,0,0,0,0,0,0,0,0,-4.33680869e-19,-0,-1.293984181e-34,-2.484808345e-17,-0,-7.413983235e-33,0,0,0,0,0,0,0,0,0,0,0,0,0,0,0,0,0,-0,-0,-0,-0,-0,-0,-0,-0,0,0,0,0,0,0,0
4.433,-3.5,0,2,0,0,0,0,0,0,0,0,0,-4.33680869e-19,-0,-1.293984181e-34,-2.484808345e-17,-0,-7.413983235e-33,0,0,0,0,0,0,0,0,0,0,0,0,0,0,0,0,0,-0,-0,-0,-0,-0,-0,-0,-0,0,0,0,0,0,0,0
4.4385,-3.5,0,2,0,0,0,0,0,0,0,0,0,-4.33680869e-19,-0,-1.293984181e-34,-2.484808345e-17,-0,-7.413983235e-33,0,0,0,0,0,0,0,0,0,0,0,0,0,0,0,0,0,-0,-0,-0,-0,-0,-0,-0,-0,0,0,0,0,0,0,0
4.444,-3.5,0,2,0,0,0,0,0,0,0,0,0,-4.33680869e-19,-0,-1.293984181e-34,-2.484808345e-17,-0,-7.413983235e-33,0,0,0,0,0,0,0,0,0,0,0,0,0,0,0,0,0,-0,-0,-0,-0,-0,-0,-0,-0,0,0,0,0,0,0,0
4.4495,-3.5,0,2,0,0,0,0,0,0,0,0,0,-4.33680869e-19,-0,-1.293984181e-34,-2.484808345e-17,-0,-7.413983235e-33,0,0,0,0,0,0,0,0,0,0,0,0,0,0,0,0,0,-0,-0,-0,-0,-0,-0,-0,-0,0,0,0,0,0,0,0
4.455,-3.5,0,2,0,0,0,0,0,0,0,0,0,-4.33680869e-19,-0,-1.293984181e-34,-2.484808345e-17,-0,-7.413983235e-33,0,0,0,0,0,0,0,0,0,0,0,0,0,0,0,0,0,-0,-0,-0,-0,-0,-0,-0,-0,0,0,0,0,0,0,0
4.4605,-3.5,0,2,0,0,0,0,0,0,0,0,0,-4.33680869e-19,-0,-1.293984181e-34,-2.484808345e-17,-0,-7.413983235e-33,0,0,0,0,0,0,0,0,0,0,0,0,0,0,0,0,0,-0,-0,-0,-0,-0,-0,-0,-0,0,0,0,0,0,0,0
4.466,-3.5,0,2,0,0,0,0,0,0,0,0,0,-4.33680869e-19,-0,-1.293984181e-34,-2.484808345e-17,-0,-7.413983235e-33,0,0,0,0,0,0,0,0,0,0,0,0,0,0,0,0,0,-0,-0,-0,-0,-0,-0,-0,-0,0,0,0,0,0,0,0
4.4715,-3.5,0,2,0,0,0,0,0,0,0,0,0,-4.33680869e-19,-0,-1.293984181e-34,-2.484808345e-17,-0,-7.413983235e-33,0,0,0,0,0,0,0,0,0,0,0,0,0,0,0,0,0,-0,-0,-0,-0,-0,-0,-0,-0,0,0,0,0,0,0,0
4.477,-3.5,0,2,0,0,0,0,0,0,0,0,0,-4.33680869e-19,-0,-1.293984181e-34,-2.484808345e-17,-0,-7.413983235e-33,0,0,0,0,0,0,0,0,0,0,0,0,0,0,0,0,0,-0,-0,-0,-0,-0,-0,-0,-0,0,0,0,0,0,0,0
4.4825,-3.5,0,2,0,0,0,0,0,0,0,0,0,-4.33680869e-19,-0,-1.293984181e-34,-2.484808345e-17,-0,-7.413983235e-33,0,0,0,0,0,0,0,0,0,0,0,0,0,0,0,0,0,-0,-0,-0,-0,-0,-0,-0,-0,0,0,0,0,0,0,0
4.488,-3.5,0,2,0,0,0,0,0,0,0,0,0,-4.33680869e-19,-0,-1.293984181e-34,-2.484808345e-17,-0,-7.413983235e-33,0,0,0,0,0,0,0,0,0,0,0,0,0,0,0,0,0,-0,-0,-0,-0,-0,-0,-0,-0,0,0,0,0,0,0,0
4.4935,-3.5,0,2,0,0,0,0,0,0,0,0,0,-4.33680869e-19,-0,-1.293984181e-34,-2.484808345e-17,-0,-7.413983235e-33,0,0,0,0,0,0,0,0,0,0,0,0,0,0,0,0,0,-0,-0,-0,-0,-0,-0,-0,-0,0,0,0,0,0,0,0
4.499,-3.5,0,2,0,0,0,0,0,0,0,0,0,-4.33680869e-19,-0,-1.293984181e-34,-2.484808345e-17,-0,-7.413983235e-33,0,0,0,0,0,0,0,0,0,0,0,0,0,0,0,0,0,-0,-0,-0,-0,-0,-0,-0,-0,0,0,0,0,0,0,0
4.5045,-3.5,0,2,0,0,0,0,0,0,0,0,0,-4.33680869e-19,-0,-1.293984181e-34,-2.484808345e-17,-0,-7.413983235e-33,0,0,0,0,0,0,0,0,0,0,0,0,0,0,0,0,0,-0,-0,-0,-0,-0,-0,-0,-0,0,0,0,0,0,0,0
4.51,-3.5,0,2,0,0,0,0,0,0,0,0,0,-4.33680869e-19,-0,-1.293984181e-34,-2.484808345e-17,-0,-7.413983235e-33,0,0,0,0,0,0,0,0,0,0,0,0,0,0,0,0,0,-0,-0,-0,-0,-0,-0,-0,-0,0,0,0,0,0,0,0
4.5155,-3.5,0,2,0,0,0,0,0,0,0,0,0,-4.33680869e-19,-0,-1.293984181e-34,-2.484808345e-17,-0,-7.413983235e-33,0,0,0,0,0,0,0,0,0,0,0,0,0,0,0,0,0,-0,-0,-0,-0,-0,-0,-0,-0,0,0,0,0,0,0,0
4.521,-3.5,0,2,0,0,0,0,0,0,0,0,0,-4.33680869e-19,-0,-1.293984181e-34,-2.484808345e-17,-0,-7.413983235e-33,0,0,0,0,0,0,0,0,0,0,0,0,0,0,0,0,0,-0,-0,-0,-0,-0,-0,-0,-0,0,0,0,0,0,0,0
4.5265,-3.5,0,2,0,0,0,0,0,0,0,0,0,-4.33680869e-19,-0,-1.293984181e-34,-2.484808345e-17,-0,-7.413983235e-33,0,0,0,0,0,0,0,0,0,0,0,0,0,0,0,0,0,-0,-0,-0,-0,-0,-0,-0,-0,0,0,0,0,0,0,0
4.532,-3.5,0,2,0,0,0,0,0,0,0,0,0,-4.33680869e-19,-0,-1.293984181e-34,-2.484808345e-17,-0,-7.413983235e-33,0,0,0,0,0,0,0,0,0,0,0,0,0,0,0,0,0,-0,-0,-0,-0,-0,-0,-0,-0,0,0,0,0,0,0,0
4.5375,-3.5,0,2,0,0,0,0,0,0,0,0,0,-4.33680869e-19,-0,-1.293984181e-34,-2.484808345e-17,-0,-7.413983235e-33,0,0,0,0,0,0,0,0,0,0,0,0,0,0,0,0,0,-0,-0,-0,-0,-0,-0,-0,-0,0,0,0,0,0,0,0
4.543,-3.5,0,2,0,0,0,0,0,0,0,0,0,-4.33680869e-19,-0,-1.293984181e-34,-2.484808345e-17,-0,-7.413983235e-33,0,0,0,0,0,0,0,0,0,0,0,0,0,0,0,0,0,-0,-0,-0,-0,-0,-0,-0,-0,0,0,0,0,0,0,0
4.5485,-3.5,0,2,0,0,0,0,0,0,0,0,0,-4.33680869e-19,-0,-1.293984181e-34,-2.484808345e-17,-0,-7.413983235e-33,0,0,0,0,0,0,0,0,0,0,0,0,0,0,0,0,0,-0,-0,-0,-0,-0,-0,-0,-0,0,0,0,0,0,0,0
4.554,-3.5,0,2,0,0,0,0,0,0,0,0,0,-4.33680869e-19,-0,-1.293984181e-34,-2.484808345e-17,-0,-7.413983235e-33,0,0,0,0,0,0,0,0,0,0,0,0,0,0,0,0,0,-0,-0,-0,-0,-0,-0,-0,-0,0,0,0,0,0,0,0
4.5595,-3.5,0,2,0,0,0,0,0,0,0,0,0,-4.33680869e-19,-0,-1.293984181e-34,-2.484808345e-17,-0,-7.413983235e-33,0,0,0,0,0,0,0,0,0,0,0,0,0,0,0,0,0,-0,-0,-0,-0,-0,-0,-0,-0,0,0,0,0,0,0,0
4.565,-3.5,0,2,0,0,0,0,0,0,0,0,0,-4.33680869e-19,-0,-1.293984181e-34,-2.484808345e-17,-0,-7.413983235e-33,0,0,0,0,0,0,0,0,0,0,0,0,0,0,0,0,0,-0,-0,-0,-0,-0,-0,-0,-0,0,0,0,0,0,0,0
4.5705,-3.5,0,2,0,0,0,0,0,0,0,0,0,-4.33680869e-19,-0,-1.293984181e-34,-2.484808345e-17,-0,-7.413983235e-33,0,0,0,0,0,0,0,0,0,0,0,0,0,0,0,0,0,-0,-0,-0,-0,-0,-0,-0,-0,0,0,0,0,0,0,0
4.576,-3.5,0,2,0,0,0,0,0,0,0,0,0,-4.33680869e-19,-0,-1.293984181e-34,-2.484808345e-17,-0,-7.413983235e-33,0,0,0,0,0,0,0,0,0,0,0,0,0,0,0,0,0,-0,-0,-0,-0,-0,-0,-0,-0,0,0,0,0,0,0,0
4.5815,-3.5,0,2,0,0,0,0,0,0,0,0,0,-4.33680869e-19,-0,-1.293984181e-34,-2.484808345e-17,-0,-7.413983235e-33,0,0,0,0,0,0,0,0,0,0,0,0,0,0,0,0,0,-0,-0,-0,-0,-0,-0,-0,-0,0,0,0,0,0,0,0
4.587,-3.5,0,2,0,0,0,0,0,0,0,0,0,-4.33680869e-19,-0,-1.293984181e-34,-2.484808345e-17,-0,-7.413983235e-33,0,0,0,0,0,0,0,0,0,0,0,0,0,0,0,0,0,-0,-0,-0,-0,-0,-0,-0,-0,0,0,0,0,0,0,0
4.5925,-3.5,0,2,0,0,0,0,0,0,0,0,0,-4.33680869e-19,-0,-1.293984181e-34,-2.484808345e-17,-0,-7.413983235e-33,0,0,0,0,0,0,0,0,0,0,0,0,0,0,0,0,0,-0,-0,-0,-0,-0,-0,-0,-0,0,0,0,0,0,0,0
4.598,-3.5,0,2,0,0,0,0,0,0,0,0,0,-4.33680869e-19,-0,-1.293984181e-34,-2.484808345e-17,-0,-7.413983235e-33,0,0,0,0,0,0,0,0,0,0,0,0,0,0,0,0,0,-0,-0,-0,-0,-0,-0,-0,-0,0,0,0,0,0,0,0
4.6035,-3.5,0,2,0,0,0,0,0,0,0,0,0,-4.33680869e-19,-0,-1.293984181e-34,-2.484808345e-17,-0,-7.413983235e-33,0,0,0,0,0,0,0,0,0,0,0,0,0,0,0,0,0,-0,-0,-0,-0,-0,-0,-0,-0,0,0,0,0,0,0,0
4.609,-3.5,0,2,0,0,0,0,0,0,0,0,0,-4.33680869e-19,-0,-1.293984181e-34,-2.484808345e-17,-0,-7.413983235e-33,0,0,0,0,0,0,0,0,0,0,0,0,0,0,0,0,0,-0,-0,-0,-0,-0,-0,-0,-0,0,0,0,0,0,0,0
4.6145,-3.5,0,2,0,0,0,0,0,0,0,0,0,-4.33680869e-19,-0,-1.293984181e-34,-2.484808345e-17,-0,-7.413983235e-33,0,0,0,0,0,0,0,0,0,0,0,0,0,0,0,0,0,-0,-0,-0,-0,-0,-0,-0,-0,0,0,0,0,0,0,0
4.62,-3.5,0,2,0,0,0,0,0,0,0,0,0,-4.33680869e-19,-0,-1.293984181e-34,-2.484808345e-17,-0,-7.413983235e-33,0,0,0,0,0,0,0,0,0,0,0,0,0,0,0,0,0,-0,-0,-0,-0,-0,-0,-0,-0,0,0,0,0,0,0,0
4.6255,-3.5,0,2,0,0,0,0,0,0,0,0,0,-4.33680869e-19,-0,-1.293984181e-34,-2.484808345e-17,-0,-7.413983235e-33,0,0,0,0,0,0,0,0,0,0,0,0,0,0,0,0,0,-0,-0,-0,-0,-0,-0,-0,-0,0,0,0,0,0,0,0
4.631,-3.5,0,2,0,0,0,0,0,0,0,0,0,-4.33680869e-19,-0,-1.293984181e-34,-2.484808345e-17,-0,-7.413983235e-33,0,0,0,0,0,0,0,0,0,0,0,0,0,0,0,0,0,-0,-0,-0,-0,-0,-0,-0,-0,0,0,0,0,0,0,0
4.6365,-3.5,0,2,0,0,0,0,0,0,0,0,0,-4.33680869e-19,-0,-1.293984181e-34,-2.484808345e-17,-0,-7.413983235e-33,0,0,0,0,0,0,0,0,0,0,0,0,0,0,0,0,0,-0,-0,-0,-0,-0,-0,-0,-0,0,0,0,0,0,0,0
4.642,-3.5,0,2,0,0,0,0,0,0,0,0,0,-4.33680869e-19,-0,-1.293984181e-34,-2.484808345e-17,-0,-7.413983235e-33,0,0,0,0,0,0,0,0,0,0,0,0,0,0,0,0,0,-0,-0,-0,-0,-0,-0,-0,-0,0,0,0,0,0,0,0
4.6475,-3.5,0,2,0,0,0,0,0,0,0,0,0,-4.33680869e-19,-0,-1.293984181e-34,-2.484808345e-17,-0,-7.413983235e-33,0,0,0,0,0,0,0,0,0,0,0,0,0,0,0,0,0,-0,-0,-0,-0,-0,-0,-0,-0,0,0,0,0,0,0,0
4.653,-3.5,0,2,0,0,0,0,0,0,0,0,0,-4.33680869e-19,-0,-1.293984181e-34,-2.484808345e-17,-0,-7.413983235e-33,0,0,0,0,0,0,0,0,0,0,0,0,0,0,0,0,0,-0,-0,-0,-0,-0,-0,-0,-0,0,0,0,0,0,0,0
4.6585,-3.5,0,2,0,0,0,0,0,0,0,0,0,-4.33680869e-19,-0,-1.293984181e-34,-2.484808345e-17,-0,-7.413983235e-33,0,0,0,0,0,0,0,0,0,0,0,0,0,0,0,0,0,-0,-0,-0,-0,-0,-0,-0,-0,0,0,0,0,0,0,0
4.664,-3.5,0,2,0,0,0,0,0,0,0,0,0,-4.33680869e-19,-0,-1.293984181e-34,-2.484808345e-17,-0,-7.413983235e-33,0,0,0,0,0,0,0,0,0,0,0,0,0,0,0,0,0,-0,-0,-0,-0,-0,-0,-0,-0,0,0,0,0,0,0,0
4.6695,-3.5,0,2,0,0,0,0,0,0,0,0,0,-4.33680869e-19,-0,-1.293984181e-34,-2.484808345e-17,-0,-7.413983235e-33,0,0,0,0,0,0,0,0,0,0,0,0,0,0,0,0,0,-0,-0,-0,-0,-0,-0,-0,-0,0,0,0,0,0,0,0
4.675,-3.5,0,2,0,0,0,0,0,0,0,0,0,-4.33680869e-19,-0,-1.293984181e-34,-2.484808345e-17,-0,-7.413983235e-33,0,0,0,0,0,0,0,0,0,0,0,0,0,0,0,0,0,-0,-0,-0,-0,-0,-0,-0,-0,0,0,0,0,0,0,0
4.6805,-3.5,0,2,0,0,0,0,0,0,0,0,0,-4.33680869e-19,-0,-1.293984181e-34,-2.484808345e-17,-0,-7.413983235e-33,0,0,0,0,0,0,0,0,0,0,0,0,0,0,0,0,0,-0,-0,-0,-0,-0,-0,-0,-0,0,0,0,0,0,0,0
4.686,-3.5,0,2,0,0,0,0,0,0,0,0,0,-4.33680869e-19,-0,-1.293984181e-34,-2.484808345e-17,-0,-7.413983235e-33,0,0,0,0,0,0,0,0,0,0,0,0,0,0,0,0,0,-0,-0,-0,-0,-0,-0,-0,-0,0,0,0,0,0,0,0
4.6915,-3.5,0,2,0,0,0,0,0,0,0,0,0,-4.33680869e-19,-0,-1.293984181e-34,-2.484808345e-17,-0,-7.413983235e-33,0,0,0,0,0,0,0,0,0,0,0,0,0,0,0,0,0,-0,-0,-0,-0,-0,-0,-0,-0,0,0,0,0,0,0,0
4.697,-3.5,0,2,0,0,0,0,0,0,0,0,0,-4.33680869e-19,-0,-1.293984181e-34,-2.484808345e-17,-0,-7.413983235e-33,0,0,0,0,0,0,0,0,0,0,0,0,0,0,0,0,0,-0,-0,-0,-0,-0,-0,-0,-0,0,0,0,0,0,0,0
4.7025,-3.5,0,2,0,0,0,0,0,0,0,0,0,-4.33680869e-19,-0,-1.293984181e-34,-2.484808345e-17,-0,-7.413983235e-33,0,0,0,0,0,0,0,0,0,0,0,0,0,0,0,0,0,-0,-0,-0,-0,-0,-0,-0,-0,0,0,0,0,0,0,0
4.708,-3.5,0,2,0,0,0,0,0,0,0,0,0,-4.33680869e-19,-0,-1.293984181e-34,-2.484808345e-17,-0,-7.413983235e-33,0,0,0,0,0,0,0,0,0,0,0,0,0,0,0,0,0,-0,-0,-0,-0,-0,-0,-0,-0,0,0,0,0,0,0,0
4.7135,-3.5,0,2,0,0,0,0,0,0,0,0,0,-4.33680869e-19,-0,-1.293984181e-34,-2.484808345e-17,-0,-7.413983235e-33,0,0,0,0,0,0,0,0,0,0,0,0,0,0,0,0,0,-0,-0,-0,-0,-0,-0,-0,-0,0,0,0,0,0,0,0
4.719,-3.5,0,2,0,0,0,0,0,0,0,0,0,-4.33680869e-19,-0,-1.293984181e-34,-2.484808345e-17,-0,-7.413983235e-33,0,0,0,0,0,0,0,0,0,0,0,0,0,0,0,0,0,-0,-0,-0,-0,-0,-0,-0,-0,0,0,0,0,0,0,0
4.7245,-3.5,0,2,0,0,0,0,0,0,0,0,0,-4.33680869e-19,-0,-1.293984181e-34,-2.484808345e-17,-0,-7.413983235e-33,0,0,0,0,0,0,0,0,0,0,0,0,0,0,0,0,0,-0,-0,-0,-0,-0,-0,-0,-0,0,0,0,0,0,0,0
4.73,-3.5,0,2,0,0,0,0,0,0,0,0,0,-4.33680869e-19,-0,-1.293984181e-34,-2.484808345e-17,-0,-7.413983235e-33,0,0,0,0,0,0,0,0,0,0,0,0,0,0,0,0,0,-0,-0,-0,-0,-0,-0,-0,-0,0,0,0,0,0,0,0
4.7355,-3.5,0,2,0,0,0,0,0,0,0,0,0,-4.33680869e-19,-0,-1.293984181e-34,-2.484808345e-17,-0,-7.413983235e-33,0,0,0,0,0,0,0,0,0,0,0,0,0,0,0,0,0,-0,-0,-0,-0,-0,-0,-0,-0,0,0,0,0,0,0,0
4.741,-3.5,0,2,0,0,0,0,0,0,0,0,0,-4.33680869e-19,-0,-1.293984181e-34,-2.484808345e-17,-0,-7.413983235e-33,0,0,0,0,0,0,0,0,0,0,0,0,0,0,0,0,0,-0,-0,-0,-0,-0,-0,-0,-0,0,0,0,0,0,0,0
4.7465,-3.5,0,2,0,0,0,0,0,0,0,0,0,-4.33680869e-19,-0,-1.293984181e-34,-2.484808345e-17,-0,-7.413983235e-33,0,0,0,0,0,0,0,0,0,0,0,0,0,0,0,0,0,-0,-0,-0,-0,-0,-0,-0,-0,0,0,0,0,0,0,0
4.752,-3.5,0,2,0,0,0,0,0,0,0,0,0,-4.33680869e-19,-0,-1.293984181e-34,-2.484808345e-17,-0,-7.413983235e-33,0,0,0,0,0,0,0,0,0,0,0,0,0,0,0,0,0,-0,-0,-0,-0,-0,-0,-0,-0,0,0,0,0,0,0,0
4.7575,-3.5,0,2,0,0,0,0,0,0,0,0,0,-4.33680869e-19,-0,-1.293984181e-34,-2.484808345e-17,-0,-7.413983235e-33,0,0,0,0,0,0,0,0,0,0,0,0,0,0,0,0,0,-0,-0,-0,-0,-0,-0,-0,-0,0,0,0,0,0,0,0
4.763,-3.5,0,2,0,0,0,0,0,0,0,0,0,-4.33680869e-19,-0,-1.293984181e-34,-2.484808345e-17,-0,-7.413983235e-33,0,0,0,0,0,0,0,0,0,0,0,0,0,0,0,0,0,-0,-0,-0,-0,-0,-0,-0,-0,0,0,0,0,0,0,0
4.7685,-3.5,0,2,0,0,0,0,0,0,0,0,0,-4.33680869e-19,-0,-1.293984181e-34,-2.484808345e-17,-0,-7.413983235e-33,0,0,0,0,0,0,0,0,0,0,0,0,0,0,0,0,0,-0,-0,-0,-0,-0,-0,-0,-0,0,0,0,0,0,0,0
4.774,-3.5,0,2,0,0,0,0,0,0,0,0,0,-4.33680869e-19,-0,-1.293984181e-34,-2.484808345e-17,-0,-7.413983235e-33,0,0,0,0,0,0,0,0,0,0,0,0,0,0,0,0,0,-0,-0,-0,-0,-0,-0,-0,-0,0,0,0,0,0,0,0
4.7795,-3.5,0,2,0,0,0,0,0,0,0,0,0,-4.33680869e-19,-0,-1.293984181e-34,-2.484808345e-17,-0,-7.413983235e-33,0,0,0,0,0,0,0,0,0,0,0,0,0,0,0,0,0,-0,-0,-0,-0,-0,-0,-0,-0,0,0,0,0,0,0,0
4.785,-3.5,0,2,0,0,0,0,0,0,0,0,0,-4.33680869e-19,-0,-1.293984181e-34,-2.484808345e-17,-0,-7.413983235e-33,0,0,0,0,0,0,0,0,0,0,0,0,0,0,0,0,0,-0,-0,-0,-0,-0,-0,-0,-0,0,0,0,0,0,0,0
4.7905,-3.5,0,2,0,0,0,0,0,0,0,0,0,-4.33680869e-19,-0,-1.293984181e-34,-2.484808345e-17,-0,-7.413983235e-33,0,0,0,0,0,0,0,0,0,0,0,0,0,0,0,0,0,-0,-0,-0,-0,-0,-0,-0,-0,0,0,0,0,0,0,0
4.796,-3.5,0,2,0,0,0,0,0,0,0,0,0,-4.33680869e-19,-0,-1.293984181e-34,-2.484808345e-17,-0,-7.413983235e-33,0,0,0,0,0,0,0,0,0,0,0,0,0,0,0,0,0,-0,-0,-0,-0,-0,-0,-0,-0,0,0,0,0,0,0,0
4.8015,-3.5,0,2,0,0,0,0,0,0,0,0,0,-4.33680869e-19,-0,-1.293984181e-34,-2.484808345e-17,-0,-7.413983235e-33,0,0,0,0,0,0,0,0,0,0,0,0,0,0,0,0,0,-0,-0,-0,-0,-0,-0,-0,-0,0,0,0,0,0,0,0
4.807,-3.5,0,2,0,0,0,0,0,0,0,0,0,-4.33680869e-19,-0,-1.293984181e-34,-2.484808345e-17,-0,-7.413983235e-33,0,0,0,0,0,0,0,0,0,0,0,0,0,0,0,0,0,-0,-0,-0,-0,-0,-0,-0,-0,0,0,0,0,0,0,0
4.8125,-3.5,0,2,0,0,0,0,0,0,0,0,0,-4.33680869e-19,-0,-1.293984181e-34,-2.484808345e-17,-0,-7.413983235e-33,0,0,0,0,0,0,0,0,0,0,0,0,0,0,0,0,0,-0,-0,-0,-0,-0,-0,-0,-0,0,0,0,0,0,0,0
4.818,-3.5,0,2,0,0,0,0,0,0,0,0,0,-4.33680869e-19,-0,-1.293984181e-34,-2.484808345e-17,-0,-7.413983235e-33,0,0,0,0,0,0,0,0,0,0,0,0,0,0,0,0,0,-0,-0,-0,-0,-0,-0,-0,-0,0,0,0,0,0,0,0
4.8235,-3.5,0,2,0,0,0,0,0,0,0,0,0,-4.33680869e-19,-0,-1.293984181e-34,-2.484808345e-17,-0,-7.413983235e-33,0,0,0,0,0,0,0,0,0,0,0,0,0,0,0,0,0,-0,-0,-0,-0,-0,-0,-0,-0,0,0,0,0,0,0,0
4.829,-3.5,0,2,0,0,0,0,0,0,0,0,0,-4.33680869e-19,-0,-1.293984181e-34,-2.484808345e-17,-0,-7.413983235e-33,0,0,0,0,0,0,0,0,0,0,0,0,0,0,0,0,0,-0,-0,-0,-0,-0,-0,-0,-0,0,0,0,0,0,0,0
4.8345,-3.5,0,2,0,0,0,0,0,0,0,0,0,-4.33680869e-19,-0,-1.293984181e-34,-2.484808345e-17,-0,-7.413983235e-33,0,0,0,0,0,0,0,0,0,0,0,0,0,0,0,0,0,-0,-0,-0,-0,-0,-0,-0,-0,0,0,0,0,0,0,0
4.84,-3.5,0,2,0,0,0,0,0,0,0,0,0,-4.33680869e-19,-0,-1.293984181e-34,-2.484808345e-17,-0,-7.413983235e-33,0,0,0,0,0,0,0,0,0,0,0,0,0,0,0,0,0,-0,-0,-0,-0,-0,-0,-0,-0,0,0,0,0,0,0,0
4.8455,-3.5,0,2,0,0,0,0,0,0,0,0,0,-4.33680869e-19,-0,-1.293984181e-34,-2.484808345e-17,-0,-7.413983235e-33,0,0,0,0,0,0,0,0,0,0,0,0,0,0,0,0,0,-0,-0,-0,-0,-0,-0,-0,-0,0,0,0,0,0,0,0
4.851,-3.5,0,2,0,0,0,0,0,0,0,0,0,-4.33680869e-19,-0,-1.293984181e-34,-2.484808345e-17,-0,-7.413983235e-33,0,0,0,0,0,0,0,0,0,0,0,0,0,0,0,0,0,-0,-0,-0,-0,-0,-0,-0,-0,0,0,0,0,0,0,0
4.8565,-3.5,0,2,0,0,0,0,0,0,0,0,0,-4.33680869e-19,-0,-1.293984181e-34,-2.484808345e-17,-0,-7.413983235e-33,0,0,0,0,0,0,0,0,0,0,0,0,0,0,0,0,0,-0,-0,-0,-0,-0,-0,-0,-0,0,0,0,0,0,0,0
4.862,-3.5,0,2,0,0,0,0,0,0,0,0,0,-4.33680869e-19,-0,-1.293984181e-34,-2.484808345e-17,-0,-7.413983235e-33,0,0,0,0,0,0,0,0,0,0,0,0,0,0,0,0,0,-0,-0,-0,-0,-0,-0,-0,-0,0,0,0,0,0,0,0
4.8675,-3.5,0,2,0,0,0,0,0,0,0,0,0,-4.33680869e-19,-0,-1.293984181e-34,-2.484808345e-17,-0,-7.413983235e-33,0,0,0,0,0,0,0,0,0,0,0,0,0,0,0,0,0,-0,-0,-0,-0,-0,-0,-0,-0,0,0,0,0,0,0,0
4.873,-3.5,0,2,0,0,0,0,0,0,0,0,0,-4.33680869e-19,-0,-1.293984181e-34,-2.484808345e-17,-0,-7.413983235e-33,0,0,0,0,0,0,0,0,0,0,0,0,0,0,0,0,0,-0,-0,-0,-0,-0,-0,-0,-0,0,0,0,0,0,0,0
4.8785,-3.5,0,2,0,0,0,0,0,0,0,0,0,-4.33680869e-19,-0,-1.293984181e-34,-2.484808345e-17,-0,-7.413983235e-33,0,0,0,0,0,0,0,0,0,0,0,0,0,0,0,0,0,-0,-0,-0,-0,-0,-0,-0,-0,0,0,0,0,0,0,0
4.884,-3.5,0,2,0,0,0,0,0,0,0,0,0,-4.33680869e-19,-0,-1.293984181e-34,-2.484808345e-17,-0,-7.413983235e-33,0,0,0,0,0,0,0,0,0,0,0,0,0,0,0,0,0,-0,-0,-0,-0,-0,-0,-0,-0,0,0,0,0,0,0,0
4.8895,-3.5,0,2,0,0,0,0,0,0,0,0,0,-4.33680869e-19,-0,-1.293984181e-34,-2.484808345e-17,-0,-7.413983235e-33,0,0,0,0,0,0,0,0,0,0,0,0,0,0,0,0,0,-0,-0,-0,-0,-0,-0,-0,-0,0,0,0,0,0,0,0
4.895,-3.5,0,2,0,0,0,0,0,0,0,0,0,-4.33680869e-19,-0,-1.293984181e-34,-2.484808345e-17,-0,-7.413983235e-33,0,0,0,0,0,0,0,0,0,0,0,0,0,0,0,0,0,-0,-0,-0,-0,-0,-0,-0,-0,0,0,0,0,0,0,0
4.9005,-3.5,0,2,0,0,0,0,0,0,0,0,0,-4.33680869e-19,-0,-1.293984181e-34,-2.484808345e-17,-0,-7.413983235e-33,0,0,0,0,0,0,0,0,0,0,0,0,0,0,0,0,0,-0,-0,-0,-0,-0,-0,-0,-0,0,0,0,0,0,0,0
4.906,-3.5,0,2,0,0,0,0,0,0,0,0,0,-4.33680869e-19,-0,-1.293984181e-34,-2.484808345e-17,-0,-7.413983235e-33,0,0,0,0,0,0,0,0,0,0,0,0,0,0,0,0,0,-0,-0,-0,-0,-0,-0,-0,-0,0,0,0,0,0,0,0
4.9115,-3.5,0,2,0,0,0,0,0,0,0,0,0,-4.33680869e-19,-0,-1.293984181e-34,-2.484808345e-17,-0,-7.413983235e-33,0,0,0,0,0,0,0,0,0,0,0,0,0,0,0,0,0,-0,-0,-0,-0,-0,-0,-0,-0,0,0,0,0,0,0,0
4.917,-3.5,0,2,0,0,0,0,0,0,0,0,0,-4.33680869e-19,-0,-1.293984181e-34,-2.484808345e-17,-0,-7.413983235e-33,0,0,0,0,0,0,0,0,0,0,0,0,0,0,0,0,0,-0,-0,-0,-0,-0,-0,-0,-0,0,0,0,0,0,0,0
4.9225,-3.5,0,2,0,0,0,0,0,0,0,0,0,-4.33680869e-19,-0,-1.293984181e-34,-2.484808345e-17,-0,-7.413983235e-33,0,0,0,0,0,0,0,0,0,0,0,0,0,0,0,0,0,-0,-0,-0,-0,-0,-0,-0,-0,0,0,0,0,0,0,0
4.928,-3.5,0,2,0,0,0,0,0,0,0,0,0,-4.33680869e-19,-0,-1.293984181e-34,-2.484808345e-17,-0,-7.413983235e-33,0,0,0,0,0,0,0,0,0,0,0,0,0,0,0,0,0,-0,-0,-0,-0,-0,-0,-0,-0,0,0,0,0,0,0,0
4.9335,-3.5,0,2,0,0,0,0,0,0,0,0,0,-4.33680869e-19,-0,-1.293984181e-34,-2.484808345e-17,-0,-7.413983235e-33,0,0,0,0,0,0,0,0,0,0,0,0,0,0,0,0,0,-0,-0,-0,-0,-0,-0,-0,-0,0,0,0,0,0,0,0
4.939,-3.5,0,2,0,0,0,0,0,0,0,0,0,-4.33680869e-19,-0,-1.293984181e-34,-2.484808345e-17,-0,-7.413983235e-33,0,0,0,0,0,0,0,0,0,0,0,0,0,0,0,0,0,-0,-0,-0,-0,-0,-0,-0,-0,0,0,0,0,0,0,0
4.9445,-3.5,0,2,0,0,0,0,0,0,0,0,0,-4.33680869e-19,-0,-1.293984181e-34,-2.484808345e-17,-0,-7.413983235e-33,0,0,0,0,0,0,0,0,0,0,0,0,0,0,0,0,0,-0,-0,-0,-0,-0,-0,-0,-0,0,0,0,0,0,0,0
4.95,-3.5,0,2,0,0,0,0,0,0,0,0,0,-4.33680869e-19,-0,-1.293984181e-34,-2.484808345e-17,-0,-7.413983235e-33,0,0,0,0,0,0,0,0,0,0,0,0,0,0,0,0,0,-0,-0,-0,-0,-0,-0,-0,-0,0,0,0,0,0,0,0
4.9555,-3.5,0,2,0,0,0,0,0,0,0,0,0,-4.33680869e-19,-0,-1.293984181e-34,-2.484808345e-17,-0,-7.413983235e-33,0,0,0,0,0,0,0,0,0,0,0,0,0,0,0,0,0,-0,-0,-0,-0,-0,-0,-0,-0,0,0,0,0,0,0,0
4.961,-3.5,0,2,0,0,0,0,0,0,0,0,0,-4.33680869e-19,-0,-1.293984181e-34,-2.484808345e-17,-0,-7.413983235e-33,0,0,0,0,0,0,0,0,0,0,0,0,0,0,0,0,0,-0,-0,-0,-0,-0,-0,-0,-0,0,0,0,0,0,0,0
4.9665,-3.5,0,2,0,0,0,0,0,0,0,0,0,-4.33680869e-19,-0,-1.293984181e-34,-2.484808345e-17,-0,-7.413983235e-33,0,0,0,0,0,0,0,0,0,0,0,0,0,0,0,0,0,-0,-0,-0,-0,-0,-0,-0,-0,0,0,0,0,0,0,0
4.972,-3.5,0,2,0,0,0,0,0,0,0,0,0,-4.33680869e-19,-0,-1.293984181e-34,-2.484808345e-17,-0,-7.413983235e-33,0,0,0,0,0,0,0,0,0,0,0,0,0,0,0,0,0,-0,-0,-0,-0,-0,-0,-0,-0,0,0,0,0,0,0,0
4.9775,-3.5,0,2,0,0,0,0,0,0,0,0,0,-4.33680869e-19,-0,-1.293984181e-34,-2.484808345e-17,-0,-7.413983235e-33,0,0,0,0,0,0,0,0,0,0,0,0,0,0,0,0,0,-0,-0,-0,-0,-0,-0,-0,-0,0,0,0,0,0,0,0
4.983,-3.5,0,2,0,0,0,0,0,0,0,0,0,-4.33680869e-19,-0,-1.293984181e-34,-2.484808345e-17,-0,-7.413983235e-33,0,0,0,0,0,0,0,0,0,0,0,0,0,0,0,0,0,-0,-0,-0,-0,-0,-0,-0,-0,0,0,0,0,0,0,0
4.9885,-3.5,0,2,0,0,0,0,0,0,0,0,0,-4.33680869e-19,-0,-1.293984181e-34,-2.484808345e-17,-0,-7.413983235e-33,0,0,0,0,0,0,0,0,0,0,0,0,0,0,0,0,0,-0,-0,-0,-0,-0,-0,-0,-0,0,0,0,0,0,0,0
4.994,-3.5,0,2,0,0,0,0,0,0,0,0,0,-4.33680869e-19,-0,-1.293984181e-34,-2.484808345e-17,-0,-7.413983235e-33,0,0,0,0,0,0,0,0,0,0,0,0,0,0,0,0,0,-0,-0,-0,-0,-0,-0,-0,-0,0,0,0,0,0,0,0
4.9995,-3.5,0,2,0,0,0,0,0,0,0,0,0,-4.33680869e-19,-0,-1.293984181e-34,-2.484808345e-17,-0,-7.413983235e-33,0,0,0,0,0,0,0,0,0,0,0,0,0,0,0,0,0,-0,-0,-0,-0,-0,-0,-0,-0,0,0,0,0,0,0,0
5.005,-3.5,0,2,0,0,0,0,0,0,0,0,0,-4.33680869e-19,-0,-1.293984181e-34,-2.484808345e-17,-0,-7.413983235e-33,0,0,0,0,0,0,0,0,0,0,0,0,0,0,0,0,0,-0,-0,-0,-0,-0,-0,-0,-0,0,0,0,0,0,0,0
5.0105,-3.5,0,2,0,0,0,0,0,0,0,0,0,-4.33680869e-19,-0,-1.293984181e-34,-2.484808345e-17,-0,-7.413983235e-33,0,0,0,0,0,0,0,0,0,0,0,0,0,0,0,0,0,-0,-0,-0,-0,-0,-0,-0,-0,0,0,0,0,0,0,0
5.016,-3.5,0,2,0,0,0,0,0,0,0,0,0,-4.33680869e-19,-0,-1.293984181e-34,-2.484808345e-17,-0,-7.413983235e-33,0,0,0,0,0,0,0,0,0,0,0,0,0,0,0,0,0,-0,-0,-0,-0,-0,-0,-0,-0,0,0,0,0,0,0,0
5.0215,-3.5,0,2,0,0,0,0,0,0,0,0,0,-4.33680869e-19,-0,-1.293984181e-34,-2.484808345e-17,-0,-7.413983235e-33,0,0,0,0,0,0,0,0,0,0,0,0,0,0,0,0,0,-0,-0,-0,-0,-0,-0,-0,-0,0,0,0,0,0,0,0
5.027,-3.5,0,2,0,0,0,0,0,0,0,0,0,-4.33680869e-19,-0,-1.293984181e-34,-2.484808345e-17,-0,-7.413983235e-33,0,0,0,0,0,0,0,0,0,0,0,0,0,0,0,0,0,-0,-0,-0,-0,-0,-0,-0,-0,0,0,0,0,0,0,0
5.0325,-3.5,0,2,0,0,0,0,0,0,0,0,0,-4.33680869e-19,-0,-1.293984181e-34,-2.484808345e-17,-0,-7.413983235e-33,0,0,0,0,0,0,0,0,0,0,0,0,0,0,0,0,0,-0,-0,-0,-0,-0,-0,-0,-0,0,0,0,0,0,0,0
5.038,-3.5,0,2,0,0,0,0,0,0,0,0,0,-4.33680869e-19,-0,-1.293984181e-34,-2.484808345e-17,-0,-7.413983235e-33,0,0,0,0,0,0,0,0,0,0,0,0,0,0,0,0,0,-0,-0,-0,-0,-0,-0,-0,-0,0,0,0,0,0,0,0
5.0435,-3.5,0,2,0,0,0,0,0,0,0,0,0,-4.33680869e-19,-0,-1.293984181e-34,-2.484808345e-17,-0,-7.413983235e-33,0,0,0,0,0,0,0,0,0,0,0,0,0,0,0,0,0,-0,-0,-0,-0,-0,-0,-0,-0,0,0,0,0,0,0,0
5.049,-3.5,0,2,0,0,0,0,0,0,0,0,0,-4.33680869e-19,-0,-1.293984181e-34,-2.484808345e-17,-0,-7.413983235e-33,0,0,0,0,0,0,0,0,0,0,0,0,0,0,0,0,0,-0,-0,-0,-0,-0,-0,-0,-0,0,0,0,0,0,0,0
5.0545,-3.5,0,2,0,0,0,0,0,0,0,0,0,-4.33680869e-19,-0,-1.293984181e-34,-2.484808345e-17,-0,-7.413983235e-33,0,0,0,0,0,0,0,0,0,0,0,0,0,0,0,0,0,-0,-0,-0,-0,-0,-0,-0,-0,0,0,0,0,0,0,0
5.06,-3.5,0,2,0,0,0,0,0,0,0,0,0,-4.33680869e-19,-0,-1.293984181e-34,-2.484808345e-17,-0,-7.413983235e-33,0,0,0,0,0,0,0,0,0,0,0,0,0,0,0,0,0,-0,-0,-0,-0,-0,-0,-0,-0,0,0,0,0,0,0,0
5.0655,-3.5,0,2,0,0,0,0,0,0,0,0,0,-4.33680869e-19,-0,-1.293984181e-34,-2.484808345e-17,-0,-7.413983235e-33,0,0,0,0,0,0,0,0,0,0,0,0,0,0,0,0,0,-0,-0,-0,-0,-0,-0,-0,-0,0,0,0,0,0,0,0
5.071,-3.5,0,2,0,0,0,0,0,0,0,0,0,-4.33680869e-19,-0,-1.293984181e-34,-2.484808345e-17,-0,-7.413983235e-33,0,0,0,0,0,0,0,0,0,0,0,0,0,0,0,0,0,-0,-0,-0,-0,-0,-0,-0,-0,0,0,0,0,0,0,0
5.0765,-3.5,0,2,0,0,0,0,0,0,0,0,0,-4.33680869e-19,-0,-1.293984181e-34,-2.484808345e-17,-0,-7.413983235e-33,0,0,0,0,0,0,0,0,0,0,0,0,0,0,0,0,0,-0,-0,-0,-0,-0,-0,-0,-0,0,0,0,0,0,0,0
5.082,-3.5,0,2,0,0,0,0,0,0,0,0,0,-4.33680869e-19,-0,-1.293984181e-34,-2.484808345e-17,-0,-7.413983235e-33,0,0,0,0,0,0,0,0,0,0,0,0,0,0,0,0,0,-0,-0,-0,-0,-0,-0,-0,-0,0,0,0,0,0,0,0
5.0875,-3.5,0,2,0,0,0,0,0,0,0,0,0,-4.33680869e-19,-0,-1.293984181e-34,-2.484808345e-17,-0,-7.413983235e-33,0,0,0,0,0,0,0,0,0,0,0,0,0,0,0,0,0,-0,-0,-0,-0,-0,-0,-0,-0,0,0,0,0,0,0,0
5.093,-3.5,0,2,0,0,0,0,0,0,0,0,0,-4.33680869e-19,-0,-1.293984181e-34,-2.484808345e-17,-0,-7.413983235e-33,0,0,0,0,0,0,0,0,0,0,0,0,0,0,0,0,0,-0,-0,-0,-0,-0,-0,-0,-0,0,0,0,0,0,0,0
5.0985,-3.5,0,2,0,0,0,0,0,0,0,0,0,-4.33680869e-19,-0,-1.293984181e-34,-2.484808345e-17,-0,-7.413983235e-33,0,0,0,0,0,0,0,0,0,0,0,0,0,0,0,0,0,-0,-0,-0,-0,-0,-0,-0,-0,0,0,0,0,0,0,0
5.104,-3.5,0,2,0,0,0,0,0,0,0,0,0,-4.33680869e-19,-0,-1.293984181e-34,-2.484808345e-17,-0,-7.413983235e-33,0,0,0,0,0,0,0,0,0,0,0,0,0,0,0,0,0,-0,-0,-0,-0,-0,-0,-0,-0,0,0,0,0,0,0,0
5.1095,-3.5,0,2,0,0,0,0,0,0,0,0,0,-4.33680869e-19,-0,-1.293984181e-34,-2.484808345e-17,-0,-7.413983235e-33,0,0,0,0,0,0,0,0,0,0,0,0,0,0,0,0,0,-0,-0,-0,-0,-0,-0,-0,-0,0,0,0,0,0,0,0
5.115,-3.5,0,2,0,0,0,0,0,0,0,0,0,-4.33680869e-19,-0,-1.293984181e-34,-2.484808345e-17,-0,-7.413983235e-33,0,0,0,0,0,0,0,0,0,0,0,0,0,0,0,0,0,-0,-0,-0,-0,-0,-0,-0,-0,0,0,0,0,0,0,0
5.1205,-3.5,0,2,0,0,0,0,0,0,0,0,0,-4.33680869e-19,-0,-1.293984181e-34,-2.484808345e-17,-0,-7.413983235e-33,0,0,0,0,0,0,0,0,0,0,0,0,0,0,0,0,0,-0,-0,-0,-0,-0,-0,-0,-0,0,0,0,0,0,0,0
5.126,-3.5,0,2,0,0,0,0,0,0,0,0,0,-4.33680869e-19,-0,-1.293984181e-34,-2.484808345e-17,-0,-7.413983235e-33,0,0,0,0,0,0,0,0,0,0,0,0,0,0,0,0,0,-0,-0,-0,-0,-0,-0,-0,-0,0,0,0,0,0,0,0
5.1315,-3.5,0,2,0,0,0,0,0,0,0,0,0,-4.33680869e-19,-0,-1.293984181e-34,-2.484808345e-17,-0,-7.413983235e-33,0,0,0,0,0,0,0,0,0,0,0,0,0,0,0,0,0,-0,-0,-0,-0,-0,-0,-0,-0,0,0,0,0,0,0,0
5.137,-3.5,0,2,0,0,0,0,0,0,0,0,0,-4.33680869e-19,-0,-1.293984181e-34,-2.484808345e-17,-0,-7.413983235e-33,0,0,0,0,0,0,0,0,0,0,0,0,0,0,0,0,0,-0,-0,-0,-0,-0,-0,-0,-0,0,0,0,0,0,0,0
5.1425,-3.5,0,2,0,0,0,0,0,0,0,0,0,-4.33680869e-19,-0,-1.293984181e-34,-2.484808345e-17,-0,-7.413983235e-33,0,0,0,0,0,0,0,0,0,0,0,0,0,0,0,0,0,-0,-0,-0,-0,-0,-0,-0,-0,0,0,0,0,0,0,0
5.148,-3.5,0,2,0,0,0,0,0,0,0,0,0,-4.33680869e-19,-0,-1.293984181e-34,-2.484808345e-17,-0,-7.413983235e-33,0,0,0,0,0,0,0,0,0,0,0,0,0,0,0,0,0,-0,-0,-0,-0,-0,-0,-0,-0,0,0,0,0,0,0,0
5.1535,-3.5,0,2,0,0,0,0,0,0,0,0,0,-4.33680869e-19,-0,-1.293984181e-34,-2.484808345e-17,-0,-7.413983235e-33,0,0,0,0,0,0,0,0,0,0,0,0,0,0,0,0,0,-0,-0,-0,-0,-0,-0,-0,-0,0,0,0,0,0,0,0
5.159,-3.5,0,2,0,0,0,0,0,0,0,0,0,-4.33680869e-19,-0,-1.293984181e-34,-2.484808345e-17,-0,-7.413983235e-33,0,0,0,0,0,0,0,0,0,0,0,0,0,0,0,0,0,-0,-0,-0,-0,-0,-0,-0,-0,0,0,0,0,0,0,0
5.1645,-3.5,0,2,0,0,0,0,0,0,0,0,0,-4.33680869e-19,-0,-1.293984181e-34,-2.484808345e-17,-0,-7.413983235e-33,0,0,0,0,0,0,0,0,0,0,0,0,0,0,0,0,0,-0,-0,-0,-0,-0,-0,-0,-0,0,0,0,0,0,0,0
5.17,-3.5,0,2,0,0,0,0,0,0,0,0,0,-4.33680869e-19,-0,-1.293984181e-34,-2.484808345e-17,-0,-7.413983235e-33,0,0,0,0,0,0,0,0,0,0,0,0,0,0,0,0,0,-0,-0,-0,-0,-0,-0,-0,-0,0,0,0,0,0,0,0
5.1755,-3.5,0,2,0,0,0,0,0,0,0,0,0,-4.33680869e-19,-0,-1.293984181e-34,-2.484808345e-17,-0,-7.413983235e-33,0,0,0,0,0,0,0,0,0,0,0,0,0,0,0,0,0,-0,-0,-0,-0,-0,-0,-0,-0,0,0,0,0,0,0,0
5.181,-3.5,0,2,0,0,0,0,0,0,0,0,0,-4.33680869e-19,-0,-1.293984181e-34,-2.484808345e-17,-0,-7.413983235e-33,0,0,0,0,0,0,0,0,0,0,0,0,0,0,0,0,0,-0,-0,-0,-0,-0,-0,-0,-0,0,0,0,0,0,0,0
5.1865,-3.5,0,2,0,0,0,0,0,0,0,0,0,-4.33680869e-19,-0,-1.293984181e-34,-2.484808345e-17,-0,-7.413983235e-33,0,0,0,0,0,0,0,0,0,0,0,0,0,0,0,0,0,-0,-0,-0,-0,-0,-0,-0,-0,0,0,0,0,0,0,0
5.192,-3.5,0,2,0,0,0,0,0,0,0,0,0,-4.33680869e-19,-0,-1.293984181e-34,-2.484808345e-17,-0,-7.413983235e-33,0,0,0,0,0,0,0,0,0,0,0,0,0,0,0,0,0,-0,-0,-0,-0,-0,-0,-0,-0,0,0,0,0,0,0,0
5.1975,-3.5,0,2,0,0,0,0,0,0,0,0,0,-4.33680869e-19,-0,-1.293984181e-34,-2.484808345e-17,-0,-7.413983235e-33,0,0,0,0,0,0,0,0,0,0,0,0,0,0,0,0,0,-0,-0,-0,-0,-0,-0,-0,-0,0,0,0,0,0,0,0
5.203,-3.5,0,2,0,0,0,0,0,0,0,0,0,-4.33680869e-19,-0,-1.293984181e-34,-2.484808345e-17,-0,-7.413983235e-33,0,0,0,0,0,0,0,0,0,0,0,0,0,0,0,0,0,-0,-0,-0,-0,-0,-0,-0,-0,0,0,0,0,0,0,0
5.2085,-3.5,0,2,0,0,0,0,0,0,0,0,0,-4.33680869e-19,-0,-1.293984181e-34,-2.484808345e-17,-0,-7.413983235e-33,0,0,0,0,0,0,0,0,0,0,0,0,0,0,0,0,0,-0,-0,-0,-0,-0,-0,-0,-0,0,0,0,0,0,0,0
5.214,-3.5,0,2,0,0,0,0,0,0,0,0,0,-4.33680869e-19,-0,-1.293984181e-34,-2.484808345e-17,-0,-7.413983235e-33,0,0,0,0,0,0,0,0,0,0,0,0,0,0,0,0,0,-0,-0,-0,-0,-0,-0,-0,-0,0,0,0,0,0,0,0
5.2195,-3.5,0,2,0,0,0,0,0,0,0,0,0,-4.33680869e-19,-0,-1.293984181e-34,-2.484808345e-17,-0,-7.413983235e-33,0,0,0,0,0,0,0,0,0,0,0,0,0,0,0,0,0,-0,-0,-0,-0,-0,-0,-0,-0,0,0,0,0,0,0,0
5.225,-3.5,0,2,0,0,0,0,0,0,0,0,0,-4.33680869e-19,-0,-1.293984181e-34,-2.484808345e-17,-0,-7.413983235e-33,0,0,0,0,0,0,0,0,0,0,0,0,0,0,0,0,0,-0,-0,-0,-0,-0,-0,-0,-0,0,0,0,0,0,0,0
5.2305,-3.5,0,2,0,0,0,0,0,0,0,0,0,-4.33680869e-19,-0,-1.293984181e-34,-2.484808345e-17,-0,-7.413983235e-33,0,0,0,0,0,0,0,0,0,0,0,0,0,0,0,0,0,-0,-0,-0,-0,-0,-0,-0,-0,0,0,0,0,0,0,0
5.236,-3.5,0,2,0,0,0,0,0,0,0,0,0,-4.33680869e-19,-0,-1.293984181e-34,-2.484808345e-17,-0,-7.413983235e-33,0,0,0,0,0,0,0,0,0,0,0,0,0,0,0,0,0,-0,-0,-0,-0,-0,-0,-0,-0,0,0,0,0,0,0,0
5.2415,-3.5,0,2,0,0,0,0,0,0,0,0,0,-4.33680869e-19,-0,-1.293984181e-34,-2.484808345e-17,-0,-7.413983235e-33,0,0,0,0,0,0,0,0,0,0,0,0,0,0,0,0,0,-0,-0,-0,-0,-0,-0,-0,-0,0,0,0,0,0,0,0
5.247,-3.5,0,2,0,0,0,0,0,0,0,0,0,-4.33680869e-19,-0,-1.293984181e-34,-2.484808345e-17,-0,-7.413983235e-33,0,0,0,0,0,0,0,0,0,0,0,0,0,0,0,0,0,-0,-0,-0,-0,-0,-0,-0,-0,0,0,0,0,0,0,0
5.2525,-3.5,0,2,0,0,0,0,0,0,0,0,0,-4.33680869e-19,-0,-1.293984181e-34,-2.484808345e-17,-0,-7.413983235e-33,0,0,0,0,0,0,0,0,0,0,0,0,0,0,0,0,0,-0,-0,-0,-0,-0,-0,-0,-0,0,0,0,0,0,0,0
5.258,-3.5,0,2,0,0,0,0,0,0,0,0,0,-4.33680869e-19,-0,-1.293984181e-34,-2.484808345e-17,-0,-7.413983235e-33,0,0,0,0,0,0,0,0,0,0,0,0,0,0,0,0,0,-0,-0,-0,-0,-0,-0,-0,-0,0,0,0,0,0,0,0
5.2635,-3.5,0,2,0,0,0,0,0,0,0,0,0,-4.33680869e-19,-0,-1.293984181e-34,-2.484808345e-17,-0,-7.413983235e-33,0,0,0,0,0,0,0,0,0,0,0,0,0,0,0,0,0,-0,-0,-0,-0,-0,-0,-0,-0,0,0,0,0,0,0,0
5.269,-3.5,0,2,0,0,0,0,0,0,0,0,0,-4.33680869e-19,-0,-1.293984181e-34,-2.484808345e-17,-0,-7.413983235e-33,0,0,0,0,0,0,0,0,0,0,0,0,0,0,0,0,0,-0,-0,-0,-0,-0,-0,-0,-0,0,0,0,0,0,0,0
5.2745,-3.5,0,2,0,0,0,0,0,0,0,0,0,-4.33680869e-19,-0,-1.293984181e-34,-2.484808345e-17,-0,-7.413983235e-33,0,0,0,0,0,0,0,0,0,0,0,0,0,0,0,0,0,-0,-0,-0,-0,-0,-0,-0,-0,0,0,0,0,0,0,0
5.28,-3.5,0,2,0,0,0,0,0,0,0,0,0,-4.33680869e-19,-0,-1.293984181e-34,-2.484808345e-17,-0,-7.413983235e-33,0,0,0,0,0,0,0,0,0,0,0,0,0,0,0,0,0,-0,-0,-0,-0,-0,-0,-0,-0,0,0,0,0,0,0,0
5.2855,-3.5,0,2,0,0,0,0,0,0,0,0,0,-4.33680869e-19,-0,-1.293984181e-34,-2.484808345e-17,-0,-7.413983235e-33,0,0,0,0,0,0,0,0,0,0,0,0,0,0,0,0,0,-0,-0,-0,-0,-0,-0,-0,-0,0,0,0,0,0,0,0
5.291,-3.5,0,2,0,0,0,0,0,0,0,0,0,-4.33680869e-19,-0,-1.293984181e-34,-2.484808345e-17,-0,-7.413983235e-33,0,0,0,0,0,0,0,0,0,0,0,0,0,0,0,0,0,-0,-0,-0,-0,-0,-0,-0,-0,0,0,0,0,0,0,0
5.2965,-3.5,0,2,0,0,0,0,0,0,0,0,0,-4.33680869e-19,-0,-1.293984181e-34,-2.484808345e-17,-0,-7.413983235e-33,0,0,0,0,0,0,0,0,0,0,0,0,0,0,0,0,0,-0,-0,-0,-0,-0,-0,-0,-0,0,0,0,0,0,0,0
5.302,-3.5,0,2,0,0,0,0,0,0,0,0,0,-4.33680869e-19,-0,-1.293984181e-34,-2.484808345e-17,-0,-7.413983235e-33,0,0,0,0,0,0,0,0,0,0,0,0,0,0,0,0,0,-0,-0,-0,-0,-0,-0,-0,-0,0,0,0,0,0,0,0
5.3075,-3.5,0,2,0,0,0,0,0,0,0,0,0,-4.33680869e-19,-0,-1.293984181e-34,-2.484808345e-17,-0,-7.413983235e-33,0,0,0,0,0,0,0,0,0,0,0,0,0,0,0,0,0,-0,-0,-0,-0,-0,-0,-0,-0,0,0,0,0,0,0,0
5.313,-3.5,0,2,0,0,0,0,0,0,0,0,0,-4.33680869e-19,-0,-1.293984181e-34,-2.484808345e-17,-0,-7.413983235e-33,0,0,0,0,0,0,0,0,0,0,0,0,0,0,0,0,0,-0,-0,-0,-0,-0,-0,-0,-0,0,0,0,0,0,0,0
5.3185,-3.5,0,2,0,0,0,0,0,0,0,0,0,-4.33680869e-19,-0,-1.293984181e-34,-2.484808345e-17,-0,-7.413983235e-33,0,0,0,0,0,0,0,0,0,0,0,0,0,0,0,0,0,-0,-0,-0,-0,-0,-0,-0,-0,0,0,0,0,0,0,0
5.324,-3.5,0,2,0,0,0,0,0,0,0,0,0,-4.33680869e-19,-0,-1.293984181e-34,-2.484808345e-17,-0,-7.413983235e-33,0,0,0,0,0,0,0,0,0,0,0,0,0,0,0,0,0,-0,-0,-0,-0,-0,-0,-0,-0,0,0,0,0,0,0,0
5.3295,-3.5,0,2,0,0,0,0,0,0,0,0,0,-4.33680869e-19,-0,-1.293984181e-34,-2.484808345e-17,-0,-7.413983235e-33,0,0,0,0,0,0,0,0,0,0,0,0,0,0,0,0,0,-0,-0,-0,-0,-0,-0,-0,-0,0,0,0,0,0,0,0
5.335,-3.5,0,2,0,0,0,0,0,0,0,0,0,-4.33680869e-19,-0,-1.293984181e-34,-2.484808345e-17,-0,-7.413983235e-33,0,0,0,0,0,0,0,0,0,0,0,0,0,0,0,0,0,-0,-0,-0,-0,-0,-0,-0,-0,0,0,0,0,0,0,0
5.3405,-3.5,0,2,0,0,0,0,0,0,0,0,0,-4.33680869e-19,-0,-1.293984181e-34,-2.484808345e-17,-0,-7.413983235e-33,0,0,0,0,0,0,0,0,0,0,0,0,0,0,0,0,0,-0,-0,-0,-0,-0,-0,-0,-0,0,0,0,0,0,0,0
5.346,-3.5,0,2,0,0,0,0,0,0,0,0,0,-4.33680869e-19,-0,-1.293984181e-34,-2.484808345e-17,-0,-7.413983235e-33,0,0,0,0,0,0,0,0,0,0,0,0,0,0,0,0,0,-0,-0,-0,-0,-0,-0,-0,-0,0,0,0,0,0,0,0
5.3515,-3.5,0,2,0,0,0,0,0,0,0,0,0,-4.33680869e-19,-0,-1.293984181e-34,-2.484808345e-17,-0,-7.413983235e-33,0,0,0,0,0,0,0,0,0,0,0,0,0,0,0,0,0,-0,-0,-0,-0,-0,-0,-0,-0,0,0,0,0,0,0,0
5.357,-3.5,0,2,0,0,0,0,0,0,0,0,0,-4.33680869e-19,-0,-1.293984181e-34,-2.484808345e-17,-0,-7.413983235e-33,0,0,0,0,0,0,0,0,0,0,0,0,0,0,0,0,0,-0,-0,-0,-0,-0,-0,-0,-0,0,0,0,0,0,0,0
5.3625,-3.5,0,2,0,0,0,0,0,0,0,0,0,-4.33680869e-19,-0,-1.293984181e-34,-2.484808345e-17,-0,-7.413983235e-33,0,0,0,0,0,0,0,0,0,0,0,0,0,0,0,0,0,-0,-0,-0,-0,-0,-0,-0,-0,0,0,0,0,0,0,0
5.368,-3.5,0,2,0,0,0,0,0,0,0,0,0,-4.33680869e-19,-0,-1.293984181e-34,-2.484808345e-17,-0,-7.413983235e-33,0,0,0,0,0,0,0,0,0,0,0,0,0,0,0,0,0,-0,-0,-0,-0,-0,-0,-0,-0,0,0,0,0,0,0,0
5.3735,-3.5,0,2,0,0,0,0,0,0,0,0,0,-4.33680869e-19,-0,-1.293984181e-34,-2.484808345e-17,-0,-7.413983235e-33,0,0,0,0,0,0,0,0,0,0,0,0,0,0,0,0,0,-0,-0,-0,-0,-0,-0,-0,-0,0,0,0,0,0,0,0
5.379,-3.5,0,2,0,0,0,0,0,0,0,0,0,-4.33680869e-19,-0,-1.293984181e-34,-2.484808345e-17,-0,-7.413983235e-33,0,0,0,0,0,0,0,0,0,0,0,0,0,0,0,0,0,-0,-0,-0,-0,-0,-0,-0,-0,0,0,0,0,0,0,0
5.3845,-3.5,0,2,0,0,0,0,0,0,0,0,0,-4.33680869e-19,-0,-1.293984181e-34,-2.484808345e-17,-0,-7.413983235e-33,0,0,0,0,0,0,0,0,0,0,0,0,0,0,0,0,0,-0,-0,-0,-0,-0,-0,-0,-0,0,0,0,0,0,0,0
5.39,-3.5,0,2,0,0,0,0,0,0,0,0,0,-4.33680869e-19,-0,-1.293984181e-34,-2.484808345e-17,-0,-7.413983235e-33,0,0,0,0,0,0,0,0,0,0,0,0,0,0,0,0,0,-0,-0,-0,-0,-0,-0,-0,-0,0,0,0,0,0,0,0
5.3955,-3.5,0,2,0,0,0,0,0,0,0,0,0,-4.33680869e-19,-0,-1.293984181e-34,-2.484808345e-17,-0,-7.413983235e-33,0,0,0,0,0,0,0,0,0,0,0,0,0,0,0,0,0,-0,-0,-0,-0,-0,-0,-0,-0,0,0,0,0,0,0,0
5.401,-3.5,0,2,0,0,0,0,0,0,0,0,0,-4.33680869e-19,-0,-1.293984181e-34,-2.484808345e-17,-0,-7.413983235e-33,0,0,0,0,0,0,0,0,0,0,0,0,0,0,0,0,0,-0,-0,-0,-0,-0,-0,-0,-0,0,0,0,0,0,0,0
5.4065,-3.5,0,2,0,0,0,0,0,0,0,0,0,-4.33680869e-19,-0,-1.293984181e-34,-2.484808345e-17,-0,-7.413983235e-33,0,0,0,0,0,0,0,0,0,0,0,0,0,0,0,0,0,-0,-0,-0,-0,-0,-0,-0,-0,0,0,0,0,0,0,0
5.412,-3.5,0,2,0,0,0,0,0,0,0,0,0,-4.33680869e-19,-0,-1.293984181e-34,-2.484808345e-17,-0,-7.413983235e-33,0,0,0,0,0,0,0,0,0,0,0,0,0,0,0,0,0,-0,-0,-0,-0,-0,-0,-0,-0,0,0,0,0,0,0,0
5.4175,-3.5,0,2,0,0,0,0,0,0,0,0,0,-4.33680869e-19,-0,-1.293984181e-34,-2.484808345e-17,-0,-7.413983235e-33,0,0,0,0,0,0,0,0,0,0,0,0,0,0,0,0,0,-0,-0,-0,-0,-0,-0,-0,-0,0,0,0,0,0,0,0
5.423,-3.5,0,2,0,0,0,0,0,0,0,0,0,-4.33680869e-19,-0,-1.293984181e-34,-2.484808345e-17,-0,-7.413983235e-33,0,0,0,0,0,0,0,0,0,0,0,0,0,0,0,0,0,-0,-0,-0,-0,-0,-0,-0,-0,0,0,0,0,0,0,0
5.4285,-3.5,0,2,0,0,0,0,0,0,0,0,0,-4.33680869e-19,-0,-1.293984181e-34,-2.484808345e-17,-0,-7.413983235e-33,0,0,0,0,0,0,0,0,0,0,0,0,0,0,0,0,0,-0,-0,-0,-0,-0,-0,-0,-0,0,0,0,0,0,0,0
5.434,-3.5,0,2,0,0,0,0,0,0,0,0,0,-4.33680869e-19,-0,-1.293984181e-34,-2.484808345e-17,-0,-7.413983235e-33,0,0,0,0,0,0,0,0,0,0,0,0,0,0,0,0,0,-0,-0,-0,-0,-0,-0,-0,-0,0,0,0,0,0,0,0
5.4395,-3.5,0,2,0,0,0,0,0,0,0,0,0,-4.33680869e-19,-0,-1.293984181e-34,-2.484808345e-17,-0,-7.413983235e-33,0,0,0,0,0,0,0,0,0,0,0,0,0,0,0,0,0,-0,-0,-0,-0,-0,-0,-0,-0,0,0,0,0,0,0,0
5.445,-3.5,0,2,0,0,0,0,0,0,0,0,0,-4.33680869e-19,-0,-1.293984181e-34,-2.484808345e-17,-0,-7.413983235e-33,0,0,0,0,0,0,0,0,0,0,0,0,0,0,0,0,0,-0,-0,-0,-0,-0,-0,-0,-0,0,0,0,0,0,0,0
5.4505,-3.5,0,2,0,0,0,0,0,0,0,0,0,-4.33680869e-19,-0,-1.293984181e-34,-2.484808345e-17,-0,-7.413983235e-33,0,0,0,0,0,0,0,0,0,0,0,0,0,0,0,0,0,-0,-0,-0,-0,-0,-0,-0,-0,0,0,0,0,0,0,0
5.456,-3.5,0,2,0,0,0,0,0,0,0,0,0,-4.33680869e-19,-0,-1.293984181e-34,-2.484808345e-17,-0,-7.413983235e-33,0,0,0,0,0,0,0,0,0,0,0,0,0,0,0,0,0,-0,-0,-0,-0,-0,-0,-0,-0,0,0,0,0,0,0,0
5.4615,-3.5,0,2,0,0,0,0,0,0,0,0,0,-4.33680869e-19,-0,-1.293984181e-34,-2.484808345e-17,-0,-7.413983235e-33,0,0,0,0,0,0,0,0,0,0,0,0,0,0,0,0,0,-0,-0,-0,-0,-0,-0,-0,-0,0,0,0,0,0,0,0
5.467,-3.5,0,2,0,0,0,0,0,0,0,0,0,-4.33680869e-19,-0,-1.293984181e-34,-2.484808345e-17,-0,-7.413983235e-33,0,0,0,0,0,0,0,0,0,0,0,0,0,0,0,0,0,-0,-0,-0,-0,-0,-0,-0,-0,0,0,0,0,0,0,0
5.4725,-3.5,0,2,0,0,0,0,0,0,0,0,0,-4.33680869e-19,-0,-1.293984181e-34,-2.484808345e-17,-0,-7.413983235e-33,0,0,0,0,0,0,0,0,0,0,0,0,0,0,0,0,0,-0,-0,-0,-0,-0,-0,-0,-0,0,0,0,0,0,0,0
5.478,-3.5,0,2,0,0,0,0,0,0,0,0,0,-4.33680869e-19,-0,-1.293984181e-34,-2.484808345e-17,-0,-7.413983235e-33,0,0,0,0,0,0,0,0,0,0,0,0,0,0,0,0,0,-0,-0,-0,-0,-0,-0,-0,-0,0,0,0,0,0,0,0
5.4835,-3.5,0,2,0,0,0,0,0,0,0,0,0,-4.33680869e-19,-0,-1.293984181e-34,-2.484808345e-17,-0,-7.413983235e-33,0,0,0,0,0,0,0,0,0,0,0,0,0,0,0,0,0,-0,-0,-0,-0,-0,-0,-0,-0,0,0,0,0,0,0,0
5.489,-3.5,0,2,0,0,0,0,0,0,0,0,0,-4.33680869e-19,-0,-1.293984181e-34,-2.484808345e-17,-0,-7.413983235e-33,0,0,0,0,0,0,0,0,0,0,0,0,0,0,0,0,0,-0,-0,-0,-0,-0,-0,-0,-0,0,0,0,0,0,0,0
5.4945,-3.5,0,2,0,0,0,0,0,0,0,0,0,-4.33680869e-19,-0,-1.293984181e-34,-2.484808345e-17,-0,-7.413983235e-33,0,0,0,0,0,0,0,0,0,0,0,0,0,0,0,0,0,-0,-0,-0,-0,-0,-0,-0,-0,0,0,0,0,0,0,0
5.5,-3.5,0,2,0,0,0,0,0,0,0,0,0,-4.33680869e-19,-0,-1.293984181e-34,-2.484808345e-17,-0,-7.413983235e-33,0,0,0,0,0,0,0,0,0,0,0,0,0,0,0,0,0,-0,-0,-0,-0,-0,-0,-0,-0,0,0,0,0,0,0,0
5.5055,-3.5,0,2,0,0,0,0,0,0,0,0,0,-4.33680869e-19,-0,-1.293984181e-34,-2.484808345e-17,-0,-7.413983235e-33,0,0,0,0,0,0,0,0,0,0,0,0,0,0,0,0,0,-0,-0,-0,-0,-0,-0,-0,-0,0,0,0,0,0,0,0
5.511,-3.5,0,2,0,0,0,0,0,0,0,0,0,-4.33680869e-19,-0,-1.293984181e-34,-2.484808345e-17,-0,-7.413983235e-33,0,0,0,0,0,0,0,0,0,0,0,0,0,0,0,0,0,-0,-0,-0,-0,-0,-0,-0,-0,0,0,0,0,0,0,0
5.5165,-3.5,0,2,0,0,0,0,0,0,0,0,0,-4.33680869e-19,-0,-1.293984181e-34,-2.484808345e-17,-0,-7.413983235e-33,0,0,0,0,0,0,0,0,0,0,0,0,0,0,0,0,0,-0,-0,-0,-0,-0,-0,-0,-0,0,0,0,0,0,0,0
5.522,-3.5,0,2,0,0,0,0,0,0,0,0,0,-4.33680869e-19,-0,-1.293984181e-34,-2.484808345e-17,-0,-7.413983235e-33,0,0,0,0,0,0,0,0,0,0,0,0,0,0,0,0,0,-0,-0,-0,-0,-0,-0,-0,-0,0,0,0,0,0,0,0
5.5275,-3.5,0,2,0,0,0,0,0,0,0,0,0,-4.33680869e-19,-0,-1.293984181e-34,-2.484808345e-17,-0,-7.413983235e-33,0,0,0,0,0,0,0,0,0,0,0,0,0,0,0,0,0,-0,-0,-0,-0,-0,-0,-0,-0,0,0,0,0,0,0,0
5.533,-3.5,0,2,0,0,0,0,0,0,0,0,0,-4.33680869e-19,-0,-1.293984181e-34,-2.484808345e-17,-0,-7.413983235e-33,0,0,0,0,0,0,0,0,0,0,0,0,0,0,0,0,0,-0,-0,-0,-0,-0,-0,-0,-0,0,0,0,0,0,0,0
5.5385,-3.5,0,2,0,0,0,0,0,0,0,0,0,-4.33680869e-19,-0,-1.293984181e-34,-2.484808345e-17,-0,-7.413983235e-33,0,0,0,0,0,0,0,0,0,0,0,0,0,0,0,0,0,-0,-0,-0,-0,-0,-0,-0,-0,0,0,0,0,0,0,0
5.544,-3.5,0,2,0,0,0,0,0,0,0,0,0,-4.33680869e-19,-0,-1.293984181e-34,-2.484808345e-17,-0,-7.413983235e-33,0,0,0,0,0,0,0,0,0,0,0,0,0,0,0,0,0,-0,-0,-0,-0,-0,-0,-0,-0,0,0,0,0,0,0,0
5.5495,-3.5,0,2,0,0,0,0,0,0,0,0,0,-4.33680869e-19,-0,-1.293984181e-34,-2.484808345e-17,-0,-7.413983235e-33,0,0,0,0,0,0,0,0,0,0,0,0,0,0,0,0,0,-0,-0,-0,-0,-0,-0,-0,-0,0,0,0,0,0,0,0
5.555,-3.5,0,2,0,0,0,0,0,0,0,0,0,-4.33680869e-19,-0,-1.293984181e-34,-2.484808345e-17,-0,-7.413983235e-33,0,0,0,0,0,0,0,0,0,0,0,0,0,0,0,0,0,-0,-0,-0,-0,-0,-0,-0,-0,0,0,0,0,0,0,0
5.5605,-3.5,0,2,0,0,0,0,0,0,0,0,0,-4.33680869e-19,-0,-1.293984181e-34,-2.484808345e-17,-0,-7.413983235e-33,0,0,0,0,0,0,0,0,0,0,0,0,0,0,0,0,0,-0,-0,-0,-0,-0,-0,-0,-0,0,0,0,0,0,0,0
5.566,-3.5,0,2,0,0,0,0,0,0,0,0,0,-4.33680869e-19,-0,-1.293984181e-34,-2.484808345e-17,-0,-7.413983235e-33,0,0,0,0,0,0,0,0,0,0,0,0,0,0,0,0,0,-0,-0,-0,-0,-0,-0,-0,-0,0,0,0,0,0,0,0
5.5715,-3.5,0,2,0,0,0,0,0,0,0,0,0,-4.33680869e-19,-0,-1.293984181e-34,-2.484808345e-17,-0,-7.413983235e-33,0,0,0,0,0,0,0,0,0,0,0,0,0,0,0,0,0,-0,-0,-0,-0,-0,-0,-0,-0,0,0,0,0,0,0,0
5.577,-3.5,0,2,0,0,0,0,0,0,0,0,0,-4.33680869e-19,-0,-1.293984181e-34,-2.484808345e-17,-0,-7.413983235e-33,0,0,0,0,0,0,0,0,0,0,0,0,0,0,0,0,0,-0,-0,-0,-0,-0,-0,-0,-0,0,0,0,0,0,0,0
5.5825,-3.5,0,2,0,0,0,0,0,0,0,0,0,-4.33680869e-19,-0,-1.293984181e-34,-2.484808345e-17,-0,-7.413983235e-33,0,0,0,0,0,0,0,0,0,0,0,0,0,0,0,0,0,-0,-0,-0,-0,-0,-0,-0,-0,0,0,0,0,0,0,0
5.588,-3.5,0,2,0,0,0,0,0,0,0,0,0,-4.33680869e-19,-0,-1.293984181e-34,-2.484808345e-17,-0,-7.413983235e-33,0,0,0,0,0,0,0,0,0,0,0,0,0,0,0,0,0,-0,-0,-0,-0,-0,-0,-0,-0,0,0,0,0,0,0,0
5.5935,-3.5,0,2,0,0,0,0,0,0,0,0,0,-4.33680869e-19,-0,-1.293984181e-34,-2.484808345e-17,-0,-7.413983235e-33,0,0,0,0,0,0,0,0,0,0,0,0,0,0,0,0,0,-0,-0,-0,-0,-0,-0,-0,-0,0,0,0,0,0,0,0
5.599,-3.5,0,2,0,0,0,0,0,0,0,0,0,-4.33680869e-19,-0,-1.293984181e-34,-2.484808345e-17,-0,-7.413983235e-33,0,0,0,0,0,0,0,0,0,0,0,0,0,0,0,0,0,-0,-0,-0,-0,-0,-0,-0,-0,0,0,0,0,0,0,0
5.6045,-3.5,0,2,0,0,0,0,0,0,0,0,0,-4.33680869e-19,-0,-1.293984181e-34,-2.484808345e-17,-0,-7.413983235e-33,0,0,0,0,0,0,0,0,0,0,0,0,0,0,0,0,0,-0,-0,-0,-0,-0,-0,-0,-0,0,0,0,0,0,0,0
5.61,-3.5,0,2,0,0,0,0,0,0,0,0,0,-4.33680869e-19,-0,-1.293984181e-34,-2.484808345e-17,-0,-7.413983235e-33,0,0,0,0,0,0,0,0,0,0,0,0,0,0,0,0,0,-0,-0,-0,-0,-0,-0,-0,-0,0,0,0,0,0,0,0
5.6155,-3.5,0,2,0,0,0,0,0,0,0,0,0,-4.33680869e-19,-0,-1.293984181e-34,-2.484808345e-17,-0,-7.413983235e-33,0,0,0,0,0,0,0,0,0,0,0,0,0,0,0,0,0,-0,-0,-0,-0,-0,-0,-0,-0,0,0,0,0,0,0,0
5.621,-3.5,0,2,0,0,0,0,0,0,0,0,0,-4.33680869e-19,-0,-1.293984181e-34,-2.484808345e-17,-0,-7.413983235e-33,0,0,0,0,0,0,0,0,0,0,0,0,0,0,0,0,0,-0,-0,-0,-0,-0,-0,-0,-0,0,0,0,0,0,0,0
5.6265,-3.5,0,2,0,0,0,0,0,0,0,0,0,-4.33680869e-19,-0,-1.293984181e-34,-2.484808345e-17,-0,-7.413983235e-33,0,0,0,0,0,0,0,0,0,0,0,0,0,0,0,0,0,-0,-0,-0,-0,-0,-0,-0,-0,0,0,0,0,0,0,0
5.632,-3.5,0,2,0,0,0,0,0,0,0,0,0,-4.33680869e-19,-0,-1.293984181e-34,-2.484808345e-17,-0,-7.413983235e-33,0,0,0,0,0,0,0,0,0,0,0,0,0,0,0,0,0,-0,-0,-0,-0,-0,-0,-0,-0,0,0,0,0,0,0,0
5.6375,-3.5,0,2,0,0,0,0,0,0,0,0,0,-4.33680869e-19,-0,-1.293984181e-34,-2.484808345e-17,-0,-7.413983235e-33,0,0,0,0,0,0,0,0,0,0,0,0,0,0,0,0,0,-0,-0,-0,-0,-0,-0,-0,-0,0,0,0,0,0,0,0
5.643,-3.5,0,2,0,0,0,0,0,0,0,0,0,-4.33680869e-19,-0,-1.293984181e-34,-2.484808345e-17,-0,-7.413983235e-33,0,0,0,0,0,0,0,0,0,0,0,0,0,0,0,0,0,-0,-0,-0,-0,-0,-0,-0,-0,0,0,0,0,0,0,0
5.6485,-3.5,0,2,0,0,0,0,0,0,0,0,0,-4.33680869e-19,-0,-1.293984181e-34,-2.484808345e-17,-0,-7.413983235e-33,0,0,0,0,0,0,0,0,0,0,0,0,0,0,0,0,0,-0,-0,-0,-0,-0,-0,-0,-0,0,0,0,0,0,0,0
5.654,-3.5,0,2,0,0,0,0,0,0,0,0,0,-4.33680869e-19,-0,-1.293984181e-34,-2.484808345e-17,-0,-7.413983235e-33,0,0,0,0,0,0,0,0,0,0,0,0,0,0,0,0,0,-0,-0,-0,-0,-0,-0,-0,-0,0,0,0,0,0,0,0
5.6595,-3.5,0,2,0,0,0,0,0,0,0,0,0,-4.33680869e-19,-0,-1.293984181e-34,-2.484808345e-17,-0,-7.413983235e-33,0,0,0,0,0,0,0,0,0,0,0,0,0,0,0,0,0,-0,-0,-0,-0,-0,-0,-0,-0,0,0,0,0,0,0,0
5.665,-3.5,0,2,0,0,0,0,0,0,0,0,0,-4.33680869e-19,-0,-1.293984181e-34,-2.484808345e-17,-0,-7.413983235e-33,0,0,0,0,0,0,0,0,0,0,0,0,0,0,0,0,0,-0,-0,-0,-0,-0,-0,-0,-0,0,0,0,0,0,0,0
5.6705,-3.5,0,2,0,0,0,0,0,0,0,0,0,-4.33680869e-19,-0,-1.293984181e-34,-2.484808345e-17,-0,-7.413983235e-33,0,0,0,0,0,0,0,0,0,0,0,0,0,0,0,0,0,-0,-0,-0,-0,-0,-0,-0,-0,0,0,0,0,0,0,0
5.676,-3.5,0,2,0,0,0,0,0,0,0,0,0,-4.33680869e-19,-0,-1.293984181e-34,-2.484808345e-17,-0,-7.413983235e-33,0,0,0,0,0,0,0,0,0,0,0,0,0,0,0,0,0,-0,-0,-0,-0,-0,-0,-0,-0,0,0,0,0,0,0,0
5.6815,-3.5,0,2,0,0,0,0,0,0,0,0,0,-4.33680869e-19,-0,-1.293984181e-34,-2.484808345e-17,-0,-7.413983235e-33,0,0,0,0,0,0,0,0,0,0,0,0,0,0,0,0,0,-0,-0,-0,-0,-0,-0,-0,-0,0,0,0,0,0,0,0
5.687,-3.5,0,2,0,0,0,0,0,0,0,0,0,-4.33680869e-19,-0,-1.293984181e-34,-2.484808345e-17,-0,-7.413983235e-33,0,0,0,0,0,0,0,0,0,0,0,0,0,0,0,0,0,-0,-0,-0,-0,-0,-0,-0,-0,0,0,0,0,0,0,0
5.6925,-3.5,0,2,0,0,0,0,0,0,0,0,0,-4.33680869e-19,-0,-1.293984181e-34,-2.484808345e-17,-0,-7.413983235e-33,0,0,0,0,0,0,0,0,0,0,0,0,0,0,0,0,0,-0,-0,-0,-0,-0,-0,-0,-0,0,0,0,0,0,0,0
5.698,-3.5,0,2,0,0,0,0,0,0,0,0,0,-4.33680869e-19,-0,-1.293984181e-34,-2.484808345e-17,-0,-7.413983235e-33,0,0,0,0,0,0,0,0,0,0,0,0,0,0,0,0,0,-0,-0,-0,-0,-0,-0,-0,-0,0,0,0,0,0,0,0
5.7035,-3.5,0,2,0,0,0,0,0,0,0,0,0,-4.33680869e-19,-0,-1.293984181e-34,-2.484808345e-17,-0,-7.413983235e-33,0,0,0,0,0,0,0,0,0,0,0,0,0,0,0,0,0,-0,-0,-0,-0,-0,-0,-0,-0,0,0,0,0,0,0,0
5.709,-3.5,0,2,0,0,0,0,0,0,0,0,0,-4.33680869e-19,-0,-1.293984181e-34,-2.484808345e-17,-0,-7.413983235e-33,0,0,0,0,0,0,0,0,0,0,0,0,0,0,0,0,0,-0,-0,-0,-0,-0,-0,-0,-0,0,0,0,0,0,0,0
5.7145,-3.5,0,2,0,0,0,0,0,0,0,0,0,-4.33680869e-19,-0,-1.293984181e-34,-2.484808345e-17,-0,-7.413983235e-33,0,0,0,0,0,0,0,0,0,0,0,0,0,0,0,0,0,-0,-0,-0,-0,-0,-0,-0,-0,0,0,0,0,0,0,0
5.72,-3.5,0,2,0,0,0,0,0,0,0,0,0,-4.33680869e-19,-0,-1.293984181e-34,-2.484808345e-17,-0,-7.413983235e-33,0,0,0,0,0,0,0,0,0,0,0,0,0,0,0,0,0,-0,-0,-0,-0,-0,-0,-0,-0,0,0,0,0,0,0,0
5.7255,-3.5,0,2,0,0,0,0,0,0,0,0,0,-4.33680869e-19,-0,-1.293984181e-34,-2.484808345e-17,-0,-7.413983235e-33,0,0,0,0,0,0,0,0,0,0,0,0,0,0,0,0,0,-0,-0,-0,-0,-0,-0,-0,-0,0,0,0,0,0,0,0
5.731,-3.5,0,2,0,0,0,0,0,0,0,0,0,-4.33680869e-19,-0,-1.293984181e-34,-2.484808345e-17,-0,-7.413983235e-33,0,0,0,0,0,0,0,0,0,0,0,0,0,0,0,0,0,-0,-0,-0,-0,-0,-0,-0,-0,0,0,0,0,0,0,0
5.7365,-3.5,0,2,0,0,0,0,0,0,0,0,0,-4.33680869e-19,-0,-1.293984181e-34,-2.484808345e-17,-0,-7.413983235e-33,0,0,0,0,0,0,0,0,0,0,0,0,0,0,0,0,0,-0,-0,-0,-0,-0,-0,-0,-0,0,0,0,0,0,0,0
5.742,-3.5,0,2,0,0,0,0,0,0,0,0,0,-4.33680869e-19,-0,-1.293984181e-34,-2.484808345e-17,-0,-7.413983235e-33,0,0,0,0,0,0,0,0,0,0,0,0,0,0,0,0,0,-0,-0,-0,-0,-0,-0,-0,-0,0,0,0,0,0,0,0
5.7475,-3.5,0,2,0,0,0,0,0,0,0,0,0,-4.33680869e-19,-0,-1.293984181e-34,-2.484808345e-17,-0,-7.413983235e-33,0,0,0,0,0,0,0,0,0,0,0,0,0,0,0,0,0,-0,-0,-0,-0,-0,-0,-0,-0,0,0,0,0,0,0,0
5.753,-3.5,0,2,0,0,0,0,0,0,0,0,0,-4.33680869e-19,-0,-1.293984181e-34,-2.484808345e-17,-0,-7.413983235e-33,0,0,0,0,0,0,0,0,0,0,0,0,0,0,0,0,0,-0,-0,-0,-0,-0,-0,-0,-0,0,0,0,0,0,0,0
5.7585,-3.5,0,2,0,0,0,0,0,0,0,0,0,-4.33680869e-19,-0,-1.293984181e-34,-2.484808345e-17,-0,-7.413983235e-33,0,0,0,0,0,0,0,0,0,0,0,0,0,0,0,0,0,-0,-0,-0,-0,-0,-0,-0,-0,0,0,0,0,0,0,0
5.764,-3.5,0,2,0,0,0,0,0,0,0,0,0,-4.33680869e-19,-0,-1.293984181e-34,-2.484808345e-17,-0,-7.413983235e-33,0,0,0,0,0,0,0,0,0,0,0,0,0,0,0,0,0,-0,-0,-0,-0,-0,-0,-0,-0,0,0,0,0,0,0,0
5.7695,-3.5,0,2,0,0,0,0,0,0,0,0,0,-4.33680869e-19,-0,-1.293984181e-34,-2.484808345e-17,-0,-7.413983235e-33,0,0,0,0,0,0,0,0,0,0,0,0,0,0,0,0,0,-0,-0,-0,-0,-0,-0,-0,-0,0,0,0,0,0,0,0
5.775,-3.5,0,2,0,0,0,0,0,0,0,0,0,-4.33680869e-19,-0,-1.293984181e-34,-2.484808345e-17,-0,-7.413983235e-33,0,0,0,0,0,0,0,0,0,0,0,0,0,0,0,0,0,-0,-0,-0,-0,-0,-0,-0,-0,0,0,0,0,0,0,0
5.7805,-3.5,0,2,0,0,0,0,0,0,0,0,0,-4.33680869e-19,-0,-1.293984181e-34,-2.484808345e-17,-0,-7.413983235e-33,0,0,0,0,0,0,0,0,0,0,0,0,0,0,0,0,0,-0,-0,-0,-0,-0,-0,-0,-0,0,0,0,0,0,0,0
5.786,-3.5,0,2,0,0,0,0,0,0,0,0,0,-4.33680869e-19,-0,-1.293984181e-34,-2.484808345e-17,-0,-7.413983235e-33,0,0,0,0,0,0,0,0,0,0,0,0,0,0,0,0,0,-0,-0,-0,-0,-0,-0,-0,-0,0,0,0,0,0,0,0
5.7915,-3.5,0,2,0,0,0,0,0,0,0,0,0,-4.33680869e-19,-0,-1.293984181e-34,-2.484808345e-17,-0,-7.413983235e-33,0,0,0,0,0,0,0,0,0,0,0,0,0,0,0,0,0,-0,-0,-0,-0,-0,-0,-0,-0,0,0,0,0,0,0,0
5.797,-3.5,0,2,0,0,0,0,0,0,0,0,0,-4.33680869e-19,-0,-1.293984181e-34,-2.484808345e-17,-0,-7.413983235e-33,0,0,0,0,0,0,0,0,0,0,0,0,0,0,0,0,0,-0,-0,-0,-0,-0,-0,-0,-0,0,0,0,0,0,0,0
5.8025,-3.5,0,2,0,0,0,0,0,0,0,0,0,-4.33680869e-19,-0,-1.293984181e-34,-2.484808345e-17,-0,-7.413983235e-33,0,0,0,0,0,0,0,0,0,0,0,0,0,0,0,0,0,-0,-0,-0,-0,-0,-0,-0,-0,0,0,0,0,0,0,0
5.808,-3.5,0,2,0,0,0,0,0,0,0,0,0,-4.33680869e-19,-0,-1.293984181e-34,-2.484808345e-17,-0,-7.413983235e-33,0,0,0,0,0,0,0,0,0,0,0,0,0,0,0,0,0,-0,-0,-0,-0,-0,-0,-0,-0,0,0,0,0,0,0,0
5.8135,-3.5,0,2,0,0,0,0,0,0,0,0,0,-4.33680869e-19,-0,-1.293984181e-34,-2.484808345e-17,-0,-7.413983235e-33,0,0,0,0,0,0,0,0,0,0,0,0,0,0,0,0,0,-0,-0,-0,-0,-0,-0,-0,-0,0,0,0,0,0,0,0
5.819,-3.5,0,2,0,0,0,0,0,0,0,0,0,-4.33680869e-19,-0,-1.293984181e-34,-2.484808345e-17,-0,-7.413983235e-33,0,0,0,0,0,0,0,0,0,0,0,0,0,0,0,0,0,-0,-0,-0,-0,-0,-0,-0,-0,0,0,0,0,0,0,0
5.8245,-3.5,0,2,0,0,0,0,0,0,0,0,0,-4.33680869e-19,-0,-1.293984181e-34,-2.484808345e-17,-0,-7.413983235e-33,0,0,0,0,0,0,0,0,0,0,0,0,0,0,0,0,0,-0,-0,-0,-0,-0,-0,-0,-0,0,0,0,0,0,0,0
5.83,-3.5,0,2,0,0,0,0,0,0,0,0,0,-4.33680869e-19,-0,-1.293984181e-34,-2.484808345e-17,-0,-7.413983235e-33,0,0,0,0,0,0,0,0,0,0,0,0,0,0,0,0,0,-0,-0,-0,-0,-0,-0,-0,-0,0,0,0,0,0,0,0
5.8355,-3.5,0,2,0,0,0,0,0,0,0,0,0,-4.33680869e-19,-0,-1.293984181e-34,-2.484808345e-17,-0,-7.413983235e-33,0,0,0,0,0,0,0,0,0,0,0,0,0,0,0,0,0,-0,-0,-0,-0,-0,-0,-0,-0,0,0,0,0,0,0,0
5.841,-3.5,0,2,0,0,0,0,0,0,0,0,0,-4.33680869e-19,-0,-1.293984181e-34,-2.484808345e-17,-0,-7.413983235e-33,0,0,0,0,0,0,0,0,0,0,0,0,0,0,0,0,0,-0,-0,-0,-0,-0,-0,-0,-0,0,0,0,0,0,0,0
5.8465,-3.5,0,2,0,0,0,0,0,0,0,0,0,-4.33680869e-19,-0,-1.293984181e-34,-2.484808345e-17,-0,-7.413983235e-33,0,0,0,0,0,0,0,0,0,0,0,0,0,0,0,0,0,-0,-0,-0,-0,-0,-0,-0,-0,0,0,0,0,0,0,0
5.852,-3.5,0,2,0,0,0,0,0,0,0,0,0,-4.33680869e-19,-0,-1.293984181e-34,-2.484808345e-17,-0,-7.413983235e-33,0,0,0,0,0,0,0,0,0,0,0,0,0,0,0,0,0,-0,-0,-0,-0,-0,-0,-0,-0,0,0,0,0,0,0,0
5.8575,-3.5,0,2,0,0,0,0,0,0,0,0,0,-4.33680869e-19,-0,-1.293984181e-34,-2.484808345e-17,-0,-7.413983235e-33,0,0,0,0,0,0,0,0,0,0,0,0,0,0,0,0,0,-0,-0,-0,-0,-0,-0,-0,-0,0,0,0,0,0,0,0
5.863,-3.5,0,2,0,0,0,0,0,0,0,0,0,-4.33680869e-19,-0,-1.293984181e-34,-2.484808345e-17,-0,-7.413983235e-33,0,0,0,0,0,0,0,0,0,0,0,0,0,0,0,0,0,-0,-0,-0,-0,-0,-0,-0,-0,0,0,0,0,0,0,0
5.8685,-3.5,0,2,0,0,0,0,0,0,0,0,0,-4.33680869e-19,-0,-1.293984181e-34,-2.484808345e-17,-0,-7.413983235e-33,0,0,0,0,0,0,0,0,0,0,0,0,0,0,0,0,0,-0,-0,-0,-0,-0,-0,-0,-0,0,0,0,0,0,0,0
5.874,-3.5,0,2,0,0,0,0,0,0,0,0,0,-4.33680869e-19,-0,-1.293984181e-34,-2.484808345e-17,-0,-7.413983235e-33,0,0,0,0,0,0,0,0,0,0,0,0,0,0,0,0,0,-0,-0,-0,-0,-0,-0,-0,-0,0,0,0,0,0,0,0
5.8795,-3.5,0,2,0,0,0,0,0,0,0,0,0,-4.33680869e-19,-0,-1.293984181e-34,-2.484808345e-17,-0,-7.413983235e-33,0,0,0,0,0,0,0,0,0,0,0,0,0,0,0,0,0,-0,-0,-0,-0,-0,-0,-0,-0,0,0,0,0,0,0,0
5.885,-3.5,0,2,0,0,0,0,0,0,0,0,0,-4.33680869e-19,-0,-1.293984181e-34,-2.484808345e-17,-0,-7.413983235e-33,0,0,0,0,0,0,0,0,0,0,0,0,0,0,0,0,0,-0,-0,-0,-0,-0,-0,-0,-0,0,0,0,0,0,0,0
5.8905,-3.5,0,2,0,0,0,0,0,0,0,0,0,-4.33680869e-19,-0,-1.293984181e-34,-2.484808345e-17,-0,-7.413983235e-33,0,0,0,0,0,0,0,0,0,0,0,0,0,0,0,0,0,-0,-0,-0,-0,-0,-0,-0,-0,0,0,0,0,0,0,0
5.896,-3.5,0,2,0,0,0,0,0,0,0,0,0,-4.33680869e-19,-0,-1.293984181e-34,-2.484808345e-17,-0,-7.413983235e-33,0,0,0,0,0,0,0,0,0,0,0,0,0,0,0,0,0,-0,-0,-0,-0,-0,-0,-0,-0,0,0,0,0,0,0,0
5.9015,-3.5,0,2,0,0,0,0,0,0,0,0,0,-4.33680869e-19,-0,-1.293984181e-34,-2.484808345e-17,-0,-7.413983235e-33,0,0,0,0,0,0,0,0,0,0,0,0,0,0,0,0,0,-0,-0,-0,-0,-0,-0,-0,-0,0,0,0,0,0,0,0
5.907,-3.5,0,2,0,0,0,0,0,0,0,0,0,-4.33680869e-19,-0,-1.293984181e-34,-2.484808345e-17,-0,-7.413983235e-33,0,0,0,0,0,0,0,0,0,0,0,0,0,0,0,0,0,-0,-0,-0,-0,-0,-0,-0,-0,0,0,0,0,0,0,0
5.9125,-3.5,0,2,0,0,0,0,0,0,0,0,0,-4.33680869e-19,-0,-1.293984181e-34,-2.484808345e-17,-0,-7.413983235e-33,0,0,0,0,0,0,0,0,0,0,0,0,0,0,0,0,0,-0,-0,-0,-0,-0,-0,-0,-0,0,0,0,0,0,0,0
5.918,-3.5,0,2,0,0,0,0,0,0,0,0,0,-4.33680869e-19,-0,-1.293984181e-34,-2.484808345e-17,-0,-7.413983235e-33,0,0,0,0,0,0,0,0,0,0,0,0,0,0,0,0,0,-0,-0,-0,-0,-0,-0,-0,-0,0,0,0,0,0,0,0
5.9235,-3.5,0,2,0,0,0,0,0,0,0,0,0,-4.33680869e-19,-0,-1.293984181e-34,-2.484808345e-17,-0,-7.413983235e-33,0,0,0,0,0,0,0,0,0,0,0,0,0,0,0,0,0,-0,-0,-0,-0,-0,-0,-0,-0,0,0,0,0,0,0,0
5.929,-3.5,0,2,0,0,0,0,0,0,0,0,0,-4.33680869e-19,-0,-1.293984181e-34,-2.484808345e-17,-0,-7.413983235e-33,0,0,0,0,0,0,0,0,0,0,0,0,0,0,0,0,0,-0,-0,-0,-0,-0,-0,-0,-0,0,0,0,0,0,0,0
5.9345,-3.5,0,2,0,0,0,0,0,0,0,0,0,-4.33680869e-19,-0,-1.293984181e-34,-2.484808345e-17,-0,-7.413983235e-33,0,0,0,0,0,0,0,0,0,0,0,0,0,0,0,0,0,-0,-0,-0,-0,-0,-0,-0,-0,0,0,0,0,0,0,0
5.94,-3.5,0,2,0,0,0,0,0,0,0,0,0,-4.33680869e-19,-0,-1.293984181e-34,-2.484808345e-17,-0,-7.413983235e-33,0,0,0,0,0,0,0,0,0,0,0,0,0,0,0,0,0,-0,-0,-0,-0,-0,-0,-0,-0,0,0,0,0,0,0,0
5.9455,-3.5,0,2,0,0,0,0,0,0,0,0,0,-4.33680869e-19,-0,-1.293984181e-34,-2.484808345e-17,-0,-7.413983235e-33,0,0,0,0,0,0,0,0,0,0,0,0,0,0,0,0,0,-0,-0,-0,-0,-0,-0,-0,-0,0,0,0,0,0,0,0
5.951,-3.5,0,2,0,0,0,0,0,0,0,0,0,-4.33680869e-19,-0,-1.293984181e-34,-2.484808345e-17,-0,-7.413983235e-33,0,0,0,0,0,0,0,0,0,0,0,0,0,0,0,0,0,-0,-0,-0,-0,-0,-0,-0,-0,0,0,0,0,0,0,0
5.9565,-3.5,0,2,0,0,0,0,0,0,0,0,0,-4.33680869e-19,-0,-1.293984181e-34,-2.484808345e-17,-0,-7.413983235e-33,0,0,0,0,0,0,0,0,0,0,0,0,0,0,0,0,0,-0,-0,-0,-0,-0,-0,-0,-0,0,0,0,0,0,0,0
5.962,-3.5,0,2,0,0,0,0,0,0,0,0,0,-4.33680869e-19,-0,-1.293984181e-34,-2.484808345e-17,-0,-7.413983235e-33,0,0,0,0,0,0,0,0,0,0,0,0,0,0,0,0,0,-0,-0,-0,-0,-0,-0,-0,-0,0,0,0,0,0,0,0
5.9675,-3.5,0,2,0,0,0,0,0,0,0,0,0,-4.33680869e-19,-0,-1.293984181e-34,-2.484808345e-17,-0,-7.413983235e-33,0,0,0,0,0,0,0,0,0,0,0,0,0,0,0,0,0,-0,-0,-0,-0,-0,-0,-0,-0,0,0,0,0,0,0,0
5.973,-3.5,0,2,0,0,0,0,0,0,0,0,0,-4.33680869e-19,-0,-1.293984181e-34,-2.484808345e-17,-0,-7.413983235e-33,0,0,0,0,0,0,0,0,0,0,0,0,0,0,0,0,0,-0,-0,-0,-0,-0,-0,-0,-0,0,0,0,0,0,0,0
5.9785,-3.5,0,2,0,0,0,0,0,0,0,0,0,-4.33680869e-19,-0,-1.293984181e-34,-2.484808345e-17,-0,-7.413983235e-33,0,0,0,0,0,0,0,0,0,0,0,0,0,0,0,0,0,-0,-0,-0,-0,-0,-0,-0,-0,0,0,0,0,0,0,0
5.984,-3.5,0,2,0,0,0,0,0,0,0,0,0,-4.33680869e-19,-0,-1.293984181e-34,-2.484808345e-17,-0,-7.413983235e-33,0,0,0,0,0,0,0,0,0,0,0,0,0,0,0,0,0,-0,-0,-0,-0,-0,-0,-0,-0,0,0,0,0,0,0,0
5.9895,-3.5,0,2,0,0,0,0,0,0,0,0,0,-4.33680869e-19,-0,-1.293984181e-34,-2.484808345e-17,-0,-7.413983235e-33,0,0,0,0,0,0,0,0,0,0,0,0,0,0,0,0,0,-0,-0,-0,-0,-0,-0,-0,-0,0,0,0,0,0,0,0
5.995,-3.5,0,2,0,0,0,0,0,0,0,0,0,-4.33680869e-19,-0,-1.293984181e-34,-2.484808345e-17,-0,-7.413983235e-33,0,0,0,0,0,0,0,0,0,0,0,0,0,0,0,0,0,-0,-0,-0,-0,-0,-0,-0,-0,0,0,0,0,0,0,0
6.0005,-3.5,0,2,0,0,0,0,0,0,0,0,0,-4.33680869e-19,-0,-1.293984181e-34,-2.484808345e-17,-0,-7.413983235e-33,0,0,0,0,0,0,0,0,0,0,0,0,0,0,0,0,0,-0,-0,-0,-0,-0,-0,-0,-0,0,0,0,0,0,0,0
6.006,-3.5,0,2,0,0,0,0,0,0,0,0,0,-4.33680869e-19,-0,-1.293984181e-34,-2.484808345e-17,-0,-7.413983235e-33,0,0,0,0,0,0,0,0,0,0,0,0,0,0,0,0,0,-0,-0,-0,-0,-0,-0,-0,-0,0,0,0,0,0,0,0
6.0115,-3.5,0,2,0,0,0,0,0,0,0,0,0,-4.33680869e-19,-0,-1.293984181e-34,-2.484808345e-17,-0,-7.413983235e-33,0,0,0,0,0,0,0,0,0,0,0,0,0,0,0,0,0,-0,-0,-0,-0,-0,-0,-0,-0,0,0,0,0,0,0,0
6.017,-3.5,0,2,0,0,0,0,0,0,0,0,0,-4.33680869e-19,-0,-1.293984181e-34,-2.484808345e-17,-0,-7.413983235e-33,0,0,0,0,0,0,0,0,0,0,0,0,0,0,0,0,0,-0,-0,-0,-0,-0,-0,-0,-0,0,0,0,0,0,0,0
6.0225,-3.5,0,2,0,0,0,0,0,0,0,0,0,-4.33680869e-19,-0,-1.293984181e-34,-2.484808345e-17,-0,-7.413983235e-33,0,0,0,0,0,0,0,0,0,0,0,0,0,0,0,0,0,-0,-0,-0,-0,-0,-0,-0,-0,0,0,0,0,0,0,0
6.028,-3.5,0,2,0,0,0,0,0,0,0,0,0,-4.33680869e-19,-0,-1.293984181e-34,-2.484808345e-17,-0,-7.413983235e-33,0,0,0,0,0,0,0,0,0,0,0,0,0,0,0,0,0,-0,-0,-0,-0,-0,-0,-0,-0,0,0,0,0,0,0,0
6.0335,-3.5,0,2,0,0,0,0,0,0,0,0,0,-4.33680869e-19,-0,-1.293984181e-34,-2.484808345e-17,-0,-7.413983235e-33,0,0,0,0,0,0,0,0,0,0,0,0,0,0,0,0,0,-0,-0,-0,-0,-0,-0,-0,-0,0,0,0,0,0,0,0
6.039,-3.5,0,2,0,0,0,0,0,0,0,0,0,-4.33680869e-19,-0,-1.293984181e-34,-2.484808345e-17,-0,-7.413983235e-33,0,0,0,0,0,0,0,0,0,0,0,0,0,0,0,0,0,-0,-0,-0,-0,-0,-0,-0,-0,0,0,0,0,0,0,0
6.0445,-3.5,0,2,0,0,0,0,0,0,0,0,0,-4.33680869e-19,-0,-1.293984181e-34,-2.484808345e-17,-0,-7.413983235e-33,0,0,0,0,0,0,0,0,0,0,0,0,0,0,0,0,0,-0,-0,-0,-0,-0,-0,-0,-0,0,0,0,0,0,0,0
6.05,-3.5,0,2,0,0,0,0,0,0,0,0,0,-4.33680869e-19,-0,-1.293984181e-34,-2.484808345e-17,-0,-7.413983235e-33,0,0,0,0,0,0,0,0,0,0,0,0,0,0,0,0,0,-0,-0,-0,-0,-0,-0,-0,-0,0,0,0,0,0,0,0
6.0555,-3.5,0,2,0,0,0,0,0,0,0,0,0,-4.33680869e-19,-0,-1.293984181e-34,-2.484808345e-17,-0,-7.413983235e-33,0,0,0,0,0,0,0,0,0,0,0,0,0,0,0,0,0,-0,-0,-0,-0,-0,-0,-0,-0,0,0,0,0,0,0,0
6.061,-3.5,0,2,0,0,0,0,0,0,0,0,0,-4.33680869e-19,-0,-1.293984181e-34,-2.484808345e-17,-0,-7.413983235e-33,0,0,0,0,0,0,0,0,0,0,0,0,0,0,0,0,0,-0,-0,-0,-0,-0,-0,-0,-0,0,0,0,0,0,0,0
6.0665,-3.5,0,2,0,0,0,0,0,0,0,0,0,-4.33680869e-19,-0,-1.293984181e-34,-2.484808345e-17,-0,-7.413983235e-33,0,0,0,0,0,0,0,0,0,0,0,0,0,0,0,0,0,-0,-0,-0,-0,-0,-0,-0,-0,0,0,0,0,0,0,0
6.072,-3.5,0,2,0,0,0,0,0,0,0,0,0,-4.33680869e-19,-0,-1.293984181e-34,-2.484808345e-17,-0,-7.413983235e-33,0,0,0,0,0,0,0,0,0,0,0,0,0,0,0,0,0,-0,-0,-0,-0,-0,-0,-0,-0,0,0,0,0,0,0,0
6.0775,-3.5,0,2,0,0,0,0,0,0,0,0,0,-4.33680869e-19,-0,-1.293984181e-34,-2.484808345e-17,-0,-7.413983235e-33,0,0,0,0,0,0,0,0,0,0,0,0,0,0,0,0,0,-0,-0,-0,-0,-0,-0,-0,-0,0,0,0,0,0,0,0
6.083,-3.5,0,2,0,0,0,0,0,0,0,0,0,-4.33680869e-19,-0,-1.293984181e-34,-2.484808345e-17,-0,-7.413983235e-33,0,0,0,0,0,0,0,0,0,0,0,0,0,0,0,0,0,-0,-0,-0,-0,-0,-0,-0,-0,0,0,0,0,0,0,0
6.0885,-3.5,0,2,0,0,0,0,0,0,0,0,0,-4.33680869e-19,-0,-1.293984181e-34,-2.484808345e-17,-0,-7.413983235e-33,0,0,0,0,0,0,0,0,0,0,0,0,0,0,0,0,0,-0,-0,-0,-0,-0,-0,-0,-0,0,0,0,0,0,0,0
6.094,-3.5,0,2,0,0,0,0,0,0,0,0,0,-4.33680869e-19,-0,-1.293984181e-34,-2.484808345e-17,-0,-7.413983235e-33,0,0,0,0,0,0,0,0,0,0,0,0,0,0,0,0,0,-0,-0,-0,-0,-0,-0,-0,-0,0,0,0,0,0,0,0
6.0995,-3.5,0,2,0,0,0,0,0,0,0,0,0,-4.33680869e-19,-0,-1.293984181e-34,-2.484808345e-17,-0,-7.413983235e-33,0,0,0,0,0,0,0,0,0,0,0,0,0,0,0,0,0,-0,-0,-0,-0,-0,-0,-0,-0,0,0,0,0,0,0,0
6.105,-3.5,0,2,0,0,0,0,0,0,0,0,0,-4.33680869e-19,-0,-1.293984181e-34,-2.484808345e-17,-0,-7.413983235e-33,0,0,0,0,0,0,0,0,0,0,0,0,0,0,0,0,0,-0,-0,-0,-0,-0,-0,-0,-0,0,0,0,0,0,0,0
6.1105,-3.5,0,2,0,0,0,0,0,0,0,0,0,-4.33680869e-19,-0,-1.293984181e-34,-2.484808345e-17,-0,-7.413983235e-33,0,0,0,0,0,0,0,0,0,0,0,0,0,0,0,0,0,-0,-0,-0,-0,-0,-0,-0,-0,0,0,0,0,0,0,0
6.116,-3.5,0,2,0,0,0,0,0,0,0,0,0,-4.33680869e-19,-0,-1.293984181e-34,-2.484808345e-17,-0,-7.413983235e-33,0,0,0,0,0,0,0,0,0,0,0,0,0,0,0,0,0,-0,-0,-0,-0,-0,-0,-0,-0,0,0,0,0,0,0,0
6.1215,-3.5,0,2,0,0,0,0,0,0,0,0,0,-4.33680869e-19,-0,-1.293984181e-34,-2.484808345e-17,-0,-7.413983235e-33,0,0,0,0,0,0,0,0,0,0,0,0,0,0,0,0,0,-0,-0,-0,-0,-0,-0,-0,-0,0,0,0,0,0,0,0
6.127,-3.5,0,2,0,0,0,0,0,0,0,0,0,-4.33680869e-19,-0,-1.293984181e-34,-2.484808345e-17,-0,-7.413983235e-33,0,0,0,0,0,0,0,0,0,0,0,0,0,0,0,0,0,-0,-0,-0,-0,-0,-0,-0,-0,0,0,0,0,0,0,0
6.1325,-3.5,0,2,0,0,0,0,0,0,0,0,0,-4.33680869e-19,-0,-1.293984181e-34,-2.484808345e-17,-0,-7.413983235e-33,0,0,0,0,0,0,0,0,0,0,0,0,0,0,0,0,0,-0,-0,-0,-0,-0,-0,-0,-0,0,0,0,0,0,0,0
6.138,-3.5,0,2,0,0,0,0,0,0,0,0,0,-4.33680869e-19,-0,-1.293984181e-34,-2.484808345e-17,-0,-7.413983235e-33,0,0,0,0,0,0,0,0,0,0,0,0,0,0,0,0,0,-0,-0,-0,-0,-0,-0,-0,-0,0,0,0,0,0,0,0
6.1435,-3.5,0,2,0,0,0,0,0,0,0,0,0,-4.33680869e-19,-0,-1.293984181e-34,-2.484808345e-17,-0,-7.413983235e-33,0,0,0,0,0,0,0,0,0,0,0,0,0,0,0,0,0,-0,-0,-0,-0,-0,-0,-0,-0,0,0,0,0,0,0,0
6.149,-3.5,0,2,0,0,0,0,0,0,0,0,0,-4.33680869e-19,-0,-1.293984181e-34,-2.484808345e-17,-0,-7.413983235e-33,0,0,0,0,0,0,0,0,0,0,0,0,0,0,0,0,0,-0,-0,-0,-0,-0,-0,-0,-0,0,0,0,0,0,0,0
6.1545,-3.5,0,2,0,0,0,0,0,0,0,0,0,-4.33680869e-19,-0,-1.293984181e-34,-2.484808345e-17,-0,-7.413983235e-33,0,0,0,0,0,0,0,0,0,0,0,0,0,0,0,0,0,-0,-0,-0,-0,-0,-0,-0,-0,0,0,0,0,0,0,0
6.16,-3.5,0,2,0,0,0,0,0,0,0,0,0,-4.33680869e-19,-0,-1.293984181e-34,-2.484808345e-17,-0,-7.413983235e-33,0,0,0,0,0,0,0,0,0,0,0,0,0,0,0,0,0,-0,-0,-0,-0,-0,-0,-0,-0,0,0,0,0,0,0,0
6.1655,-3.5,0,2,0,0,0,0,0,0,0,0,0,-4.33680869e-19,-0,-1.293984181e-34,-2.484808345e-17,-0,-7.413983235e-33,0,0,0,0,0,0,0,0,0,0,0,0,0,0,0,0,0,-0,-0,-0,-0,-0,-0,-0,-0,0,0,0,0,0,0,0
6.171,-3.5,0,2,0,0,0,0,0,0,0,0,0,-4.33680869e-19,-0,-1.293984181e-34,-2.484808345e-17,-0,-7.413983235e-33,0,0,0,0,0,0,0,0,0,0,0,0,0,0,0,0,0,-0,-0,-0,-0,-0,-0,-0,-0,0,0,0,0,0,0,0
6.1765,-3.5,0,2,0,0,0,0,0,0,0,0,0,-4.33680869e-19,-0,-1.293984181e-34,-2.484808345e-17,-0,-7.413983235e-33,0,0,0,0,0,0,0,0,0,0,0,0,0,0,0,0,0,-0,-0,-0,-0,-0,-0,-0,-0,0,0,0,0,0,0,0
6.182,-3.5,0,2,0,0,0,0,0,0,0,0,0,-4.33680869e-19,-0,-1.293984181e-34,-2.484808345e-17,-0,-7.413983235e-33,0,0,0,0,0,0,0,0,0,0,0,0,0,0,0,0,0,-0,-0,-0,-0,-0,-0,-0,-0,0,0,0,0,0,0,0
6.1875,-3.5,0,2,0,0,0,0,0,0,0,0,0,-4.33680869e-19,-0,-1.293984181e-34,-2.484808345e-17,-0,-7.413983235e-33,0,0,0,0,0,0,0,0,0,0,0,0,0,0,0,0,0,-0,-0,-0,-0,-0,-0,-0,-0,0,0,0,0,0,0,0
6.193,-3.5,0,2,0,0,0,0,0,0,0,0,0,-4.33680869e-19,-0,-1.293984181e-34,-2.484808345e-17,-0,-7.413983235e-33,0,0,0,0,0,0,0,0,0,0,0,0,0,0,0,0,0,-0,-0,-0,-0,-0,-0,-0,-0,0,0,0,0,0,0,0
6.1985,-3.5,0,2,0,0,0,0,0,0,0,0,0,-4.33680869e-19,-0,-1.293984181e-34,-2.484808345e-17,-0,-7.413983235e-33,0,0,0,0,0,0,0,0,0,0,0,0,0,0,0,0,0,-0,-0,-0,-0,-0,-0,-0,-0,0,0,0,0,0,0,0
6.204,-3.5,0,2,0,0,0,0,0,0,0,0,0,-4.33680869e-19,-0,-1.293984181e-34,-2.484808345e-17,-0,-7.413983235e-33,0,0,0,0,0,0,0,0,0,0,0,0,0,0,0,0,0,-0,-0,-0,-0,-0,-0,-0,-0,0,0,0,0,0,0,0
6.2095,-3.5,0,2,0,0,0,0,0,0,0,0,0,-4.33680869e-19,-0,-1.293984181e-34,-2.484808345e-17,-0,-7.413983235e-33,0,0,0,0,0,0,0,0,0,0,0,0,0,0,0,0,0,-0,-0,-0,-0,-0,-0,-0,-0,0,0,0,0,0,0,0
6.215,-3.5,0,2,0,0,0,0,0,0,0,0,0,-4.33680869e-19,-0,-1.293984181e-34,-2.484808345e-17,-0,-7.413983235e-33,0,0,0,0,0,0,0,0,0,0,0,0,0,0,0,0,0,-0,-0,-0,-0,-0,-0,-0,-0,0,0,0,0,0,0,0
6.2205,-3.5,0,2,0,0,0,0,0,0,0,0,0,-4.33680869e-19,-0,-1.293984181e-34,-2.484808345e-17,-0,-7.413983235e-33,0,0,0,0,0,0,0,0,0,0,0,0,0,0,0,0,0,-0,-0,-0,-0,-0,-0,-0,-0,0,0,0,0,0,0,0
6.226,-3.5,0,2,0,0,0,0,0,0,0,0,0,-4.33680869e-19,-0,-1.293984181e-34,-2.484808345e-17,-0,-7.413983235e-33,0,0,0,0,0,0,0,0,0,0,0,0,0,0,0,0,0,-0,-0,-0,-0,-0,-0,-0,-0,0,0,0,0,0,0,0
6.2315,-3.5,0,2,0,0,0,0,0,0,0,0,0,-4.33680869e-19,-0,-1.293984181e-34,-2.484808345e-17,-0,-7.413983235e-33,0,0,0,0,0,0,0,0,0,0,0,0,0,0,0,0,0,-0,-0,-0,-0,-0,-0,-0,-0,0,0,0,0,0,0,0
6.237,-3.5,0,2,0,0,0,0,0,0,0,0,0,-4.33680869e-19,-0,-1.293984181e-34,-2.484808345e-17,-0,-7.413983235e-33,0,0,0,0,0,0,0,0,0,0,0,0,0,0,0,0,0,-0,-0,-0,-0,-0,-0,-0,-0,0,0,0,0,0,0,0
6.2425,-3.5,0,2,0,0,0,0,0,0,0,0,0,-4.33680869e-19,-0,-1.293984181e-34,-2.484808345e-17,-0,-7.413983235e-33,0,0,0,0,0,0,0,0,0,0,0,0,0,0,0,0,0,-0,-0,-0,-0,-0,-0,-0,-0,0,0,0,0,0,0,0
6.248,-3.5,0,2,0,0,0,0,0,0,0,0,0,-4.33680869e-19,-0,-1.293984181e-34,-2.484808345e-17,-0,-7.413983235e-33,0,0,0,0,0,0,0,0,0,0,0,0,0,0,0,0,0,-0,-0,-0,-0,-0,-0,-0,-0,0,0,0,0,0,0,0
6.2535,-3.5,0,2,0,0,0,0,0,0,0,0,0,-4.33680869e-19,-0,-1.293984181e-34,-2.484808345e-17,-0,-7.413983235e-33,0,0,0,0,0,0,0,0,0,0,0,0,0,0,0,0,0,-0,-0,-0,-0,-0,-0,-0,-0,0,0,0,0,0,0,0
6.259,-3.5,0,2,0,0,0,0,0,0,0,0,0,-4.33680869e-19,-0,-1.293984181e-34,-2.484808345e-17,-0,-7.413983235e-33,0,0,0,0,0,0,0,0,0,0,0,0,0,0,0,0,0,-0,-0,-0,-0,-0,-0,-0,-0,0,0,0,0,0,0,0
6.2645,-3.5,0,2,0,0,0,0,0,0,0,0,0,-4.33680869e-19,-0,-1.293984181e-34,-2.484808345e-17,-0,-7.413983235e-33,0,0,0,0,0,0,0,0,0,0,0,0,0,0,0,0,0,-0,-0,-0,-0,-0,-0,-0,-0,0,0,0,0,0,0,0
6.27,-3.5,0,2,0,0,0,0,0,0,0,0,0,-4.33680869e-19,-0,-1.293984181e-34,-2.484808345e-17,-0,-7.413983235e-33,0,0,0,0,0,0,0,0,0,0,0,0,0,0,0,0,0,-0,-0,-0,-0,-0,-0,-0,-0,0,0,0,0,0,0,0
6.2755,-3.5,0,2,0,0,0,0,0,0,0,0,0,-4.33680869e-19,-0,-1.293984181e-34,-2.484808345e-17,-0,-7.413983235e-33,0,0,0,0,0,0,0,0,0,0,0,0,0,0,0,0,0,-0,-0,-0,-0,-0,-0,-0,-0,0,0,0,0,0,0,0
6.281,-3.5,0,2,0,0,0,0,0,0,0,0,0,-4.33680869e-19,-0,-1.293984181e-34,-2.484808345e-17,-0,-7.413983235e-33,0,0,0,0,0,0,0,0,0,0,0,0,0,0,0,0,0,-0,-0,-0,-0,-0,-0,-0,-0,0,0,0,0,0,0,0
6.2865,-3.5,0,2,0,0,0,0,0,0,0,0,0,-4.33680869e-19,-0,-1.293984181e-34,-2.484808345e-17,-0,-7.413983235e-33,0,0,0,0,0,0,0,0,0,0,0,0,0,0,0,0,0,-0,-0,-0,-0,-0,-0,-0,-0,0,0,0,0,0,0,0
6.292,-3.5,0,2,0,0,0,0,0,0,0,0,0,-4.33680869e-19,-0,-1.293984181e-34,-2.484808345e-17,-0,-7.413983235e-33,0,0,0,0,0,0,0,0,0,0,0,0,0,0,0,0,0,-0,-0,-0,-0,-0,-0,-0,-0,0,0,0,0,0,0,0
6.2975,-3.5,0,2,0,0,0,0,0,0,0,0,0,-4.33680869e-19,-0,-1.293984181e-34,-2.484808345e-17,-0,-7.413983235e-33,0,0,0,0,0,0,0,0,0,0,0,0,0,0,0,0,0,-0,-0,-0,-0,-0,-0,-0,-0,0,0,0,0,0,0,0
6.303,-3.5,0,2,0,0,0,0,0,0,0,0,0,-4.33680869e-19,-0,-1.293984181e-34,-2.484808345e-17,-0,-7.413983235e-33,0,0,0,0,0,0,0,0,0,0,0,0,0,0,0,0,0,-0,-0,-0,-0,-0,-0,-0,-0,0,0,0,0,0,0,0
6.3085,-3.5,0,2,0,0,0,0,0,0,0,0,0,-4.33680869e-19,-0,-1.293984181e-34,-2.484808345e-17,-0,-7.413983235e-33,0,0,0,0,0,0,0,0,0,0,0,0,0,0,0,0,0,-0,-0,-0,-0,-0,-0,-0,-0,0,0,0,0,0,0,0
6.314,-3.5,0,2,0,0,0,0,0,0,0,0,0,-4.33680869e-19,-0,-1.293984181e-34,-2.484808345e-17,-0,-7.413983235e-33,0,0,0,0,0,0,0,0,0,0,0,0,0,0,0,0,0,-0,-0,-0,-0,-0,-0,-0,-0,0,0,0,0,0,0,0
6.3195,-3.5,0,2,0,0,0,0,0,0,0,0,0,-4.33680869e-19,-0,-1.293984181e-34,-2.484808345e-17,-0,-7.413983235e-33,0,0,0,0,0,0,0,0,0,0,0,0,0,0,0,0,0,-0,-0,-0,-0,-0,-0,-0,-0,0,0,0,0,0,0,0
6.325,-3.5,0,2,0,0,0,0,0,0,0,0,0,-4.33680869e-19,-0,-1.293984181e-34,-2.484808345e-17,-0,-7.413983235e-33,0,0,0,0,0,0,0,0,0,0,0,0,0,0,0,0,0,-0,-0,-0,-0,-0,-0,-0,-0,0,0,0,0,0,0,0
6.3305,-3.5,0,2,0,0,0,0,0,0,0,0,0,-4.33680869e-19,-0,-1.293984181e-34,-2.484808345e-17,-0,-7.413983235e-33,0,0,0,0,0,0,0,0,0,0,0,0,0,0,0,0,0,-0,-0,-0,-0,-0,-0,-0,-0,0,0,0,0,0,0,0
6.336,-3.5,0,2,0,0,0,0,0,0,0,0,0,-4.33680869e-19,-0,-1.293984181e-34,-2.484808345e-17,-0,-7.413983235e-33,0,0,0,0,0,0,0,0,0,0,0,0,0,0,0,0,0,-0,-0,-0,-0,-0,-0,-0,-0,0,0,0,0,0,0,0
6.3415,-3.5,0,2,0,0,0,0,0,0,0,0,0,-4.33680869e-19,-0,-1.293984181e-34,-2.484808345e-17,-0,-7.413983235e-33,0,0,0,0,0,0,0,0,0,0,0,0,0,0,0,0,0,-0,-0,-0,-0,-0,-0,-0,-0,0,0,0,0,0,0,0
6.347,-3.5,0,2,0,0,0,0,0,0,0,0,0,-4.33680869e-19,-0,-1.293984181e-34,-2.484808345e-17,-0,-7.413983235e-33,0,0,0,0,0,0,0,0,0,0,0,0,0,0,0,0,0,-0,-0,-0,-0,-0,-0,-0,-0,0,0,0,0,0,0,0
6.3525,-3.5,0,2,0,0,0,0,0,0,0,0,0,-4.33680869e-19,-0,-1.293984181e-34,-2.484808345e-17,-0,-7.413983235e-33,0,0,0,0,0,0,0,0,0,0,0,0,0,0,0,0,0,-0,-0,-0,-0,-0,-0,-0,-0,0,0,0,0,0,0,0
6.358,-3.5,0,2,0,0,0,0,0,0,0,0,0,-4.33680869e-19,-0,-1.293984181e-34,-2.484808345e-17,-0,-7.413983235e-33,0,0,0,0,0,0,0,0,0,0,0,0,0,0,0,0,0,-0,-0,-0,-0,-0,-0,-0,-0,0,0,0,0,0,0,0
6.3635,-3.5,0,2,0,0,0,0,0,0,0,0,0,-4.33680869e-19,-0,-1.293984181e-34,-2.484808345e-17,-0,-7.413983235e-33,0,0,0,0,0,0,0,0,0,0,0,0,0,0,0,0,0,-0,-0,-0,-0,-0,-0,-0,-0,0,0,0,0,0,0,0
6.369,-3.5,0,2,0,0,0,0,0,0,0,0,0,-4.33680869e-19,-0,-1.293984181e-34,-2.484808345e-17,-0,-7.413983235e-33,0,0,0,0,0,0,0,0,0,0,0,0,0,0,0,0,0,-0,-0,-0,-0,-0,-0,-0,-0,0,0,0,0,0,0,0
6.3745,-3.5,0,2,0,0,0,0,0,0,0,0,0,-4.33680869e-19,-0,-1.293984181e-34,-2.484808345e-17,-0,-7.413983235e-33,0,0,0,0,0,0,0,0,0,0,0,0,0,0,0,0,0,-0,-0,-0,-0,-0,-0,-0,-0,0,0,0,0,0,0,0
6.38,-3.5,0,2,0,0,0,0,0,0,0,0,0,-4.33680869e-19,-0,-1.293984181e-34,-2.484808345e-17,-0,-7.413983235e-33,0,0,0,0,0,0,0,0,0,0,0,0,0,0,0,0,0,-0,-0,-0,-0,-0,-0,-0,-0,0,0,0,0,0,0,0
6.3855,-3.5,0,2,0,0,0,0,0,0,0,0,0,-4.33680869e-19,-0,-1.293984181e-34,-2.484808345e-17,-0,-7.413983235e-33,0,0,0,0,0,0,0,0,0,0,0,0,0,0,0,0,0,-0,-0,-0,-0,-0,-0,-0,-0,0,0,0,0,0,0,0
6.391,-3.5,0,2,0,0,0,0,0,0,0,0,0,-4.33680869e-19,-0,-1.293984181e-34,-2.484808345e-17,-0,-7.413983235e-33,0,0,0,0,0,0,0,0,0,0,0,0,0,0,0,0,0,-0,-0,-0,-0,-0,-0,-0,-0,0,0,0,0,0,0,0
6.3965,-3.5,0,2,0,0,0,0,0,0,0,0,0,-4.33680869e-19,-0,-1.293984181e-34,-2.484808345e-17,-0,-7.413983235e-33,0,0,0,0,0,0,0,0,0,0,0,0,0,0,0,0,0,-0,-0,-0,-0,-0,-0,-0,-0,0,0,0,0,0,0,0
6.402,-3.5,0,2,0,0,0,0,0,0,0,0,0,-4.33680869e-19,-0,-1.293984181e-34,-2.484808345e-17,-0,-7.413983235e-33,0,0,0,0,0,0,0,0,0,0,0,0,0,0,0,0,0,-0,-0,-0,-0,-0,-0,-0,-0,0,0,0,0,0,0,0
6.4075,-3.5,0,2,0,0,0,0,0,0,0,0,0,-4.33680869e-19,-0,-1.293984181e-34,-2.484808345e-17,-0,-7.413983235e-33,0,0,0,0,0,0,0,0,0,0,0,0,0,0,0,0,0,-0,-0,-0,-0,-0,-0,-0,-0,0,0,0,0,0,0,0
6.413,-3.5,0,2,0,0,0,0,0,0,0,0,0,-4.33680869e-19,-0,-1.293984181e-34,-2.484808345e-17,-0,-7.413983235e-33,0,0,0,0,0,0,0,0,0,0,0,0,0,0,0,0,0,-0,-0,-0,-0,-0,-0,-0,-0,0,0,0,0,0,0,0
6.4185,-3.5,0,2,0,0,0,0,0,0,0,0,0,-4.33680869e-19,-0,-1.293984181e-34,-2.484808345e-17,-0,-7.413983235e-33,0,0,0,0,0,0,0,0,0,0,0,0,0,0,0,0,0,-0,-0,-0,-0,-0,-0,-0,-0,0,0,0,0,0,0,0
6.424,-3.5,0,2,0,0,0,0,0,0,0,0,0,-4.33680869e-19,-0,-1.293984181e-34,-2.484808345e-17,-0,-7.413983235e-33,0,0,0,0,0,0,0,0,0,0,0,0,0,0,0,0,0,-0,-0,-0,-0,-0,-0,-0,-0,0,0,0,0,0,0,0
6.4295,-3.5,0,2,0,0,0,0,0,0,0,0,0,-4.33680869e-19,-0,-1.293984181e-34,-2.484808345e-17,-0,-7.413983235e-33,0,0,0,0,0,0,0,0,0,0,0,0,0,0,0,0,0,-0,-0,-0,-0,-0,-0,-0,-0,0,0,0,0,0,0,0
6.435,-3.5,0,2,0,0,0,0,0,0,0,0,0,-4.33680869e-19,-0,-1.293984181e-34,-2.484808345e-17,-0,-7.413983235e-33,0,0,0,0,0,0,0,0,0,0,0,0,0,0,0,0,0,-0,-0,-0,-0,-0,-0,-0,-0,0,0,0,0,0,0,0
6.4405,-3.5,0,2,0,0,0,0,0,0,0,0,0,-4.33680869e-19,-0,-1.293984181e-34,-2.484808345e-17,-0,-7.413983235e-33,0,0,0,0,0,0,0,0,0,0,0,0,0,0,0,0,0,-0,-0,-0,-0,-0,-0,-0,-0,0,0,0,0,0,0,0
6.446,-3.5,0,2,0,0,0,0,0,0,0,0,0,-4.33680869e-19,-0,-1.293984181e-34,-2.484808345e-17,-0,-7.413983235e-33,0,0,0,0,0,0,0,0,0,0,0,0,0,0,0,0,0,-0,-0,-0,-0,-0,-0,-0,-0,0,0,0,0,0,0,0
6.4515,-3.5,0,2,0,0,0,0,0,0,0,0,0,-4.33680869e-19,-0,-1.293984181e-34,-2.484808345e-17,-0,-7.413983235e-33,0,0,0,0,0,0,0,0,0,0,0,0,0,0,0,0,0,-0,-0,-0,-0,-0,-0,-0,-0,0,0,0,0,0,0,0
6.457,-3.5,0,2,0,0,0,0,0,0,0,0,0,-4.33680869e-19,-0,-1.293984181e-34,-2.484808345e-17,-0,-7.413983235e-33,0,0,0,0,0,0,0,0,0,0,0,0,0,0,0,0,0,-0,-0,-0,-0,-0,-0,-0,-0,0,0,0,0,0,0,0
6.4625,-3.5,0,2,0,0,0,0,0,0,0,0,0,-4.33680869e-19,-0,-1.293984181e-34,-2.484808345e-17,-0,-7.413983235e-33,0,0,0,0,0,0,0,0,0,0,0,0,0,0,0,0,0,-0,-0,-0,-0,-0,-0,-0,-0,0,0,0,0,0,0,0
6.468,-3.5,0,2,0,0,0,0,0,0,0,0,0,-4.33680869e-19,-0,-1.293984181e-34,-2.484808345e-17,-0,-7.413983235e-33,0,0,0,0,0,0,0,0,0,0,0,0,0,0,0,0,0,-0,-0,-0,-0,-0,-0,-0,-0,0,0,0,0,0,0,0
6.4735,-3.5,0,2,0,0,0,0,0,0,0,0,0,-4.33680869e-19,-0,-1.293984181e-34,-2.484808345e-17,-0,-7.413983235e-33,0,0,0,0,0,0,0,0,0,0,0,0,0,0,0,0,0,-0,-0,-0,-0,-0,-0,-0,-0,0,0,0,0,0,0,0
6.479,-3.5,0,2,0,0,0,0,0,0,0,0,0,-4.33680869e-19,-0,-1.293984181e-34,-2.484808345e-17,-0,-7.413983235e-33,0,0,0,0,0,0,0,0,0,0,0,0,0,0,0,0,0,-0,-0,-0,-0,-0,-0,-0,-0,0,0,0,0,0,0,0
6.4845,-3.5,0,2,0,0,0,0,0,0,0,0,0,-4.33680869e-19,-0,-1.293984181e-34,-2.484808345e-17,-0,-7.413983235e-33,0,0,0,0,0,0,0,0,0,0,0,0,0,0,0,0,0,-0,-0,-0,-0,-0,-0,-0,-0,0,0,0,0,0,0,0
6.49,-3.5,0,2,0,0,0,0,0,0,0,0,0,-4.33680869e-19,-0,-1.293984181e-34,-2.484808345e-17,-0,-7.413983235e-33,0,0,0,0,0,0,0,0,0,0,0,0,0,0,0,0,0,-0,-0,-0,-0,-0,-0,-0,-0,0,0,0,0,0,0,0
6.4955,-3.5,0,2,0,0,0,0,0,0,0,0,0,-4.33680869e-19,-0,-1.293984181e-34,-2.484808345e-17,-0,-7.413983235e-33,0,0,0,0,0,0,0,0,0,0,0,0,0,0,0,0,0,-0,-0,-0,-0,-0,-0,-0,-0,0,0,0,0,0,0,0
6.501,-3.5,0,2,0,0,0,0,0,0,0,0,0,-4.33680869e-19,-0,-1.293984181e-34,-2.484808345e-17,-0,-7.413983235e-33,0,0,0,0,0,0,0,0,0,0,0,0,0,0,0,0,0,-0,-0,-0,-0,-0,-0,-0,-0,0,0,0,0,0,0,0
6.5065,-3.5,0,2,0,0,0,0,0,0,0,0,0,-4.33680869e-19,-0,-1.293984181e-34,-2.484808345e-17,-0,-7.413983235e-33,0,0,0,0,0,0,0,0,0,0,0,0,0,0,0,0,0,-0,-0,-0,-0,-0,-0,-0,-0,0,0,0,0,0,0,0
6.512,-3.5,0,2,0,0,0,0,0,0,0,0,0,-4.33680869e-19,-0,-1.293984181e-34,-2.484808345e-17,-0,-7.413983235e-33,0,0,0,0,0,0,0,0,0,0,0,0,0,0,0,0,0,-0,-0,-0,-0,-0,-0,-0,-0,0,0,0,0,0,0,0
6.5175,-3.5,0,2,0,0,0,0,0,0,0,0,0,-4.33680869e-19,-0,-1.293984181e-34,-2.484808345e-17,-0,-7.413983235e-33,0,0,0,0,0,0,0,0,0,0,0,0,0,0,0,0,0,-0,-0,-0,-0,-0,-0,-0,-0,0,0,0,0,0,0,0
6.523,-3.5,0,2,0,0,0,0,0,0,0,0,0,-4.33680869e-19,-0,-1.293984181e-34,-2.484808345e-17,-0,-7.413983235e-33,0,0,0,0,0,0,0,0,0,0,0,0,0,0,0,0,0,-0,-0,-0,-0,-0,-0,-0,-0,0,0,0,0,0,0,0
6.5285,-3.5,0,2,0,0,0,0,0,0,0,0,0,-4.33680869e-19,-0,-1.293984181e-34,-2.484808345e-17,-0,-7.413983235e-33,0,0,0,0,0,0,0,0,0,0,0,0,0,0,0,0,0,-0,-0,-0,-0,-0,-0,-0,-0,0,0,0,0,0,0,0
6.534,-3.5,0,2,0,0,0,0,0,0,0,0,0,-4.33680869e-19,-0,-1.293984181e-34,-2.484808345e-17,-0,-7.413983235e-33,0,0,0,0,0,0,0,0,0,0,0,0,0,0,0,0,0,-0,-0,-0,-0,-0,-0,-0,-0,0,0,0,0,0,0,0
6.5395,-3.5,0,2,0,0,0,0,0,0,0,0,0,-4.33680869e-19,-0,-1.293984181e-34,-2.484808345e-17,-0,-7.413983235e-33,0,0,0,0,0,0,0,0,0,0,0,0,0,0,0,0,0,-0,-0,-0,-0,-0,-0,-0,-0,0,0,0,0,0,0,0
6.545,-3.5,0,2,0,0,0,0,0,0,0,0,0,-4.33680869e-19,-0,-1.293984181e-34,-2.484808345e-17,-0,-7.413983235e-33,0,0,0,0,0,0,0,0,0,0,0,0,0,0,0,0,0,-0,-0,-0,-0,-0,-0,-0,-0,0,0,0,0,0,0,0
6.5505,-3.5,0,2,0,0,0,0,0,0,0,0,0,-4.33680869e-19,-0,-1.293984181e-34,-2.484808345e-17,-0,-7.413983235e-33,0,0,0,0,0,0,0,0,0,0,0,0,0,0,0,0,0,-0,-0,-0,-0,-0,-0,-0,-0,0,0,0,0,0,0,0
6.556,-3.5,0,2,0,0,0,0,0,0,0,0,0,-4.33680869e-19,-0,-1.293984181e-34,-2.484808345e-17,-0,-7.413983235e-33,0,0,0,0,0,0,0,0,0,0,0,0,0,0,0,0,0,-0,-0,-0,-0,-0,-0,-0,-0,0,0,0,0,0,0,0
6.5615,-3.5,0,2,0,0,0,0,0,0,0,0,0,-4.33680869e-19,-0,-1.293984181e-34,-2.484808345e-17,-0,-7.413983235e-33,0,0,0,0,0,0,0,0,0,0,0,0,0,0,0,0,0,-0,-0,-0,-0,-0,-0,-0,-0,0,0,0,0,0,0,0
6.567,-3.5,0,2,0,0,0,0,0,0,0,0,0,-4.33680869e-19,-0,-1.293984181e-34,-2.484808345e-17,-0,-7.413983235e-33,0,0,0,0,0,0,0,0,0,0,0,0,0,0,0,0,0,-0,-0,-0,-0,-0,-0,-0,-0,0,0,0,0,0,0,0
6.5725,-3.5,0,2,0,0,0,0,0,0,0,0,0,-4.33680869e-19,-0,-1.293984181e-34,-2.484808345e-17,-0,-7.413983235e-33,0,0,0,0,0,0,0,0,0,0,0,0,0,0,0,0,0,-0,-0,-0,-0,-0,-0,-0,-0,0,0,0,0,0,0,0
6.578,-3.5,0,2,0,0,0,0,0,0,0,0,0,-4.33680869e-19,-0,-1.293984181e-34,-2.484808345e-17,-0,-7.413983235e-33,0,0,0,0,0,0,0,0,0,0,0,0,0,0,0,0,0,-0,-0,-0,-0,-0,-0,-0,-0,0,0,0,0,0,0,0
6.5835,-3.5,0,2,0,0,0,0,0,0,0,0,0,-4.33680869e-19,-0,-1.293984181e-34,-2.484808345e-17,-0,-7.413983235e-33,0,0,0,0,0,0,0,0,0,0,0,0,0,0,0,0,0,-0,-0,-0,-0,-0,-0,-0,-0,0,0,0,0,0,0,0
6.589,-3.5,0,2,0,0,0,0,0,0,0,0,0,-4.33680869e-19,-0,-1.293984181e-34,-2.484808345e-17,-0,-7.413983235e-33,0,0,0,0,0,0,0,0,0,0,0,0,0,0,0,0,0,-0,-0,-0,-0,-0,-0,-0,-0,0,0,0,0,0,0,0
6.5945,-3.5,0,2,0,0,0,0,0,0,0,0,0,-4.33680869e-19,-0,-1.293984181e-34,-2.484808345e-17,-0,-7.413983235e-33,0,0,0,0,0,0,0,0,0,0,0,0,0,0,0,0,0,-0,-0,-0,-0,-0,-0,-0,-0,0,0,0,0,0,0,0
6.6,-3.5,0,2,0,0,0,0,0,0,0,0,0,-4.33680869e-19,-0,-1.293984181e-34,-2.484808345e-17,-0,-7.413983235e-33,0,0,0,0,0,0,0,0,0,0,0,0,0,0,0,0,0,-0,-0,-0,-0,-0,-0,-0,-0,0,0,0,0,0,0,0
6.6055,-3.5,0,2,0,0,0,0,0,0,0,0,0,-4.33680869e-19,-0,-1.293984181e-34,-2.484808345e-17,-0,-7.413983235e-33,0,0,0,0,0,0,0,0,0,0,0,0,0,0,0,0,0,-0,-0,-0,-0,-0,-0,-0,-0,0,0,0,0,0,0,0
6.611,-3.5,0,2,0,0,0,0,0,0,0,0,0,-4.33680869e-19,-0,-1.293984181e-34,-2.484808345e-17,-0,-7.413983235e-33,0,0,0,0,0,0,0,0,0,0,0,0,0,0,0,0,0,-0,-0,-0,-0,-0,-0,-0,-0,0,0,0,0,0,0,0
6.6165,-3.5,0,2,0,0,0,0,0,0,0,0,0,-4.33680869e-19,-0,-1.293984181e-34,-2.484808345e-17,-0,-7.413983235e-33,0,0,0,0,0,0,0,0,0,0,0,0,0,0,0,0,0,-0,-0,-0,-0,-0,-0,-0,-0,0,0,0,0,0,0,0
6.622,-3.5,0,2,0,0,0,0,0,0,0,0,0,-4.33680869e-19,-0,-1.293984181e-34,-2.484808345e-17,-0,-7.413983235e-33,0,0,0,0,0,0,0,0,0,0,0,0,0,0,0,0,0,-0,-0,-0,-0,-0,-0,-0,-0,0,0,0,0,0,0,0
6.6275,-3.5,0,2,0,0,0,0,0,0,0,0,0,-4.33680869e-19,-0,-1.293984181e-34,-2.484808345e-17,-0,-7.413983235e-33,0,0,0,0,0,0,0,0,0,0,0,0,0,0,0,0,0,-0,-0,-0,-0,-0,-0,-0,-0,0,0,0,0,0,0,0
6.633,-3.5,0,2,0,0,0,0,0,0,0,0,0,-4.33680869e-19,-0,-1.293984181e-34,-2.484808345e-17,-0,-7.413983235e-33,0,0,0,0,0,0,0,0,0,0,0,0,0,0,0,0,0,-0,-0,-0,-0,-0,-0,-0,-0,0,0,0,0,0,0,0
6.6385,-3.5,0,2,0,0,0,0,0,0,0,0,0,-4.33680869e-19,-0,-1.293984181e-34,-2.484808345e-17,-0,-7.413983235e-33,0,0,0,0,0,0,0,0,0,0,0,0,0,0,0,0,0,-0,-0,-0,-0,-0,-0,-0,-0,0,0,0,0,0,0,0
6.644,-3.5,0,2,0,0,0,0,0,0,0,0,0,-4.33680869e-19,-0,-1.293984181e-34,-2.484808345e-17,-0,-7.413983235e-33,0,0,0,0,0,0,0,0,0,0,0,0,0,0,0,0,0,-0,-0,-0,-0,-0,-0,-0,-0,0,0,0,0,0,0,0
6.6495,-3.5,0,2,0,0,0,0,0,0,0,0,0,-4.33680869e-19,-0,-1.293984181e-34,-2.484808345e-17,-0,-7.413983235e-33,0,0,0,0,0,0,0,0,0,0,0,0,0,0,0,0,0,-0,-0,-0,-0,-0,-0,-0,-0,0,0,0,0,0,0,0
6.655,-3.5,0,2,0,0,0,0,0,0,0,0,0,-4.33680869e-19,-0,-1.293984181e-34,-2.484808345e-17,-0,-7.413983235e-33,0,0,0,0,0,0,0,0,0,0,0,0,0,0,0,0,0,-0,-0,-0,-0,-0,-0,-0,-0,0,0,0,0,0,0,0
6.6605,-3.5,0,2,0,0,0,0,0,0,0,0,0,-4.33680869e-19,-0,-1.293984181e-34,-2.484808345e-17,-0,-7.413983235e-33,0,0,0,0,0,0,0,0,0,0,0,0,0,0,0,0,0,-0,-0,-0,-0,-0,-0,-0,-0,0,0,0,0,0,0,0
6.666,-3.5,0,2,0,0,0,0,0,0,0,0,0,-4.33680869e-19,-0,-1.293984181e-34,-2.484808345e-17,-0,-7.413983235e-33,0,0,0,0,0,0,0,0,0,0,0,0,0,0,0,0,0,-0,-0,-0,-0,-0,-0,-0,-0,0,0,0,0,0,0,0
6.6715,-3.5,0,2,0,0,0,0,0,0,0,0,0,-4.33680869e-19,-0,-1.293984181e-34,-2.484808345e-17,-0,-7.413983235e-33,0,0,0,0,0,0,0,0,0,0,0,0,0,0,0,0,0,-0,-0,-0,-0,-0,-0,-0,-0,0,0,0,0,0,0,0
6.677,-3.5,0,2,0,0,0,0,0,0,0,0,0,-4.33680869e-19,-0,-1.293984181e-34,-2.484808345e-17,-0,-7.413983235e-33,0,0,0,0,0,0,0,0,0,0,0,0,0,0,0,0,0,-0,-0,-0,-0,-0,-0,-0,-0,0,0,0,0,0,0,0
6.6825,-3.5,0,2,0,0,0,0,0,0,0,0,0,-4.33680869e-19,-0,-1.293984181e-34,-2.484808345e-17,-0,-7.413983235e-33,0,0,0,0,0,0,0,0,0,0,0,0,0,0,0,0,0,-0,-0,-0,-0,-0,-0,-0,-0,0,0,0,0,0,0,0
6.688,-3.5,0,2,0,0,0,0,0,0,0,0,0,-4.33680869e-19,-0,-1.293984181e-34,-2.484808345e-17,-0,-7.413983235e-33,0,0,0,0,0,0,0,0,0,0,0,0,0,0,0,0,0,-0,-0,-0,-0,-0,-0,-0,-0,0,0,0,0,0,0,0
6.6935,-3.5,0,2,0,0,0,0,0,0,0,0,0,-4.33680869e-19,-0,-1.293984181e-34,-2.484808345e-17,-0,-7.413983235e-33,0,0,0,0,0,0,0,0,0,0,0,0,0,0,0,0,0,-0,-0,-0,-0,-0,-0,-0,-0,0,0,0,0,0,0,0
6.699,-3.5,0,2,0,0,0,0,0,0,0,0,0,-4.33680869e-19,-0,-1.293984181e-34,-2.484808345e-17,-0,-7.413983235e-33,0,0,0,0,0,0,0,0,0,0,0,0,0,0,0,0,0,-0,-0,-0,-0,-0,-0,-0,-0,0,0,0,0,0,0,0
6.7045,-3.5,0,2,0,0,0,0,0,0,0,0,0,-4.33680869e-19,-0,-1.293984181e-34,-2.484808345e-17,-0,-7.413983235e-33,0,0,0,0,0,0,0,0,0,0,0,0,0,0,0,0,0,-0,-0,-0,-0,-0,-0,-0,-0,0,0,0,0,0,0,0
6.71,-3.5,0,2,0,0,0,0,0,0,0,0,0,-4.33680869e-19,-0,-1.293984181e-34,-2.484808345e-17,-0,-7.413983235e-33,0,0,0,0,0,0,0,0,0,0,0,0,0,0,0,0,0,-0,-0,-0,-0,-0,-0,-0,-0,0,0,0,0,0,0,0
6.7155,-3.5,0,2,0,0,0,0,0,0,0,0,0,-4.33680869e-19,-0,-1.293984181e-34,-2.484808345e-17,-0,-7.413983235e-33,0,0,0,0,0,0,0,0,0,0,0,0,0,0,0,0,0,-0,-0,-0,-0,-0,-0,-0,-0,0,0,0,0,0,0,0
6.721,-3.5,0,2,0,0,0,0,0,0,0,0,0,-4.33680869e-19,-0,-1.293984181e-34,-2.484808345e-17,-0,-7.413983235e-33,0,0,0,0,0,0,0,0,0,0,0,0,0,0,0,0,0,-0,-0,-0,-0,-0,-0,-0,-0,0,0,0,0,0,0,0
6.7265,-3.5,0,2,0,0,0,0,0,0,0,0,0,-4.33680869e-19,-0,-1.293984181e-34,-2.484808345e-17,-0,-7.413983235e-33,0,0,0,0,0,0,0,0,0,0,0,0,0,0,0,0,0,-0,-0,-0,-0,-0,-0,-0,-0,0,0,0,0,0,0,0
6.732,-3.5,0,2,0,0,0,0,0,0,0,0,0,-4.33680869e-19,-0,-1.293984181e-34,-2.484808345e-17,-0,-7.413983235e-33,0,0,0,0,0,0,0,0,0,0,0,0,0,0,0,0,0,-0,-0,-0,-0,-0,-0,-0,-0,0,0,0,0,0,0,0
6.7375,-3.5,0,2,0,0,0,0,0,0,0,0,0,-4.33680869e-19,-0,-1.293984181e-34,-2.484808345e-17,-0,-7.413983235e-33,0,0,0,0,0,0,0,0,0,0,0,0,0,0,0,0,0,-0,-0,-0,-0,-0,-0,-0,-0,0,0,0,0,0,0,0
6.743,-3.5,0,2,0,0,0,0,0,0,0,0,0,-4.33680869e-19,-0,-1.293984181e-34,-2.484808345e-17,-0,-7.413983235e-33,0,0,0,0,0,0,0,0,0,0,0,0,0,0,0,0,0,-0,-0,-0,-0,-0,-0,-0,-0,0,0,0,0,0,0,0
6.7485,-3.5,0,2,0,0,0,0,0,0,0,0,0,-4.33680869e-19,-0,-1.293984181e-34,-2.484808345e-17,-0,-7.413983235e-33,0,0,0,0,0,0,0,0,0,0,0,0,0,0,0,0,0,-0,-0,-0,-0,-0,-0,-0,-0,0,0,0,0,0,0,0
6.754,-3.5,0,2,0,0,0,0,0,0,0,0,0,-4.33680869e-19,-0,-1.293984181e-34,-2.484808345e-17,-0,-7.413983235e-33,0,0,0,0,0,0,0,0,0,0,0,0,0,0,0,0,0,-0,-0,-0,-0,-0,-0,-0,-0,0,0,0,0,0,0,0
6.7595,-3.5,0,2,0,0,0,0,0,0,0,0,0,-4.33680869e-19,-0,-1.293984181e-34,-2.484808345e-17,-0,-7.413983235e-33,0,0,0,0,0,0,0,0,0,0,0,0,0,0,0,0,0,-0,-0,-0,-0,-0,-0,-0,-0,0,0,0,0,0,0,0
6.765,-3.5,0,2,0,0,0,0,0,0,0,0,0,-4.33680869e-19,-0,-1.293984181e-34,-2.484808345e-17,-0,-7.413983235e-33,0,0,0,0,0,0,0,0,0,0,0,0,0,0,0,0,0,-0,-0,-0,-0,-0,-0,-0,-0,0,0,0,0,0,0,0
6.7705,-3.5,0,2,0,0,0,0,0,0,0,0,0,-4.33680869e-19,-0,-1.293984181e-34,-2.484808345e-17,-0,-7.413983235e-33,0,0,0,0,0,0,0,0,0,0,0,0,0,0,0,0,0,-0,-0,-0,-0,-0,-0,-0,-0,0,0,0,0,0,0,0
6.776,-3.5,0,2,0,0,0,0,0,0,0,0,0,-4.33680869e-19,-0,-1.293984181e-34,-2.484808345e-17,-0,-7.413983235e-33,0,0,0,0,0,0,0,0,0,0,0,0,0,0,0,0,0,-0,-0,-0,-0,-0,-0,-0,-0,0,0,0,0,0,0,0
6.7815,-3.5,0,2,0,0,0,0,0,0,0,0,0,-4.33680869e-19,-0,-1.293984181e-34,-2.484808345e-17,-0,-7.413983235e-33,0,0,0,0,0,0,0,0,0,0,0,0,0,0,0,0,0,-0,-0,-0,-0,-0,-0,-0,-0,0,0,0,0,0,0,0
6.787,-3.5,0,2,0,0,0,0,0,0,0,0,0,-4.33680869e-19,-0,-1.293984181e-34,-2.484808345e-17,-0,-7.413983235e-33,0,0,0,0,0,0,0,0,0,0,0,0,0,0,0,0,0,-0,-0,-0,-0,-0,-0,-0,-0,0,0,0,0,0,0,0
6.7925,-3.5,0,2,0,0,0,0,0,0,0,0,0,-4.33680869e-19,-0,-1.293984181e-34,-2.484808345e-17,-0,-7.413983235e-33,0,0,0,0,0,0,0,0,0,0,0,0,0,0,0,0,0,-0,-0,-0,-0,-0,-0,-0,-0,0,0,0,0,0,0,0
6.798,-3.5,0,2,0,0,0,0,0,0,0,0,0,-4.33680869e-19,-0,-1.293984181e-34,-2.484808345e-17,-0,-7.413983235e-33,0,0,0,0,0,0,0,0,0,0,0,0,0,0,0,0,0,-0,-0,-0,-0,-0,-0,-0,-0,0,0,0,0,0,0,0
6.8035,-3.5,0,2,0,0,0,0,0,0,0,0,0,-4.33680869e-19,-0,-1.293984181e-34,-2.484808345e-17,-0,-7.413983235e-33,0,0,0,0,0,0,0,0,0,0,0,0,0,0,0,0,0,-0,-0,-0,-0,-0,-0,-0,-0,0,0,0,0,0,0,0
6.809,-3.5,0,2,0,0,0,0,0,0,0,0,0,-4.33680869e-19,-0,-1.293984181e-34,-2.484808345e-17,-0,-7.413983235e-33,0,0,0,0,0,0,0,0,0,0,0,0,0,0,0,0,0,-0,-0,-0,-0,-0,-0,-0,-0,0,0,0,0,0,0,0
6.8145,-3.5,0,2,0,0,0,0,0,0,0,0,0,-4.33680869e-19,-0,-1.293984181e-34,-2.484808345e-17,-0,-7.413983235e-33,0,0,0,0,0,0,0,0,0,0,0,0,0,0,0,0,0,-0,-0,-0,-0,-0,-0,-0,-0,0,0,0,0,0,0,0
6.82,-3.5,0,2,0,0,0,0,0,0,0,0,0,-4.33680869e-19,-0,-1.293984181e-34,-2.484808345e-17,-0,-7.413983235e-33,0,0,0,0,0,0,0,0,0,0,0,0,0,0,0,0,0,-0,-0,-0,-0,-0,-0,-0,-0,0,0,0,0,0,0,0
6.8255,-3.5,0,2,0,0,0,0,0,0,0,0,0,-4.33680869e-19,-0,-1.293984181e-34,-2.484808345e-17,-0,-7.413983235e-33,0,0,0,0,0,0,0,0,0,0,0,0,0,0,0,0,0,-0,-0,-0,-0,-0,-0,-0,-0,0,0,0,0,0,0,0
6.831,-3.5,0,2,0,0,0,0,0,0,0,0,0,-4.33680869e-19,-0,-1.293984181e-34,-2.484808345e-17,-0,-7.413983235e-33,0,0,0,0,0,0,0,0,0,0,0,0,0,0,0,0,0,-0,-0,-0,-0,-0,-0,-0,-0,0,0,0,0,0,0,0
6.8365,-3.5,0,2,0,0,0,0,0,0,0,0,0,-4.33680869e-19,-0,-1.293984181e-34,-2.484808345e-17,-0,-7.413983235e-33,0,0,0,0,0,0,0,0,0,0,0,0,0,0,0,0,0,-0,-0,-0,-0,-0,-0,-0,-0,0,0,0,0,0,0,0
6.842,-3.5,0,2,0,0,0,0,0,0,0,0,0,-4.33680869e-19,-0,-1.293984181e-34,-2.484808345e-17,-0,-7.413983235e-33,0,0,0,0,0,0,0,0,0,0,0,0,0,0,0,0,0,-0,-0,-0,-0,-0,-0,-0,-0,0,0,0,0,0,0,0
6.8475,-3.5,0,2,0,0,0,0,0,0,0,0,0,-4.33680869e-19,-0,-1.293984181e-34,-2.484808345e-17,-0,-7.413983235e-33,0,0,0,0,0,0,0,0,0,0,0,0,0,0,0,0,0,-0,-0,-0,-0,-0,-0,-0,-0,0,0,0,0,0,0,0
6.853,-3.5,0,2,0,0,0,0,0,0,0,0,0,-4.33680869e-19,-0,-1.293984181e-34,-2.484808345e-17,-0,-7.413983235e-33,0,0,0,0,0,0,0,0,0,0,0,0,0,0,0,0,0,-0,-0,-0,-0,-0,-0,-0,-0,0,0,0,0,0,0,0
6.8585,-3.5,0,2,0,0,0,0,0,0,0,0,0,-4.33680869e-19,-0,-1.293984181e-34,-2.484808345e-17,-0,-7.413983235e-33,0,0,0,0,0,0,0,0,0,0,0,0,0,0,0,0,0,-0,-0,-0,-0,-0,-0,-0,-0,0,0,0,0,0,0,0
6.864,-3.5,0,2,0,0,0,0,0,0,0,0,0,-4.33680869e-19,-0,-1.293984181e-34,-2.484808345e-17,-0,-7.413983235e-33,0,0,0,0,0,0,0,0,0,0,0,0,0,0,0,0,0,-0,-0,-0,-0,-0,-0,-0,-0,0,0,0,0,0,0,0
6.8695,-3.5,0,2,0,0,0,0,0,0,0,0,0,-4.33680869e-19,-0,-1.293984181e-34,-2.484808345e-17,-0,-7.413983235e-33,0,0,0,0,0,0,0,0,0,0,0,0,0,0,0,0,0,-0,-0,-0,-0,-0,-0,-0,-0,0,0,0,0,0,0,0
6.875,-3.5,0,2,0,0,0,0,0,0,0,0,0,-4.33680869e-19,-0,-1.293984181e-34,-2.484808345e-17,-0,-7.413983235e-33,0,0,0,0,0,0,0,0,0,0,0,0,0,0,0,0,0,-0,-0,-0,-0,-0,-0,-0,-0,0,0,0,0,0,0,0
6.8805,-3.5,0,2,0,0,0,0,0,0,0,0,0,-4.33680869e-19,-0,-1.293984181e-34,-2.484808345e-17,-0,-7.413983235e-33,0,0,0,0,0,0,0,0,0,0,0,0,0,0,0,0,0,-0,-0,-0,-0,-0,-0,-0,-0,0,0,0,0,0,0,0
6.886,-3.5,0,2,0,0,0,0,0,0,0,0,0,-4.33680869e-19,-0,-1.293984181e-34,-2.484808345e-17,-0,-7.413983235e-33,0,0,0,0,0,0,0,0,0,0,0,0,0,0,0,0,0,-0,-0,-0,-0,-0,-0,-0,-0,0,0,0,0,0,0,0
6.8915,-3.5,0,2,0,0,0,0,0,0,0,0,0,-4.33680869e-19,-0,-1.293984181e-34,-2.484808345e-17,-0,-7.413983235e-33,0,0,0,0,0,0,0,0,0,0,0,0,0,0,0,0,0,-0,-0,-0,-0,-0,-0,-0,-0,0,0,0,0,0,0,0
6.897,-3.5,0,2,0,0,0,0,0,0,0,0,0,-4.33680869e-19,-0,-1.293984181e-34,-2.484808345e-17,-0,-7.413983235e-33,0,0,0,0,0,0,0,0,0,0,0,0,0,0,0,0,0,-0,-0,-0,-0,-0,-0,-0,-0,0,0,0,0,0,0,0
6.9025,-3.5,0,2,0,0,0,0,0,0,0,0,0,-4.33680869e-19,-0,-1.293984181e-34,-2.484808345e-17,-0,-7.413983235e-33,0,0,0,0,0,0,0,0,0,0,0,0,0,0,0,0,0,-0,-0,-0,-0,-0,-0,-0,-0,0,0,0,0,0,0,0
6.908,-3.5,0,2,0,0,0,0,0,0,0,0,0,-4.33680869e-19,-0,-1.293984181e-34,-2.484808345e-17,-0,-7.413983235e-33,0,0,0,0,0,0,0,0,0,0,0,0,0,0,0,0,0,-0,-0,-0,-0,-0,-0,-0,-0,0,0,0,0,0,0,0
6.9135,-3.5,0,2,0,0,0,0,0,0,0,0,0,-4.33680869e-19,-0,-1.293984181e-34,-2.484808345e-17,-0,-7.413983235e-33,0,0,0,0,0,0,0,0,0,0,0,0,0,0,0,0,0,-0,-0,-0,-0,-0,-0,-0,-0,0,0,0,0,0,0,0
6.919,-3.5,0,2,0,0,0,0,0,0,0,0,0,-4.33680869e-19,-0,-1.293984181e-34,-2.484808345e-17,-0,-7.413983235e-33,0,0,0,0,0,0,0,0,0,0,0,0,0,0,0,0,0,-0,-0,-0,-0,-0,-0,-0,-0,0,0,0,0,0,0,0
6.9245,-3.5,0,2,0,0,0,0,0,0,0,0,0,-4.33680869e-19,-0,-1.293984181e-34,-2.484808345e-17,-0,-7.413983235e-33,0,0,0,0,0,0,0,0,0,0,0,0,0,0,0,0,0,-0,-0,-0,-0,-0,-0,-0,-0,0,0,0,0,0,0,0
6.93,-3.5,0,2,0,0,0,0,0,0,0,0,0,-4.33680869e-19,-0,-1.293984181e-34,-2.484808345e-17,-0,-7.413983235e-33,0,0,0,0,0,0,0,0,0,0,0,0,0,0,0,0,0,-0,-0,-0,-0,-0,-0,-0,-0,0,0,0,0,0,0,0
6.9355,-3.5,0,2,0,0,0,0,0,0,0,0,0,-4.33680869e-19,-0,-1.293984181e-34,-2.484808345e-17,-0,-7.413983235e-33,0,0,0,0,0,0,0,0,0,0,0,0,0,0,0,0,0,-0,-0,-0,-0,-0,-0,-0,-0,0,0,0,0,0,0,0
6.941,-3.5,0,2,0,0,0,0,0,0,0,0,0,-4.33680869e-19,-0,-1.293984181e-34,-2.484808345e-17,-0,-7.413983235e-33,0,0,0,0,0,0,0,0,0,0,0,0,0,0,0,0,0,-0,-0,-0,-0,-0,-0,-0,-0,0,0,0,0,0,0,0
6.9465,-3.5,0,2,0,0,0,0,0,0,0,0,0,-4.33680869e-19,-0,-1.293984181e-34,-2.484808345e-17,-0,-7.413983235e-33,0,0,0,0,0,0,0,0,0,0,0,0,0,0,0,0,0,-0,-0,-0,-0,-0,-0,-0,-0,0,0,0,0,0,0,0
6.952,-3.5,0,2,0,0,0,0,0,0,0,0,0,-4.33680869e-19,-0,-1.293984181e-34,-2.484808345e-17,-0,-7.413983235e-33,0,0,0,0,0,0,0,0,0,0,0,0,0,0,0,0,0,-0,-0,-0,-0,-0,-0,-0,-0,0,0,0,0,0,0,0
6.9575,-3.5,0,2,0,0,0,0,0,0,0,0,0,-4.33680869e-19,-0,-1.293984181e-34,-2.484808345e-17,-0,-7.413983235e-33,0,0,0,0,0,0,0,0,0,0,0,0,0,0,0,0,0,-0,-0,-0,-0,-0,-0,-0,-0,0,0,0,0,0,0,0
6.963,-3.5,0,2,0,0,0,0,0,0,0,0,0,-4.33680869e-19,-0,-1.293984181e-34,-2.484808345e-17,-0,-7.413983235e-33,0,0,0,0,0,0,0,0,0,0,0,0,0,0,0,0,0,-0,-0,-0,-0,-0,-0,-0,-0,0,0,0,0,0,0,0
6.9685,-3.5,0,2,0,0,0,0,0,0,0,0,0,-4.33680869e-19,-0,-1.293984181e-34,-2.484808345e-17,-0,-7.413983235e-33,0,0,0,0,0,0,0,0,0,0,0,0,0,0,0,0,0,-0,-0,-0,-0,-0,-0,-0,-0,0,0,0,0,0,0,0
6.974,-3.5,0,2,0,0,0,0,0,0,0,0,0,-4.33680869e-19,-0,-1.293984181e-34,-2.484808345e-17,-0,-7.413983235e-33,0,0,0,0,0,0,0,0,0,0,0,0,0,0,0,0,0,-0,-0,-0,-0,-0,-0,-0,-0,0,0,0,0,0,0,0
6.9795,-3.5,0,2,0,0,0,0,0,0,0,0,0,-4.33680869e-19,-0,-1.293984181e-34,-2.484808345e-17,-0,-7.413983235e-33,0,0,0,0,0,0,0,0,0,0,0,0,0,0,0,0,0,-0,-0,-0,-0,-0,-0,-0,-0,0,0,0,0,0,0,0
6.985,-3.5,0,2,0,0,0,0,0,0,0,0,0,-4.33680869e-19,-0,-1.293984181e-34,-2.484808345e-17,-0,-7.413983235e-33,0,0,0,0,0,0,0,0,0,0,0,0,0,0,0,0,0,-0,-0,-0,-0,-0,-0,-0,-0,0,0,0,0,0,0,0
6.9905,-3.5,0,2,0,0,0,0,0,0,0,0,0,-4.33680869e-19,-0,-1.293984181e-34,-2.484808345e-17,-0,-7.413983235e-33,0,0,0,0,0,0,0,0,0,0,0,0,0,0,0,0,0,-0,-0,-0,-0,-0,-0,-0,-0,0,0,0,0,0,0,0
6.996,-3.5,0,2,0,0,0,0,0,0,0,0,0,-4.33680869e-19,-0,-1.293984181e-34,-2.484808345e-17,-0,-7.413983235e-33,0,0,0,0,0,0,0,0,0,0,0,0,0,0,0,0,0,-0,-0,-0,-0,-0,-0,-0,-0,0,0,0,0,0,0,0
7.0015,-3.5,0,2,0,0,0,0,0,0,0,0,0,-4.33680869e-19,-0,-1.293984181e-34,-2.484808345e-17,-0,-7.413983235e-33,0,0,0,0,0,0,0,0,0,0,0,0,0,0,0,0,0,-0,-0,-0,-0,-0,-0,-0,-0,0,0,0,0,0,0,0
7.007,-3.5,0,2,0,0,0,0,0,0,0,0,0,-4.33680869e-19,-0,-1.293984181e-34,-2.484808345e-17,-0,-7.413983235e-33,0,0,0,0,0,0,0,0,0,0,0,0,0,0,0,0,0,-0,-0,-0,-0,-0,-0,-0,-0,0,0,0,0,0,0,0
7.0125,-3.5,0,2,0,0,0,0,0,0,0,0,0,-4.33680869e-19,-0,-1.293984181e-34,-2.484808345e-17,-0,-7.413983235e-33,0,0,0,0,0,0,0,0,0,0,0,0,0,0,0,0,0,-0,-0,-0,-0,-0,-0,-0,-0,0,0,0,0,0,0,0
7.018,-3.5,0,2,0,0,0,0,0,0,0,0,0,-4.33680869e-19,-0,-1.293984181e-34,-2.484808345e-17,-0,-7.413983235e-33,0,0,0,0,0,0,0,0,0,0,0,0,0,0,0,0,0,-0,-0,-0,-0,-0,-0,-0,-0,0,0,0,0,0,0,0
7.0235,-3.5,0,2,0,0,0,0,0,0,0,0,0,-4.33680869e-19,-0,-1.293984181e-34,-2.484808345e-17,-0,-7.413983235e-33,0,0,0,0,0,0,0,0,0,0,0,0,0,0,0,0,0,-0,-0,-0,-0,-0,-0,-0,-0,0,0,0,0,0,0,0
7.029,-3.5,0,2,0,0,0,0,0,0,0,0,0,-4.33680869e-19,-0,-1.293984181e-34,-2.484808345e-17,-0,-7.413983235e-33,0,0,0,0,0,0,0,0,0,0,0,0,0,0,0,0,0,-0,-0,-0,-0,-0,-0,-0,-0,0,0,0,0,0,0,0
7.0345,-3.5,0,2,0,0,0,0,0,0,0,0,0,-4.33680869e-19,-0,-1.293984181e-34,-2.484808345e-17,-0,-7.413983235e-33,0,0,0,0,0,0,0,0,0,0,0,0,0,0,0,0,0,-0,-0,-0,-0,-0,-0,-0,-0,0,0,0,0,0,0,0
7.04,-3.5,0,2,0,0,0,0,0,0,0,0,0,-4.33680869e-19,-0,-1.293984181e-34,-2.484808345e-17,-0,-7.413983235e-33,0,0,0,0,0,0,0,0,0,0,0,0,0,0,0,0,0,-0,-0,-0,-0,-0,-0,-0,-0,0,0,0,0,0,0,0
7.0455,-3.5,0,2,0,0,0,0,0,0,0,0,0,-4.33680869e-19,-0,-1.293984181e-34,-2.484808345e-17,-0,-7.413983235e-33,0,0,0,0,0,0,0,0,0,0,0,0,0,0,0,0,0,-0,-0,-0,-0,-0,-0,-0,-0,0,0,0,0,0,0,0
7.051,-3.5,0,2,0,0,0,0,0,0,0,0,0,-4.33680869e-19,-0,-1.293984181e-34,-2.484808345e-17,-0,-7.413983235e-33,0,0,0,0,0,0,0,0,0,0,0,0,0,0,0,0,0,-0,-0,-0,-0,-0,-0,-0,-0,0,0,0,0,0,0,0
7.0565,-3.5,0,2,0,0,0,0,0,0,0,0,0,-4.33680869e-19,-0,-1.293984181e-34,-2.484808345e-17,-0,-7.413983235e-33,0,0,0,0,0,0,0,0,0,0,0,0,0,0,0,0,0,-0,-0,-0,-0,-0,-0,-0,-0,0,0,0,0,0,0,0
7.062,-3.5,0,2,0,0,0,0,0,0,0,0,0,-4.33680869e-19,-0,-1.293984181e-34,-2.484808345e-17,-0,-7.413983235e-33,0,0,0,0,0,0,0,0,0,0,0,0,0,0,0,0,0,-0,-0,-0,-0,-0,-0,-0,-0,0,0,0,0,0,0,0
7.0675,-3.5,0,2,0,0,0,0,0,0,0,0,0,-4.33680869e-19,-0,-1.293984181e-34,-2.484808345e-17,-0,-7.413983235e-33,0,0,0,0,0,0,0,0,0,0,0,0,0,0,0,0,0,-0,-0,-0,-0,-0,-0,-0,-0,0,0,0,0,0,0,0
7.073,-3.5,0,2,0,0,0,0,0,0,0,0,0,-4.33680869e-19,-0,-1.293984181e-34,-2.484808345e-17,-0,-7.413983235e-33,0,0,0,0,0,0,0,0,0,0,0,0,0,0,0,0,0,-0,-0,-0,-0,-0,-0,-0,-0,0,0,0,0,0,0,0
7.0785,-3.5,0,2,0,0,0,0,0,0,0,0,0,-4.33680869e-19,-0,-1.293984181e-34,-2.484808345e-17,-0,-7.413983235e-33,0,0,0,0,0,0,0,0,0,0,0,0,0,0,0,0,0,-0,-0,-0,-0,-0,-0,-0,-0,0,0,0,0,0,0,0
7.084,-3.5,0,2,0,0,0,0,0,0,0,0,0,-4.33680869e-19,-0,-1.293984181e-34,-2.484808345e-17,-0,-7.413983235e-33,0,0,0,0,0,0,0,0,0,0,0,0,0,0,0,0,0,-0,-0,-0,-0,-0,-0,-0,-0,0,0,0,0,0,0,0
7.0895,-3.5,0,2,0,0,0,0,0,0,0,0,0,-4.33680869e-19,-0,-1.293984181e-34,-2.484808345e-17,-0,-7.413983235e-33,0,0,0,0,0,0,0,0,0,0,0,0,0,0,0,0,0,-0,-0,-0,-0,-0,-0,-0,-0,0,0,0,0,0,0,0
7.095,-3.5,0,2,0,0,0,0,0,0,0,0,0,-4.33680869e-19,-0,-1.293984181e-34,-2.484808345e-17,-0,-7.413983235e-33,0,0,0,0,0,0,0,0,0,0,0,0,0,0,0,0,0,-0,-0,-0,-0,-0,-0,-0,-0,0,0,0,0,0,0,0
7.1005,-3.5,0,2,0,0,0,0,0,0,0,0,0,-4.33680869e-19,-0,-1.293984181e-34,-2.484808345e-17,-0,-7.413983235e-33,0,0,0,0,0,0,0,0,0,0,0,0,0,0,0,0,0,-0,-0,-0,-0,-0,-0,-0,-0,0,0,0,0,0,0,0
7.106,-3.5,0,2,0,0,0,0,0,0,0,0,0,-4.33680869e-19,-0,-1.293984181e-34,-2.484808345e-17,-0,-7.413983235e-33,0,0,0,0,0,0,0,0,0,0,0,0,0,0,0,0,0,-0,-0,-0,-0,-0,-0,-0,-0,0,0,0,0,0,0,0
7.1115,-3.5,0,2,0,0,0,0,0,0,0,0,0,-4.33680869e-19,-0,-1.293984181e-34,-2.484808345e-17,-0,-7.413983235e-33,0,0,0,0,0,0,0,0,0,0,0,0,0,0,0,0,0,-0,-0,-0,-0,-0,-0,-0,-0,0,0,0,0,0,0,0
7.117,-3.5,0,2,0,0,0,0,0,0,0,0,0,-4.33680869e-19,-0,-1.293984181e-34,-2.484808345e-17,-0,-7.413983235e-33,0,0,0,0,0,0,0,0,0,0,0,0,0,0,0,0,0,-0,-0,-0,-0,-0,-0,-0,-0,0,0,0,0,0,0,0
7.1225,-3.5,0,2,0,0,0,0,0,0,0,0,0,-4.33680869e-19,-0,-1.293984181e-34,-2.484808345e-17,-0,-7.413983235e-33,0,0,0,0,0,0,0,0,0,0,0,0,0,0,0,0,0,-0,-0,-0,-0,-0,-0,-0,-0,0,0,0,0,0,0,0
7.128,-3.5,0,2,0,0,0,0,0,0,0,0,0,-4.33680869e-19,-0,-1.293984181e-34,-2.484808345e-17,-0,-7.413983235e-33,0,0,0,0,0,0,0,0,0,0,0,0,0,0,0,0,0,-0,-0,-0,-0,-0,-0,-0,-0,0,0,0,0,0,0,0
7.1335,-3.5,0,2,0,0,0,0,0,0,0,0,0,-4.33680869e-19,-0,-1.293984181e-34,-2.484808345e-17,-0,-7.413983235e-33,0,0,0,0,0,0,0,0,0,0,0,0,0,0,0,0,0,-0,-0,-0,-0,-0,-0,-0,-0,0,0,0,0,0,0,0
7.139,-3.5,0,2,0,0,0,0,0,0,0,0,0,-4.33680869e-19,-0,-1.293984181e-34,-2.484808345e-17,-0,-7.413983235e-33,0,0,0,0,0,0,0,0,0,0,0,0,0,0,0,0,0,-0,-0,-0,-0,-0,-0,-0,-0,0,0,0,0,0,0,0
7.1445,-3.5,0,2,0,0,0,0,0,0,0,0,0,-4.33680869e-19,-0,-1.293984181e-34,-2.484808345e-17,-0,-7.413983235e-33,0,0,0,0,0,0,0,0,0,0,0,0,0,0,0,0,0,-0,-0,-0,-0,-0,-0,-0,-0,0,0,0,0,0,0,0
7.15,-3.5,0,2,0,0,0,0,0,0,0,0,0,-4.33680869e-19,-0,-1.293984181e-34,-2.484808345e-17,-0,-7.413983235e-33,0,0,0,0,0,0,0,0,0,0,0,0,0,0,0,0,0,-0,-0,-0,-0,-0,-0,-0,-0,0,0,0,0,0,0,0
7.1555,-3.5,0,2,0,0,0,0,0,0,0,0,0,-4.33680869e-19,-0,-1.293984181e-34,-2.484808345e-17,-0,-7.413983235e-33,0,0,0,0,0,0,0,0,0,0,0,0,0,0,0,0,0,-0,-0,-0,-0,-0,-0,-0,-0,0,0,0,0,0,0,0
7.161,-3.5,0,2,0,0,0,0,0,0,0,0,0,-4.33680869e-19,-0,-1.293984181e-34,-2.484808345e-17,-0,-7.413983235e-33,0,0,0,0,0,0,0,0,0,0,0,0,0,0,0,0,0,-0,-0,-0,-0,-0,-0,-0,-0,0,0,0,0,0,0,0
7.1665,-3.5,0,2,0,0,0,0,0,0,0,0,0,-4.33680869e-19,-0,-1.293984181e-34,-2.484808345e-17,-0,-7.413983235e-33,0,0,0,0,0,0,0,0,0,0,0,0,0,0,0,0,0,-0,-0,-0,-0,-0,-0,-0,-0,0,0,0,0,0,0,0
7.172,-3.5,0,2,0,0,0,0,0,0,0,0,0,-4.33680869e-19,-0,-1.293984181e-34,-2.484808345e-17,-0,-7.413983235e-33,0,0,0,0,0,0,0,0,0,0,0,0,0,0,0,0,0,-0,-0,-0,-0,-0,-0,-0,-0,0,0,0,0,0,0,0
7.1775,-3.5,0,2,0,0,0,0,0,0,0,0,0,-4.33680869e-19,-0,-1.293984181e-34,-2.484808345e-17,-0,-7.413983235e-33,0,0,0,0,0,0,0,0,0,0,0,0,0,0,0,0,0,-0,-0,-0,-0,-0,-0,-0,-0,0,0,0,0,0,0,0
7.183,-3.5,0,2,0,0,0,0,0,0,0,0,0,-4.33680869e-19,-0,-1.293984181e-34,-2.484808345e-17,-0,-7.413983235e-33,0,0,0,0,0,0,0,0,0,0,0,0,0,0,0,0,0,-0,-0,-0,-0,-0,-0,-0,-0,0,0,0,0,0,0,0
7.1885,-3.5,0,2,0,0,0,0,0,0,0,0,0,-4.33680869e-19,-0,-1.293984181e-34,-2.484808345e-17,-0,-7.413983235e-33,0,0,0,0,0,0,0,0,0,0,0,0,0,0,0,0,0,-0,-0,-0,-0,-0,-0,-0,-0,0,0,0,0,0,0,0
7.194,-3.5,0,2,0,0,0,0,0,0,0,0,0,-4.33680869e-19,-0,-1.293984181e-34,-2.484808345e-17,-0,-7.413983235e-33,0,0,0,0,0,0,0,0,0,0,0,0,0,0,0,0,0,-0,-0,-0,-0,-0,-0,-0,-0,0,0,0,0,0,0,0
7.1995,-3.5,0,2,0,0,0,0,0,0,0,0,0,-4.33680869e-19,-0,-1.293984181e-34,-2.484808345e-17,-0,-7.413983235e-33,0,0,0,0,0,0,0,0,0,0,0,0,0,0,0,0,0,-0,-0,-0,-0,-0,-0,-0,-0,0,0,0,0,0,0,0
7.205,-3.5,0,2,0,0,0,0,0,0,0,0,0,-4.33680869e-19,-0,-1.293984181e-34,-2.484808345e-17,-0,-7.413983235e-33,0,0,0,0,0,0,0,0,0,0,0,0,0,0,0,0,0,-0,-0,-0,-0,-0,-0,-0,-0,0,0,0,0,0,0,0
7.2105,-3.5,0,2,0,0,0,0,0,0,0,0,0,-4.33680869e-19,-0,-1.293984181e-34,-2.484808345e-17,-0,-7.413983235e-33,0,0,0,0,0,0,0,0,0,0,0,0,0,0,0,0,0,-0,-0,-0,-0,-0,-0,-0,-0,0,0,0,0,0,0,0
7.216,-3.5,0,2,0,0,0,0,0,0,0,0,0,-4.33680869e-19,-0,-1.293984181e-34,-2.484808345e-17,-0,-7.413983235e-33,0,0,0,0,0,0,0,0,0,0,0,0,0,0,0,0,0,-0,-0,-0,-0,-0,-0,-0,-0,0,0,0,0,0,0,0
7.2215,-3.5,0,2,0,0,0,0,0,0,0,0,0,-4.33680869e-19,-0,-1.293984181e-34,-2.484808345e-17,-0,-7.413983235e-33,0,0,0,0,0,0,0,0,0,0,0,0,0,0,0,0,0,-0,-0,-0,-0,-0,-0,-0,-0,0,0,0,0,0,0,0
7.227,-3.5,0,2,0,0,0,0,0,0,0,0,0,-4.33680869e-19,-0,-1.293984181e-34,-2.484808345e-17,-0,-7.413983235e-33,0,0,0,0,0,0,0,0,0,0,0,0,0,0,0,0,0,-0,-0,-0,-0,-0,-0,-0,-0,0,0,0,0,0,0,0
7.2325,-3.5,0,2,0,0,0,0,0,0,0,0,0,-4.33680869e-19,-0,-1.293984181e-34,-2.484808345e-17,-0,-7.413983235e-33,0,0,0,0,0,0,0,0,0,0,0,0,0,0,0,0,0,-0,-0,-0,-0,-0,-0,-0,-0,0,0,0,0,0,0,0
7.238,-3.5,0,2,0,0,0,0,0,0,0,0,0,-4.33680869e-19,-0,-1.293984181e-34,-2.484808345e-17,-0,-7.413983235e-33,0,0,0,0,0,0,0,0,0,0,0,0,0,0,0,0,0,-0,-0,-0,-0,-0,-0,-0,-0,0,0,0,0,0,0,0
7.2435,-3.5,0,2,0,0,0,0,0,0,0,0,0,-4.33680869e-19,-0,-1.293984181e-34,-2.484808345e-17,-0,-7.413983235e-33,0,0,0,0,0,0,0,0,0,0,0,0,0,0,0,0,0,-0,-0,-0,-0,-0,-0,-0,-0,0,0,0,0,0,0,0
7.249,-3.5,0,2,0,0,0,0,0,0,0,0,0,-4.33680869e-19,-0,-1.293984181e-34,-2.484808345e-17,-0,-7.413983235e-33,0,0,0,0,0,0,0,0,0,0,0,0,0,0,0,0,0,-0,-0,-0,-0,-0,-0,-0,-0,0,0,0,0,0,0,0
7.2545,-3.5,0,2,0,0,0,0,0,0,0,0,0,-4.33680869e-19,-0,-1.293984181e-34,-2.484808345e-17,-0,-7.413983235e-33,0,0,0,0,0,0,0,0,0,0,0,0,0,0,0,0,0,-0,-0,-0,-0,-0,-0,-0,-0,0,0,0,0,0,0,0
7.26,-3.5,0,2,0,0,0,0,0,0,0,0,0,-4.33680869e-19,-0,-1.293984181e-34,-2.484808345e-17,-0,-7.413983235e-33,0,0,0,0,0,0,0,0,0,0,0,0,0,0,0,0,0,-0,-0,-0,-0,-0,-0,-0,-0,0,0,0,0,0,0,0
7.2655,-3.5,0,2,0,0,0,0,0,0,0,0,0,-4.33680869e-19,-0,-1.293984181e-34,-2.484808345e-17,-0,-7.413983235e-33,0,0,0,0,0,0,0,0,0,0,0,0,0,0,0,0,0,-0,-0,-0,-0,-0,-0,-0,-0,0,0,0,0,0,0,0
7.271,-3.5,0,2,0,0,0,0,0,0,0,0,0,-4.33680869e-19,-0,-1.293984181e-34,-2.484808345e-17,-0,-7.413983235e-33,0,0,0,0,0,0,0,0,0,0,0,0,0,0,0,0,0,-0,-0,-0,-0,-0,-0,-0,-0,0,0,0,0,0,0,0
7.2765,-3.5,0,2,0,0,0,0,0,0,0,0,0,-4.33680869e-19,-0,-1.293984181e-34,-2.484808345e-17,-0,-7.413983235e-33,0,0,0,0,0,0,0,0,0,0,0,0,0,0,0,0,0,-0,-0,-0,-0,-0,-0,-0,-0,0,0,0,0,0,0,0
7.282,-3.5,0,2,0,0,0,0,0,0,0,0,0,-4.33680869e-19,-0,-1.293984181e-34,-2.484808345e-17,-0,-7.413983235e-33,0,0,0,0,0,0,0,0,0,0,0,0,0,0,0,0,0,-0,-0,-0,-0,-0,-0,-0,-0,0,0,0,0,0,0,0
7.2875,-3.5,0,2,0,0,0,0,0,0,0,0,0,-4.33680869e-19,-0,-1.293984181e-34,-2.484808345e-17,-0,-7.413983235e-33,0,0,0,0,0,0,0,0,0,0,0,0,0,0,0,0,0,-0,-0,-0,-0,-0,-0,-0,-0,0,0,0,0,0,0,0
7.293,-3.5,0,2,0,0,0,0,0,0,0,0,0,-4.33680869e-19,-0,-1.293984181e-34,-2.484808345e-17,-0,-7.413983235e-33,0,0,0,0,0,0,0,0,0,0,0,0,0,0,0,0,0,-0,-0,-0,-0,-0,-0,-0,-0,0,0,0,0,0,0,0
7.2985,-3.5,0,2,0,0,0,0,0,0,0,0,0,-4.33680869e-19,-0,-1.293984181e-34,-2.484808345e-17,-0,-7.413983235e-33,0,0,0,0,0,0,0,0,0,0,0,0,0,0,0,0,0,-0,-0,-0,-0,-0,-0,-0,-0,0,0,0,0,0,0,0
7.304,-3.5,0,2,0,0,0,0,0,0,0,0,0,-4.33680869e-19,-0,-1.293984181e-34,-2.484808345e-17,-0,-7.413983235e-33,0,0,0,0,0,0,0,0,0,0,0,0,0,0,0,0,0,-0,-0,-0,-0,-0,-0,-0,-0,0,0,0,0,0,0,0
7.3095,-3.5,0,2,0,0,0,0,0,0,0,0,0,-4.33680869e-19,-0,-1.293984181e-34,-2.484808345e-17,-0,-7.413983235e-33,0,0,0,0,0,0,0,0,0,0,0,0,0,0,0,0,0,-0,-0,-0,-0,-0,-0,-0,-0,0,0,0,0,0,0,0
7.315,-3.5,0,2,0,0,0,0,0,0,0,0,0,-4.33680869e-19,-0,-1.293984181e-34,-2.484808345e-17,-0,-7.413983235e-33,0,0,0,0,0,0,0,0,0,0,0,0,0,0,0,0,0,-0,-0,-0,-0,-0,-0,-0,-0,0,0,0,0,0,0,0
7.3205,-3.5,0,2,0,0,0,0,0,0,0,0,0,-4.33680869e-19,-0,-1.293984181e-34,-2.484808345e-17,-0,-7.413983235e-33,0,0,0,0,0,0,0,0,0,0,0,0,0,0,0,0,0,-0,-0,-0,-0,-0,-0,-0,-0,0,0,0,0,0,0,0
7.326,-3.5,0,2,0,0,0,0,0,0,0,0,0,-4.33680869e-19,-0,-1.293984181e-34,-2.484808345e-17,-0,-7.413983235e-33,0,0,0,0,0,0,0,0,0,0,0,0,0,0,0,0,0,-0,-0,-0,-0,-0,-0,-0,-0,0,0,0,0,0,0,0
7.3315,-3.5,0,2,0,0,0,0,0,0,0,0,0,-4.33680869e-19,-0,-1.293984181e-34,-2.484808345e-17,-0,-7.413983235e-33,0,0,0,0,0,0,0,0,0,0,0,0,0,0,0,0,0,-0,-0,-0,-0,-0,-0,-0,-0,0,0,0,0,0,0,0
7.337,-3.5,0,2,0,0,0,0,0,0,0,0,0,-4.33680869e-19,-0,-1.293984181e-34,-2.484808345e-17,-0,-7.413983235e-33,0,0,0,0,0,0,0,0,0,0,0,0,0,0,0,0,0,-0,-0,-0,-0,-0,-0,-0,-0,0,0,0,0,0,0,0
7.3425,-3.5,0,2,0,0,0,0,0,0,0,0,0,-4.33680869e-19,-0,-1.293984181e-34,-2.484808345e-17,-0,-7.413983235e-33,0,0,0,0,0,0,0,0,0,0,0,0,0,0,0,0,0,-0,-0,-0,-0,-0,-0,-0,-0,0,0,0,0,0,0,0
7.348,-3.5,0,2,0,0,0,0,0,0,0,0,0,-4.33680869e-19,-0,-1.293984181e-34,-2.484808345e-17,-0,-7.413983235e-33,0,0,0,0,0,0,0,0,0,0,0,0,0,0,0,0,0,-0,-0,-0,-0,-0,-0,-0,-0,0,0,0,0,0,0,0
7.3535,-3.5,0,2,0,0,0,0,0,0,0,0,0,-4.33680869e-19,-0,-1.293984181e-34,-2.484808345e-17,-0,-7.413983235e-33,0,0,0,0,0,0,0,0,0,0,0,0,0,0,0,0,0,-0,-0,-0,-0,-0,-0,-0,-0,0,0,0,0,0,0,0
7.359,-3.5,0,2,0,0,0,0,0,0,0,0,0,-4.33680869e-19,-0,-1.293984181e-34,-2.484808345e-17,-0,-7.413983235e-33,0,0,0,0,0,0,0,0,0,0,0,0,0,0,0,0,0,-0,-0,-0,-0,-0,-0,-0,-0,0,0,0,0,0,0,0
7.3645,-3.5,0,2,0,0,0,0,0,0,0,0,0,-4.33680869e-19,-0,-1.293984181e-34,-2.484808345e-17,-0,-7.413983235e-33,0,0,0,0,0,0,0,0,0,0,0,0,0,0,0,0,0,-0,-0,-0,-0,-0,-0,-0,-0,0,0,0,0,0,0,0
7.37,-3.5,0,2,0,0,0,0,0,0,0,0,0,-4.33680869e-19,-0,-1.293984181e-34,-2.484808345e-17,-0,-7.413983235e-33,0,0,0,0,0,0,0,0,0,0,0,0,0,0,0,0,0,-0,-0,-0,-0,-0,-0,-0,-0,0,0,0,0,0,0,0
7.3755,-3.5,0,2,0,0,0,0,0,0,0,0,0,-4.33680869e-19,-0,-1.293984181e-34,-2.484808345e-17,-0,-7.413983235e-33,0,0,0,0,0,0,0,0,0,0,0,0,0,0,0,0,0,-0,-0,-0,-0,-0,-0,-0,-0,0,0,0,0,0,0,0
7.381,-3.5,0,2,0,0,0,0,0,0,0,0,0,-4.33680869e-19,-0,-1.293984181e-34,-2.484808345e-17,-0,-7.413983235e-33,0,0,0,0,0,0,0,0,0,0,0,0,0,0,0,0,0,-0,-0,-0,-0,-0,-0,-0,-0,0,0,0,0,0,0,0
7.3865,-3.5,0,2,0,0,0,0,0,0,0,0,0,-4.33680869e-19,-0,-1.293984181e-34,-2.484808345e-17,-0,-7.413983235e-33,0,0,0,0,0,0,0,0,0,0,0,0,0,0,0,0,0,-0,-0,-0,-0,-0,-0,-0,-0,0,0,0,0,0,0,0
7.392,-3.5,0,2,0,0,0,0,0,0,0,0,0,-4.33680869e-19,-0,-1.293984181e-34,-2.484808345e-17,-0,-7.413983235e-33,0,0,0,0,0,0,0,0,0,0,0,0,0,0,0,0,0,-0,-0,-0,-0,-0,-0,-0,-0,0,0,0,0,0,0,0
7.3975,-3.5,0,2,0,0,0,0,0,0,0,0,0,-4.33680869e-19,-0,-1.293984181e-34,-2.484808345e-17,-0,-7.413983235e-33,0,0,0,0,0,0,0,0,0,0,0,0,0,0,0,0,0,-0,-0,-0,-0,-0,-0,-0,-0,0,0,0,0,0,0,0
7.403,-3.5,0,2,0,0,0,0,0,0,0,0,0,-4.33680869e-19,-0,-1.293984181e-34,-2.484808345e-17,-0,-7.413983235e-33,0,0,0,0,0,0,0,0,0,0,0,0,0,0,0,0,0,-0,-0,-0,-0,-0,-0,-0,-0,0,0,0,0,0,0,0
7.4085,-3.5,0,2,0,0,0,0,0,0,0,0,0,-4.33680869e-19,-0,-1.293984181e-34,-2.484808345e-17,-0,-7.413983235e-33,0,0,0,0,0,0,0,0,0,0,0,0,0,0,0,0,0,-0,-0,-0,-0,-0,-0,-0,-0,0,0,0,0,0,0,0
7.414,-3.5,0,2,0,0,0,0,0,0,0,0,0,-4.33680869e-19,-0,-1.293984181e-34,-2.484808345e-17,-0,-7.413983235e-33,0,0,0,0,0,0,0,0,0,0,0,0,0,0,0,0,0,-0,-0,-0,-0,-0,-0,-0,-0,0,0,0,0,0,0,0
7.4195,-3.5,0,2,0,0,0,0,0,0,0,0,0,-4.33680869e-19,-0,-1.293984181e-34,-2.484808345e-17,-0,-7.413983235e-33,0,0,0,0,0,0,0,0,0,0,0,0,0,0,0,0,0,-0,-0,-0,-0,-0,-0,-0,-0,0,0,0,0,0,0,0
7.425,-3.5,0,2,0,0,0,0,0,0,0,0,0,-4.33680869e-19,-0,-1.293984181e-34,-2.484808345e-17,-0,-7.413983235e-33,0,0,0,0,0,0,0,0,0,0,0,0,0,0,0,0,0,-0,-0,-0,-0,-0,-0,-0,-0,0,0,0,0,0,0,0
7.4305,-3.5,0,2,0,0,0,0,0,0,0,0,0,-4.33680869e-19,-0,-1.293984181e-34,-2.484808345e-17,-0,-7.413983235e-33,0,0,0,0,0,0,0,0,0,0,0,0,0,0,0,0,0,-0,-0,-0,-0,-0,-0,-0,-0,0,0,0,0,0,0,0
7.436,-3.5,0,2,0,0,0,0,0,0,0,0,0,-4.33680869e-19,-0,-1.293984181e-34,-2.484808345e-17,-0,-7.413983235e-33,0,0,0,0,0,0,0,0,0,0,0,0,0,0,0,0,0,-0,-0,-0,-0,-0,-0,-0,-0,0,0,0,0,0,0,0
7.4415,-3.5,0,2,0,0,0,0,0,0,0,0,0,-4.33680869e-19,-0,-1.293984181e-34,-2.484808345e-17,-0,-7.413983235e-33,0,0,0,0,0,0,0,0,0,0,0,0,0,0,0,0,0,-0,-0,-0,-0,-0,-0,-0,-0,0,0,0,0,0,0,0
7.447,-3.5,0,2,0,0,0,0,0,0,0,0,0,-4.33680869e-19,-0,-1.293984181e-34,-2.484808345e-17,-0,-7.413983235e-33,0,0,0,0,0,0,0,0,0,0,0,0,0,0,0,0,0,-0,-0,-0,-0,-0,-0,-0,-0,0,0,0,0,0,0,0
7.4525,-3.5,0,2,0,0,0,0,0,0,0,0,0,-4.33680869e-19,-0,-1.293984181e-34,-2.484808345e-17,-0,-7.413983235e-33,0,0,0,0,0,0,0,0,0,0,0,0,0,0,0,0,0,-0,-0,-0,-0,-0,-0,-0,-0,0,0,0,0,0,0,0
7.458,-3.5,0,2,0,0,0,0,0,0,0,0,0,-4.33680869e-19,-0,-1.293984181e-34,-2.484808345e-17,-0,-7.413983235e-33,0,0,0,0,0,0,0,0,0,0,0,0,0,0,0,0,0,-0,-0,-0,-0,-0,-0,-0,-0,0,0,0,0,0,0,0
7.4635,-3.5,0,2,0,0,0,0,0,0,0,0,0,-4.33680869e-19,-0,-1.293984181e-34,-2.484808345e-17,-0,-7.413983235e-33,0,0,0,0,0,0,0,0,0,0,0,0,0,0,0,0,0,-0,-0,-0,-0,-0,-0,-0,-0,0,0,0,0,0,0,0
7.469,-3.5,0,2,0,0,0,0,0,0,0,0,0,-4.33680869e-19,-0,-1.293984181e-34,-2.484808345e-17,-0,-7.413983235e-33,0,0,0,0,0,0,0,0,0,0,0,0,0,0,0,0,0,-0,-0,-0,-0,-0,-0,-0,-0,0,0,0,0,0,0,0
7.4745,-3.5,0,2,0,0,0,0,0,0,0,0,0,-4.33680869e-19,-0,-1.293984181e-34,-2.484808345e-17,-0,-7.413983235e-33,0,0,0,0,0,0,0,0,0,0,0,0,0,0,0,0,0,-0,-0,-0,-0,-0,-0,-0,-0,0,0,0,0,0,0,0
7.48,-3.5,0,2,0,0,0,0,0,0,0,0,0,-4.33680869e-19,-0,-1.293984181e-34,-2.484808345e-17,-0,-7.413983235e-33,0,0,0,0,0,0,0,0,0,0,0,0,0,0,0,0,0,-0,-0,-0,-0,-0,-0,-0,-0,0,0,0,0,0,0,0
7.4855,-3.5,0,2,0,0,0,0,0,0,0,0,0,-4.33680869e-19,-0,-1.293984181e-34,-2.484808345e-17,-0,-7.413983235e-33,0,0,0,0,0,0,0,0,0,0,0,0,0,0,0,0,0,-0,-0,-0,-0,-0,-0,-0,-0,0,0,0,0,0,0,0
7.491,-3.5,0,2,0,0,0,0,0,0,0,0,0,-4.33680869e-19,-0,-1.293984181e-34,-2.484808345e-17,-0,-7.413983235e-33,0,0,0,0,0,0,0,0,0,0,0,0,0,0,0,0,0,-0,-0,-0,-0,-0,-0,-0,-0,0,0,0,0,0,0,0
7.4965,-3.5,0,2,0,0,0,0,0,0,0,0,0,-4.33680869e-19,-0,-1.293984181e-34,-2.484808345e-17,-0,-7.413983235e-33,0,0,0,0,0,0,0,0,0,0,0,0,0,0,0,0,0,-0,-0,-0,-0,-0,-0,-0,-0,0,0,0,0,0,0,0
7.502,-3.5,0,2,0,0,0,0,0,0,0,0,0,-4.33680869e-19,-0,-1.293984181e-34,-2.484808345e-17,-0,-7.413983235e-33,0,0,0,0,0,0,0,0,0,0,0,0,0,0,0,0,0,-0,-0,-0,-0,-0,-0,-0,-0,0,0,0,0,0,0,0
7.5075,-3.5,0,2,0,0,0,0,0,0,0,0,0,-4.33680869e-19,-0,-1.293984181e-34,-2.484808345e-17,-0,-7.413983235e-33,0,0,0,0,0,0,0,0,0,0,0,0,0,0,0,0,0,-0,-0,-0,-0,-0,-0,-0,-0,0,0,0,0,0,0,0
7.513,-3.5,0,2,0,0,0,0,0,0,0,0,0,-4.33680869e-19,-0,-1.293984181e-34,-2.484808345e-17,-0,-7.413983235e-33,0,0,0,0,0,0,0,0,0,0,0,0,0,0,0,0,0,-0,-0,-0,-0,-0,-0,-0,-0,0,0,0,0,0,0,0
7.5185,-3.5,0,2,0,0,0,0,0,0,0,0,0,-4.33680869e-19,-0,-1.293984181e-34,-2.484808345e-17,-0,-7.413983235e-33,0,0,0,0,0,0,0,0,0,0,0,0,0,0,0,0,0,-0,-0,-0,-0,-0,-0,-0,-0,0,0,0,0,0,0,0
7.524,-3.5,0,2,0,0,0,0,0,0,0,0,0,-4.33680869e-19,-0,-1.293984181e-34,-2.484808345e-17,-0,-7.413983235e-33,0,0,0,0,0,0,0,0,0,0,0,0,0,0,0,0,0,-0,-0,-0,-0,-0,-0,-0,-0,0,0,0,0,0,0,0
7.5295,-3.5,0,2,0,0,0,0,0,0,0,0,0,-4.33680869e-19,-0,-1.293984181e-34,-2.484808345e-17,-0,-7.413983235e-33,0,0,0,0,0,0,0,0,0,0,0,0,0,0,0,0,0,-0,-0,-0,-0,-0,-0,-0,-0,0,0,0,0,0,0,0
7.535,-3.5,0,2,0,0,0,0,0,0,0,0,0,-4.33680869e-19,-0,-1.293984181e-34,-2.484808345e-17,-0,-7.413983235e-33,0,0,0,0,0,0,0,0,0,0,0,0,0,0,0,0,0,-0,-0,-0,-0,-0,-0,-0,-0,0,0,0,0,0,0,0
7.5405,-3.5,0,2,0,0,0,0,0,0,0,0,0,-4.33680869e-19,-0,-1.293984181e-34,-2.484808345e-17,-0,-7.413983235e-33,0,0,0,0,0,0,0,0,0,0,0,0,0,0,0,0,0,-0,-0,-0,-0,-0,-0,-0,-0,0,0,0,0,0,0,0
7.546,-3.5,0,2,0,0,0,0,0,0,0,0,0,-4.33680869e-19,-0,-1.293984181e-34,-2.484808345e-17,-0,-7.413983235e-33,0,0,0,0,0,0,0,0,0,0,0,0,0,0,0,0,0,-0,-0,-0,-0,-0,-0,-0,-0,0,0,0,0,0,0,0
7.5515,-3.5,0,2,0,0,0,0,0,0,0,0,0,-4.33680869e-19,-0,-1.293984181e-34,-2.484808345e-17,-0,-7.413983235e-33,0,0,0,0,0,0,0,0,0,0,0,0,0,0,0,0,0,-0,-0,-0,-0,-0,-0,-0,-0,0,0,0,0,0,0,0
7.557,-3.5,0,2,0,0,0,0,0,0,0,0,0,-4.33680869e-19,-0,-1.293984181e-34,-2.484808345e-17,-0,-7.413983235e-33,0,0,0,0,0,0,0,0,0,0,0,0,0,0,0,0,0,-0,-0,-0,-0,-0,-0,-0,-0,0,0,0,0,0,0,0
7.5625,-3.5,0,2,0,0,0,0,0,0,0,0,0,-4.33680869e-19,-0,-1.293984181e-34,-2.484808345e-17,-0,-7.413983235e-33,0,0,0,0,0,0,0,0,0,0,0,0,0,0,0,0,0,-0,-0,-0,-0,-0,-0,-0,-0,0,0,0,0,0,0,0
7.568,-3.5,0,2,0,0,0,0,0,0,0,0,0,-4.33680869e-19,-0,-1.293984181e-34,-2.484808345e-17,-0,-7.413983235e-33,0,0,0,0,0,0,0,0,0,0,0,0,0,0,0,0,0,-0,-0,-0,-0,-0,-0,-0,-0,0,0,0,0,0,0,0
7.5735,-3.5,0,2,0,0,0,0,0,0,0,0,0,-4.33680869e-19,-0,-1.293984181e-34,-2.484808345e-17,-0,-7.413983235e-33,0,0,0,0,0,0,0,0,0,0,0,0,0,0,0,0,0,-0,-0,-0,-0,-0,-0,-0,-0,0,0,0,0,0,0,0
7.579,-3.5,0,2,0,0,0,0,0,0,0,0,0,-4.33680869e-19,-0,-1.293984181e-34,-2.484808345e-17,-0,-7.413983235e-33,0,0,0,0,0,0,0,0,0,0,0,0,0,0,0,0,0,-0,-0,-0,-0,-0,-0,-0,-0,0,0,0,0,0,0,0
7.5845,-3.5,0,2,0,0,0,0,0,0,0,0,0,-4.33680869e-19,-0,-1.293984181e-34,-2.484808345e-17,-0,-7.413983235e-33,0,0,0,0,0,0,0,0,0,0,0,0,0,0,0,0,0,-0,-0,-0,-0,-0,-0,-0,-0,0,0,0,0,0,0,0
7.59,-3.5,0,2,0,0,0,0,0,0,0,0,0,-4.33680869e-19,-0,-1.293984181e-34,-2.484808345e-17,-0,-7.413983235e-33,0,0,0,0,0,0,0,0,0,0,0,0,0,0,0,0,0,-0,-0,-0,-0,-0,-0,-0,-0,0,0,0,0,0,0,0
7.5955,-3.5,0,2,0,0,0,0,0,0,0,0,0,-4.33680869e-19,-0,-1.293984181e-34,-2.484808345e-17,-0,-7.413983235e-33,0,0,0,0,0,0,0,0,0,0,0,0,0,0,0,0,0,-0,-0,-0,-0,-0,-0,-0,-0,0,0,0,0,0,0,0
7.601,-3.5,0,2,0,0,0,0,0,0,0,0,0,-4.33680869e-19,-0,-1.293984181e-34,-2.484808345e-17,-0,-7.413983235e-33,0,0,0,0,0,0,0,0,0,0,0,0,0,0,0,0,0,-0,-0,-0,-0,-0,-0,-0,-0,0,0,0,0,0,0,0
7.6065,-3.5,0,2,0,0,0,0,0,0,0,0,0,-4.33680869e-19,-0,-1.293984181e-34,-2.484808345e-17,-0,-7.413983235e-33,0,0,0,0,0,0,0,0,0,0,0,0,0,0,0,0,0,-0,-0,-0,-0,-0,-0,-0,-0,0,0,0,0,0,0,0
7.612,-3.5,0,2,0,0,0,0,0,0,0,0,0,-4.33680869e-19,-0,-1.293984181e-34,-2.484808345e-17,-0,-7.413983235e-33,0,0,0,0,0,0,0,0,0,0,0,0,0,0,0,0,0,-0,-0,-0,-0,-0,-0,-0,-0,0,0,0,0,0,0,0
7.6175,-3.5,0,2,0,0,0,0,0,0,0,0,0,-4.33680869e-19,-0,-1.293984181e-34,-2.484808345e-17,-0,-7.413983235e-33,0,0,0,0,0,0,0,0,0,0,0,0,0,0,0,0,0,-0,-0,-0,-0,-0,-0,-0,-0,0,0,0,0,0,0,0
7.623,-3.5,0,2,0,0,0,0,0,0,0,0,0,-4.33680869e-19,-0,-1.293984181e-34,-2.484808345e-17,-0,-7.413983235e-33,0,0,0,0,0,0,0,0,0,0,0,0,0,0,0,0,0,-0,-0,-0,-0,-0,-0,-0,-0,0,0,0,0,0,0,0
7.6285,-3.5,0,2,0,0,0,0,0,0,0,0,0,-4.33680869e-19,-0,-1.293984181e-34,-2.484808345e-17,-0,-7.413983235e-33,0,0,0,0,0,0,0,0,0,0,0,0,0,0,0,0,0,-0,-0,-0,-0,-0,-0,-0,-0,0,0,0,0,0,0,0
7.634,-3.5,0,2,0,0,0,0,0,0,0,0,0,-4.33680869e-19,-0,-1.293984181e-34,-2.484808345e-17,-0,-7.413983235e-33,0,0,0,0,0,0,0,0,0,0,0,0,0,0,0,0,0,-0,-0,-0,-0,-0,-0,-0,-0,0,0,0,0,0,0,0
7.6395,-3.5,0,2,0,0,0,0,0,0,0,0,0,-4.33680869e-19,-0,-1.293984181e-34,-2.484808345e-17,-0,-7.413983235e-33,0,0,0,0,0,0,0,0,0,0,0,0,0,0,0,0,0,-0,-0,-0,-0,-0,-0,-0,-0,0,0,0,0,0,0,0
7.645,-3.5,0,2,0,0,0,0,0,0,0,0,0,-4.33680869e-19,-0,-1.293984181e-34,-2.484808345e-17,-0,-7.413983235e-33,0,0,0,0,0,0,0,0,0,0,0,0,0,0,0,0,0,-0,-0,-0,-0,-0,-0,-0,-0,0,0,0,0,0,0,0
7.6505,-3.5,0,2,0,0,0,0,0,0,0,0,0,-4.33680869e-19,-0,-1.293984181e-34,-2.484808345e-17,-0,-7.413983235e-33,0,0,0,0,0,0,0,0,0,0,0,0,0,0,0,0,0,-0,-0,-0,-0,-0,-0,-0,-0,0,0,0,0,0,0,0
7.656,-3.5,0,2,0,0,0,0,0,0,0,0,0,-4.33680869e-19,-0,-1.293984181e-34,-2.484808345e-17,-0,-7.413983235e-33,0,0,0,0,0,0,0,0,0,0,0,0,0,0,0,0,0,-0,-0,-0,-0,-0,-0,-0,-0,0,0,0,0,0,0,0
7.6615,-3.5,0,2,0,0,0,0,0,0,0,0,0,-4.33680869e-19,-0,-1.293984181e-34,-2.484808345e-17,-0,-7.413983235e-33,0,0,0,0,0,0,0,0,0,0,0,0,0,0,0,0,0,-0,-0,-0,-0,-0,-0,-0,-0,0,0,0,0,0,0,0
7.667,-3.5,0,2,0,0,0,0,0,0,0,0,0,-4.33680869e-19,-0,-1.293984181e-34,-2.484808345e-17,-0,-7.413983235e-33,0,0,0,0,0,0,0,0,0,0,0,0,0,0,0,0,0,-0,-0,-0,-0,-0,-0,-0,-0,0,0,0,0,0,0,0
7.6725,-3.5,0,2,0,0,0,0,0,0,0,0,0,-4.33680869e-19,-0,-1.293984181e-34,-2.484808345e-17,-0,-7.413983235e-33,0,0,0,0,0,0,0,0,0,0,0,0,0,0,0,0,0,-0,-0,-0,-0,-0,-0,-0,-0,0,0,0,0,0,0,0
7.678,-3.5,0,2,0,0,0,0,0,0,0,0,0,-4.33680869e-19,-0,-1.293984181e-34,-2.484808345e-17,-0,-7.413983235e-33,0,0,0,0,0,0,0,0,0,0,0,0,0,0,0,0,0,-0,-0,-0,-0,-0,-0,-0,-0,0,0,0,0,0,0,0
7.6835,-3.5,0,2,0,0,0,0,0,0,0,0,0,-4.33680869e-19,-0,-1.293984181e-34,-2.484808345e-17,-0,-7.413983235e-33,0,0,0,0,0,0,0,0,0,0,0,0,0,0,0,0,0,-0,-0,-0,-0,-0,-0,-0,-0,0,0,0,0,0,0,0
7.689,-3.5,0,2,0,0,0,0,0,0,0,0,0,-4.33680869e-19,-0,-1.293984181e-34,-2.484808345e-17,-0,-7.413983235e-33,0,0,0,0,0,0,0,0,0,0,0,0,0,0,0,0,0,-0,-0,-0,-0,-0,-0,-0,-0,0,0,0,0,0,0,0
7.6945,-3.5,0,2,0,0,0,0,0,0,0,0,0,-4.33680869e-19,-0,-1.293984181e-34,-2.484808345e-17,-0,-7.413983235e-33,0,0,0,0,0,0,0,0,0,0,0,0,0,0,0,0,0,-0,-0,-0,-0,-0,-0,-0,-0,0,0,0,0,0,0,0
7.7,-3.5,0,2,0,0,0,0,0,0,0,0,0,-4.33680869e-19,-0,-1.293984181e-34,-2.484808345e-17,-0,-7.413983235e-33,0,0,0,0,0,0,0,0,0,0,0,0,0,0,0,0,0,-0,-0,-0,-0,-0,-0,-0,-0,0,0,0,0,0,0,0
7.7055,-3.5,0,2,0,0,0,0,0,0,0,0,0,-4.33680869e-19,-0,-1.293984181e-34,-2.484808345e-17,-0,-7.413983235e-33,0,0,0,0,0,0,0,0,0,0,0,0,0,0,0,0,0,-0,-0,-0,-0,-0,-0,-0,-0,0,0,0,0,0,0,0
7.711,-3.5,0,2,0,0,0,0,0,0,0,0,0,-4.33680869e-19,-0,-1.293984181e-34,-2.484808345e-17,-0,-7.413983235e-33,0,0,0,0,0,0,0,0,0,0,0,0,0,0,0,0,0,-0,-0,-0,-0,-0,-0,-0,-0,0,0,0,0,0,0,0
7.7165,-3.5,0,2,0,0,0,0,0,0,0,0,0,-4.33680869e-19,-0,-1.293984181e-34,-2.484808345e-17,-0,-7.413983235e-33,0,0,0,0,0,0,0,0,0,0,0,0,0,0,0,0,0,-0,-0,-0,-0,-0,-0,-0,-0,0,0,0,0,0,0,0
7.722,-3.5,0,2,0,0,0,0,0,0,0,0,0,-4.33680869e-19,-0,-1.293984181e-34,-2.484808345e-17,-0,-7.413983235e-33,0,0,0,0,0,0,0,0,0,0,0,0,0,0,0,0,0,-0,-0,-0,-0,-0,-0,-0,-0,0,0,0,0,0,0,0
7.7275,-3.5,0,2,0,0,0,0,0,0,0,0,0,-4.33680869e-19,-0,-1.293984181e-34,-2.484808345e-17,-0,-7.413983235e-33,0,0,0,0,0,0,0,0,0,0,0,0,0,0,0,0,0,-0,-0,-0,-0,-0,-0,-0,-0,0,0,0,0,0,0,0
7.733,-3.5,0,2,0,0,0,0,0,0,0,0,0,-4.33680869e-19,-0,-1.293984181e-34,-2.484808345e-17,-0,-7.413983235e-33,0,0,0,0,0,0,0,0,0,0,0,0,0,0,0,0,0,-0,-0,-0,-0,-0,-0,-0,-0,0,0,0,0,0,0,0
7.7385,-3.5,0,2,0,0,0,0,0,0,0,0,0,-4.33680869e-19,-0,-1.293984181e-34,-2.484808345e-17,-0,-7.413983235e-33,0,0,0,0,0,0,0,0,0,0,0,0,0,0,0,0,0,-0,-0,-0,-0,-0,-0,-0,-0,0,0,0,0,0,0,0
7.744,-3.5,0,2,0,0,0,0,0,0,0,0,0,-4.33680869e-19,-0,-1.293984181e-34,-2.484808345e-17,-0,-7.413983235e-33,0,0,0,0,0,0,0,0,0,0,0,0,0,0,0,0,0,-0,-0,-0,-0,-0,-0,-0,-0,0,0,0,0,0,0,0
7.7495,-3.5,0,2,0,0,0,0,0,0,0,0,0,-4.33680869e-19,-0,-1.293984181e-34,-2.484808345e-17,-0,-7.413983235e-33,0,0,0,0,0,0,0,0,0,0,0,0,0,0,0,0,0,-0,-0,-0,-0,-0,-0,-0,-0,0,0,0,0,0,0,0
7.755,-3.5,0,2,0,0,0,0,0,0,0,0,0,-4.33680869e-19,-0,-1.293984181e-34,-2.484808345e-17,-0,-7.413983235e-33,0,0,0,0,0,0,0,0,0,0,0,0,0,0,0,0,0,-0,-0,-0,-0,-0,-0,-0,-0,0,0,0,0,0,0,0
7.7605,-3.5,0,2,0,0,0,0,0,0,0,0,0,-4.33680869e-19,-0,-1.293984181e-34,-2.484808345e-17,-0,-7.413983235e-33,0,0,0,0,0,0,0,0,0,0,0,0,0,0,0,0,0,-0,-0,-0,-0,-0,-0,-0,-0,0,0,0,0,0,0,0
7.766,-3.5,0,2,0,0,0,0,0,0,0,0,0,-4.33680869e-19,-0,-1.293984181e-34,-2.484808345e-17,-0,-7.413983235e-33,0,0,0,0,0,0,0,0,0,0,0,0,0,0,0,0,0,-0,-0,-0,-0,-0,-0,-0,-0,0,0,0,0,0,0,0
7.7715,-3.5,0,2,0,0,0,0,0,0,0,0,0,-4.33680869e-19,-0,-1.293984181e-34,-2.484808345e-17,-0,-7.413983235e-33,0,0,0,0,0,0,0,0,0,0,0,0,0,0,0,0,0,-0,-0,-0,-0,-0,-0,-0,-0,0,0,0,0,0,0,0
7.777,-3.5,0,2,0,0,0,0,0,0,0,0,0,-4.33680869e-19,-0,-1.293984181e-34,-2.484808345e-17,-0,-7.413983235e-33,0,0,0,0,0,0,0,0,0,0,0,0,0,0,0,0,0,-0,-0,-0,-0,-0,-0,-0,-0,0,0,0,0,0,0,0
7.7825,-3.5,0,2,0,0,0,0,0,0,0,0,0,-4.33680869e-19,-0,-1.293984181e-34,-2.484808345e-17,-0,-7.413983235e-33,0,0,0,0,0,0,0,0,0,0,0,0,0,0,0,0,0,-0,-0,-0,-0,-0,-0,-0,-0,0,0,0,0,0,0,0
7.788,-3.5,0,2,0,0,0,0,0,0,0,0,0,-4.33680869e-19,-0,-1.293984181e-34,-2.484808345e-17,-0,-7.413983235e-33,0,0,0,0,0,0,0,0,0,0,0,0,0,0,0,0,0,-0,-0,-0,-0,-0,-0,-0,-0,0,0,0,0,0,0,0
7.7935,-3.5,0,2,0,0,0,0,0,0,0,0,0,-4.33680869e-19,-0,-1.293984181e-34,-2.484808345e-17,-0,-7.413983235e-33,0,0,0,0,0,0,0,0,0,0,0,0,0,0,0,0,0,-0,-0,-0,-0,-0,-0,-0,-0,0,0,0,0,0,0,0
7.799,-3.5,0,2,0,0,0,0,0,0,0,0,0,-4.33680869e-19,-0,-1.293984181e-34,-2.484808345e-17,-0,-7.413983235e-33,0,0,0,0,0,0,0,0,0,0,0,0,0,0,0,0,0,-0,-0,-0,-0,-0,-0,-0,-0,0,0,0,0,0,0,0
7.8045,-3.5,0,2,0,0,0,0,0,0,0,0,0,-4.33680869e-19,-0,-1.293984181e-34,-2.484808345e-17,-0,-7.413983235e-33,0,0,0,0,0,0,0,0,0,0,0,0,0,0,0,0,0,-0,-0,-0,-0,-0,-0,-0,-0,0,0,0,0,0,0,0
7.81,-3.5,0,2,0,0,0,0,0,0,0,0,0,-4.33680869e-19,-0,-1.293984181e-34,-2.484808345e-17,-0,-7.413983235e-33,0,0,0,0,0,0,0,0,0,0,0,0,0,0,0,0,0,-0,-0,-0,-0,-0,-0,-0,-0,0,0,0,0,0,0,0
7.8155,-3.5,0,2,0,0,0,0,0,0,0,0,0,-4.33680869e-19,-0,-1.293984181e-34,-2.484808345e-17,-0,-7.413983235e-33,0,0,0,0,0,0,0,0,0,0,0,0,0,0,0,0,0,-0,-0,-0,-0,-0,-0,-0,-0,0,0,0,0,0,0,0
7.821,-3.5,0,2,0,0,0,0,0,0,0,0,0,-4.33680869e-19,-0,-1.293984181e-34,-2.484808345e-17,-0,-7.413983235e-33,0,0,0,0,0,0,0,0,0,0,0,0,0,0,0,0,0,-0,-0,-0,-0,-0,-0,-0,-0,0,0,0,0,0,0,0
7.8265,-3.5,0,2,0,0,0,0,0,0,0,0,0,-4.33680869e-19,-0,-1.293984181e-34,-2.484808345e-17,-0,-7.413983235e-33,0,0,0,0,0,0,0,0,0,0,0,0,0,0,0,0,0,-0,-0,-0,-0,-0,-0,-0,-0,0,0,0,0,0,0,0
7.832,-3.5,0,2,0,0,0,0,0,0,0,0,0,-4.33680869e-19,-0,-1.293984181e-34,-2.484808345e-17,-0,-7.413983235e-33,0,0,0,0,0,0,0,0,0,0,0,0,0,0,0,0,0,-0,-0,-0,-0,-0,-0,-0,-0,0,0,0,0,0,0,0
7.8375,-3.5,0,2,0,0,0,0,0,0,0,0,0,-4.33680869e-19,-0,-1.293984181e-34,-2.484808345e-17,-0,-7.413983235e-33,0,0,0,0,0,0,0,0,0,0,0,0,0,0,0,0,0,-0,-0,-0,-0,-0,-0,-0,-0,0,0,0,0,0,0,0
7.843,-3.5,0,2,0,0,0,0,0,0,0,0,0,-4.33680869e-19,-0,-1.293984181e-34,-2.484808345e-17,-0,-7.413983235e-33,0,0,0,0,0,0,0,0,0,0,0,0,0,0,0,0,0,-0,-0,-0,-0,-0,-0,-0,-0,0,0,0,0,0,0,0
7.8485,-3.5,0,2,0,0,0,0,0,0,0,0,0,-4.33680869e-19,-0,-1.293984181e-34,-2.484808345e-17,-0,-7.413983235e-33,0,0,0,0,0,0,0,0,0,0,0,0,0,0,0,0,0,-0,-0,-0,-0,-0,-0,-0,-0,0,0,0,0,0,0,0
7.854,-3.5,0,2,0,0,0,0,0,0,0,0,0,-4.33680869e-19,-0,-1.293984181e-34,-2.484808345e-17,-0,-7.413983235e-33,0,0,0,0,0,0,0,0,0,0,0,0,0,0,0,0,0,-0,-0,-0,-0,-0,-0,-0,-0,0,0,0,0,0,0,0
7.8595,-3.5,0,2,0,0,0,0,0,0,0,0,0,-4.33680869e-19,-0,-1.293984181e-34,-2.484808345e-17,-0,-7.413983235e-33,0,0,0,0,0,0,0,0,0,0,0,0,0,0,0,0,0,-0,-0,-0,-0,-0,-0,-0,-0,0,0,0,0,0,0,0
7.865,-3.5,0,2,0,0,0,0,0,0,0,0,0,-4.33680869e-19,-0,-1.293984181e-34,-2.484808345e-17,-0,-7.413983235e-33,0,0,0,0,0,0,0,0,0,0,0,0,0,0,0,0,0,-0,-0,-0,-0,-0,-0,-0,-0,0,0,0,0,0,0,0
7.8705,-3.5,0,2,0,0,0,0,0,0,0,0,0,-4.33680869e-19,-0,-1.293984181e-34,-2.484808345e-17,-0,-7.413983235e-33,0,0,0,0,0,0,0,0,0,0,0,0,0,0,0,0,0,-0,-0,-0,-0,-0,-0,-0,-0,0,0,0,0,0,0,0
7.876,-3.5,0,2,0,0,0,0,0,0,0,0,0,-4.33680869e-19,-0,-1.293984181e-34,-2.484808345e-17,-0,-7.413983235e-33,0,0,0,0,0,0,0,0,0,0,0,0,0,0,0,0,0,-0,-0,-0,-0,-0,-0,-0,-0,0,0,0,0,0,0,0
7.8815,-3.5,0,2,0,0,0,0,0,0,0,0,0,-4.33680869e-19,-0,-1.293984181e-34,-2.484808345e-17,-0,-7.413983235e-33,0,0,0,0,0,0,0,0,0,0,0,0,0,0,0,0,0,-0,-0,-0,-0,-0,-0,-0,-0,0,0,0,0,0,0,0
7.887,-3.5,0,2,0,0,0,0,0,0,0,0,0,-4.33680869e-19,-0,-1.293984181e-34,-2.484808345e-17,-0,-7.413983235e-33,0,0,0,0,0,0,0,0,0,0,0,0,0,0,0,0,0,-0,-0,-0,-0,-0,-0,-0,-0,0,0,0,0,0,0,0
7.8925,-3.5,0,2,0,0,0,0,0,0,0,0,0,-4.33680869e-19,-0,-1.293984181e-34,-2.484808345e-17,-0,-7.413983235e-33,0,0,0,0,0,0,0,0,0,0,0,0,0,0,0,0,0,-0,-0,-0,-0,-0,-0,-0,-0,0,0,0,0,0,0,0
7.898,-3.5,0,2,0,0,0,0,0,0,0,0,0,-4.33680869e-19,-0,-1.293984181e-34,-2.484808345e-17,-0,-7.413983235e-33,0,0,0,0,0,0,0,0,0,0,0,0,0,0,0,0,0,-0,-0,-0,-0,-0,-0,-0,-0,0,0,0,0,0,0,0
7.9035,-3.5,0,2,0,0,0,0,0,0,0,0,0,-4.33680869e-19,-0,-1.293984181e-34,-2.484808345e-17,-0,-7.413983235e-33,0,0,0,0,0,0,0,0,0,0,0,0,0,0,0,0,0,-0,-0,-0,-0,-0,-0,-0,-0,0,0,0,0,0,0,0
7.909,-3.5,0,2,0,0,0,0,0,0,0,0,0,-4.33680869e-19,-0,-1.293984181e-34,-2.484808345e-17,-0,-7.413983235e-33,0,0,0,0,0,0,0,0,0,0,0,0,0,0,0,0,0,-0,-0,-0,-0,-0,-0,-0,-0,0,0,0,0,0,0,0
7.9145,-3.5,0,2,0,0,0,0,0,0,0,0,0,-4.33680869e-19,-0,-1.293984181e-34,-2.484808345e-17,-0,-7.413983235e-33,0,0,0,0,0,0,0,0,0,0,0,0,0,0,0,0,0,-0,-0,-0,-0,-0,-0,-0,-0,0,0,0,0,0,0,0
7.92,-3.5,0,2,0,0,0,0,0,0,0,0,0,-4.33680869e-19,-0,-1.293984181e-34,-2.484808345e-17,-0,-7.413983235e-33,0,0,0,0,0,0,0,0,0,0,0,0,0,0,0,0,0,-0,-0,-0,-0,-0,-0,-0,-0,0,0,0,0,0,0,0
7.9255,-3.5,0,2,0,0,0,0,0,0,0,0,0,-4.33680869e-19,-0,-1.293984181e-34,-2.484808345e-17,-0,-7.413983235e-33,0,0,0,0,0,0,0,0,0,0,0,0,0,0,0,0,0,-0,-0,-0,-0,-0,-0,-0,-0,0,0,0,0,0,0,0
7.931,-3.5,0,2,0,0,0,0,0,0,0,0,0,-4.33680869e-19,-0,-1.293984181e-34,-2.484808345e-17,-0,-7.413983235e-33,0,0,0,0,0,0,0,0,0,0,0,0,0,0,0,0,0,-0,-0,-0,-0,-0,-0,-0,-0,0,0,0,0,0,0,0
7.9365,-3.5,0,2,0,0,0,0,0,0,0,0,0,-4.33680869e-19,-0,-1.293984181e-34,-2.484808345e-17,-0,-7.413983235e-33,0,0,0,0,0,0,0,0,0,0,0,0,0,0,0,0,0,-0,-0,-0,-0,-0,-0,-0,-0,0,0,0,0,0,0,0
7.942,-3.5,0,2,0,0,0,0,0,0,0,0,0,-4.33680869e-19,-0,-1.293984181e-34,-2.484808345e-17,-0,-7.413983235e-33,0,0,0,0,0,0,0,0,0,0,0,0,0,0,0,0,0,-0,-0,-0,-0,-0,-0,-0,-0,0,0,0,0,0,0,0
7.9475,-3.5,0,2,0,0,0,0,0,0,0,0,0,-4.33680869e-19,-0,-1.293984181e-34,-2.484808345e-17,-0,-7.413983235e-33,0,0,0,0,0,0,0,0,0,0,0,0,0,0,0,0,0,-0,-0,-0,-0,-0,-0,-0,-0,0,0,0,0,0,0,0
7.953,-3.5,0,2,0,0,0,0,0,0,0,0,0,-4.33680869e-19,-0,-1.293984181e-34,-2.484808345e-17,-0,-7.413983235e-33,0,0,0,0,0,0,0,0,0,0,0,0,0,0,0,0,0,-0,-0,-0,-0,-0,-0,-0,-0,0,0,0,0,0,0,0
7.9585,-3.5,0,2,0,0,0,0,0,0,0,0,0,-4.33680869e-19,-0,-1.293984181e-34,-2.484808345e-17,-0,-7.413983235e-33,0,0,0,0,0,0,0,0,0,0,0,0,0,0,0,0,0,-0,-0,-0,-0,-0,-0,-0,-0,0,0,0,0,0,0,0
7.964,-3.5,0,2,0,0,0,0,0,0,0,0,0,-4.33680869e-19,-0,-1.293984181e-34,-2.484808345e-17,-0,-7.413983235e-33,0,0,0,0,0,0,0,0,0,0,0,0,0,0,0,0,0,-0,-0,-0,-0,-0,-0,-0,-0,0,0,0,0,0,0,0
7.9695,-3.5,0,2,0,0,0,0,0,0,0,0,0,-4.33680869e-19,-0,-1.293984181e-34,-2.484808345e-17,-0,-7.413983235e-33,0,0,0,0,0,0,0,0,0,0,0,0,0,0,0,0,0,-0,-0,-0,-0,-0,-0,-0,-0,0,0,0,0,0,0,0
7.975,-3.5,0,2,0,0,0,0,0,0,0,0,0,-4.33680869e-19,-0,-1.293984181e-34,-2.484808345e-17,-0,-7.413983235e-33,0,0,0,0,0,0,0,0,0,0,0,0,0,0,0,0,0,-0,-0,-0,-0,-0,-0,-0,-0,0,0,0,0,0,0,0
7.9805,-3.5,0,2,0,0,0,0,0,0,0,0,0,-4.33680869e-19,-0,-1.293984181e-34,-2.484808345e-17,-0,-7.413983235e-33,0,0,0,0,0,0,0,0,0,0,0,0,0,0,0,0,0,-0,-0,-0,-0,-0,-0,-0,-0,0,0,0,0,0,0,0
7.986,-3.5,0,2,0,0,0,0,0,0,0,0,0,-4.33680869e-19,-0,-1.293984181e-34,-2.484808345e-17,-0,-7.413983235e-33,0,0,0,0,0,0,0,0,0,0,0,0,0,0,0,0,0,-0,-0,-0,-0,-0,-0,-0,-0,0,0,0,0,0,0,0
7.9915,-3.5,0,2,0,0,0,0,0,0,0,0,0,-4.33680869e-19,-0,-1.293984181e-34,-2.484808345e-17,-0,-7.413983235e-33,0,0,0,0,0,0,0,0,0,0,0,0,0,0,0,0,0,-0,-0,-0,-0,-0,-0,-0,-0,0,0,0,0,0,0,0
7.997,-3.5,0,2,0,0,0,0,0,0,0,0,0,-4.33680869e-19,-0,-1.293984181e-34,-2.484808345e-17,-0,-7.413983235e-33,0,0,0,0,0,0,0,0,0,0,0,0,0,0,0,0,0,-0,-0,-0,-0,-0,-0,-0,-0,0,0,0,0,0,0,0
8.002,-3.5,0,2,0,0,0,0,0,0,0,0,0,-4.33680869e-19,-0,-1.293984181e-34,-2.484808345e-17,-0,-7.413983235e-33,0,0,0,0,0,0,0,0,0,0,0,0,0,0,0,0,0,-0,-0,-0,-0,-0,-0,-0,-0,0,0,0,0,0,0,0
8.007,-3.5,0,2,0,0,0,0,0,0,0,0,0,-4.33680869e-19,-0,-1.293984181e-34,-2.484808345e-17,-0,-7.413983235e-33,0,0,0,0,0,0,0,0,0,0,0,0,0,0,0,0,0,-0,-0,-0,-0,-0,-0,-0,-0,0,0,0,0,0,0,0
8.012,-3.5,0,2,0,0,0,0,0,0,0,0,0,-4.33680869e-19,-0,-1.293984181e-34,-2.484808345e-17,-0,-7.413983235e-33,0,0,0,0,0,0,0,0,0,0,0,0,0,0,0,0,0,-0,-0,-0,-0,-0,-0,-0,-0,0,0,0,0,0,0,0
8.017,-3.5,0,2,0,0,0,0,0,0,0,0,0,-4.33680869e-19,-0,-1.293984181e-34,-2.484808345e-17,-0,-7.413983235e-33,0,0,0,0,0,0,0,0,0,0,0,0,0,0,0,0,0,-0,-0,-0,-0,-0,-0,-0,-0,0,0,0,0,0,0,0
8.022,-3.5,0,2,0,0,0,0,0,0,0,0,0,-4.33680869e-19,-0,-1.293984181e-34,-2.484808345e-17,-0,-7.413983235e-33,0,0,0,0,0,0,0,0,0,0,0,0,0,0,0,0,0,-0,-0,-0,-0,-0,-0,-0,-0,0,0,0,0,0,0,0
8.027,-3.5,0,2,0,0,0,0,0,0,0,0,0,-4.33680869e-19,-0,-1.293984181e-34,-2.484808345e-17,-0,-7.413983235e-33,0,0,0,0,0,0,0,0,0,0,0,0,0,0,0,0,0,-0,-0,-0,-0,-0,-0,-0,-0,0,0,0,0,0,0,0
8.032,-3.5,0,2,0,0,0,0,0,0,0,0,0,-4.33680869e-19,-0,-1.293984181e-34,-2.484808345e-17,-0,-7.413983235e-33,0,0,0,0,0,0,0,0,0,0,0,0,0,0,0,0,0,-0,-0,-0,-0,-0,-0,-0,-0,0,0,0,0,0,0,0
8.037,-3.5,0,2,0,0,0,0,0,0,0,0,0,-4.33680869e-19,-0,-1.293984181e-34,-2.484808345e-17,-0,-7.413983235e-33,0,0,0,0,0,0,0,0,0,0,0,0,0,0,0,0,0,-0,-0,-0,-0,-0,-0,-0,-0,0,0,0,0,0,0,0
8.042,-3.5,0,2,0,0,0,0,0,0,0,0,0,-4.33680869e-19,-0,-1.293984181e-34,-2.484808345e-17,-0,-7.413983235e-33,0,0,0,0,0,0,0,0,0,0,0,0,0,0,0,0,0,-0,-0,-0,-0,-0,-0,-0,-0,0,0,0,0,0,0,0
8.047,-3.5,0,2,0,0,0,0,0,0,0,0,0,-4.33680869e-19,-0,-1.293984181e-34,-2.484808345e-17,-0,-7.413983235e-33,0,0,0,0,0,0,0,0,0,0,0,0,0,0,0,0,0,-0,-0,-0,-0,-0,-0,-0,-0,0,0,0,0,0,0,0
8.052,-3.5,0,2,0,0,0,0,0,0,0,0,0,-4.33680869e-19,-0,-1.293984181e-34,-2.484808345e-17,-0,-7.413983235e-33,0,0,0,0,0,0,0,0,0,0,0,0,0,0,0,0,0,-0,-0,-0,-0,-0,-0,-0,-0,0,0,0,0,0,0,0
8.057,-3.5,0,2,0,0,0,0,0,0,0,0,0,-4.33680869e-19,-0,-1.293984181e-34,-2.484808345e-17,-0,-7.413983235e-33,0,0,0,0,0,0,0,0,0,0,0,0,0,0,0,0,0,-0,-0,-0,-0,-0,-0,-0,-0,0,0,0,0,0,0,0
8.062,-3.5,0,2,0,0,0,0,0,0,0,0,0,-4.33680869e-19,-0,-1.293984181e-34,-2.484808345e-17,-0,-7.413983235e-33,0,0,0,0,0,0,0,0,0,0,0,0,0,0,0,0,0,-0,-0,-0,-0,-0,-0,-0,-0,0,0,0,0,0,0,0
8.067,-3.5,0,2,0,0,0,0,0,0,0,0,0,-4.33680869e-19,-0,-1.293984181e-34,-2.484808345e-17,-0,-7.413983235e-33,0,0,0,0,0,0,0,0,0,0,0,0,0,0,0,0,0,-0,-0,-0,-0,-0,-0,-0,-0,0,0,0,0,0,0,0
8.072,-3.5,0,2,0,0,0,0,0,0,0,0,0,-4.33680869e-19,-0,-1.293984181e-34,-2.484808345e-17,-0,-7.413983235e-33,0,0,0,0,0,0,0,0,0,0,0,0,0,0,0,0,0,-0,-0,-0,-0,-0,-0,-0,-0,0,0,0,0,0,0,0
8.077,-3.5,0,2,0,0,0,0,0,0,0,0,0,-4.33680869e-19,-0,-1.293984181e-34,-2.484808345e-17,-0,-7.413983235e-33,0,0,0,0,0,0,0,0,0,0,0,0,0,0,0,0,0,-0,-0,-0,-0,-0,-0,-0,-0,0,0,0,0,0,0,0
8.082,-3.5,0,2,0,0,0,0,0,0,0,0,0,-4.33680869e-19,-0,-1.293984181e-34,-2.484808345e-17,-0,-7.413983235e-33,0,0,0,0,0,0,0,0,0,0,0,0,0,0,0,0,0,-0,-0,-0,-0,-0,-0,-0,-0,0,0,0,0,0,0,0
8.087,-3.5,0,2,0,0,0,0,0,0,0,0,0,-4.33680869e-19,-0,-1.293984181e-34,-2.484808345e-17,-0,-7.413983235e-33,0,0,0,0,0,0,0,0,0,0,0,0,0,0,0,0,0,-0,-0,-0,-0,-0,-0,-0,-0,0,0,0,0,0,0,0
8.092,-3.5,0,2,0,0,0,0,0,0,0,0,0,-4.33680869e-19,-0,-1.293984181e-34,-2.484808345e-17,-0,-7.413983235e-33,0,0,0,0,0,0,0,0,0,0,0,0,0,0,0,0,0,-0,-0,-0,-0,-0,-0,-0,-0,0,0,0,0,0,0,0
8.097,-3.5,0,2,0,0,0,0,0,0,0,0,0,-4.33680869e-19,-0,-1.293984181e-34,-2.484808345e-17,-0,-7.413983235e-33,0,0,0,0,0,0,0,0,0,0,0,0,0,0,0,0,0,-0,-0,-0,-0,-0,-0,-0,-0,0,0,0,0,0,0,0
8.102,-3.5,0,2,0,0,0,0,0,0,0,0,0,-4.33680869e-19,-0,-1.293984181e-34,-2.484808345e-17,-0,-7.413983235e-33,0,0,0,0,0,0,0,0,0,0,0,0,0,0,0,0,0,-0,-0,-0,-0,-0,-0,-0,-0,0,0,0,0,0,0,0
8.107,-3.5,0,2,0,0,0,0,0,0,0,0,0,-4.33680869e-19,-0,-1.293984181e-34,-2.484808345e-17,-0,-7.413983235e-33,0,0,0,0,0,0,0,0,0,0,0,0,0,0,0,0,0,-0,-0,-0,-0,-0,-0,-0,-0,0,0,0,0,0,0,0
8.112,-3.5,0,2,0,0,0,0,0,0,0,0,0,-4.33680869e-19,-0,-1.293984181e-34,-2.484808345e-17,-0,-7.413983235e-33,0,0,0,0,0,0,0,0,0,0,0,0,0,0,0,0,0,-0,-0,-0,-0,-0,-0,-0,-0,0,0,0,0,0,0,0
8.117,-3.5,0,2,0,0,0,0,0,0,0,0,0,-4.33680869e-19,-0,-1.293984181e-34,-2.484808345e-17,-0,-7.413983235e-33,0,0,0,0,0,0,0,0,0,0,0,0,0,0,0,0,0,-0,-0,-0,-0,-0,-0,-0,-0,0,0,0,0,0,0,0
8.122,-3.5,0,2,0,0,0,0,0,0,0,0,0,-4.33680869e-19,-0,-1.293984181e-34,-2.484808345e-17,-0,-7.413983235e-33,0,0,0,0,0,0,0,0,0,0,0,0,0,0,0,0,0,-0,-0,-0,-0,-0,-0,-0,-0,0,0,0,0,0,0,0
8.127,-3.5,0,2,0,0,0,0,0,0,0,0,0,-4.33680869e-19,-0,-1.293984181e-34,-2.484808345e-17,-0,-7.413983235e-33,0,0,0,0,0,0,0,0,0,0,0,0,0,0,0,0,0,-0,-0,-0,-0,-0,-0,-0,-0,0,0,0,0,0,0,0
8.132,-3.5,0,2,0,0,0,0,0,0,0,0,0,-4.33680869e-19,-0,-1.293984181e-34,-2.484808345e-17,-0,-7.413983235e-33,0,0,0,0,0,0,0,0,0,0,0,0,0,0,0,0,0,-0,-0,-0,-0,-0,-0,-0,-0,0,0,0,0,0,0,0
8.137,-3.5,0,2,0,0,0,0,0,0,0,0,0,-4.33680869e-19,-0,-1.293984181e-34,-2.484808345e-17,-0,-7.413983235e-33,0,0,0,0,0,0,0,0,0,0,0,0,0,0,0,0,0,-0,-0,-0,-0,-0,-0,-0,-0,0,0,0,0,0,0,0
8.142,-3.5,0,2,0,0,0,0,0,0,0,0,0,-4.33680869e-19,-0,-1.293984181e-34,-2.484808345e-17,-0,-7.413983235e-33,0,0,0,0,0,0,0,0,0,0,0,0,0,0,0,0,0,-0,-0,-0,-0,-0,-0,-0,-0,0,0,0,0,0,0,0
8.147,-3.5,0,2,0,0,0,0,0,0,0,0,0,-4.33680869e-19,-0,-1.293984181e-34,-2.484808345e-17,-0,-7.413983235e-33,0,0,0,0,0,0,0,0,0,0,0,0,0,0,0,0,0,-0,-0,-0,-0,-0,-0,-0,-0,0,0,0,0,0,0,0
8.152,-3.5,0,2,0,0,0,0,0,0,0,0,0,-4.33680869e-19,-0,-1.293984181e-34,-2.484808345e-17,-0,-7.413983235e-33,0,0,0,0,0,0,0,0,0,0,0,0,0,0,0,0,0,-0,-0,-0,-0,-0,-0,-0,-0,0,0,0,0,0,0,0
8.157,-3.5,0,2,0,0,0,0,0,0,0,0,0,-4.33680869e-19,-0,-1.293984181e-34,-2.484808345e-17,-0,-7.413983235e-33,0,0,0,0,0,0,0,0,0,0,0,0,0,0,0,0,0,-0,-0,-0,-0,-0,-0,-0,-0,0,0,0,0,0,0,0
8.162,-3.5,0,2,0,0,0,0,0,0,0,0,0,-4.33680869e-19,-0,-1.293984181e-34,-2.484808345e-17,-0,-7.413983235e-33,0,0,0,0,0,0,0,0,0,0,0,0,0,0,0,0,0,-0,-0,-0,-0,-0,-0,-0,-0,0,0,0,0,0,0,0
8.167,-3.5,0,2,0,0,0,0,0,0,0,0,0,-4.33680869e-19,-0,-1.293984181e-34,-2.484808345e-17,-0,-7.413983235e-33,0,0,0,0,0,0,0,0,0,0,0,0,0,0,0,0,0,-0,-0,-0,-0,-0,-0,-0,-0,0,0,0,0,0,0,0
8.172,-3.5,0,2,0,0,0,0,0,0,0,0,0,-4.33680869e-19,-0,-1.293984181e-34,-2.484808345e-17,-0,-7.413983235e-33,0,0,0,0,0,0,0,0,0,0,0,0,0,0,0,0,0,-0,-0,-0,-0,-0,-0,-0,-0,0,0,0,0,0,0,0
8.177,-3.5,0,2,0,0,0,0,0,0,0,0,0,-4.33680869e-19,-0,-1.293984181e-34,-2.484808345e-17,-0,-7.413983235e-33,0,0,0,0,0,0,0,0,0,0,0,0,0,0,0,0,0,-0,-0,-0,-0,-0,-0,-0,-0,0,0,0,0,0,0,0
8.182,-3.5,0,2,0,0,0,0,0,0,0,0,0,-4.33680869e-19,-0,-1.293984181e-34,-2.484808345e-17,-0,-7.413983235e-33,0,0,0,0,0,0,0,0,0,0,0,0,0,0,0,0,0,-0,-0,-0,-0,-0,-0,-0,-0,0,0,0,0,0,0,0
8.187,-3.5,0,2,0,0,0,0,0,0,0,0,0,-4.33680869e-19,-0,-1.293984181e-34,-2.484808345e-17,-0,-7.413983235e-33,0,0,0,0,0,0,0,0,0,0,0,0,0,0,0,0,0,-0,-0,-0,-0,-0,-0,-0,-0,0,0,0,0,0,0,0
8.192,-3.5,0,2,0,0,0,0,0,0,0,0,0,-4.33680869e-19,-0,-1.293984181e-34,-2.484808345e-17,-0,-7.413983235e-33,0,0,0,0,0,0,0,0,0,0,0,0,0,0,0,0,0,-0,-0,-0,-0,-0,-0,-0,-0,0,0,0,0,0,0,0
8.197,-3.5,0,2,0,0,0,0,0,0,0,0,0,-4.33680869e-19,-0,-1.293984181e-34,-2.484808345e-17,-0,-7.413983235e-33,0,0,0,0,0,0,0,0,0,0,0,0,0,0,0,0,0,-0,-0,-0,-0,-0,-0,-0,-0,0,0,0,0,0,0,0
8.202,-3.5,0,2,0,0,0,0,0,0,0,0,0,-4.33680869e-19,-0,-1.293984181e-34,-2.484808345e-17,-0,-7.413983235e-33,0,0,0,0,0,0,0,0,0,0,0,0,0,0,0,0,0,-0,-0,-0,-0,-0,-0,-0,-0,0,0,0,0,0,0,0
8.207,-3.5,0,2,0,0,0,0,0,0,0,0,0,-4.33680869e-19,-0,-1.293984181e-34,-2.484808345e-17,-0,-7.413983235e-33,0,0,0,0,0,0,0,0,0,0,0,0,0,0,0,0,0,-0,-0,-0,-0,-0,-0,-0,-0,0,0,0,0,0,0,0
8.212,-3.5,0,2,0,0,0,0,0,0,0,0,0,-4.33680869e-19,-0,-1.293984181e-34,-2.484808345e-17,-0,-7.413983235e-33,0,0,0,0,0,0,0,0,0,0,0,0,0,0,0,0,0,-0,-0,-0,-0,-0,-0,-0,-0,0,0,0,0,0,0,0
8.217,-3.5,0,2,0,0,0,0,0,0,0,0,0,-4.33680869e-19,-0,-1.293984181e-34,-2.484808345e-17,-0,-7.413983235e-33,0,0,0,0,0,0,0,0,0,0,0,0,0,0,0,0,0,-0,-0,-0,-0,-0,-0,-0,-0,0,0,0,0,0,0,0
8.222,-3.5,0,2,0,0,0,0,0,0,0,0,0,-4.33680869e-19,-0,-1.293984181e-34,-2.484808345e-17,-0,-7.413983235e-33,0,0,0,0,0,0,0,0,0,0,0,0,0,0,0,0,0,-0,-0,-0,-0,-0,-0,-0,-0,0,0,0,0,0,0,0
8.227,-3.5,0,2,0,0,0,0,0,0,0,0,0,-4.33680869e-19,-0,-1.293984181e-34,-2.484808345e-17,-0,-7.413983235e-33,0,0,0,0,0,0,0,0,0,0,0,0,0,0,0,0,0,-0,-0,-0,-0,-0,-0,-0,-0,0,0,0,0,0,0,0
8.232,-3.5,0,2,0,0,0,0,0,0,0,0,0,-4.33680869e-19,-0,-1.293984181e-34,-2.484808345e-17,-0,-7.413983235e-33,0,0,0,0,0,0,0,0,0,0,0,0,0,0,0,0,0,-0,-0,-0,-0,-0,-0,-0,-0,0,0,0,0,0,0,0
8.237,-3.5,0,2,0,0,0,0,0,0,0,0,0,-4.33680869e-19,-0,-1.293984181e-34,-2.484808345e-17,-0,-7.413983235e-33,0,0,0,0,0,0,0,0,0,0,0,0,0,0,0,0,0,-0,-0,-0,-0,-0,-0,-0,-0,0,0,0,0,0,0,0
8.242,-3.5,0,2,0,0,0,0,0,0,0,0,0,-4.33680869e-19,-0,-1.293984181e-34,-2.484808345e-17,-0,-7.413983235e-33,0,0,0,0,0,0,0,0,0,0,0,0,0,0,0,0,0,-0,-0,-0,-0,-0,-0,-0,-0,0,0,0,0,0,0,0
8.247,-3.5,0,2,0,0,0,0,0,0,0,0,0,-4.33680869e-19,-0,-1.293984181e-34,-2.484808345e-17,-0,-7.413983235e-33,0,0,0,0,0,0,0,0,0,0,0,0,0,0,0,0,0,-0,-0,-0,-0,-0,-0,-0,-0,0,0,0,0,0,0,0
8.252,-3.5,0,2,0,0,0,0,0,0,0,0,0,-4.33680869e-19,-0,-1.293984181e-34,-2.484808345e-17,-0,-7.413983235e-33,0,0,0,0,0,0,0,0,0,0,0,0,0,0,0,0,0,-0,-0,-0,-0,-0,-0,-0,-0,0,0,0,0,0,0,0
8.257,-3.5,0,2,0,0,0,0,0,0,0,0,0,-4.33680869e-19,-0,-1.293984181e-34,-2.484808345e-17,-0,-7.413983235e-33,0,0,0,0,0,0,0,0,0,0,0,0,0,0,0,0,0,-0,-0,-0,-0,-0,-0,-0,-0,0,0,0,0,0,0,0
8.262,-3.5,0,2,0,0,0,0,0,0,0,0,0,-4.33680869e-19,-0,-1.293984181e-34,-2.484808345e-17,-0,-7.413983235e-33,0,0,0,0,0,0,0,0,0,0,0,0,0,0,0,0,0,-0,-0,-0,-0,-0,-0,-0,-0,0,0,0,0,0,0,0
8.267,-3.5,0,2,0,0,0,0,0,0,0,0,0,-4.33680869e-19,-0,-1.293984181e-34,-2.484808345e-17,-0,-7.413983235e-33,0,0,0,0,0,0,0,0,0,0,0,0,0,0,0,0,0,-0,-0,-0,-0,-0,-0,-0,-0,0,0,0,0,0,0,0
8.272,-3.5,0,2,0,0,0,0,0,0,0,0,0,-4.33680869e-19,-0,-1.293984181e-34,-2.484808345e-17,-0,-7.413983235e-33,0,0,0,0,0,0,0,0,0,0,0,0,0,0,0,0,0,-0,-0,-0,-0,-0,-0,-0,-0,0,0,0,0,0,0,0
8.277,-3.5,0,2,0,0,0,0,0,0,0,0,0,-4.33680869e-19,-0,-1.293984181e-34,-2.484808345e-17,-0,-7.413983235e-33,0,0,0,0,0,0,0,0,0,0,0,0,0,0,0,0,0,-0,-0,-0,-0,-0,-0,-0,-0,0,0,0,0,0,0,0
8.282,-3.5,0,2,0,0,0,0,0,0,0,0,0,-4.33680869e-19,-0,-1.293984181e-34,-2.484808345e-17,-0,-7.413983235e-33,0,0,0,0,0,0,0,0,0,0,0,0,0,0,0,0,0,-0,-0,-0,-0,-0,-0,-0,-0,0,0,0,0,0,0,0
8.287,-3.5,0,2,0,0,0,0,0,0,0,0,0,-4.33680869e-19,-0,-1.293984181e-34,-2.484808345e-17,-0,-7.413983235e-33,0,0,0,0,0,0,0,0,0,0,0,0,0,0,0,0,0,-0,-0,-0,-0,-0,-0,-0,-0,0,0,0,0,0,0,0
8.292,-3.5,0,2,0,0,0,0,0,0,0,0,0,-4.33680869e-19,-0,-1.293984181e-34,-2.484808345e-17,-0,-7.413983235e-33,0,0,0,0,0,0,0,0,0,0,0,0,0,0,0,0,0,-0,-0,-0,-0,-0,-0,-0,-0,0,0,0,0,0,0,0
8.297,-3.5,0,2,0,0,0,0,0,0,0,0,0,-4.33680869e-19,-0,-1.293984181e-34,-2.484808345e-17,-0,-7.413983235e-33,0,0,0,0,0,0,0,0,0,0,0,0,0,0,0,0,0,-0,-0,-0,-0,-0,-0,-0,-0,0,0,0,0,0,0,0
8.302,-3.5,0,2,0,0,0,0,0,0,0,0,0,-4.33680869e-19,-0,-1.293984181e-34,-2.484808345e-17,-0,-7.413983235e-33,0,0,0,0,0,0,0,0,0,0,0,0,0,0,0,0,0,-0,-0,-0,-0,-0,-0,-0,-0,0,0,0,0,0,0,0
8.307,-3.5,0,2,0,0,0,0,0,0,0,0,0,-4.33680869e-19,-0,-1.293984181e-34,-2.484808345e-17,-0,-7.413983235e-33,0,0,0,0,0,0,0,0,0,0,0,0,0,0,0,0,0,-0,-0,-0,-0,-0,-0,-0,-0,0,0,0,0,0,0,0
8.312,-3.5,0,2,0,0,0,0,0,0,0,0,0,-4.33680869e-19,-0,-1.293984181e-34,-2.484808345e-17,-0,-7.413983235e-33,0,0,0,0,0,0,0,0,0,0,0,0,0,0,0,0,0,-0,-0,-0,-0,-0,-0,-0,-0,0,0,0,0,0,0,0
8.317,-3.5,0,2,0,0,0,0,0,0,0,0,0,-4.33680869e-19,-0,-1.293984181e-34,-2.484808345e-17,-0,-7.413983235e-33,0,0,0,0,0,0,0,0,0,0,0,0,0,0,0,0,0,-0,-0,-0,-0,-0,-0,-0,-0,0,0,0,0,0,0,0
8.322,-3.5,0,2,0,0,0,0,0,0,0,0,0,-4.33680869e-19,-0,-1.293984181e-34,-2.484808345e-17,-0,-7.413983235e-33,0,0,0,0,0,0,0,0,0,0,0,0,0,0,0,0,0,-0,-0,-0,-0,-0,-0,-0,-0,0,0,0,0,0,0,0
8.327,-3.5,0,2,0,0,0,0,0,0,0,0,0,-4.33680869e-19,-0,-1.293984181e-34,-2.484808345e-17,-0,-7.413983235e-33,0,0,0,0,0,0,0,0,0,0,0,0,0,0,0,0,0,-0,-0,-0,-0,-0,-0,-0,-0,0,0,0,0,0,0,0
8.332,-3.5,0,2,0,0,0,0,0,0,0,0,0,-4.33680869e-19,-0,-1.293984181e-34,-2.484808345e-17,-0,-7.413983235e-33,0,0,0,0,0,0,0,0,0,0,0,0,0,0,0,0,0,-0,-0,-0,-0,-0,-0,-0,-0,0,0,0,0,0,0,0
8.337,-3.5,0,2,0,0,0,0,0,0,0,0,0,-4.33680869e-19,-0,-1.293984181e-34,-2.484808345e-17,-0,-7.413983235e-33,0,0,0,0,0,0,0,0,0,0,0,0,0,0,0,0,0,-0,-0,-0,-0,-0,-0,-0,-0,0,0,0,0,0,0,0
8.342,-3.5,0,2,0,0,0,0,0,0,0,0,0,-4.33680869e-19,-0,-1.293984181e-34,-2.484808345e-17,-0,-7.413983235e-33,0,0,0,0,0,0,0,0,0,0,0,0,0,0,0,0,0,-0,-0,-0,-0,-0,-0,-0,-0,0,0,0,0,0,0,0
8.347,-3.5,0,2,0,0,0,0,0,0,0,0,0,-4.33680869e-19,-0,-1.293984181e-34,-2.484808345e-17,-0,-7.413983235e-33,0,0,0,0,0,0,0,0,0,0,0,0,0,0,0,0,0,-0,-0,-0,-0,-0,-0,-0,-0,0,0,0,0,0,0,0
8.352,-3.5,0,2,0,0,0,0,0,0,0,0,0,-4.33680869e-19,-0,-1.293984181e-34,-2.484808345e-17,-0,-7.413983235e-33,0,0,0,0,0,0,0,0,0,0,0,0,0,0,0,0,0,-0,-0,-0,-0,-0,-0,-0,-0,0,0,0,0,0,0,0
8.357,-3.5,0,2,0,0,0,0,0,0,0,0,0,-4.33680869e-19,-0,-1.293984181e-34,-2.484808345e-17,-0,-7.413983235e-33,0,0,0,0,0,0,0,0,0,0,0,0,0,0,0,0,0,-0,-0,-0,-0,-0,-0,-0,-0,0,0,0,0,0,0,0
8.362,-3.5,0,2,0,0,0,0,0,0,0,0,0,-4.33680869e-19,-0,-1.293984181e-34,-2.484808345e-17,-0,-7.413983235e-33,0,0,0,0,0,0,0,0,0,0,0,0,0,0,0,0,0,-0,-0,-0,-0,-0,-0,-0,-0,0,0,0,0,0,0,0
8.367,-3.5,0,2,0,0,0,0,0,0,0,0,0,-4.33680869e-19,-0,-1.293984181e-34,-2.484808345e-17,-0,-7.413983235e-33,0,0,0,0,0,0,0,0,0,0,0,0,0,0,0,0,0,-0,-0,-0,-0,-0,-0,-0,-0,0,0,0,0,0,0,0
8.372,-3.5,0,2,0,0,0,0,0,0,0,0,0,-4.33680869e-19,-0,-1.293984181e-34,-2.484808345e-17,-0,-7.413983235e-33,0,0,0,0,0,0,0,0,0,0,0,0,0,0,0,0,0,-0,-0,-0,-0,-0,-0,-0,-0,0,0,0,0,0,0,0
8.377,-3.5,0,2,0,0,0,0,0,0,0,0,0,-4.33680869e-19,-0,-1.293984181e-34,-2.484808345e-17,-0,-7.413983235e-33,0,0,0,0,0,0,0,0,0,0,0,0,0,0,0,0,0,-0,-0,-0,-0,-0,-0,-0,-0,0,0,0,0,0,0,0
8.382,-3.5,0,2,0,0,0,0,0,0,0,0,0,-4.33680869e-19,-0,-1.293984181e-34,-2.484808345e-17,-0,-7.413983235e-33,0,0,0,0,0,0,0,0,0,0,0,0,0,0,0,0,0,-0,-0,-0,-0,-0,-0,-0,-0,0,0,0,0,0,0,0
8.387,-3.5,0,2,0,0,0,0,0,0,0,0,0,-4.33680869e-19,-0,-1.293984181e-34,-2.484808345e-17,-0,-7.413983235e-33,0,0,0,0,0,0,0,0,0,0,0,0,0,0,0,0,0,-0,-0,-0,-0,-0,-0,-0,-0,0,0,0,0,0,0,0
8.392,-3.5,0,2,0,0,0,0,0,0,0,0,0,-4.33680869e-19,-0,-1.293984181e-34,-2.484808345e-17,-0,-7.413983235e-33,0,0,0,0,0,0,0,0,0,0,0,0,0,0,0,0,0,-0,-0,-0,-0,-0,-0,-0,-0,0,0,0,0,0,0,0
8.397,-3.5,0,2,0,0,0,0,0,0,0,0,0,-4.33680869e-19,-0,-1.293984181e-34,-2.484808345e-17,-0,-7.413983235e-33,0,0,0,0,0,0,0,0,0,0,0,0,0,0,0,0,0,-0,-0,-0,-0,-0,-0,-0,-0,0,0,0,0,0,0,0
8.402,-3.5,0,2,0,0,0,0,0,0,0,0,0,-4.33680869e-19,-0,-1.293984181e-34,-2.484808345e-17,-0,-7.413983235e-33,0,0,0,0,0,0,0,0,0,0,0,0,0,0,0,0,0,-0,-0,-0,-0,-0,-0,-0,-0,0,0,0,0,0,0,0
8.407,-3.5,0,2,0,0,0,0,0,0,0,0,0,-4.33680869e-19,-0,-1.293984181e-34,-2.484808345e-17,-0,-7.413983235e-33,0,0,0,0,0,0,0,0,0,0,0,0,0,0,0,0,0,-0,-0,-0,-0,-0,-0,-0,-0,0,0,0,0,0,0,0
8.412,-3.5,0,2,0,0,0,0,0,0,0,0,0,-4.33680869e-19,-0,-1.293984181e-34,-2.484808345e-17,-0,-7.413983235e-33,0,0,0,0,0,0,0,0,0,0,0,0,0,0,0,0,0,-0,-0,-0,-0,-0,-0,-0,-0,0,0,0,0,0,0,0
8.417,-3.5,0,2,0,0,0,0,0,0,0,0,0,-4.33680869e-19,-0,-1.293984181e-34,-2.484808345e-17,-0,-7.413983235e-33,0,0,0,0,0,0,0,0,0,0,0,0,0,0,0,0,0,-0,-0,-0,-0,-0,-0,-0,-0,0,0,0,0,0,0,0
8.422,-3.5,0,2,0,0,0,0,0,0,0,0,0,-4.33680869e-19,-0,-1.293984181e-34,-2.484808345e-17,-0,-7.413983235e-33,0,0,0,0,0,0,0,0,0,0,0,0,0,0,0,0,0,-0,-0,-0,-0,-0,-0,-0,-0,0,0,0,0,0,0,0
8.427,-3.5,0,2,0,0,0,0,0,0,0,0,0,-4.33680869e-19,-0,-1.293984181e-34,-2.484808345e-17,-0,-7.413983235e-33,0,0,0,0,0,0,0,0,0,0,0,0,0,0,0,0,0,-0,-0,-0,-0,-0,-0,-0,-0,0,0,0,0,0,0,0
8.432,-3.5,0,2,0,0,0,0,0,0,0,0,0,-4.33680869e-19,-0,-1.293984181e-34,-2.484808345e-17,-0,-7.413983235e-33,0,0,0,0,0,0,0,0,0,0,0,0,0,0,0,0,0,-0,-0,-0,-0,-0,-0,-0,-0,0,0,0,0,0,0,0
8.437,-3.5,0,2,0,0,0,0,0,0,0,0,0,-4.33680869e-19,-0,-1.293984181e-34,-2.484808345e-17,-0,-7.413983235e-33,0,0,0,0,0,0,0,0,0,0,0,0,0,0,0,0,0,-0,-0,-0,-0,-0,-0,-0,-0,0,0,0,0,0,0,0
8.442,-3.5,0,2,0,0,0,0,0,0,0,0,0,-4.33680869e-19,-0,-1.293984181e-34,-2.484808345e-17,-0,-7.413983235e-33,0,0,0,0,0,0,0,0,0,0,0,0,0,0,0,0,0,-0,-0,-0,-0,-0,-0,-0,-0,0,0,0,0,0,0,0
8.447,-3.5,0,2,0,0,0,0,0,0,0,0,0,-4.33680869e-19,-0,-1.293984181e-34,-2.484808345e-17,-0,-7.413983235e-33,0,0,0,0,0,0,0,0,0,0,0,0,0,0,0,0,0,-0,-0,-0,-0,-0,-0,-0,-0,0,0,0,0,0,0,0
8.452,-3.5,0,2,0,0,0,0,0,0,0,0,0,-4.33680869e-19,-0,-1.293984181e-34,-2.484808345e-17,-0,-7.413983235e-33,0,0,0,0,0,0,0,0,0,0,0,0,0,0,0,0,0,-0,-0,-0,-0,-0,-0,-0,-0,0,0,0,0,0,0,0
8.457,-3.5,0,2,0,0,0,0,0,0,0,0,0,-4.33680869e-19,-0,-1.293984181e-34,-2.484808345e-17,-0,-7.413983235e-33,0,0,0,0,0,0,0,0,0,0,0,0,0,0,0,0,0,-0,-0,-0,-0,-0,-0,-0,-0,0,0,0,0,0,0,0
8.462,-3.5,0,2,0,0,0,0,0,0,0,0,0,-4.33680869e-19,-0,-1.293984181e-34,-2.484808345e-17,-0,-7.413983235e-33,0,0,0,0,0,0,0,0,0,0,0,0,0,0,0,0,0,-0,-0,-0,-0,-0,-0,-0,-0,0,0,0,0,0,0,0
8.467,-3.5,0,2,0,0,0,0,0,0,0,0,0,-4.33680869e-19,-0,-1.293984181e-34,-2.484808345e-17,-0,-7.413983235e-33,0,0,0,0,0,0,0,0,0,0,0,0,0,0,0,0,0,-0,-0,-0,-0,-0,-0,-0,-0,0,0,0,0,0,0,0
8.472,-3.5,0,2,0,0,0,0,0,0,0,0,0,-4.33680869e-19,-0,-1.293984181e-34,-2.484808345e-17,-0,-7.413983235e-33,0,0,0,0,0,0,0,0,0,0,0,0,0,0,0,0,0,-0,-0,-0,-0,-0,-0,-0,-0,0,0,0,0,0,0,0
8.477,-3.5,0,2,0,0,0,0,0,0,0,0,0,-4.33680869e-19,-0,-1.293984181e-34,-2.484808345e-17,-0,-7.413983235e-33,0,0,0,0,0,0,0,0,0,0,0,0,0,0,0,0,0,-0,-0,-0,-0,-0,-0,-0,-0,0,0,0,0,0,0,0
8.482,-3.5,0,2,0,0,0,0,0,0,0,0,0,-4.33680869e-19,-0,-1.293984181e-34,-2.484808345e-17,-0,-7.413983235e-33,0,0,0,0,0,0,0,0,0,0,0,0,0,0,0,0,0,-0,-0,-0,-0,-0,-0,-0,-0,0,0,0,0,0,0,0
8.487,-3.5,0,2,0,0,0,0,0,0,0,0,0,-4.33680869e-19,-0,-1.293984181e-34,-2.484808345e-17,-0,-7.413983235e-33,0,0,0,0,0,0,0,0,0,0,0,0,0,0,0,0,0,-0,-0,-0,-0,-0,-0,-0,-0,0,0,0,0,0,0,0
8.492,-3.5,0,2,0,0,0,0,0,0,0,0,0,-4.33680869e-19,-0,-1.293984181e-34,-2.484808345e-17,-0,-7.413983235e-33,0,0,0,0,0,0,0,0,0,0,0,0,0,0,0,0,0,-0,-0,-0,-0,-0,-0,-0,-0,0,0,0,0,0,0,0
8.497,-3.5,0,2,0,0,0,0,0,0,0,0,0,-4.33680869e-19,-0,-1.293984181e-34,-2.484808345e-17,-0,-7.413983235e-33,0,0,0,0,0,0,0,0,0,0,0,0,0,0,0,0,0,-0,-0,-0,-0,-0,-0,-0,-0,0,0,0,0,0,0,0
8.502,-3.5,0,2,0,0,0,0,0,0,0,0,0,-4.33680869e-19,-0,-1.293984181e-34,-2.484808345e-17,-0,-7.413983235e-33,0,0,0,0,0,0,0,0,0,0,0,0,0,0,0,0,0,-0,-0,-0,-0,-0,-0,-0,-0,0,0,0,0,0,0,0
8.507,-3.5,0,2,0,0,0,0,0,0,0,0,0,-4.33680869e-19,-0,-1.293984181e-34,-2.484808345e-17,-0,-7.413983235e-33,0,0,0,0,0,0,0,0,0,0,0,0,0,0,0,0,0,-0,-0,-0,-0,-0,-0,-0,-0,0,0,0,0,0,0,0
8.512,-3.5,0,2,0,0,0,0,0,0,0,0,0,-4.33680869e-19,-0,-1.293984181e-34,-2.484808345e-17,-0,-7.413983235e-33,0,0,0,0,0,0,0,0,0,0,0,0,0,0,0,0,0,-0,-0,-0,-0,-0,-0,-0,-0,0,0,0,0,0,0,0
8.517,-3.5,0,2,0,0,0,0,0,0,0,0,0,-4.33680869e-19,-0,-1.293984181e-34,-2.484808345e-17,-0,-7.413983235e-33,0,0,0,0,0,0,0,0,0,0,0,0,0,0,0,0,0,-0,-0,-0,-0,-0,-0,-0,-0,0,0,0,0,0,0,0
8.522,-3.5,0,2,0,0,0,0,0,0,0,0,0,-4.33680869e-19,-0,-1.293984181e-34,-2.484808345e-17,-0,-7.413983235e-33,0,0,0,0,0,0,0,0,0,0,0,0,0,0,0,0,0,-0,-0,-0,-0,-0,-0,-0,-0,0,0,0,0,0,0,0
8.527,-3.5,0,2,0,0,0,0,0,0,0,0,0,-4.33680869e-19,-0,-1.293984181e-34,-2.484808345e-17,-0,-7.413983235e-33,0,0,0,0,0,0,0,0,0,0,0,0,0,0,0,0,0,-0,-0,-0,-0,-0,-0,-0,-0,0,0,0,0,0,0,0
8.532,-3.5,0,2,0,0,0,0,0,0,0,0,0,-4.33680869e-19,-0,-1.293984181e-34,-2.484808345e-17,-0,-7.413983235e-33,0,0,0,0,0,0,0,0,0,0,0,0,0,0,0,0,0,-0,-0,-0,-0,-0,-0,-0,-0,0,0,0,0,0,0,0
8.537,-3.5,0,2,0,0,0,0,0,0,0,0,0,-4.33680869e-19,-0,-1.293984181e-34,-2.484808345e-17,-0,-7.413983235e-33,0,0,0,0,0,0,0,0,0,0,0,0,0,0,0,0,0,-0,-0,-0,-0,-0,-0,-0,-0,0,0,0,0,0,0,0
8.542,-3.5,0,2,0,0,0,0,0,0,0,0,0,-4.33680869e-19,-0,-1.293984181e-34,-2.484808345e-17,-0,-7.413983235e-33,0,0,0,0,0,0,0,0,0,0,0,0,0,0,0,0,0,-0,-0,-0,-0,-0,-0,-0,-0,0,0,0,0,0,0,0
8.547,-3.5,0,2,0,0,0,0,0,0,0,0,0,-4.33680869e-19,-0,-1.293984181e-34,-2.484808345e-17,-0,-7.413983235e-33,0,0,0,0,0,0,0,0,0,0,0,0,0,0,0,0,0,-0,-0,-0,-0,-0,-0,-0,-0,0,0,0,0,0,0,0
8.552,-3.5,0,2,0,0,0,0,0,0,0,0,0,-4.33680869e-19,-0,-1.293984181e-34,-2.484808345e-17,-0,-7.413983235e-33,0,0,0,0,0,0,0,0,0,0,0,0,0,0,0,0,0,-0,-0,-0,-0,-0,-0,-0,-0,0,0,0,0,0,0,0
8.557,-3.5,0,2,0,0,0,0,0,0,0,0,0,-4.33680869e-19,-0,-1.293984181e-34,-2.484808345e-17,-0,-7.413983235e-33,0,0,0,0,0,0,0,0,0,0,0,0,0,0,0,0,0,-0,-0,-0,-0,-0,-0,-0,-0,0,0,0,0,0,0,0
8.562,-3.5,0,2,0,0,0,0,0,0,0,0,0,-4.33680869e-19,-0,-1.293984181e-34,-2.484808345e-17,-0,-7.413983235e-33,0,0,0,0,0,0,0,0,0,0,0,0,0,0,0,0,0,-0,-0,-0,-0,-0,-0,-0,-0,0,0,0,0,0,0,0
8.567,-3.5,0,2,0,0,0,0,0,0,0,0,0,-4.33680869e-19,-0,-1.293984181e-34,-2.484808345e-17,-0,-7.413983235e-33,0,0,0,0,0,0,0,0,0,0,0,0,0,0,0,0,0,-0,-0,-0,-0,-0,-0,-0,-0,0,0,0,0,0,0,0
8.572,-3.5,0,2,0,0,0,0,0,0,0,0,0,-4.33680869e-19,-0,-1.293984181e-34,-2.484808345e-17,-0,-7.413983235e-33,0,0,0,0,0,0,0,0,0,0,0,0,0,0,0,0,0,-0,-0,-0,-0,-0,-0,-0,-0,0,0,0,0,0,0,0
8.577,-3.5,0,2,0,0,0,0,0,0,0,0,0,-4.33680869e-19,-0,-1.293984181e-34,-2.484808345e-17,-0,-7.413983235e-33,0,0,0,0,0,0,0,0,0,0,0,0,0,0,0,0,0,-0,-0,-0,-0,-0,-0,-0,-0,0,0,0,0,0,0,0
8.582,-3.5,0,2,0,0,0,0,0,0,0,0,0,-4.33680869e-19,-0,-1.293984181e-34,-2.484808345e-17,-0,-7.413983235e-33,0,0,0,0,0,0,0,0,0,0,0,0,0,0,0,0,0,-0,-0,-0,-0,-0,-0,-0,-0,0,0,0,0,0,0,0
8.587,-3.5,0,2,0,0,0,0,0,0,0,0,0,-4.33680869e-19,-0,-1.293984181e-34,-2.484808345e-17,-0,-7.413983235e-33,0,0,0,0,0,0,0,0,0,0,0,0,0,0,0,0,0,-0,-0,-0,-0,-0,-0,-0,-0,0,0,0,0,0,0,0
8.592,-3.5,0,2,0,0,0,0,0,0,0,0,0,-4.33680869e-19,-0,-1.293984181e-34,-2.484808345e-17,-0,-7.413983235e-33,0,0,0,0,0,0,0,0,0,0,0,0,0,0,0,0,0,-0,-0,-0,-0,-0,-0,-0,-0,0,0,0,0,0,0,0
8.597,-3.5,0,2,0,0,0,0,0,0,0,0,0,-4.33680869e-19,-0,-1.293984181e-34,-2.484808345e-17,-0,-7.413983235e-33,0,0,0,0,0,0,0,0,0,0,0,0,0,0,0,0,0,-0,-0,-0,-0,-0,-0,-0,-0,0,0,0,0,0,0,0
8.602,-3.5,0,2,0,0,0,0,0,0,0,0,0,-4.33680869e-19,-0,-1.293984181e-34,-2.484808345e-17,-0,-7.413983235e-33,0,0,0,0,0,0,0,0,0,0,0,0,0,0,0,0,0,-0,-0,-0,-0,-0,-0,-0,-0,0,0,0,0,0,0,0
8.607,-3.5,0,2,0,0,0,0,0,0,0,0,0,-4.33680869e-19,-0,-1.293984181e-34,-2.484808345e-17,-0,-7.413983235e-33,0,0,0,0,0,0,0,0,0,0,0,0,0,0,0,0,0,-0,-0,-0,-0,-0,-0,-0,-0,0,0,0,0,0,0,0
8.612,-3.5,0,2,0,0,0,0,0,0,0,0,0,-4.33680869e-19,-0,-1.293984181e-34,-2.484808345e-17,-0,-7.413983235e-33,0,0,0,0,0,0,0,0,0,0,0,0,0,0,0,0,0,-0,-0,-0,-0,-0,-0,-0,-0,0,0,0,0,0,0,0
8.617,-3.5,0,2,0,0,0,0,0,0,0,0,0,-4.33680869e-19,-0,-1.293984181e-34,-2.484808345e-17,-0,-7.413983235e-33,0,0,0,0,0,0,0,0,0,0,0,0,0,0,0,0,0,-0,-0,-0,-0,-0,-0,-0,-0,0,0,0,0,0,0,0
8.622,-3.5,0,2,0,0,0,0,0,0,0,0,0,-4.33680869e-19,-0,-1.293984181e-34,-2.484808345e-17,-0,-7.413983235e-33,0,0,0,0,0,0,0,0,0,0,0,0,0,0,0,0,0,-0,-0,-0,-0,-0,-0,-0,-0,0,0,0,0,0,0,0
8.627,-3.5,0,2,0,0,0,0,0,0,0,0,0,-4.33680869e-19,-0,-1.293984181e-34,-2.484808345e-17,-0,-7.413983235e-33,0,0,0,0,0,0,0,0,0,0,0,0,0,0,0,0,0,-0,-0,-0,-0,-0,-0,-0,-0,0,0,0,0,0,0,0
8.632,-3.5,0,2,0,0,0,0,0,0,0,0,0,-4.33680869e-19,-0,-1.293984181e-34,-2.484808345e-17,-0,-7.413983235e-33,0,0,0,0,0,0,0,0,0,0,0,0,0,0,0,0,0,-0,-0,-0,-0,-0,-0,-0,-0,0,0,0,0,0,0,0
8.637,-3.5,0,2,0,0,0,0,0,0,0,0,0,-4.33680869e-19,-0,-1.293984181e-34,-2.484808345e-17,-0,-7.413983235e-33,0,0,0,0,0,0,0,0,0,0,0,0,0,0,0,0,0,-0,-0,-0,-0,-0,-0,-0,-0,0,0,0,0,0,0,0
8.642,-3.5,0,2,0,0,0,0,0,0,0,0,0,-4.33680869e-19,-0,-1.293984181e-34,-2.484808345e-17,-0,-7.413983235e-33,0,0,0,0,0,0,0,0,0,0,0,0,0,0,0,0,0,-0,-0,-0,-0,-0,-0,-0,-0,0,0,0,0,0,0,0
8.647,-3.5,0,2,0,0,0,0,0,0,0,0,0,-4.33680869e-19,-0,-1.293984181e-34,-2.484808345e-17,-0,-7.413983235e-33,0,0,0,0,0,0,0,0,0,0,0,0,0,0,0,0,0,-0,-0,-0,-0,-0,-0,-0,-0,0,0,0,0,0,0,0
8.652,-3.5,0,2,0,0,0,0,0,0,0,0,0,-4.33680869e-19,-0,-1.293984181e-34,-2.484808345e-17,-0,-7.413983235e-33,0,0,0,0,0,0,0,0,0,0,0,0,0,0,0,0,0,-0,-0,-0,-0,-0,-0,-0,-0,0,0,0,0,0,0,0
8.657,-3.5,0,2,0,0,0,0,0,0,0,0,0,-4.33680869e-19,-0,-1.293984181e-34,-2.484808345e-17,-0,-7.413983235e-33,0,0,0,0,0,0,0,0,0,0,0,0,0,0,0,0,0,-0,-0,-0,-0,-0,-0,-0,-0,0,0,0,0,0,0,0
8.662,-3.5,0,2,0,0,0,0,0,0,0,0,0,-4.33680869e-19,-0,-1.293984181e-34,-2.484808345e-17,-0,-7.413983235e-33,0,0,0,0,0,0,0,0,0,0,0,0,0,0,0,0,0,-0,-0,-0,-0,-0,-0,-0,-0,0,0,0,0,0,0,0
8.667,-3.5,0,2,0,0,0,0,0,0,0,0,0,-4.33680869e-19,-0,-1.293984181e-34,-2.484808345e-17,-0,-7.413983235e-33,0,0,0,0,0,0,0,0,0,0,0,0,0,0,0,0,0,-0,-0,-0,-0,-0,-0,-0,-0,0,0,0,0,0,0,0
8.672,-3.5,0,2,0,0,0,0,0,0,0,0,0,-4.33680869e-19,-0,-1.293984181e-34,-2.484808345e-17,-0,-7.413983235e-33,0,0,0,0,0,0,0,0,0,0,0,0,0,0,0,0,0,-0,-0,-0,-0,-0,-0,-0,-0,0,0,0,0,0,0,0
8.677,-3.5,0,2,0,0,0,0,0,0,0,0,0,-4.33680869e-19,-0,-1.293984181e-34,-2.484808345e-17,-0,-7.413983235e-33,0,0,0,0,0,0,0,0,0,0,0,0,0,0,0,0,0,-0,-0,-0,-0,-0,-0,-0,-0,0,0,0,0,0,0,0
8.682,-3.5,0,2,0,0,0,0,0,0,0,0,0,-4.33680869e-19,-0,-1.293984181e-34,-2.484808345e-17,-0,-7.413983235e-33,0,0,0,0,0,0,0,0,0,0,0,0,0,0,0,0,0,-0,-0,-0,-0,-0,-0,-0,-0,0,0,0,0,0,0,0
8.687,-3.5,0,2,0,0,0,0,0,0,0,0,0,-4.33680869e-19,-0,-1.293984181e-34,-2.484808345e-17,-0,-7.413983235e-33,0,0,0,0,0,0,0,0,0,0,0,0,0,0,0,0,0,-0,-0,-0,-0,-0,-0,-0,-0,0,0,0,0,0,0,0
8.692,-3.5,0,2,0,0,0,0,0,0,0,0,0,-4.33680869e-19,-0,-1.293984181e-34,-2.484808345e-17,-0,-7.413983235e-33,0,0,0,0,0,0,0,0,0,0,0,0,0,0,0,0,0,-0,-0,-0,-0,-0,-0,-0,-0,0,0,0,0,0,0,0
8.697,-3.5,0,2,0,0,0,0,0,0,0,0,0,-4.33680869e-19,-0,-1.293984181e-34,-2.484808345e-17,-0,-7.413983235e-33,0,0,0,0,0,0,0,0,0,0,0,0,0,0,0,0,0,-0,-0,-0,-0,-0,-0,-0,-0,0,0,0,0,0,0,0
8.702,-3.5,0,2,0,0,0,0,0,0,0,0,0,-4.33680869e-19,-0,-1.293984181e-34,-2.484808345e-17,-0,-7.413983235e-33,0,0,0,0,0,0,0,0,0,0,0,0,0,0,0,0,0,-0,-0,-0,-0,-0,-0,-0,-0,0,0,0,0,0,0,0
8.707,-3.5,0,2,0,0,0,0,0,0,0,0,0,-4.33680869e-19,-0,-1.293984181e-34,-2.484808345e-17,-0,-7.413983235e-33,0,0,0,0,0,0,0,0,0,0,0,0,0,0,0,0,0,-0,-0,-0,-0,-0,-0,-0,-0,0,0,0,0,0,0,0
8.712,-3.5,0,2,0,0,0,0,0,0,0,0,0,-4.33680869e-19,-0,-1.293984181e-34,-2.484808345e-17,-0,-7.413983235e-33,0,0,0,0,0,0,0,0,0,0,0,0,0,0,0,0,0,-0,-0,-0,-0,-0,-0,-0,-0,0,0,0,0,0,0,0
8.717,-3.5,0,2,0,0,0,0,0,0,0,0,0,-4.33680869e-19,-0,-1.293984181e-34,-2.484808345e-17,-0,-7.413983235e-33,0,0,0,0,0,0,0,0,0,0,0,0,0,0,0,0,0,-0,-0,-0,-0,-0,-0,-0,-0,0,0,0,0,0,0,0
8.722,-3.5,0,2,0,0,0,0,0,0,0,0,0,-4.33680869e-19,-0,-1.293984181e-34,-2.484808345e-17,-0,-7.413983235e-33,0,0,0,0,0,0,0,0,0,0,0,0,0,0,0,0,0,-0,-0,-0,-0,-0,-0,-0,-0,0,0,0,0,0,0,0
8.727,-3.5,0,2,0,0,0,0,0,0,0,0,0,-4.33680869e-19,-0,-1.293984181e-34,-2.484808345e-17,-0,-7.413983235e-33,0,0,0,0,0,0,0,0,0,0,0,0,0,0,0,0,0,-0,-0,-0,-0,-0,-0,-0,-0,0,0,0,0,0,0,0
8.732,-3.5,0,2,0,0,0,0,0,0,0,0,0,-4.33680869e-19,-0,-1.293984181e-34,-2.484808345e-17,-0,-7.413983235e-33,0,0,0,0,0,0,0,0,0,0,0,0,0,0,0,0,0,-0,-0,-0,-0,-0,-0,-0,-0,0,0,0,0,0,0,0
8.737,-3.5,0,2,0,0,0,0,0,0,0,0,0,-4.33680869e-19,-0,-1.293984181e-34,-2.484808345e-17,-0,-7.413983235e-33,0,0,0,0,0,0,0,0,0,0,0,0,0,0,0,0,0,-0,-0,-0,-0,-0,-0,-0,-0,0,0,0,0,0,0,0
8.742,-3.5,0,2,0,0,0,0,0,0,0,0,0,-4.33680869e-19,-0,-1.293984181e-34,-2.484808345e-17,-0,-7.413983235e-33,0,0,0,0,0,0,0,0,0,0,0,0,0,0,0,0,0,-0,-0,-0,-0,-0,-0,-0,-0,0,0,0,0,0,0,0
8.747,-3.5,0,2,0,0,0,0,0,0,0,0,0,-4.33680869e-19,-0,-1.293984181e-34,-2.484808345e-17,-0,-7.413983235e-33,0,0,0,0,0,0,0,0,0,0,0,0,0,0,0,0,0,-0,-0,-0,-0,-0,-0,-0,-0,0,0,0,0,0,0,0
8.752,-3.5,0,2,0,0,0,0,0,0,0,0,0,-4.33680869e-19,-0,-1.293984181e-34,-2.484808345e-17,-0,-7.413983235e-33,0,0,0,0,0,0,0,0,0,0,0,0,0,0,0,0,0,-0,-0,-0,-0,-0,-0,-0,-0,0,0,0,0,0,0,0
8.757,-3.5,0,2,0,0,0,0,0,0,0,0,0,-4.33680869e-19,-0,-1.293984181e-34,-2.484808345e-17,-0,-7.413983235e-33,0,0,0,0,0,0,0,0,0,0,0,0,0,0,0,0,0,-0,-0,-0,-0,-0,-0,-0,-0,0,0,0,0,0,0,0
8.762,-3.5,0,2,0,0,0,0,0,0,0,0,0,-4.33680869e-19,-0,-1.293984181e-34,-2.484808345e-17,-0,-7.413983235e-33,0,0,0,0,0,0,0,0,0,0,0,0,0,0,0,0,0,-0,-0,-0,-0,-0,-0,-0,-0,0,0,0,0,0,0,0
8.767,-3.5,0,2,0,0,0,0,0,0,0,0,0,-4.33680869e-19,-0,-1.293984181e-34,-2.484808345e-17,-0,-7.413983235e-33,0,0,0,0,0,0,0,0,0,0,0,0,0,0,0,0,0,-0,-0,-0,-0,-0,-0,-0,-0,0,0,0,0,0,0,0
8.772,-3.5,0,2,0,0,0,0,0,0,0,0,0,-4.33680869e-19,-0,-1.293984181e-34,-2.484808345e-17,-0,-7.413983235e-33,0,0,0,0,0,0,0,0,0,0,0,0,0,0,0,0,0,-0,-0,-0,-0,-0,-0,-0,-0,0,0,0,0,0,0,0
8.777,-3.5,0,2,0,0,0,0,0,0,0,0,0,-4.33680869e-19,-0,-1.293984181e-34,-2.484808345e-17,-0,-7.413983235e-33,0,0,0,0,0,0,0,0,0,0,0,0,0,0,0,0,0,-0,-0,-0,-0,-0,-0,-0,-0,0,0,0,0,0,0,0
8.782,-3.5,0,2,0,0,0,0,0,0,0,0,0,-4.33680869e-19,-0,-1.293984181e-34,-2.484808345e-17,-0,-7.413983235e-33,0,0,0,0,0,0,0,0,0,0,0,0,0,0,0,0,0,-0,-0,-0,-0,-0,-0,-0,-0,0,0,0,0,0,0,0
8.787,-3.5,0,2,0,0,0,0,0,0,0,0,0,-4.33680869e-19,-0,-1.293984181e-34,-2.484808345e-17,-0,-7.413983235e-33,0,0,0,0,0,0,0,0,0,0,0,0,0,0,0,0,0,-0,-0,-0,-0,-0,-0,-0,-0,0,0,0,0,0,0,0
8.792,-3.5,0,2,0,0,0,0,0,0,0,0,0,-4.33680869e-19,-0,-1.293984181e-34,-2.484808345e-17,-0,-7.413983235e-33,0,0,0,0,0,0,0,0,0,0,0,0,0,0,0,0,0,-0,-0,-0,-0,-0,-0,-0,-0,0,0,0,0,0,0,0
8.797,-3.5,0,2,0,0,0,0,0,0,0,0,0,-4.33680869e-19,-0,-1.293984181e-34,-2.484808345e-17,-0,-7.413983235e-33,0,0,0,0,0,0,0,0,0,0,0,0,0,0,0,0,0,-0,-0,-0,-0,-0,-0,-0,-0,0,0,0,0,0,0,0
8.802,-3.5,0,2,0,0,0,0,0,0,0,0,0,-4.33680869e-19,-0,-1.293984181e-34,-2.484808345e-17,-0,-7.413983235e-33,0,0,0,0,0,0,0,0,0,0,0,0,0,0,0,0,0,-0,-0,-0,-0,-0,-0,-0,-0,0,0,0,0,0,0,0
8.807,-3.5,0,2,0,0,0,0,0,0,0,0,0,-4.33680869e-19,-0,-1.293984181e-34,-2.484808345e-17,-0,-7.413983235e-33,0,0,0,0,0,0,0,0,0,0,0,0,0,0,0,0,0,-0,-0,-0,-0,-0,-0,-0,-0,0,0,0,0,0,0,0
8.812,-3.5,0,2,0,0,0,0,0,0,0,0,0,-4.33680869e-19,-0,-1.293984181e-34,-2.484808345e-17,-0,-7.413983235e-33,0,0,0,0,0,0,0,0,0,0,0,0,0,0,0,0,0,-0,-0,-0,-0,-0,-0,-0,-0,0,0,0,0,0,0,0
8.817,-3.5,0,2,0,0,0,0,0,0,0,0,0,-4.33680869e-19,-0,-1.293984181e-34,-2.484808345e-17,-0,-7.413983235e-33,0,0,0,0,0,0,0,0,0,0,0,0,0,0,0,0,0,-0,-0,-0,-0,-0,-0,-0,-0,0,0,0,0,0,0,0
8.822,-3.5,0,2,0,0,0,0,0,0,0,0,0,-4.33680869e-19,-0,-1.293984181e-34,-2.484808345e-17,-0,-7.413983235e-33,0,0,0,0,0,0,0,0,0,0,0,0,0,0,0,0,0,-0,-0,-0,-0,-0,-0,-0,-0,0,0,0,0,0,0,0
8.827,-3.5,0,2,0,0,0,0,0,0,0,0,0,-4.33680869e-19,-0,-1.293984181e-34,-2.484808345e-17,-0,-7.413983235e-33,0,0,0,0,0,0,0,0,0,0,0,0,0,0,0,0,0,-0,-0,-0,-0,-0,-0,-0,-0,0,0,0,0,0,0,0
8.832,-3.5,0,2,0,0,0,0,0,0,0,0,0,-4.33680869e-19,-0,-1.293984181e-34,-2.484808345e-17,-0,-7.413983235e-33,0,0,0,0,0,0,0,0,0,0,0,0,0,0,0,0,0,-0,-0,-0,-0,-0,-0,-0,-0,0,0,0,0,0,0,0
8.837,-3.5,0,2,0,0,0,0,0,0,0,0,0,-4.33680869e-19,-0,-1.293984181e-34,-2.484808345e-17,-0,-7.413983235e-33,0,0,0,0,0,0,0,0,0,0,0,0,0,0,0,0,0,-0,-0,-0,-0,-0,-0,-0,-0,0,0,0,0,0,0,0
8.842,-3.5,0,2,0,0,0,0,0,0,0,0,0,-4.33680869e-19,-0,-1.293984181e-34,-2.484808345e-17,-0,-7.413983235e-33,0,0,0,0,0,0,0,0,0,0,0,0,0,0,0,0,0,-0,-0,-0,-0,-0,-0,-0,-0,0,0,0,0,0,0,0
8.847,-3.5,0,2,0,0,0,0,0,0,0,0,0,-4.33680869e-19,-0,-1.293984181e-34,-2.484808345e-17,-0,-7.413983235e-33,0,0,0,0,0,0,0,0,0,0,0,0,0,0,0,0,0,-0,-0,-0,-0,-0,-0,-0,-0,0,0,0,0,0,0,0
8.852,-3.5,0,2,0,0,0,0,0,0,0,0,0,-4.33680869e-19,-0,-1.293984181e-34,-2.484808345e-17,-0,-7.413983235e-33,0,0,0,0,0,0,0,0,0,0,0,0,0,0,0,0,0,-0,-0,-0,-0,-0,-0,-0,-0,0,0,0,0,0,0,0
8.857,-3.5,0,2,0,0,0,0,0,0,0,0,0,-4.33680869e-19,-0,-1.293984181e-34,-2.484808345e-17,-0,-7.413983235e-33,0,0,0,0,0,0,0,0,0,0,0,0,0,0,0,0,0,-0,-0,-0,-0,-0,-0,-0,-0,0,0,0,0,0,0,0
8.862,-3.5,0,2,0,0,0,0,0,0,0,0,0,-4.33680869e-19,-0,-1.293984181e-34,-2.484808345e-17,-0,-7.413983235e-33,0,0,0,0,0,0,0,0,0,0,0,0,0,0,0,0,0,-0,-0,-0,-0,-0,-0,-0,-0,0,0,0,0,0,0,0
8.867,-3.5,0,2,0,0,0,0,0,0,0,0,0,-4.33680869e-19,-0,-1.293984181e-34,-2.484808345e-17,-0,-7.413983235e-33,0,0,0,0,0,0,0,0,0,0,0,0,0,0,0,0,0,-0,-0,-0,-0,-0,-0,-0,-0,0,0,0,0,0,0,0
8.872,-3.5,0,2,0,0,0,0,0,0,0,0,0,-4.33680869e-19,-0,-1.293984181e-34,-2.484808345e-17,-0,-7.413983235e-33,0,0,0,0,0,0,0,0,0,0,0,0,0,0,0,0,0,-0,-0,-0,-0,-0,-0,-0,-0,0,0,0,0,0,0,0
8.877,-3.5,0,2,0,0,0,0,0,0,0,0,0,-4.33680869e-19,-0,-1.293984181e-34,-2.484808345e-17,-0,-7.413983235e-33,0,0,0,0,0,0,0,0,0,0,0,0,0,0,0,0,0,-0,-0,-0,-0,-0,-0,-0,-0,0,0,0,0,0,0,0
8.882,-3.5,0,2,0,0,0,0,0,0,0,0,0,-4.33680869e-19,-0,-1.293984181e-34,-2.484808345e-17,-0,-7.413983235e-33,0,0,0,0,0,0,0,0,0,0,0,0,0,0,0,0,0,-0,-0,-0,-0,-0,-0,-0,-0,0,0,0,0,0,0,0
8.887,-3.5,0,2,0,0,0,0,0,0,0,0,0,-4.33680869e-19,-0,-1.293984181e-34,-2.484808345e-17,-0,-7.413983235e-33,0,0,0,0,0,0,0,0,0,0,0,0,0,0,0,0,0,-0,-0,-0,-0,-0,-0,-0,-0,0,0,0,0,0,0,0
8.892,-3.5,0,2,0,0,0,0,0,0,0,0,0,-4.33680869e-19,-0,-1.293984181e-34,-2.484808345e-17,-0,-7.413983235e-33,0,0,0,0,0,0,0,0,0,0,0,0,0,0,0,0,0,-0,-0,-0,-0,-0,-0,-0,-0,0,0,0,0,0,0,0
8.897,-3.5,0,2,0,0,0,0,0,0,0,0,0,-4.33680869e-19,-0,-1.293984181e-34,-2.484808345e-17,-0,-7.413983235e-33,0,0,0,0,0,0,0,0,0,0,0,0,0,0,0,0,0,-0,-0,-0,-0,-0,-0,-0,-0,0,0,0,0,0,0,0
8.902,-3.5,0,2,0,0,0,0,0,0,0,0,0,-4.33680869e-19,-0,-1.293984181e-34,-2.484808345e-17,-0,-7.413983235e-33,0,0,0,0,0,0,0,0,0,0,0,0,0,0,0,0,0,-0,-0,-0,-0,-0,-0,-0,-0,0,0,0,0,0,0,0
8.907,-3.5,0,2,0,0,0,0,0,0,0,0,0,-4.33680869e-19,-0,-1.293984181e-34,-2.484808345e-17,-0,-7.413983235e-33,0,0,0,0,0,0,0,0,0,0,0,0,0,0,0,0,0,-0,-0,-0,-0,-0,-0,-0,-0,0,0,0,0,0,0,0
8.912,-3.5,0,2,0,0,0,0,0,0,0,0,0,-4.33680869e-19,-0,-1.293984181e-34,-2.484808345e-17,-0,-7.413983235e-33,0,0,0,0,0,0,0,0,0,0,0,0,0,0,0,0,0,-0,-0,-0,-0,-0,-0,-0,-0,0,0,0,0,0,0,0
8.917,-3.5,0,2,0,0,0,0,0,0,0,0,0,-4.33680869e-19,-0,-1.293984181e-34,-2.484808345e-17,-0,-7.413983235e-33,0,0,0,0,0,0,0,0,0,0,0,0,0,0,0,0,0,-0,-0,-0,-0,-0,-0,-0,-0,0,0,0,0,0,0,0
8.922,-3.5,0,2,0,0,0,0,0,0,0,0,0,-4.33680869e-19,-0,-1.293984181e-34,-2.484808345e-17,-0,-7.413983235e-33,0,0,0,0,0,0,0,0,0,0,0,0,0,0,0,0,0,-0,-0,-0,-0,-0,-0,-0,-0,0,0,0,0,0,0,0
8.927,-3.5,0,2,0,0,0,0,0,0,0,0,0,-4.33680869e-19,-0,-1.293984181e-34,-2.484808345e-17,-0,-7.413983235e-33,0,0,0,0,0,0,0,0,0,0,0,0,0,0,0,0,0,-0,-0,-0,-0,-0,-0,-0,-0,0,0,0,0,0,0,0
8.932,-3.5,0,2,0,0,0,0,0,0,0,0,0,-4.33680869e-19,-0,-1.293984181e-34,-2.484808345e-17,-0,-7.413983235e-33,0,0,0,0,0,0,0,0,0,0,0,0,0,0,0,0,0,-0,-0,-0,-0,-0,-0,-0,-0,0,0,0,0,0,0,0
8.937,-3.5,0,2,0,0,0,0,0,0,0,0,0,-4.33680869e-19,-0,-1.293984181e-34,-2.484808345e-17,-0,-7.413983235e-33,0,0,0,0,0,0,0,0,0,0,0,0,0,0,0,0,0,-0,-0,-0,-0,-0,-0,-0,-0,0,0,0,0,0,0,0
8.942,-3.5,0,2,0,0,0,0,0,0,0,0,0,-4.33680869e-19,-0,-1.293984181e-34,-2.484808345e-17,-0,-7.413983235e-33,0,0,0,0,0,0,0,0,0,0,0,0,0,0,0,0,0,-0,-0,-0,-0,-0,-0,-0,-0,0,0,0,0,0,0,0
8.947,-3.5,0,2,0,0,0,0,0,0,0,0,0,-4.33680869e-19,-0,-1.293984181e-34,-2.484808345e-17,-0,-7.413983235e-33,0,0,0,0,0,0,0,0,0,0,0,0,0,0,0,0,0,-0,-0,-0,-0,-0,-0,-0,-0,0,0,0,0,0,0,0
8.952,-3.5,0,2,0,0,0,0,0,0,0,0,0,-4.33680869e-19,-0,-1.293984181e-34,-2.484808345e-17,-0,-7.413983235e-33,0,0,0,0,0,0,0,0,0,0,0,0,0,0,0,0,0,-0,-0,-0,-0,-0,-0,-0,-0,0,0,0,0,0,0,0
8.957,-3.5,0,2,0,0,0,0,0,0,0,0,0,-4.33680869e-19,-0,-1.293984181e-34,-2.484808345e-17,-0,-7.413983235e-33,0,0,0,0,0,0,0,0,0,0,0,0,0,0,0,0,0,-0,-0,-0,-0,-0,-0,-0,-0,0,0,0,0,0,0,0
8.962,-3.5,0,2,0,0,0,0,0,0,0,0,0,-4.33680869e-19,-0,-1.293984181e-34,-2.484808345e-17,-0,-7.413983235e-33,0,0,0,0,0,0,0,0,0,0,0,0,0,0,0,0,0,-0,-0,-0,-0,-0,-0,-0,-0,0,0,0,0,0,0,0
8.967,-3.5,0,2,0,0,0,0,0,0,0,0,0,-4.33680869e-19,-0,-1.293984181e-34,-2.484808345e-17,-0,-7.413983235e-33,0,0,0,0,0,0,0,0,0,0,0,0,0,0,0,0,0,-0,-0,-0,-0,-0,-0,-0,-0,0,0,0,0,0,0,0
8.972,-3.5,0,2,0,0,0,0,0,0,0,0,0,-4.33680869e-19,-0,-1.293984181e-34,-2.484808345e-17,-0,-7.413983235e-33,0,0,0,0,0,0,0,0,0,0,0,0,0,0,0,0,0,-0,-0,-0,-0,-0,-0,-0,-0,0,0,0,0,0,0,0
8.977,-3.5,0,2,0,0,0,0,0,0,0,0,0,-4.33680869e-19,-0,-1.293984181e-34,-2.484808345e-17,-0,-7.413983235e-33,0,0,0,0,0,0,0,0,0,0,0,0,0,0,0,0,0,-0,-0,-0,-0,-0,-0,-0,-0,0,0,0,0,0,0,0
8.982,-3.5,0,2,0,0,0,0,0,0,0,0,0,-4.33680869e-19,-0,-1.293984181e-34,-2.484808345e-17,-0,-7.413983235e-33,0,0,0,0,0,0,0,0,0,0,0,0,0,0,0,0,0,-0,-0,-0,-0,-0,-0,-0,-0,0,0,0,0,0,0,0
8.987,-3.5,0,2,0,0,0,0,0,0,0,0,0,-4.33680869e-19,-0,-1.293984181e-34,-2.484808345e-17,-0,-7.413983235e-33,0,0,0,0,0,0,0,0,0,0,0,0,0,0,0,0,0,-0,-0,-0,-0,-0,-0,-0,-0,0,0,0,0,0,0,0
8.992,-3.5,0,2,0,0,0,0,0,0,0,0,0,-4.33680869e-19,-0,-1.293984181e-34,-2.484808345e-17,-0,-7.413983235e-33,0,0,0,0,0,0,0,0,0,0,0,0,0,0,0,0,0,-0,-0,-0,-0,-0,-0,-0,-0,0,0,0,0,0,0,0
8.997,-3.5,0,2,0,0,0,0,0,0,0,0,0,-4.33680869e-19,-0,-1.293984181e-34,-2.484808345e-17,-0,-7.413983235e-33,0,0,0,0,0,0,0,0,0,0,0,0,0,0,0,0,0,-0,-0,-0,-0,-0,-0,-0,-0,0,0,0,0,0,0,0
9.002,-3.5,0,2,0,0,0,0,0,0,0,0,0,-4.33680869e-19,-0,-1.293984181e-34,-2.484808345e-17,-0,-7.413983235e-33,0,0,0,0,0,0,0,0,0,0,0,0,0,0,0,0,0,-0,-0,-0,-0,-0,-0,-0,-0,0,0,0,0,0,0,0
9.007,-3.5,0,2,0,0,0,0,0,0,0,0,0,-4.33680869e-19,-0,-1.293984181e-34,-2.484808345e-17,-0,-7.413983235e-33,0,0,0,0,0,0,0,0,0,0,0,0,0,0,0,0,0,-0,-0,-0,-0,-0,-0,-0,-0,0,0,0,0,0,0,0
9.012,-3.5,0,2,0,0,0,0,0,0,0,0,0,-4.33680869e-19,-0,-1.293984181e-34,-2.484808345e-17,-0,-7.413983235e-33,0,0,0,0,0,0,0,0,0,0,0,0,0,0,0,0,0,-0,-0,-0,-0,-0,-0,-0,-0,0,0,0,0,0,0,0
9.017,-3.5,0,2,0,0,0,0,0,0,0,0,0,-4.33680869e-19,-0,-1.293984181e-34,-2.484808345e-17,-0,-7.413983235e-33,0,0,0,0,0,0,0,0,0,0,0,0,0,0,0,0,0,-0,-0,-0,-0,-0,-0,-0,-0,0,0,0,0,0,0,0
9.022,-3.5,0,2,0,0,0,0,0,0,0,0,0,-4.33680869e-19,-0,-1.293984181e-34,-2.484808345e-17,-0,-7.413983235e-33,0,0,0,0,0,0,0,0,0,0,0,0,0,0,0,0,0,-0,-0,-0,-0,-0,-0,-0,-0,0,0,0,0,0,0,0
9.027,-3.5,0,2,0,0,0,0,0,0,0,0,0,-4.33680869e-19,-0,-1.293984181e-34,-2.484808345e-17,-0,-7.413983235e-33,0,0,0,0,0,0,0,0,0,0,0,0,0,0,0,0,0,-0,-0,-0,-0,-0,-0,-0,-0,0,0,0,0,0,0,0
9.032,-3.5,0,2,0,0,0,0,0,0,0,0,0,-4.33680869e-19,-0,-1.293984181e-34,-2.484808345e-17,-0,-7.413983235e-33,0,0,0,0,0,0,0,0,0,0,0,0,0,0,0,0,0,-0,-0,-0,-0,-0,-0,-0,-0,0,0,0,0,0,0,0
9.037,-3.5,0,2,0,0,0,0,0,0,0,0,0,-4.33680869e-19,-0,-1.293984181e-34,-2.484808345e-17,-0,-7.413983235e-33,0,0,0,0,0,0,0,0,0,0,0,0,0,0,0,0,0,-0,-0,-0,-0,-0,-0,-0,-0,0,0,0,0,0,0,0
9.042,-3.5,0,2,0,0,0,0,0,0,0,0,0,-4.33680869e-19,-0,-1.293984181e-34,-2.484808345e-17,-0,-7.413983235e-33,0,0,0,0,0,0,0,0,0,0,0,0,0,0,0,0,0,-0,-0,-0,-0,-0,-0,-0,-0,0,0,0,0,0,0,0
9.047,-3.5,0,2,0,0,0,0,0,0,0,0,0,-4.33680869e-19,-0,-1.293984181e-34,-2.484808345e-17,-0,-7.413983235e-33,0,0,0,0,0,0,0,0,0,0,0,0,0,0,0,0,0,-0,-0,-0,-0,-0,-0,-0,-0,0,0,0,0,0,0,0
9.052,-3.5,0,2,0,0,0,0,0,0,0,0,0,-4.33680869e-19,-0,-1.293984181e-34,-2.484808345e-17,-0,-7.413983235e-33,0,0,0,0,0,0,0,0,0,0,0,0,0,0,0,0,0,-0,-0,-0,-0,-0,-0,-0,-0,0,0,0,0,0,0,0
9.057,-3.5,0,2,0,0,0,0,0,0,0,0,0,-4.33680869e-19,-0,-1.293984181e-34,-2.484808345e-17,-0,-7.413983235e-33,0,0,0,0,0,0,0,0,0,0,0,0,0,0,0,0,0,-0,-0,-0,-0,-0,-0,-0,-0,0,0,0,0,0,0,0
9.062,-3.5,0,2,0,0,0,0,0,0,0,0,0,-4.33680869e-19,-0,-1.293984181e-34,-2.484808345e-17,-0,-7.413983235e-33,0,0,0,0,0,0,0,0,0,0,0,0,0,0,0,0,0,-0,-0,-0,-0,-0,-0,-0,-0,0,0,0,0,0,0,0
9.067,-3.5,0,2,0,0,0,0,0,0,0,0,0,-4.33680869e-19,-0,-1.293984181e-34,-2.484808345e-17,-0,-7.413983235e-33,0,0,0,0,0,0,0,0,0,0,0,0,0,0,0,0,0,-0,-0,-0,-0,-0,-0,-0,-0,0,0,0,0,0,0,0
9.072,-3.5,0,2,0,0,0,0,0,0,0,0,0,-4.33680869e-19,-0,-1.293984181e-34,-2.484808345e-17,-0,-7.413983235e-33,0,0,0,0,0,0,0,0,0,0,0,0,0,0,0,0,0,-0,-0,-0,-0,-0,-0,-0,-0,0,0,0,0,0,0,0
9.077,-3.5,0,2,0,0,0,0,0,0,0,0,0,-4.33680869e-19,-0,-1.293984181e-34,-2.484808345e-17,-0,-7.413983235e-33,0,0,0,0,0,0,0,0,0,0,0,0,0,0,0,0,0,-0,-0,-0,-0,-0,-0,-0,-0,0,0,0,0,0,0,0
9.082,-3.5,0,2,0,0,0,0,0,0,0,0,0,-4.33680869e-19,-0,-1.293984181e-34,-2.484808345e-17,-0,-7.413983235e-33,0,0,0,0,0,0,0,0,0,0,0,0,0,0,0,0,0,-0,-0,-0,-0,-0,-0,-0,-0,0,0,0,0,0,0,0
9.087,-3.5,0,2,0,0,0,0,0,0,0,0,0,-4.33680869e-19,-0,-1.293984181e-34,-2.484808345e-17,-0,-7.413983235e-33,0,0,0,0,0,0,0,0,0,0,0,0,0,0,0,0,0,-0,-0,-0,-0,-0,-0,-0,-0,0,0,0,0,0,0,0
9.092,-3.5,0,2,0,0,0,0,0,0,0,0,0,-4.33680869e-19,-0,-1.293984181e-34,-2.484808345e-17,-0,-7.413983235e-33,0,0,0,0,0,0,0,0,0,0,0,0,0,0,0,0,0,-0,-0,-0,-0,-0,-0,-0,-0,0,0,0,0,0,0,0
9.097,-3.5,0,2,0,0,0,0,0,0,0,0,0,-4.33680869e-19,-0,-1.293984181e-34,-2.484808345e-17,-0,-7.413983235e-33,0,0,0,0,0,0,0,0,0,0,0,0,0,0,0,0,0,-0,-0,-0,-0,-0,-0,-0,-0,0,0,0,0,0,0,0
9.102,-3.5,0,2,0,0,0,0,0,0,0,0,0,-4.33680869e-19,-0,-1.293984181e-34,-2.484808345e-17,-0,-7.413983235e-33,0,0,0,0,0,0,0,0,0,0,0,0,0,0,0,0,0,-0,-0,-0,-0,-0,-0,-0,-0,0,0,0,0,0,0,0
9.107,-3.5,0,2,0,0,0,0,0,0,0,0,0,-4.33680869e-19,-0,-1.293984181e-34,-2.484808345e-17,-0,-7.413983235e-33,0,0,0,0,0,0,0,0,0,0,0,0,0,0,0,0,0,-0,-0,-0,-0,-0,-0,-0,-0,0,0,0,0,0,0,0
9.112,-3.5,0,2,0,0,0,0,0,0,0,0,0,-4.33680869e-19,-0,-1.293984181e-34,-2.484808345e-17,-0,-7.413983235e-33,0,0,0,0,0,0,0,0,0,0,0,0,0,0,0,0,0,-0,-0,-0,-0,-0,-0,-0,-0,0,0,0,0,0,0,0
9.117,-3.5,0,2,0,0,0,0,0,0,0,0,0,-4.33680869e-19,-0,-1.293984181e-34,-2.484808345e-17,-0,-7.413983235e-33,0,0,0,0,0,0,0,0,0,0,0,0,0,0,0,0,0,-0,-0,-0,-0,-0,-0,-0,-0,0,0,0,0,0,0,0
9.122,-3.5,0,2,0,0,0,0,0,0,0,0,0,-4.33680869e-19,-0,-1.293984181e-34,-2.484808345e-17,-0,-7.413983235e-33,0,0,0,0,0,0,0,0,0,0,0,0,0,0,0,0,0,-0,-0,-0,-0,-0,-0,-0,-0,0,0,0,0,0,0,0
9.127,-3.5,0,2,0,0,0,0,0,0,0,0,0,-4.33680869e-19,-0,-1.293984181e-34,-2.484808345e-17,-0,-7.413983235e-33,0,0,0,0,0,0,0,0,0,0,0,0,0,0,0,0,0,-0,-0,-0,-0,-0,-0,-0,-0,0,0,0,0,0,0,0
9.132,-3.5,0,2,0,0,0,0,0,0,0,0,0,-4.33680869e-19,-0,-1.293984181e-34,-2.484808345e-17,-0,-7.413983235e-33,0,0,0,0,0,0,0,0,0,0,0,0,0,0,0,0,0,-0,-0,-0,-0,-0,-0,-0,-0,0,0,0,0,0,0,0
9.137,-3.5,0,2,0,0,0,0,0,0,0,0,0,-4.33680869e-19,-0,-1.293984181e-34,-2.484808345e-17,-0,-7.413983235e-33,0,0,0,0,0,0,0,0,0,0,0,0,0,0,0,0,0,-0,-0,-0,-0,-0,-0,-0,-0,0,0,0,0,0,0,0
9.142,-3.5,0,2,0,0,0,0,0,0,0,0,0,-4.33680869e-19,-0,-1.293984181e-34,-2.484808345e-17,-0,-7.413983235e-33,0,0,0,0,0,0,0,0,0,0,0,0,0,0,0,0,0,-0,-0,-0,-0,-0,-0,-0,-0,0,0,0,0,0,0,0
9.147,-3.5,0,2,0,0,0,0,0,0,0,0,0,-4.33680869e-19,-0,-1.293984181e-34,-2.484808345e-17,-0,-7.413983235e-33,0,0,0,0,0,0,0,0,0,0,0,0,0,0,0,0,0,-0,-0,-0,-0,-0,-0,-0,-0,0,0,0,0,0,0,0
9.152,-3.5,0,2,0,0,0,0,0,0,0,0,0,-4.33680869e-19,-0,-1.293984181e-34,-2.484808345e-17,-0,-7.413983235e-33,0,0,0,0,0,0,0,0,0,0,0,0,0,0,0,0,0,-0,-0,-0,-0,-0,-0,-0,-0,0,0,0,0,0,0,0
9.157,-3.5,0,2,0,0,0,0,0,0,0,0,0,-4.33680869e-19,-0,-1.293984181e-34,-2.484808345e-17,-0,-7.413983235e-33,0,0,0,0,0,0,0,0,0,0,0,0,0,0,0,0,0,-0,-0,-0,-0,-0,-0,-0,-0,0,0,0,0,0,0,0
9.162,-3.5,0,2,0,0,0,0,0,0,0,0,0,-4.33680869e-19,-0,-1.293984181e-34,-2.484808345e-17,-0,-7.413983235e-33,0,0,0,0,0,0,0,0,0,0,0,0,0,0,0,0,0,-0,-0,-0,-0,-0,-0,-0,-0,0,0,0,0,0,0,0
9.167,-3.5,0,2,0,0,0,0,0,0,0,0,0,-4.33680869e-19,-0,-1.293984181e-34,-2.484808345e-17,-0,-7.413983235e-33,0,0,0,0,0,0,0,0,0,0,0,0,0,0,0,0,0,-0,-0,-0,-0,-0,-0,-0,-0,0,0,0,0,0,0,0
9.172,-3.5,0,2,0,0,0,0,0,0,0,0,0,-4.33680869e-19,-0,-1.293984181e-34,-2.484808345e-17,-0,-7.413983235e-33,0,0,0,0,0,0,0,0,0,0,0,0,0,0,0,0,0,-0,-0,-0,-0,-0,-0,-0,-0,0,0,0,0,0,0,0
9.177,-3.5,0,2,0,0,0,0,0,0,0,0,0,-4.33680869e-19,-0,-1.293984181e-34,-2.484808345e-17,-0,-7.413983235e-33,0,0,0,0,0,0,0,0,0,0,0,0,0,0,0,0,0,-0,-0,-0,-0,-0,-0,-0,-0,0,0,0,0,0,0,0
9.182,-3.5,0,2,0,0,0,0,0,0,0,0,0,-4.33680869e-19,-0,-1.293984181e-34,-2.484808345e-17,-0,-7.413983235e-33,0,0,0,0,0,0,0,0,0,0,0,0,0,0,0,0,0,-0,-0,-0,-0,-0,-0,-0,-0,0,0,0,0,0,0,0
9.187,-3.5,0,2,0,0,0,0,0,0,0,0,0,-4.33680869e-19,-0,-1.293984181e-34,-2.484808345e-17,-0,-7.413983235e-33,0,0,0,0,0,0,0,0,0,0,0,0,0,0,0,0,0,-0,-0,-0,-0,-0,-0,-0,-0,0,0,0,0,0,0,0
9.192,-3.5,0,2,0,0,0,0,0,0,0,0,0,-4.33680869e-19,-0,-1.293984181e-34,-2.484808345e-17,-0,-7.413983235e-33,0,0,0,0,0,0,0,0,0,0,0,0,0,0,0,0,0,-0,-0,-0,-0,-0,-0,-0,-0,0,0,0,0,0,0,0
9.197,-3.5,0,2,0,0,0,0,0,0,0,0,0,-4.33680869e-19,-0,-1.293984181e-34,-2.484808345e-17,-0,-7.413983235e-33,0,0,0,0,0,0,0,0,0,0,0,0,0,0,0,0,0,-0,-0,-0,-0,-0,-0,-0,-0,0,0,0,0,0,0,0
9.202,-3.5,0,2,0,0,0,0,0,0,0,0,0,-4.33680869e-19,-0,-1.293984181e-34,-2.484808345e-17,-0,-7.413983235e-33,0,0,0,0,0,0,0,0,0,0,0,0,0,0,0,0,0,-0,-0,-0,-0,-0,-0,-0,-0,0,0,0,0,0,0,0
9.207,-3.5,0,2,0,0,0,0,0,0,0,0,0,-4.33680869e-19,-0,-1.293984181e-34,-2.484808345e-17,-0,-7.413983235e-33,0,0,0,0,0,0,0,0,0,0,0,0,0,0,0,0,0,-0,-0,-0,-0,-0,-0,-0,-0,0,0,0,0,0,0,0
9.212,-3.5,0,2,0,0,0,0,0,0,0,0,0,-4.33680869e-19,-0,-1.293984181e-34,-2.484808345e-17,-0,-7.413983235e-33,0,0,0,0,0,0,0,0,0,0,0,0,0,0,0,0,0,-0,-0,-0,-0,-0,-0,-0,-0,0,0,0,0,0,0,0
9.217,-3.5,0,2,0,0,0,0,0,0,0,0,0,-4.33680869e-19,-0,-1.293984181e-34,-2.484808345e-17,-0,-7.413983235e-33,0,0,0,0,0,0,0,0,0,0,0,0,0,0,0,0,0,-0,-0,-0,-0,-0,-0,-0,-0,0,0,0,0,0,0,0
9.222,-3.5,0,2,0,0,0,0,0,0,0,0,0,-4.33680869e-19,-0,-1.293984181e-34,-2.484808345e-17,-0,-7.413983235e-33,0,0,0,0,0,0,0,0,0,0,0,0,0,0,0,0,0,-0,-0,-0,-0,-0,-0,-0,-0,0,0,0,0,0,0,0
9.227,-3.5,0,2,0,0,0,0,0,0,0,0,0,-4.33680869e-19,-0,-1.293984181e-34,-2.484808345e-17,-0,-7.413983235e-33,0,0,0,0,0,0,0,0,0,0,0,0,0,0,0,0,0,-0,-0,-0,-0,-0,-0,-0,-0,0,0,0,0,0,0,0
9.232,-3.5,0,2,0,0,0,0,0,0,0,0,0,-4.33680869e-19,-0,-1.293984181e-34,-2.484808345e-17,-0,-7.413983235e-33,0,0,0,0,0,0,0,0,0,0,0,0,0,0,0,0,0,-0,-0,-0,-0,-0,-0,-0,-0,0,0,0,0,0,0,0
9.237,-3.5,0,2,0,0,0,0,0,0,0,0,0,-4.33680869e-19,-0,-1.293984181e-34,-2.484808345e-17,-0,-7.413983235e-33,0,0,0,0,0,0,0,0,0,0,0,0,0,0,0,0,0,-0,-0,-0,-0,-0,-0,-0,-0,0,0,0,0,0,0,0
9.242,-3.5,0,2,0,0,0,0,0,0,0,0,0,-4.33680869e-19,-0,-1.293984181e-34,-2.484808345e-17,-0,-7.413983235e-33,0,0,0,0,0,0,0,0,0,0,0,0,0,0,0,0,0,-0,-0,-0,-0,-0,-0,-0,-0,0,0,0,0,0,0,0
9.247,-3.5,0,2,0,0,0,0,0,0,0,0,0,-4.33680869e-19,-0,-1.293984181e-34,-2.484808345e-17,-0,-7.413983235e-33,0,0,0,0,0,0,0,0,0,0,0,0,0,0,0,0,0,-0,-0,-0,-0,-0,-0,-0,-0,0,0,0,0,0,0,0
9.252,-3.5,0,2,0,0,0,0,0,0,0,0,0,-4.33680869e-19,-0,-1.293984181e-34,-2.484808345e-17,-0,-7.413983235e-33,0,0,0,0,0,0,0,0,0,0,0,0,0,0,0,0,0,-0,-0,-0,-0,-0,-0,-0,-0,0,0,0,0,0,0,0
9.257,-3.5,0,2,0,0,0,0,0,0,0,0,0,-4.33680869e-19,-0,-1.293984181e-34,-2.484808345e-17,-0,-7.413983235e-33,0,0,0,0,0,0,0,0,0,0,0,0,0,0,0,0,0,-0,-0,-0,-0,-0,-0,-0,-0,0,0,0,0,0,0,0
9.262,-3.5,0,2,0,0,0,0,0,0,0,0,0,-4.33680869e-19,-0,-1.293984181e-34,-2.484808345e-17,-0,-7.413983235e-33,0,0,0,0,0,0,0,0,0,0,0,0,0,0,0,0,0,-0,-0,-0,-0,-0,-0,-0,-0,0,0,0,0,0,0,0
9.267,-3.5,0,2,0,0,0,0,0,0,0,0,0,-4.33680869e-19,-0,-1.293984181e-34,-2.484808345e-17,-0,-7.413983235e-33,0,0,0,0,0,0,0,0,0,0,0,0,0,0,0,0,0,-0,-0,-0,-0,-0,-0,-0,-0,0,0,0,0,0,0,0
9.272,-3.5,0,2,0,0,0,0,0,0,0,0,0,-4.33680869e-19,-0,-1.293984181e-34,-2.484808345e-17,-0,-7.413983235e-33,0,0,0,0,0,0,0,0,0,0,0,0,0,0,0,0,0,-0,-0,-0,-0,-0,-0,-0,-0,0,0,0,0,0,0,0
9.277,-3.5,0,2,0,0,0,0,0,0,0,0,0,-4.33680869e-19,-0,-1.293984181e-34,-2.484808345e-17,-0,-7.413983235e-33,0,0,0,0,0,0,0,0,0,0,0,0,0,0,0,0,0,-0,-0,-0,-0,-0,-0,-0,-0,0,0,0,0,0,0,0
9.282,-3.5,0,2,0,0,0,0,0,0,0,0,0,-4.33680869e-19,-0,-1.293984181e-34,-2.484808345e-17,-0,-7.413983235e-33,0,0,0,0,0,0,0,0,0,0,0,0,0,0,0,0,0,-0,-0,-0,-0,-0,-0,-0,-0,0,0,0,0,0,0,0
9.287,-3.5,0,2,0,0,0,0,0,0,0,0,0,-4.33680869e-19,-0,-1.293984181e-34,-2.484808345e-17,-0,-7.413983235e-33,0,0,0,0,0,0,0,0,0,0,0,0,0,0,0,0,0,-0,-0,-0,-0,-0,-0,-0,-0,0,0,0,0,0,0,0
9.292,-3.5,0,2,0,0,0,0,0,0,0,0,0,-4.33680869e-19,-0,-1.293984181e-34,-2.484808345e-17,-0,-7.413983235e-33,0,0,0,0,0,0,0,0,0,0,0,0,0,0,0,0,0,-0,-0,-0,-0,-0,-0,-0,-0,0,0,0,0,0,0,0
9.297,-3.5,0,2,0,0,0,0,0,0,0,0,0,-4.33680869e-19,-0,-1.293984181e-34,-2.484808345e-17,-0,-7.413983235e-33,0,0,0,0,0,0,0,0,0,0,0,0,0,0,0,0,0,-0,-0,-0,-0,-0,-0,-0,-0,0,0,0,0,0,0,0
9.302,-3.5,0,2,0,0,0,0,0,0,0,0,0,-4.33680869e-19,-0,-1.293984181e-34,-2.484808345e-17,-0,-7.413983235e-33,0,0,0,0,0,0,0,0,0,0,0,0,0,0,0,0,0,-0,-0,-0,-0,-0,-0,-0,-0,0,0,0,0,0,0,0
9.307,-3.5,0,2,0,0,0,0,0,0,0,0,0,-4.33680869e-19,-0,-1.293984181e-34,-2.484808345e-17,-0,-7.413983235e-33,0,0,0,0,0,0,0,0,0,0,0,0,0,0,0,0,0,-0,-0,-0,-0,-0,-0,-0,-0,0,0,0,0,0,0,0
9.312,-3.5,0,2,0,0,0,0,0,0,0,0,0,-4.33680869e-19,-0,-1.293984181e-34,-2.484808345e-17,-0,-7.413983235e-33,0,0,0,0,0,0,0,0,0,0,0,0,0,0,0,0,0,-0,-0,-0,-0,-0,-0,-0,-0,0,0,0,0,0,0,0
9.317,-3.5,0,2,0,0,0,0,0,0,0,0,0,-4.33680869e-19,-0,-1.293984181e-34,-2.484808345e-17,-0,-7.413983235e-33,0,0,0,0,0,0,0,0,0,0,0,0,0,0,0,0,0,-0,-0,-0,-0,-0,-0,-0,-0,0,0,0,0,0,0,0
9.322,-3.5,0,2,0,0,0,0,0,0,0,0,0,-4.33680869e-19,-0,-1.293984181e-34,-2.484808345e-17,-0,-7.413983235e-33,0,0,0,0,0,0,0,0,0,0,0,0,0,0,0,0,0,-0,-0,-0,-0,-0,-0,-0,-0,0,0,0,0,0,0,0
9.327,-3.5,0,2,0,0,0,0,0,0,0,0,0,-4.33680869e-19,-0,-1.293984181e-34,-2.484808345e-17,-0,-7.413983235e-33,0,0,0,0,0,0,0,0,0,0,0,0,0,0,0,0,0,-0,-0,-0,-0,-0,-0,-0,-0,0,0,0,0,0,0,0
9.332,-3.5,0,2,0,0,0,0,0,0,0,0,0,-4.33680869e-19,-0,-1.293984181e-34,-2.484808345e-17,-0,-7.413983235e-33,0,0,0,0,0,0,0,0,0,0,0,0,0,0,0,0,0,-0,-0,-0,-0,-0,-0,-0,-0,0,0,0,0,0,0,0
9.337,-3.5,0,2,0,0,0,0,0,0,0,0,0,-4.33680869e-19,-0,-1.293984181e-34,-2.484808345e-17,-0,-7.413983235e-33,0,0,0,0,0,0,0,0,0,0,0,0,0,0,0,0,0,-0,-0,-0,-0,-0,-0,-0,-0,0,0,0,0,0,0,0
9.342,-3.5,0,2,0,0,0,0,0,0,0,0,0,-4.33680869e-19,-0,-1.293984181e-34,-2.484808345e-17,-0,-7.413983235e-33,0,0,0,0,0,0,0,0,0,0,0,0,0,0,0,0,0,-0,-0,-0,-0,-0,-0,-0,-0,0,0,0,0,0,0,0
9.347,-3.5,0,2,0,0,0,0,0,0,0,0,0,-4.33680869e-19,-0,-1.293984181e-34,-2.484808345e-17,-0,-7.413983235e-33,0,0,0,0,0,0,0,0,0,0,0,0,0,0,0,0,0,-0,-0,-0,-0,-0,-0,-0,-0,0,0,0,0,0,0,0
9.352,-3.5,0,2,0,0,0,0,0,0,0,0,0,-4.33680869e-19,-0,-1.293984181e-34,-2.484808345e-17,-0,-7.413983235e-33,0,0,0,0,0,0,0,0,0,0,0,0,0,0,0,0,0,-0,-0,-0,-0,-0,-0,-0,-0,0,0,0,0,0,0,0
9.357,-3.5,0,2,0,0,0,0,0,0,0,0,0,-4.33680869e-19,-0,-1.293984181e-34,-2.484808345e-17,-0,-7.413983235e-33,0,0,0,0,0,0,0,0,0,0,0,0,0,0,0,0,0,-0,-0,-0,-0,-0,-0,-0,-0,0,0,0,0,0,0,0
9.362,-3.5,0,2,0,0,0,0,0,0,0,0,0,-4.33680869e-19,-0,-1.293984181e-34,-2.484808345e-17,-0,-7.413983235e-33,0,0,0,0,0,0,0,0,0,0,0,0,0,0,0,0,0,-0,-0,-0,-0,-0,-0,-0,-0,0,0,0,0,0,0,0
9.367,-3.5,0,2,0,0,0,0,0,0,0,0,0,-4.33680869e-19,-0,-1.293984181e-34,-2.484808345e-17,-0,-7.413983235e-33,0,0,0,0,0,0,0,0,0,0,0,0,0,0,0,0,0,-0,-0,-0,-0,-0,-0,-0,-0,0,0,0,0,0,0,0
9.372,-3.5,0,2,0,0,0,0,0,0,0,0,0,-4.33680869e-19,-0,-1.293984181e-34,-2.484808345e-17,-0,-7.413983235e-33,0,0,0,0,0,0,0,0,0,0,0,0,0,0,0,0,0,-0,-0,-0,-0,-0,-0,-0,-0,0,0,0,0,0,0,0
9.377,-3.5,0,2,0,0,0,0,0,0,0,0,0,-4.33680869e-19,-0,-1.293984181e-34,-2.484808345e-17,-0,-7.413983235e-33,0,0,0,0,0,0,0,0,0,0,0,0,0,0,0,0,0,-0,-0,-0,-0,-0,-0,-0,-0,0,0,0,0,0,0,0
9.382,-3.5,0,2,0,0,0,0,0,0,0,0,0,-4.33680869e-19,-0,-1.293984181e-34,-2.484808345e-17,-0,-7.413983235e-33,0,0,0,0,0,0,0,0,0,0,0,0,0,0,0,0,0,-0,-0,-0,-0,-0,-0,-0,-0,0,0,0,0,0,0,0
9.387,-3.5,0,2,0,0,0,0,0,0,0,0,0,-4.33680869e-19,-0,-1.293984181e-34,-2.484808345e-17,-0,-7.413983235e-33,0,0,0,0,0,0,0,0,0,0,0,0,0,0,0,0,0,-0,-0,-0,-0,-0,-0,-0,-0,0,0,0,0,0,0,0
9.392,-3.5,0,2,0,0,0,0,0,0,0,0,0,-4.33680869e-19,-0,-1.293984181e-34,-2.484808345e-17,-0,-7.413983235e-33,0,0,0,0,0,0,0,0,0,0,0,0,0,0,0,0,0,-0,-0,-0,-0,-0,-0,-0,-0,0,0,0,0,0,0,0
9.397,-3.5,0,2,0,0,0,0,0,0,0,0,0,-4.33680869e-19,-0,-1.293984181e-34,-2.484808345e-17,-0,-7.413983235e-33,0,0,0,0,0,0,0,0,0,0,0,0,0,0,0,0,0,-0,-0,-0,-0,-0,-0,-0,-0,0,0,0,0,0,0,0
9.402,-3.5,0,2,0,0,0,0,0,0,0,0,0,-4.33680869e-19,-0,-1.293984181e-34,-2.484808345e-17,-0,-7.413983235e-33,0,0,0,0,0,0,0,0,0,0,0,0,0,0,0,0,0,-0,-0,-0,-0,-0,-0,-0,-0,0,0,0,0,0,0,0
9.407,-3.5,0,2,0,0,0,0,0,0,0,0,0,-4.33680869e-19,-0,-1.293984181e-34,-2.484808345e-17,-0,-7.413983235e-33,0,0,0,0,0,0,0,0,0,0,0,0,0,0,0,0,0,-0,-0,-0,-0,-0,-0,-0,-0,0,0,0,0,0,0,0
9.412,-3.5,0,2,0,0,0,0,0,0,0,0,0,-4.33680869e-19,-0,-1.293984181e-34,-2.484808345e-17,-0,-7.413983235e-33,0,0,0,0,0,0,0,0,0,0,0,0,0,0,0,0,0,-0,-0,-0,-0,-0,-0,-0,-0,0,0,0,0,0,0,0
9.417,-3.5,0,2,0,0,0,0,0,0,0,0,0,-4.33680869e-19,-0,-1.293984181e-34,-2.484808345e-17,-0,-7.413983235e-33,0,0,0,0,0,0,0,0,0,0,0,0,0,0,0,0,0,-0,-0,-0,-0,-0,-0,-0,-0,0,0,0,0,0,0,0
9.422,-3.5,0,2,0,0,0,0,0,0,0,0,0,-4.33680869e-19,-0,-1.293984181e-34,-2.484808345e-17,-0,-7.413983235e-33,0,0,0,0,0,0,0,0,0,0,0,0,0,0,0,0,0,-0,-0,-0,-0,-0,-0,-0,-0,0,0,0,0,0,0,0
9.427,-3.5,0,2,0,0,0,0,0,0,0,0,0,-4.33680869e-19,-0,-1.293984181e-34,-2.484808345e-17,-0,-7.413983235e-33,0,0,0,0,0,0,0,0,0,0,0,0,0,0,0,0,0,-0,-0,-0,-0,-0,-0,-0,-0,0,0,0,0,0,0,0
9.432,-3.5,0,2,0,0,0,0,0,0,0,0,0,-4.33680869e-19,-0,-1.293984181e-34,-2.484808345e-17,-0,-7.413983235e-33,0,0,0,0,0,0,0,0,0,0,0,0,0,0,0,0,0,-0,-0,-0,-0,-0,-0,-0,-0,0,0,0,0,0,0,0
9.437,-3.5,0,2,0,0,0,0,0,0,0,0,0,-4.33680869e-19,-0,-1.293984181e-34,-2.484808345e-17,-0,-7.413983235e-33,0,0,0,0,0,0,0,0,0,0,0,0,0,0,0,0,0,-0,-0,-0,-0,-0,-0,-0,-0,0,0,0,0,0,0,0
9.442,-3.5,0,2,0,0,0,0,0,0,0,0,0,-4.33680869e-19,-0,-1.293984181e-34,-2.484808345e-17,-0,-7.413983235e-33,0,0,0,0,0,0,0,0,0,0,0,0,0,0,0,0,0,-0,-0,-0,-0,-0,-0,-0,-0,0,0,0,0,0,0,0
9.447,-3.5,0,2,0,0,0,0,0,0,0,0,0,-4.33680869e-19,-0,-1.293984181e-34,-2.484808345e-17,-0,-7.413983235e-33,0,0,0,0,0,0,0,0,0,0,0,0,0,0,0,0,0,-0,-0,-0,-0,-0,-0,-0,-0,0,0,0,0,0,0,0
9.452,-3.5,0,2,0,0,0,0,0,0,0,0,0,-4.33680869e-19,-0,-1.293984181e-34,-2.484808345e-17,-0,-7.413983235e-33,0,0,0,0,0,0,0,0,0,0,0,0,0,0,0,0,0,-0,-0,-0,-0,-0,-0,-0,-0,0,0,0,0,0,0,0
9.457,-3.5,0,2,0,0,0,0,0,0,0,0,0,-4.33680869e-19,-0,-1.293984181e-34,-2.484808345e-17,-0,-7.413983235e-33,0,0,0,0,0,0,0,0,0,0,0,0,0,0,0,0,0,-0,-0,-0,-0,-0,-0,-0,-0,0,0,0,0,0,0,0
9.462,-3.5,0,2,0,0,0,0,0,0,0,0,0,-4.33680869e-19,-0,-1.293984181e-34,-2.484808345e-17,-0,-7.413983235e-33,0,0,0,0,0,0,0,0,0,0,0,0,0,0,0,0,0,-0,-0,-0,-0,-0,-0,-0,-0,0,0,0,0,0,0,0
9.467,-3.5,0,2,0,0,0,0,0,0,0,0,0,-4.33680869e-19,-0,-1.293984181e-34,-2.484808345e-17,-0,-7.413983235e-33,0,0,0,0,0,0,0,0,0,0,0,0,0,0,0,0,0,-0,-0,-0,-0,-0,-0,-0,-0,0,0,0,0,0,0,0
9.472,-3.5,0,2,0,0,0,0,0,0,0,0,0,-4.33680869e-19,-0,-1.293984181e-34,-2.484808345e-17,-0,-7.413983235e-33,0,0,0,0,0,0,0,0,0,0,0,0,0,0,0,0,0,-0,-0,-0,-0,-0,-0,-0,-0,0,0,0,0,0,0,0
9.477,-3.5,0,2,0,0,0,0,0,0,0,0,0,-4.33680869e-19,-0,-1.293984181e-34,-2.484808345e-17,-0,-7.413983235e-33,0,0,0,0,0,0,0,0,0,0,0,0,0,0,0,0,0,-0,-0,-0,-0,-0,-0,-0,-0,0,0,0,0,0,0,0
9.482,-3.5,0,2,0,0,0,0,0,0,0,0,0,-4.33680869e-19,-0,-1.293984181e-34,-2.484808345e-17,-0,-7.413983235e-33,0,0,0,0,0,0,0,0,0,0,0,0,0,0,0,0,0,-0,-0,-0,-0,-0,-0,-0,-0,0,0,0,0,0,0,0
9.487,-3.5,0,2,0,0,0,0,0,0,0,0,0,-4.33680869e-19,-0,-1.293984181e-34,-2.484808345e-17,-0,-7.413983235e-33,0,0,0,0,0,0,0,0,0,0,0,0,0,0,0,0,0,-0,-0,-0,-0,-0,-0,-0,-0,0,0,0,0,0,0,0
9.492,-3.5,0,2,0,0,0,0,0,0,0,0,0,-4.33680869e-19,-0,-1.293984181e-34,-2.484808345e-17,-0,-7.413983235e-33,0,0,0,0,0,0,0,0,0,0,0,0,0,0,0,0,0,-0,-0,-0,-0,-0,-0,-0,-0,0,0,0,0,0,0,0
9.497,-3.5,0,2,0,0,0,0,0,0,0,0,0,-4.33680869e-19,-0,-1.293984181e-34,-2.484808345e-17,-0,-7.413983235e-33,0,0,0,0,0,0,0,0,0,0,0,0,0,0,0,0,0,-0,-0,-0,-0,-0,-0,-0,-0,0,0,0,0,0,0,0
9.502,-3.5,0,2,0,0,0,0,0,0,0,0,0,-4.33680869e-19,-0,-1.293984181e-34,-2.484808345e-17,-0,-7.413983235e-33,0,0,0,0,0,0,0,0,0,0,0,0,0,0,0,0,0,-0,-0,-0,-0,-0,-0,-0,-0,0,0,0,0,0,0,0
9.507,-3.5,0,2,0,0,0,0,0,0,0,0,0,-4.33680869e-19,-0,-1.293984181e-34,-2.484808345e-17,-0,-7.413983235e-33,0,0,0,0,0,0,0,0,0,0,0,0,0,0,0,0,0,-0,-0,-0,-0,-0,-0,-0,-0,0,0,0,0,0,0,0
9.512,-3.5,0,2,0,0,0,0,0,0,0,0,0,-4.33680869e-19,-0,-1.293984181e-34,-2.484808345e-17,-0,-7.413983235e-33,0,0,0,0,0,0,0,0,0,0,0,0,0,0,0,0,0,-0,-0,-0,-0,-0,-0,-0,-0,0,0,0,0,0,0,0
9.517,-3.5,0,2,0,0,0,0,0,0,0,0,0,-4.33680869e-19,-0,-1.293984181e-34,-2.484808345e-17,-0,-7.413983235e-33,0,0,0,0,0,0,0,0,0,0,0,0,0,0,0,0,0,-0,-0,-0,-0,-0,-0,-0,-0,0,0,0,0,0,0,0
9.522,-3.5,0,2,0,0,0,0,0,0,0,0,0,-4.33680869e-19,-0,-1.293984181e-34,-2.484808345e-17,-0,-7.413983235e-33,0,0,0,0,0,0,0,0,0,0,0,0,0,0,0,0,0,-0,-0,-0,-0,-0,-0,-0,-0,0,0,0,0,0,0,0
9.527,-3.5,0,2,0,0,0,0,0,0,0,0,0,-4.33680869e-19,-0,-1.293984181e-34,-2.484808345e-17,-0,-7.413983235e-33,0,0,0,0,0,0,0,0,0,0,0,0,0,0,0,0,0,-0,-0,-0,-0,-0,-0,-0,-0,0,0,0,0,0,0,0
9.532,-3.5,0,2,0,0,0,0,0,0,0,0,0,-4.33680869e-19,-0,-1.293984181e-34,-2.484808345e-17,-0,-7.413983235e-33,0,0,0,0,0,0,0,0,0,0,0,0,0,0,0,0,0,-0,-0,-0,-0,-0,-0,-0,-0,0,0,0,0,0,0,0
9.537,-3.5,0,2,0,0,0,0,0,0,0,0,0,-4.33680869e-19,-0,-1.293984181e-34,-2.484808345e-17,-0,-7.413983235e-33,0,0,0,0,0,0,0,0,0,0,0,0,0,0,0,0,0,-0,-0,-0,-0,-0,-0,-0,-0,0,0,0,0,0,0,0
9.542,-3.5,0,2,0,0,0,0,0,0,0,0,0,-4.33680869e-19,-0,-1.293984181e-34,-2.484808345e-17,-0,-7.413983235e-33,0,0,0,0,0,0,0,0,0,0,0,0,0,0,0,0,0,-0,-0,-0,-0,-0,-0,-0,-0,0,0,0,0,0,0,0
9.547,-3.5,0,2,0,0,0,0,0,0,0,0,0,-4.33680869e-19,-0,-1.293984181e-34,-2.484808345e-17,-0,-7.413983235e-33,0,0,0,0,0,0,0,0,0,0,0,0,0,0,0,0,0,-0,-0,-0,-0,-0,-0,-0,-0,0,0,0,0,0,0,0
9.552,-3.5,0,2,0,0,0,0,0,0,0,0,0,-4.33680869e-19,-0,-1.293984181e-34,-2.484808345e-17,-0,-7.413983235e-33,0,0,0,0,0,0,0,0,0,0,0,0,0,0,0,0,0,-0,-0,-0,-0,-0,-0,-0,-0,0,0,0,0,0,0,0
9.557,-3.5,0,2,0,0,0,0,0,0,0,0,0,-4.33680869e-19,-0,-1.293984181e-34,-2.484808345e-17,-0,-7.413983235e-33,0,0,0,0,0,0,0,0,0,0,0,0,0,0,0,0,0,-0,-0,-0,-0,-0,-0,-0,-0,0,0,0,0,0,0,0
9.562,-3.5,0,2,0,0,0,0,0,0,0,0,0,-4.33680869e-19,-0,-1.293984181e-34,-2.484808345e-17,-0,-7.413983235e-33,0,0,0,0,0,0,0,0,0,0,0,0,0,0,0,0,0,-0,-0,-0,-0,-0,-0,-0,-0,0,0,0,0,0,0,0
9.567,-3.5,0,2,0,0,0,0,0,0,0,0,0,-4.33680869e-19,-0,-1.293984181e-34,-2.484808345e-17,-0,-7.413983235e-33,0,0,0,0,0,0,0,0,0,0,0,0,0,0,0,0,0,-0,-0,-0,-0,-0,-0,-0,-0,0,0,0,0,0,0,0
9.572,-3.5,0,2,0,0,0,0,0,0,0,0,0,-4.33680869e-19,-0,-1.293984181e-34,-2.484808345e-17,-0,-7.413983235e-33,0,0,0,0,0,0,0,0,0,0,0,0,0,0,0,0,0,-0,-0,-0,-0,-0,-0,-0,-0,0,0,0,0,0,0,0
9.577,-3.5,0,2,0,0,0,0,0,0,0,0,0,-4.33680869e-19,-0,-1.293984181e-34,-2.484808345e-17,-0,-7.413983235e-33,0,0,0,0,0,0,0,0,0,0,0,0,0,0,0,0,0,-0,-0,-0,-0,-0,-0,-0,-0,0,0,0,0,0,0,0
9.582,-3.5,0,2,0,0,0,0,0,0,0,0,0,-4.33680869e-19,-0,-1.293984181e-34,-2.484808345e-17,-0,-7.413983235e-33,0,0,0,0,0,0,0,0,0,0,0,0,0,0,0,0,0,-0,-0,-0,-0,-0,-0,-0,-0,0,0,0,0,0,0,0
9.587,-3.5,0,2,0,0,0,0,0,0,0,0,0,-4.33680869e-19,-0,-1.293984181e-34,-2.484808345e-17,-0,-7.413983235e-33,0,0,0,0,0,0,0,0,0,0,0,0,0,0,0,0,0,-0,-0,-0,-0,-0,-0,-0,-0,0,0,0,0,0,0,0
9.592,-3.5,0,2,0,0,0,0,0,0,0,0,0,-4.33680869e-19,-0,-1.293984181e-34,-2.484808345e-17,-0,-7.413983235e-33,0,0,0,0,0,0,0,0,0,0,0,0,0,0,0,0,0,-0,-0,-0,-0,-0,-0,-0,-0,0,0,0,0,0,0,0
9.597,-3.5,0,2,0,0,0,0,0,0,0,0,0,-4.33680869e-19,-0,-1.293984181e-34,-2.484808345e-17,-0,-7.413983235e-33,0,0,0,0,0,0,0,0,0,0,0,0,0,0,0,0,0,-0,-0,-0,-0,-0,-0,-0,-0,0,0,0,0,0,0,0
9.602,-3.5,0,2,0,0,0,0,0,0,0,0,0,-4.33680869e-19,-0,-1.293984181e-34,-2.484808345e-17,-0,-7.413983235e-33,0,0,0,0,0,0,0,0,0,0,0,0,0,0,0,0,0,-0,-0,-0,-0,-0,-0,-0,-0,0,0,0,0,0,0,0
9.607,-3.5,0,2,0,0,0,0,0,0,0,0,0,-4.33680869e-19,-0,-1.293984181e-34,-2.484808345e-17,-0,-7.413983235e-33,0,0,0,0,0,0,0,0,0,0,0,0,0,0,0,0,0,-0,-0,-0,-0,-0,-0,-0,-0,0,0,0,0,0,0,0
9.612,-3.5,0,2,0,0,0,0,0,0,0,0,0,-4.33680869e-19,-0,-1.293984181e-34,-2.484808345e-17,-0,-7.413983235e-33,0,0,0,0,0,0,0,0,0,0,0,0,0,0,0,0,0,-0,-0,-0,-0,-0,-0,-0,-0,0,0,0,0,0,0,0
9.617,-3.5,0,2,0,0,0,0,0,0,0,0,0,-4.33680869e-19,-0,-1.293984181e-34,-2.484808345e-17,-0,-7.413983235e-33,0,0,0,0,0,0,0,0,0,0,0,0,0,0,0,0,0,-0,-0,-0,-0,-0,-0,-0,-0,0,0,0,0,0,0,0
9.622,-3.5,0,2,0,0,0,0,0,0,0,0,0,-4.33680869e-19,-0,-1.293984181e-34,-2.484808345e-17,-0,-7.413983235e-33,0,0,0,0,0,0,0,0,0,0,0,0,0,0,0,0,0,-0,-0,-0,-0,-0,-0,-0,-0,0,0,0,0,0,0,0
9.627,-3.5,0,2,0,0,0,0,0,0,0,0,0,-4.33680869e-19,-0,-1.293984181e-34,-2.484808345e-17,-0,-7.413983235e-33,0,0,0,0,0,0,0,0,0,0,0,0,0,0,0,0,0,-0,-0,-0,-0,-0,-0,-0,-0,0,0,0,0,0,0,0
9.632,-3.5,0,2,0,0,0,0,0,0,0,0,0,-4.33680869e-19,-0,-1.293984181e-34,-2.484808345e-17,-0,-7.413983235e-33,0,0,0,0,0,0,0,0,0,0,0,0,0,0,0,0,0,-0,-0,-0,-0,-0,-0,-0,-0,0,0,0,0,0,0,0
9.637,-3.5,0,2,0,0,0,0,0,0,0,0,0,-4.33680869e-19,-0,-1.293984181e-34,-2.484808345e-17,-0,-7.413983235e-33,0,0,0,0,0,0,0,0,0,0,0,0,0,0,0,0,0,-0,-0,-0,-0,-0,-0,-0,-0,0,0,0,0,0,0,0
9.642,-3.5,0,2,0,0,0,0,0,0,0,0,0,-4.33680869e-19,-0,-1.293984181e-34,-2.484808345e-17,-0,-7.413983235e-33,0,0,0,0,0,0,0,0,0,0,0,0,0,0,0,0,0,-0,-0,-0,-0,-0,-0,-0,-0,0,0,0,0,0,0,0
9.647,-3.5,0,2,0,0,0,0,0,0,0,0,0,-4.33680869e-19,-0,-1.293984181e-34,-2.484808345e-17,-0,-7.413983235e-33,0,0,0,0,0,0,0,0,0,0,0,0,0,0,0,0,0,-0,-0,-0,-0,-0,-0,-0,-0,0,0,0,0,0,0,0
9.652,-3.5,0,2,0,0,0,0,0,0,0,0,0,-4.33680869e-19,-0,-1.293984181e-34,-2.484808345e-17,-0,-7.413983235e-33,0,0,0,0,0,0,0,0,0,0,0,0,0,0,0,0,0,-0,-0,-0,-0,-0,-0,-0,-0,0,0,0,0,0,0,0
9.657,-3.5,0,2,0,0,0,0,0,0,0,0,0,-4.33680869e-19,-0,-1.293984181e-34,-2.484808345e-17,-0,-7.413983235e-33,0,0,0,0,0,0,0,0,0,0,0,0,0,0,0,0,0,-0,-0,-0,-0,-0,-0,-0,-0,0,0,0,0,0,0,0
9.662,-3.5,0,2,0,0,0,0,0,0,0,0,0,-4.33680869e-19,-0,-1.293984181e-34,-2.484808345e-17,-0,-7.413983235e-33,0,0,0,0,0,0,0,0,0,0,0,0,0,0,0,0,0,-0,-0,-0,-0,-0,-0,-0,-0,0,0,0,0,0,0,0
9.667,-3.5,0,2,0,0,0,0,0,0,0,0,0,-4.33680869e-19,-0,-1.293984181e-34,-2.484808345e-17,-0,-7.413983235e-33,0,0,0,0,0,0,0,0,0,0,0,0,0,0,0,0,0,-0,-0,-0,-0,-0,-0,-0,-0,0,0,0,0,0,0,0
9.672,-3.5,0,2,0,0,0,0,0,0,0,0,0,-4.33680869e-19,-0,-1.293984181e-34,-2.484808345e-17,-0,-7.413983235e-33,0,0,0,0,0,0,0,0,0,0,0,0,0,0,0,0,0,-0,-0,-0,-0,-0,-0,-0,-0,0,0,0,0,0,0,0
9.677,-3.5,0,2,0,0,0,0,0,0,0,0,0,-4.33680869e-19,-0,-1.293984181e-34,-2.484808345e-17,-0,-7.413983235e-33,0,0,0,0,0,0,0,0,0,0,0,0,0,0,0,0,0,-0,-0,-0,-0,-0,-0,-0,-0,0,0,0,0,0,0,0
9.682,-3.5,0,2,0,0,0,0,0,0,0,0,0,-4.33680869e-19,-0,-1.293984181e-34,-2.484808345e-17,-0,-7.413983235e-33,0,0,0,0,0,0,0,0,0,0,0,0,0,0,0,0,0,-0,-0,-0,-0,-0,-0,-0,-0,0,0,0,0,0,0,0
9.687,-3.5,0,2,0,0,0,0,0,0,0,0,0,-4.33680869e-19,-0,-1.293984181e-34,-2.484808345e-17,-0,-7.413983235e-33,0,0,0,0,0,0,0,0,0,0,0,0,0,0,0,0,0,-0,-0,-0,-0,-0,-0,-0,-0,0,0,0,0,0,0,0
9.692,-3.5,0,2,0,0,0,0,0,0,0,0,0,-4.33680869e-19,-0,-1.293984181e-34,-2.484808345e-17,-0,-7.413983235e-33,0,0,0,0,0,0,0,0,0,0,0,0,0,0,0,0,0,-0,-0,-0,-0,-0,-0,-0,-0,0,0,0,0,0,0,0
9.697,-3.5,0,2,0,0,0,0,0,0,0,0,0,-4.33680869e-19,-0,-1.293984181e-34,-2.484808345e-17,-0,-7.413983235e-33,0,0,0,0,0,0,0,0,0,0,0,0,0,0,0,0,0,-0,-0,-0,-0,-0,-0,-0,-0,0,0,0,0,0,0,0
9.702,-3.5,0,2,0,0,0,0,0,0,0,0,0,-4.33680869e-19,-0,-1.293984181e-34,-2.484808345e-17,-0,-7.413983235e-33,0,0,0,0,0,0,0,0,0,0,0,0,0,0,0,0,0,-0,-0,-0,-0,-0,-0,-0,-0,0,0,0,0,0,0,0
9.707,-3.5,0,2,0,0,0,0,0,0,0,0,0,-4.33680869e-19,-0,-1.293984181e-34,-2.484808345e-17,-0,-7.413983235e-33,0,0,0,0,0,0,0,0,0,0,0,0,0,0,0,0,0,-0,-0,-0,-0,-0,-0,-0,-0,0,0,0,0,0,0,0
9.712,-3.5,0,2,0,0,0,0,0,0,0,0,0,-4.33680869e-19,-0,-1.293984181e-34,-2.484808345e-17,-0,-7.413983235e-33,0,0,0,0,0,0,0,0,0,0,0,0,0,0,0,0,0,-0,-0,-0,-0,-0,-0,-0,-0,0,0,0,0,0,0,0
9.717,-3.5,0,2,0,0,0,0,0,0,0,0,0,-4.33680869e-19,-0,-1.293984181e-34,-2.484808345e-17,-0,-7.413983235e-33,0,0,0,0,0,0,0,0,0,0,0,0,0,0,0,0,0,-0,-0,-0,-0,-0,-0,-0,-0,0,0,0,0,0,0,0
9.722,-3.5,0,2,0,0,0,0,0,0,0,0,0,-4.33680869e-19,-0,-1.293984181e-34,-2.484808345e-17,-0,-7.413983235e-33,0,0,0,0,0,0,0,0,0,0,0,0,0,0,0,0,0,-0,-0,-0,-0,-0,-0,-0,-0,0,0,0,0,0,0,0
9.727,-3.5,0,2,0,0,0,0,0,0,0,0,0,-4.33680869e-19,-0,-1.293984181e-34,-2.484808345e-17,-0,-7.413983235e-33,0,0,0,0,0,0,0,0,0,0,0,0,0,0,0,0,0,-0,-0,-0,-0,-0,-0,-0,-0,0,0,0,0,0,0,0
9.732,-3.5,0,2,0,0,0,0,0,0,0,0,0,-4.33680869e-19,-0,-1.293984181e-34,-2.484808345e-17,-0,-7.413983235e-33,0,0,0,0,0,0,0,0,0,0,0,0,0,0,0,0,0,-0,-0,-0,-0,-0,-0,-0,-0,0,0,0,0,0,0,0
9.737,-3.5,0,2,0,0,0,0,0,0,0,0,0,-4.33680869e-19,-0,-1.293984181e-34,-2.484808345e-17,-0,-7.413983235e-33,0,0,0,0,0,0,0,0,0,0,0,0,0,0,0,0,0,-0,-0,-0,-0,-0,-0,-0,-0,0,0,0,0,0,0,0
9.742,-3.5,0,2,0,0,0,0,0,0,0,0,0,-4.33680869e-19,-0,-1.293984181e-34,-2.484808345e-17,-0,-7.413983235e-33,0,0,0,0,0,0,0,0,0,0,0,0,0,0,0,0,0,-0,-0,-0,-0,-0,-0,-0,-0,0,0,0,0,0,0,0
9.747,-3.5,0,2,0,0,0,0,0,0,0,0,0,-4.33680869e-19,-0,-1.293984181e-34,-2.484808345e-17,-0,-7.413983235e-33,0,0,0,0,0,0,0,0,0,0,0,0,0,0,0,0,0,-0,-0,-0,-0,-0,-0,-0,-0,0,0,0,0,0,0,0
9.752,-3.5,0,2,0,0,0,0,0,0,0,0,0,-4.33680869e-19,-0,-1.293984181e-34,-2.484808345e-17,-0,-7.413983235e-33,0,0,0,0,0,0,0,0,0,0,0,0,0,0,0,0,0,-0,-0,-0,-0,-0,-0,-0,-0,0,0,0,0,0,0,0
9.757,-3.5,0,2,0,0,0,0,0,0,0,0,0,-4.33680869e-19,-0,-1.293984181e-34,-2.484808345e-17,-0,-7.413983235e-33,0,0,0,0,0,0,0,0,0,0,0,0,0,0,0,0,0,-0,-0,-0,-0,-0,-0,-0,-0,0,0,0,0,0,0,0
9.762,-3.5,0,2,0,0,0,0,0,0,0,0,0,-4.33680869e-19,-0,-1.293984181e-34,-2.484808345e-17,-0,-7.413983235e-33,0,0,0,0,0,0,0,0,0,0,0,0,0,0,0,0,0,-0,-0,-0,-0,-0,-0,-0,-0,0,0,0,0,0,0,0
9.767,-3.5,0,2,0,0,0,0,0,0,0,0,0,-4.33680869e-19,-0,-1.293984181e-34,-2.484808345e-17,-0,-7.413983235e-33,0,0,0,0,0,0,0,0,0,0,0,0,0,0,0,0,0,-0,-0,-0,-0,-0,-0,-0,-0,0,0,0,0,0,0,0
9.772,-3.5,0,2,0,0,0,0,0,0,0,0,0,-4.33680869e-19,-0,-1.293984181e-34,-2.484808345e-17,-0,-7.413983235e-33,0,0,0,0,0,0,0,0,0,0,0,0,0,0,0,0,0,-0,-0,-0,-0,-0,-0,-0,-0,0,0,0,0,0,0,0
9.777,-3.5,0,2,0,0,0,0,0,0,0,0,0,-4.33680869e-19,-0,-1.293984181e-34,-2.484808345e-17,-0,-7.413983235e-33,0,0,0,0,0,0,0,0,0,0,0,0,0,0,0,0,0,-0,-0,-0,-0,-0,-0,-0,-0,0,0,0,0,0,0,0
9.782,-3.5,0,2,0,0,0,0,0,0,0,0,0,-4.33680869e-19,-0,-1.293984181e-34,-2.484808345e-17,-0,-7.413983235e-33,0,0,0,0,0,0,0,0,0,0,0,0,0,0,0,0,0,-0,-0,-0,-0,-0,-0,-0,-0,0,0,0,0,0,0,0
9.787,-3.5,0,2,0,0,0,0,0,0,0,0,0,-4.33680869e-19,-0,-1.293984181e-34,-2.484808345e-17,-0,-7.413983235e-33,0,0,0,0,0,0,0,0,0,0,0,0,0,0,0,0,0,-0,-0,-0,-0,-0,-0,-0,-0,0,0,0,0,0,0,0
9.792,-3.5,0,2,0,0,0,0,0,0,0,0,0,-4.33680869e-19,-0,-1.293984181e-34,-2.484808345e-17,-0,-7.413983235e-33,0,0,0,0,0,0,0,0,0,0,0,0,0,0,0,0,0,-0,-0,-0,-0,-0,-0,-0,-0,0,0,0,0,0,0,0
9.797,-3.5,0,2,0,0,0,0,0,0,0,0,0,-4.33680869e-19,-0,-1.293984181e-34,-2.484808345e-17,-0,-7.413983235e-33,0,0,0,0,0,0,0,0,0,0,0,0,0,0,0,0,0,-0,-0,-0,-0,-0,-0,-0,-0,0,0,0,0,0,0,0
9.802,-3.5,0,2,0,0,0,0,0,0,0,0,0,-4.33680869e-19,-0,-1.293984181e-34,-2.484808345e-17,-0,-7.413983235e-33,0,0,0,0,0,0,0,0,0,0,0,0,0,0,0,0,0,-0,-0,-0,-0,-0,-0,-0,-0,0,0,0,0,0,0,0
9.807,-3.5,0,2,0,0,0,0,0,0,0,0,0,-4.33680869e-19,-0,-1.293984181e-34,-2.484808345e-17,-0,-7.413983235e-33,0,0,0,0,0,0,0,0,0,0,0,0,0,0,0,0,0,-0,-0,-0,-0,-0,-0,-0,-0,0,0,0,0,0,0,0
9.812,-3.5,0,2,0,0,0,0,0,0,0,0,0,-4.33680869e-19,-0,-1.293984181e-34,-2.484808345e-17,-0,-7.413983235e-33,0,0,0,0,0,0,0,0,0,0,0,0,0,0,0,0,0,-0,-0,-0,-0,-0,-0,-0,-0,0,0,0,0,0,0,0
9.817,-3.5,0,2,0,0,0,0,0,0,0,0,0,-4.33680869e-19,-0,-1.293984181e-34,-2.484808345e-17,-0,-7.413983235e-33,0,0,0,0,0,0,0,0,0,0,0,0,0,0,0,0,0,-0,-0,-0,-0,-0,-0,-0,-0,0,0,0,0,0,0,0
9.822,-3.5,0,2,0,0,0,0,0,0,0,0,0,-4.33680869e-19,-0,-1.293984181e-34,-2.484808345e-17,-0,-7.413983235e-33,0,0,0,0,0,0,0,0,0,0,0,0,0,0,0,0,0,-0,-0,-0,-0,-0,-0,-0,-0,0,0,0,0,0,0,0
9.827,-3.5,0,2,0,0,0,0,0,0,0,0,0,-4.33680869e-19,-0,-1.293984181e-34,-2.484808345e-17,-0,-7.413983235e-33,0,0,0,0,0,0,0,0,0,0,0,0,0,0,0,0,0,-0,-0,-0,-0,-0,-0,-0,-0,0,0,0,0,0,0,0
9.832,-3.5,0,2,0,0,0,0,0,0,0,0,0,-4.33680869e-19,-0,-1.293984181e-34,-2.484808345e-17,-0,-7.413983235e-33,0,0,0,0,0,0,0,0,0,0,0,0,0,0,0,0,0,-0,-0,-0,-0,-0,-0,-0,-0,0,0,0,0,0,0,0
9.837,-3.5,0,2,0,0,0,0,0,0,0,0,0,-4.33680869e-19,-0,-1.293984181e-34,-2.484808345e-17,-0,-7.413983235e-33,0,0,0,0,0,0,0,0,0,0,0,0,0,0,0,0,0,-0,-0,-0,-0,-0,-0,-0,-0,0,0,0,0,0,0,0
9.842,-3.5,0,2,0,0,0,0,0,0,0,0,0,-4.33680869e-19,-0,-1.293984181e-34,-2.484808345e-17,-0,-7.413983235e-33,0,0,0,0,0,0,0,0,0,0,0,0,0,0,0,0,0,-0,-0,-0,-0,-0,-0,-0,-0,0,0,0,0,0,0,0
9.847,-3.5,0,2,0,0,0,0,0,0,0,0,0,-4.33680869e-19,-0,-1.293984181e-34,-2.484808345e-17,-0,-7.413983235e-33,0,0,0,0,0,0,0,0,0,0,0,0,0,0,0,0,0,-0,-0,-0,-0,-0,-0,-0,-0,0,0,0,0,0,0,0
9.852,-3.5,0,2,0,0,0,0,0,0,0,0,0,-4.33680869e-19,-0,-1.293984181e-34,-2.484808345e-17,-0,-7.413983235e-33,0,0,0,0,0,0,0,0,0,0,0,0,0,0,0,0,0,-0,-0,-0,-0,-0,-0,-0,-0,0,0,0,0,0,0,0
9.857,-3.5,0,2,0,0,0,0,0,0,0,0,0,-4.33680869e-19,-0,-1.293984181e-34,-2.484808345e-17,-0,-7.413983235e-33,0,0,0,0,0,0,0,0,0,0,0,0,0,0,0,0,0,-0,-0,-0,-0,-0,-0,-0,-0,0,0,0,0,0,0,0
9.862,-3.5,0,2,0,0,0,0,0,0,0,0,0,-4.33680869e-19,-0,-1.293984181e-34,-2.484808345e-17,-0,-7.413983235e-33,0,0,0,0,0,0,0,0,0,0,0,0,0,0,0,0,0,-0,-0,-0,-0,-0,-0,-0,-0,0,0,0,0,0,0,0
9.867,-3.5,0,2,0,0,0,0,0,0,0,0,0,-4.33680869e-19,-0,-1.293984181e-34,-2.484808345e-17,-0,-7.413983235e-33,0,0,0,0,0,0,0,0,0,0,0,0,0,0,0,0,0,-0,-0,-0,-0,-0,-0,-0,-0,0,0,0,0,0,0,0
9.872,-3.5,0,2,0,0,0,0,0,0,0,0,0,-4.33680869e-19,-0,-1.293984181e-34,-2.484808345e-17,-0,-7.413983235e-33,0,0,0,0,0,0,0,0,0,0,0,0,0,0,0,0,0,-0,-0,-0,-0,-0,-0,-0,-0,0,0,0,0,0,0,0
9.877,-3.5,0,2,0,0,0,0,0,0,0,0,0,-4.33680869e-19,-0,-1.293984181e-34,-2.484808345e-17,-0,-7.413983235e-33,0,0,0,0,0,0,0,0,0,0,0,0,0,0,0,0,0,-0,-0,-0,-0,-0,-0,-0,-0,0,0,0,0,0,0,0
9.882,-3.5,0,2,0,0,0,0,0,0,0,0,0,-4.33680869e-19,-0,-1.293984181e-34,-2.484808345e-17,-0,-7.413983235e-33,0,0,0,0,0,0,0,0,0,0,0,0,0,0,0,0,0,-0,-0,-0,-0,-0,-0,-0,-0,0,0,0,0,0,0,0
9.887,-3.5,0,2,0,0,0,0,0,0,0,0,0,-4.33680869e-19,-0,-1.293984181e-34,-2.484808345e-17,-0,-7.413983235e-33,0,0,0,0,0,0,0,0,0,0,0,0,0,0,0,0,0,-0,-0,-0,-0,-0,-0,-0,-0,0,0,0,0,0,0,0
9.892,-3.5,0,2,0,0,0,0,0,0,0,0,0,-4.33680869e-19,-0,-1.293984181e-34,-2.484808345e-17,-0,-7.413983235e-33,0,0,0,0,0,0,0,0,0,0,0,0,0,0,0,0,0,-0,-0,-0,-0,-0,-0,-0,-0,0,0,0,0,0,0,0
9.897,-3.5,0,2,0,0,0,0,0,0,0,0,0,-4.33680869e-19,-0,-1.293984181e-34,-2.484808345e-17,-0,-7.413983235e-33,0,0,0,0,0,0,0,0,0,0,0,0,0,0,0,0,0,-0,-0,-0,-0,-0,-0,-0,-0,0,0,0,0,0,0,0
9.902,-3.5,0,2,0,0,0,0,0,0,0,0,0,-4.33680869e-19,-0,-1.293984181e-34,-2.484808345e-17,-0,-7.413983235e-33,0,0,0,0,0,0,0,0,0,0,0,0,0,0,0,0,0,-0,-0,-0,-0,-0,-0,-0,-0,0,0,0,0,0,0,0
9.907,-3.5,0,2,0,0,0,0,0,0,0,0,0,-4.33680869e-19,-0,-1.293984181e-34,-2.484808345e-17,-0,-7.413983235e-33,0,0,0,0,0,0,0,0,0,0,0,0,0,0,0,0,0,-0,-0,-0,-0,-0,-0,-0,-0,0,0,0,0,0,0,0
9.912,-3.5,0,2,0,0,0,0,0,0,0,0,0,-4.33680869e-19,-0,-1.293984181e-34,-2.484808345e-17,-0,-7.413983235e-33,0,0,0,0,0,0,0,0,0,0,0,0,0,0,0,0,0,-0,-0,-0,-0,-0,-0,-0,-0,0,0,0,0,0,0,0
9.917,-3.5,0,2,0,0,0,0,0,0,0,0,0,-4.33680869e-19,-0,-1.293984181e-34,-2.484808345e-17,-0,-7.413983235e-33,0,0,0,0,0,0,0,0,0,0,0,0,0,0,0,0,0,-0,-0,-0,-0,-0,-0,-0,-0,0,0,0,0,0,0,0
9.922,-3.5,0,2,0,0,0,0,0,0,0,0,0,-4.33680869e-19,-0,-1.293984181e-34,-2.484808345e-17,-0,-7.413983235e-33,0,0,0,0,0,0,0,0,0,0,0,0,0,0,0,0,0,-0,-0,-0,-0,-0,-0,-0,-0,0,0,0,0,0,0,0
9.927,-3.5,0,2,0,0,0,0,0,0,0,0,0,-4.33680869e-19,-0,-1.293984181e-34,-2.484808345e-17,-0,-7.413983235e-33,0,0,0,0,0,0,0,0,0,0,0,0,0,0,0,0,0,-0,-0,-0,-0,-0,-0,-0,-0,0,0,0,0,0,0,0
9.932,-3.5,0,2,0,0,0,0,0,0,0,0,0,-4.33680869e-19,-0,-1.293984181e-34,-2.484808345e-17,-0,-7.413983235e-33,0,0,0,0,0,0,0,0,0,0,0,0,0,0,0,0,0,-0,-0,-0,-0,-0,-0,-0,-0,0,0,0,0,0,0,0
9.937,-3.5,0,2,0,0,0,0,0,0,0,0,0,-4.33680869e-19,-0,-1.293984181e-34,-2.484808345e-17,-0,-7.413983235e-33,0,0,0,0,0,0,0,0,0,0,0,0,0,0,0,0,0,-0,-0,-0,-0,-0,-0,-0,-0,0,0,0,0,0,0,0
9.942,-3.5,0,2,0,0,0,0,0,0,0,0,0,-4.33680869e-19,-0,-1.293984181e-34,-2.484808345e-17,-0,-7.413983235e-33,0,0,0,0,0,0,0,0,0,0,0,0,0,0,0,0,0,-0,-0,-0,-0,-0,-0,-0,-0,0,0,0,0,0,0,0
9.947,-3.5,0,2,0,0,0,0,0,0,0,0,0,-4.33680869e-19,-0,-1.293984181e-34,-2.484808345e-17,-0,-7.413983235e-33,0,0,0,0,0,0,0,0,0,0,0,0,0,0,0,0,0,-0,-0,-0,-0,-0,-0,-0,-0,0,0,0,0,0,0,0
9.952,-3.5,0,2,0,0,0,0,0,0,0,0,0,-4.33680869e-19,-0,-1.293984181e-34,-2.484808345e-17,-0,-7.413983235e-33,0,0,0,0,0,0,0,0,0,0,0,0,0,0,0,0,0,-0,-0,-0,-0,-0,-0,-0,-0,0,0,0,0,0,0,0
9.957,-3.5,0,2,0,0,0,0,0,0,0,0,0,-4.33680869e-19,-0,-1.293984181e-34,-2.484808345e-17,-0,-7.413983235e-33,0,0,0,0,0,0,0,0,0,0,0,0,0,0,0,0,0,-0,-0,-0,-0,-0,-0,-0,-0,0,0,0,0,0,0,0
9.962,-3.5,0,2,0,0,0,0,0,0,0,0,0,-4.33680869e-19,-0,-1.293984181e-34,-2.484808345e-17,-0,-7.413983235e-33,0,0,0,0,0,0,0,0,0,0,0,0,0,0,0,0,0,-0,-0,-0,-0,-0,-0,-0,-0,0,0,0,0,0,0,0
9.967,-3.5,0,2,0,0,0,0,0,0,0,0,0,-4.33680869e-19,-0,-1.293984181e-34,-2.484808345e-17,-0,-7.413983235e-33,0,0,0,0,0,0,0,0,0,0,0,0,0,0,0,0,0,-0,-0,-0,-0,-0,-0,-0,-0,0,0,0,0,0,0,0
9.972,-3.5,0,2,0,0,0,0,0,0,0,0,0,-4.33680869e-19,-0,-1.293984181e-34,-2.484808345e-17,-0,-7.413983235e-33,0,0,0,0,0,0,0,0,0,0,0,0,0,0,0,0,0,-0,-0,-0,-0,-0,-0,-0,-0,0,0,0,0,0,0,0
9.977,-3.5,0,2,0,0,0,0,0,0,0,0,0,-4.33680869e-19,-0,-1.293984181e-34,-2.484808345e-17,-0,-7.413983235e-33,0,0,0,0,0,0,0,0,0,0,0,0,0,0,0,0,0,-0,-0,-0,-0,-0,-0,-0,-0,0,0,0,0,0,0,0
9.982,-3.5,0,2,0,0,0,0,0,0,0,0,0,-4.33680869e-19,-0,-1.293984181e-34,-2.484808345e-17,-0,-7.413983235e-33,0,0,0,0,0,0,0,0,0,0,0,0,0,0,0,0,0,-0,-0,-0,-0,-0,-0,-0,-0,0,0,0,0,0,0,0
9.987,-3.5,0,2,0,0,0,0,0,0,0,0,0,-4.33680869e-19,-0,-1.293984181e-34,-2.484808345e-17,-0,-7.413983235e-33,0,0,0,0,0,0,0,0,0,0,0,0,0,0,0,0,0,-0,-0,-0,-0,-0,-0,-0,-0,0,0,0,0,0,0,0
9.992,-3.5,0,2,0,0,0,0,0,0,0,0,0,-4.33680869e-19,-0,-1.293984181e-34,-2.484808345e-17,-0,-7.413983235e-33,0,0,0,0,0,0,0,0,0,0,0,0,0,0,0,0,0,-0,-0,-0,-0,-0,-0,-0,-0,0,0,0,0,0,0,0
9.997,-3.5,0,2,0,0,0,0,0,0,0,0,0,-4.33680869e-19,-0,-1.293984181e-34,-2.484808345e-17,-0,-7.413983235e-33,0,0,0,0,0,0,0,0,0,0,0,0,0,0,0,0,0,-0,-0,-0,-0,-0,-0,-0,-0,0,0,0,0,0,0,0
10.002,-3.5,0,2,0,0,0,0,0,0,0,0,0,-4.33680869e-19,-0,-1.293984181e-34,-2.484808345e-17,-0,-7.413983235e-33,0,0,0,0,0,0,0,0,0,0,0,0,0,0,0,0,0,-0,-0,-0,-0,-0,-0,-0,-0,0,0,0,0,0,0,0
10.007,-3.5,0,2,0,0,0,0,0,0,0,0,0,-4.33680869e-19,-0,-1.293984181e-34,-2.484808345e-17,-0,-7.413983235e-33,0,0,0,0,0,0,0,0,0,0,0,0,0,0,0,0,0,-0,-0,-0,-0,-0,-0,-0,-0,0,0,0,0,0,0,0
10.012,-3.5,0,2,0,0,0,0,0,0,0,0,0,-4.33680869e-19,-0,-1.293984181e-34,-2.484808345e-17,-0,-7.413983235e-33,0,0,0,0,0,0,0,0,0,0,0,0,0,0,0,0,0,-0,-0,-0,-0,-0,-0,-0,-0,0,0,0,0,0,0,0
10.017,-3.5,0,2,0,0,0,0,0,0,0,0,0,-4.33680869e-19,-0,-1.293984181e-34,-2.484808345e-17,-0,-7.413983235e-33,0,0,0,0,0,0,0,0,0,0,0,0,0,0,0,0,0,-0,-0,-0,-0,-0,-0,-0,-0,0,0,0,0,0,0,0
10.022,-3.5,0,2,0,0,0,0,0,0,0,0,0,-4.33680869e-19,-0,-1.293984181e-34,-2.484808345e-17,-0,-7.413983235e-33,0,0,0,0,0,0,0,0,0,0,0,0,0,0,0,0,0,-0,-0,-0,-0,-0,-0,-0,-0,0,0,0,0,0,0,0
10.027,-3.5,0,2,0,0,0,0,0,0,0,0,0,-4.33680869e-19,-0,-1.293984181e-34,-2.484808345e-17,-0,-7.413983235e-33,0,0,0,0,0,0,0,0,0,0,0,0,0,0,0,0,0,-0,-0,-0,-0,-0,-0,-0,-0,0,0,0,0,0,0,0
10.032,-3.5,0,2,0,0,0,0,0,0,0,0,0,-4.33680869e-19,-0,-1.293984181e-34,-2.484808345e-17,-0,-7.413983235e-33,0,0,0,0,0,0,0,0,0,0,0,0,0,0,0,0,0,-0,-0,-0,-0,-0,-0,-0,-0,0,0,0,0,0,0,0
10.037,-3.5,0,2,0,0,0,0,0,0,0,0,0,-4.33680869e-19,-0,-1.293984181e-34,-2.484808345e-17,-0,-7.413983235e-33,0,0,0,0,0,0,0,0,0,0,0,0,0,0,0,0,0,-0,-0,-0,-0,-0,-0,-0,-0,0,0,0,0,0,0,0
10.042,-3.5,0,2,0,0,0,0,0,0,0,0,0,-4.33680869e-19,-0,-1.293984181e-34,-2.484808345e-17,-0,-7.413983235e-33,0,0,0,0,0,0,0,0,0,0,0,0,0,0,0,0,0,-0,-0,-0,-0,-0,-0,-0,-0,0,0,0,0,0,0,0
10.047,-3.5,0,2,0,0,0,0,0,0,0,0,0,-4.33680869e-19,-0,-1.293984181e-34,-2.484808345e-17,-0,-7.413983235e-33,0,0,0,0,0,0,0,0,0,0,0,0,0,0,0,0,0,-0,-0,-0,-0,-0,-0,-0,-0,0,0,0,0,0,0,0
10.052,-3.5,0,2,0,0,0,0,0,0,0,0,0,-4.33680869e-19,-0,-1.293984181e-34,-2.484808345e-17,-0,-7.413983235e-33,0,0,0,0,0,0,0,0,0,0,0,0,0,0,0,0,0,-0,-0,-0,-0,-0,-0,-0,-0,0,0,0,0,0,0,0
10.057,-3.5,0,2,0,0,0,0,0,0,0,0,0,-4.33680869e-19,-0,-1.293984181e-34,-2.484808345e-17,-0,-7.413983235e-33,0,0,0,0,0,0,0,0,0,0,0,0,0,0,0,0,0,-0,-0,-0,-0,-0,-0,-0,-0,0,0,0,0,0,0,0
10.062,-3.5,0,2,0,0,0,0,0,0,0,0,0,-4.33680869e-19,-0,-1.293984181e-34,-2.484808345e-17,-0,-7.413983235e-33,0,0,0,0,0,0,0,0,0,0,0,0,0,0,0,0,0,-0,-0,-0,-0,-0,-0,-0,-0,0,0,0,0,0,0,0
10.067,-3.5,0,2,0,0,0,0,0,0,0,0,0,-4.33680869e-19,-0,-1.293984181e-34,-2.484808345e-17,-0,-7.413983235e-33,0,0,0,0,0,0,0,0,0,0,0,0,0,0,0,0,0,-0,-0,-0,-0,-0,-0,-0,-0,0,0,0,0,0,0,0
10.072,-3.5,0,2,0,0,0,0,0,0,0,0,0,-4.33680869e-19,-0,-1.293984181e-34,-2.484808345e-17,-0,-7.413983235e-33,0,0,0,0,0,0,0,0,0,0,0,0,0,0,0,0,0,-0,-0,-0,-0,-0,-0,-0,-0,0,0,0,0,0,0,0
10.077,-3.5,0,2,0,0,0,0,0,0,0,0,0,-4.33680869e-19,-0,-1.293984181e-34,-2.484808345e-17,-0,-7.413983235e-33,0,0,0,0,0,0,0,0,0,0,0,0,0,0,0,0,0,-0,-0,-0,-0,-0,-0,-0,-0,0,0,0,0,0,0,0
10.082,-3.5,0,2,0,0,0,0,0,0,0,0,0,-4.33680869e-19,-0,-1.293984181e-34,-2.484808345e-17,-0,-7.413983235e-33,0,0,0,0,0,0,0,0,0,0,0,0,0,0,0,0,0,-0,-0,-0,-0,-0,-0,-0,-0,0,0,0,0,0,0,0
10.087,-3.5,0,2,0,0,0,0,0,0,0,0,0,-4.33680869e-19,-0,-1.293984181e-34,-2.484808345e-17,-0,-7.413983235e-33,0,0,0,0,0,0,0,0,0,0,0,0,0,0,0,0,0,-0,-0,-0,-0,-0,-0,-0,-0,0,0,0,0,0,0,0
10.092,-3.5,0,2,0,0,0,0,0,0,0,0,0,-4.33680869e-19,-0,-1.293984181e-34,-2.484808345e-17,-0,-7.413983235e-33,0,0,0,0,0,0,0,0,0,0,0,0,0,0,0,0,0,-0,-0,-0,-0,-0,-0,-0,-0,0,0,0,0,0,0,0
10.097,-3.5,0,2,0,0,0,0,0,0,0,0,0,-4.33680869e-19,-0,-1.293984181e-34,-2.484808345e-17,-0,-7.413983235e-33,0,0,0,0,0,0,0,0,0,0,0,0,0,0,0,0,0,-0,-0,-0,-0,-0,-0,-0,-0,0,0,0,0,0,0,0
10.102,-3.5,0,2,0,0,0,0,0,0,0,0,0,-4.33680869e-19,-0,-1.293984181e-34,-2.484808345e-17,-0,-7.413983235e-33,0,0,0,0,0,0,0,0,0,0,0,0,0,0,0,0,0,-0,-0,-0,-0,-0,-0,-0,-0,0,0,0,0,0,0,0
10.107,-3.5,0,2,0,0,0,0,0,0,0,0,0,-4.33680869e-19,-0,-1.293984181e-34,-2.484808345e-17,-0,-7.413983235e-33,0,0,0,0,0,0,0,0,0,0,0,0,0,0,0,0,0,-0,-0,-0,-0,-0,-0,-0,-0,0,0,0,0,0,0,0
10.112,-3.5,0,2,0,0,0,0,0,0,0,0,0,-4.33680869e-19,-0,-1.293984181e-34,-2.484808345e-17,-0,-7.413983235e-33,0,0,0,0,0,0,0,0,0,0,0,0,0,0,0,0,0,-0,-0,-0,-0,-0,-0,-0,-0,0,0,0,0,0,0,0
10.117,-3.5,0,2,0,0,0,0,0,0,0,0,0,-4.33680869e-19,-0,-1.293984181e-34,-2.484808345e-17,-0,-7.413983235e-33,0,0,0,0,0,0,0,0,0,0,0,0,0,0,0,0,0,-0,-0,-0,-0,-0,-0,-0,-0,0,0,0,0,0,0,0
10.122,-3.5,0,2,0,0,0,0,0,0,0,0,0,-4.33680869e-19,-0,-1.293984181e-34,-2.484808345e-17,-0,-7.413983235e-33,0,0,0,0,0,0,0,0,0,0,0,0,0,0,0,0,0,-0,-0,-0,-0,-0,-0,-0,-0,0,0,0,0,0,0,0
10.127,-3.5,0,2,0,0,0,0,0,0,0,0,0,-4.33680869e-19,-0,-1.293984181e-34,-2.484808345e-17,-0,-7.413983235e-33,0,0,0,0,0,0,0,0,0,0,0,0,0,0,0,0,0,-0,-0,-0,-0,-0,-0,-0,-0,0,0,0,0,0,0,0
10.132,-3.5,0,2,0,0,0,0,0,0,0,0,0,-4.33680869e-19,-0,-1.293984181e-34,-2.484808345e-17,-0,-7.413983235e-33,0,0,0,0,0,0,0,0,0,0,0,0,0,0,0,0,0,-0,-0,-0,-0,-0,-0,-0,-0,0,0,0,0,0,0,0
10.137,-3.5,0,2,0,0,0,0,0,0,0,0,0,-4.33680869e-19,-0,-1.293984181e-34,-2.484808345e-17,-0,-7.413983235e-33,0,0,0,0,0,0,0,0,0,0,0,0,0,0,0,0,0,-0,-0,-0,-0,-0,-0,-0,-0,0,0,0,0,0,0,0
10.142,-3.5,0,2,0,0,0,0,0,0,0,0,0,-4.33680869e-19,-0,-1.293984181e-34,-2.484808345e-17,-0,-7.413983235e-33,0,0,0,0,0,0,0,0,0,0,0,0,0,0,0,0,0,-0,-0,-0,-0,-0,-0,-0,-0,0,0,0,0,0,0,0
10.147,-3.5,0,2,0,0,0,0,0,0,0,0,0,-4.33680869e-19,-0,-1.293984181e-34,-2.484808345e-17,-0,-7.413983235e-33,0,0,0,0,0,0,0,0,0,0,0,0,0,0,0,0,0,-0,-0,-0,-0,-0,-0,-0,-0,0,0,0,0,0,0,0
10.152,-3.5,0,2,0,0,0,0,0,0,0,0,0,-4.33680869e-19,-0,-1.293984181e-34,-2.484808345e-17,-0,-7.413983235e-33,0,0,0,0,0,0,0,0,0,0,0,0,0,0,0,0,0,-0,-0,-0,-0,-0,-0,-0,-0,0,0,0,0,0,0,0
10.157,-3.5,0,2,0,0,0,0,0,0,0,0,0,-4.33680869e-19,-0,-1.293984181e-34,-2.484808345e-17,-0,-7.413983235e-33,0,0,0,0,0,0,0,0,0,0,0,0,0,0,0,0,0,-0,-0,-0,-0,-0,-0,-0,-0,0,0,0,0,0,0,0
10.162,-3.5,0,2,0,0,0,0,0,0,0,0,0,-4.33680869e-19,-0,-1.293984181e-34,-2.484808345e-17,-0,-7.413983235e-33,0,0,0,0,0,0,0,0,0,0,0,0,0,0,0,0,0,-0,-0,-0,-0,-0,-0,-0,-0,0,0,0,0,0,0,0
10.167,-3.5,0,2,0,0,0,0,0,0,0,0,0,-4.33680869e-19,-0,-1.293984181e-34,-2.484808345e-17,-0,-7.413983235e-33,0,0,0,0,0,0,0,0,0,0,0,0,0,0,0,0,0,-0,-0,-0,-0,-0,-0,-0,-0,0,0,0,0,0,0,0
10.172,-3.5,0,2,0,0,0,0,0,0,0,0,0,-4.33680869e-19,-0,-1.293984181e-34,-2.484808345e-17,-0,-7.413983235e-33,0,0,0,0,0,0,0,0,0,0,0,0,0,0,0,0,0,-0,-0,-0,-0,-0,-0,-0,-0,0,0,0,0,0,0,0
10.177,-3.5,0,2,0,0,0,0,0,0,0,0,0,-4.33680869e-19,-0,-1.293984181e-34,-2.484808345e-17,-0,-7.413983235e-33,0,0,0,0,0,0,0,0,0,0,0,0,0,0,0,0,0,-0,-0,-0,-0,-0,-0,-0,-0,0,0,0,0,0,0,0
10.182,-3.5,0,2,0,0,0,0,0,0,0,0,0,-4.33680869e-19,-0,-1.293984181e-34,-2.484808345e-17,-0,-7.413983235e-33,0,0,0,0,0,0,0,0,0,0,0,0,0,0,0,0,0,-0,-0,-0,-0,-0,-0,-0,-0,0,0,0,0,0,0,0
10.187,-3.5,0,2,0,0,0,0,0,0,0,0,0,-4.33680869e-19,-0,-1.293984181e-34,-2.484808345e-17,-0,-7.413983235e-33,0,0,0,0,0,0,0,0,0,0,0,0,0,0,0,0,0,-0,-0,-0,-0,-0,-0,-0,-0,0,0,0,0,0,0,0
10.192,-3.5,0,2,0,0,0,0,0,0,0,0,0,-4.33680869e-19,-0,-1.293984181e-34,-2.484808345e-17,-0,-7.413983235e-33,0,0,0,0,0,0,0,0,0,0,0,0,0,0,0,0,0,-0,-0,-0,-0,-0,-0,-0,-0,0,0,0,0,0,0,0
10.197,-3.5,0,2,0,0,0,0,0,0,0,0,0,-4.33680869e-19,-0,-1.293984181e-34,-2.484808345e-17,-0,-7.413983235e-33,0,0,0,0,0,0,0,0,0,0,0,0,0,0,0,0,0,-0,-0,-0,-0,-0,-0,-0,-0,0,0,0,0,0,0,0
10.202,-3.5,0,2,0,0,0,0,0,0,0,0,0,-4.33680869e-19,-0,-1.293984181e-34,-2.484808345e-17,-0,-7.413983235e-33,0,0,0,0,0,0,0,0,0,0,0,0,0,0,0,0,0,-0,-0,-0,-0,-0,-0,-0,-0,0,0,0,0,0,0,0
10.207,-3.5,0,2,0,0,0,0,0,0,0,0,0,-4.33680869e-19,-0,-1.293984181e-34,-2.484808345e-17,-0,-7.413983235e-33,0,0,0,0,0,0,0,0,0,0,0,0,0,0,0,0,0,-0,-0,-0,-0,-0,-0,-0,-0,0,0,0,0,0,0,0
10.212,-3.5,0,2,0,0,0,0,0,0,0,0,0,-4.33680869e-19,-0,-1.293984181e-34,-2.484808345e-17,-0,-7.413983235e-33,0,0,0,0,0,0,0,0,0,0,0,0,0,0,0,0,0,-0,-0,-0,-0,-0,-0,-0,-0,0,0,0,0,0,0,0
10.217,-3.5,0,2,0,0,0,0,0,0,0,0,0,-4.33680869e-19,-0,-1.293984181e-34,-2.484808345e-17,-0,-7.413983235e-33,0,0,0,0,0,0,0,0,0,0,0,0,0,0,0,0,0,-0,-0,-0,-0,-0,-0,-0,-0,0,0,0,0,0,0,0
10.222,-3.5,0,2,0,0,0,0,0,0,0,0,0,-4.33680869e-19,-0,-1.293984181e-34,-2.484808345e-17,-0,-7.413983235e-33,0,0,0,0,0,0,0,0,0,0,0,0,0,0,0,0,0,-0,-0,-0,-0,-0,-0,-0,-0,0,0,0,0,0,0,0
10.227,-3.5,0,2,0,0,0,0,0,0,0,0,0,-4.33680869e-19,-0,-1.293984181e-34,-2.484808345e-17,-0,-7.413983235e-33,0,0,0,0,0,0,0,0,0,0,0,0,0,0,0,0,0,-0,-0,-0,-0,-0,-0,-0,-0,0,0,0,0,0,0,0
10.232,-3.5,0,2,0,0,0,0,0,0,0,0,0,-4.33680869e-19,-0,-1.293984181e-34,-2.484808345e-17,-0,-7.413983235e-33,0,0,0,0,0,0,0,0,0,0,0,0,0,0,0,0,0,-0,-0,-0,-0,-0,-0,-0,-0,0,0,0,0,0,0,0
10.237,-3.5,0,2,0,0,0,0,0,0,0,0,0,-4.33680869e-19,-0,-1.293984181e-34,-2.484808345e-17,-0,-7.413983235e-33,0,0,0,0,0,0,0,0,0,0,0,0,0,0,0,0,0,-0,-0,-0,-0,-0,-0,-0,-0,0,0,0,0,0,0,0
10.242,-3.5,0,2,0,0,0,0,0,0,0,0,0,-4.33680869e-19,-0,-1.293984181e-34,-2.484808345e-17,-0,-7.413983235e-33,0,0,0,0,0,0,0,0,0,0,0,0,0,0,0,0,0,-0,-0,-0,-0,-0,-0,-0,-0,0,0,0,0,0,0,0
10.247,-3.5,0,2,0,0,0,0,0,0,0,0,0,-4.33680869e-19,-0,-1.293984181e-34,-2.484808345e-17,-0,-7.413983235e-33,0,0,0,0,0,0,0,0,0,0,0,0,0,0,0,0,0,-0,-0,-0,-0,-0,-0,-0,-0,0,0,0,0,0,0,0
10.252,-3.5,0,2,0,0,0,0,0,0,0,0,0,-4.33680869e-19,-0,-1.293984181e-34,-2.484808345e-17,-0,-7.413983235e-33,0,0,0,0,0,0,0,0,0,0,0,0,0,0,0,0,0,-0,-0,-0,-0,-0,-0,-0,-0,0,0,0,0,0,0,0
10.257,-3.5,0,2,0,0,0,0,0,0,0,0,0,-4.33680869e-19,-0,-1.293984181e-34,-2.484808345e-17,-0,-7.413983235e-33,0,0,0,0,0,0,0,0,0,0,0,0,0,0,0,0,0,-0,-0,-0,-0,-0,-0,-0,-0,0,0,0,0,0,0,0
10.262,-3.5,0,2,0,0,0,0,0,0,0,0,0,-4.33680869e-19,-0,-1.293984181e-34,-2.484808345e-17,-0,-7.413983235e-33,0,0,0,0,0,0,0,0,0,0,0,0,0,0,0,0,0,-0,-0,-0,-0,-0,-0,-0,-0,0,0,0,0,0,0,0
10.267,-3.5,0,2,0,0,0,0,0,0,0,0,0,-4.33680869e-19,-0,-1.293984181e-34,-2.484808345e-17,-0,-7.413983235e-33,0,0,0,0,0,0,0,0,0,0,0,0,0,0,0,0,0,-0,-0,-0,-0,-0,-0,-0,-0,0,0,0,0,0,0,0
10.272,-3.5,0,2,0,0,0,0,0,0,0,0,0,-4.33680869e-19,-0,-1.293984181e-34,-2.484808345e-17,-0,-7.413983235e-33,0,0,0,0,0,0,0,0,0,0,0,0,0,0,0,0,0,-0,-0,-0,-0,-0,-0,-0,-0,0,0,0,0,0,0,0
10.277,-3.5,0,2,0,0,0,0,0,0,0,0,0,-4.33680869e-19,-0,-1.293984181e-34,-2.484808345e-17,-0,-7.413983235e-33,0,0,0,0,0,0,0,0,0,0,0,0,0,0,0,0,0,-0,-0,-0,-0,-0,-0,-0,-0,0,0,0,0,0,0,0
10.282,-3.5,0,2,0,0,0,0,0,0,0,0,0,-4.33680869e-19,-0,-1.293984181e-34,-2.484808345e-17,-0,-7.413983235e-33,0,0,0,0,0,0,0,0,0,0,0,0,0,0,0,0,0,-0,-0,-0,-0,-0,-0,-0,-0,0,0,0,0,0,0,0
10.287,-3.5,0,2,0,0,0,0,0,0,0,0,0,-4.33680869e-19,-0,-1.293984181e-34,-2.484808345e-17,-0,-7.413983235e-33,0,0,0,0,0,0,0,0,0,0,0,0,0,0,0,0,0,-0,-0,-0,-0,-0,-0,-0,-0,0,0,0,0,0,0,0
10.292,-3.5,0,2,0,0,0,0,0,0,0,0,0,-4.33680869e-19,-0,-1.293984181e-34,-2.484808345e-17,-0,-7.413983235e-33,0,0,0,0,0,0,0,0,0,0,0,0,0,0,0,0,0,-0,-0,-0,-0,-0,-0,-0,-0,0,0,0,0,0,0,0
10.297,-3.5,0,2,0,0,0,0,0,0,0,0,0,-4.33680869e-19,-0,-1.293984181e-34,-2.484808345e-17,-0,-7.413983235e-33,0,0,0,0,0,0,0,0,0,0,0,0,0,0,0,0,0,-0,-0,-0,-0,-0,-0,-0,-0,0,0,0,0,0,0,0
10.302,-3.5,0,2,0,0,0,0,0,0,0,0,0,-4.33680869e-19,-0,-1.293984181e-34,-2.484808345e-17,-0,-7.413983235e-33,0,0,0,0,0,0,0,0,0,0,0,0,0,0,0,0,0,-0,-0,-0,-0,-0,-0,-0,-0,0,0,0,0,0,0,0
10.307,-3.5,0,2,0,0,0,0,0,0,0,0,0,-4.33680869e-19,-0,-1.293984181e-34,-2.484808345e-17,-0,-7.413983235e-33,0,0,0,0,0,0,0,0,0,0,0,0,0,0,0,0,0,-0,-0,-0,-0,-0,-0,-0,-0,0,0,0,0,0,0,0
10.312,-3.5,0,2,0,0,0,0,0,0,0,0,0,-4.33680869e-19,-0,-1.293984181e-34,-2.484808345e-17,-0,-7.413983235e-33,0,0,0,0,0,0,0,0,0,0,0,0,0,0,0,0,0,-0,-0,-0,-0,-0,-0,-0,-0,0,0,0,0,0,0,0
10.317,-3.5,0,2,0,0,0,0,0,0,0,0,0,-4.33680869e-19,-0,-1.293984181e-34,-2.484808345e-17,-0,-7.413983235e-33,0,0,0,0,0,0,0,0,0,0,0,0,0,0,0,0,0,-0,-0,-0,-0,-0,-0,-0,-0,0,0,0,0,0,0,0
10.322,-3.5,0,2,0,0,0,0,0,0,0,0,0,-4.33680869e-19,-0,-1.293984181e-34,-2.484808345e-17,-0,-7.413983235e-33,0,0,0,0,0,0,0,0,0,0,0,0,0,0,0,0,0,-0,-0,-0,-0,-0,-0,-0,-0,0,0,0,0,0,0,0
10.327,-3.5,0,2,0,0,0,0,0,0,0,0,0,-4.33680869e-19,-0,-1.293984181e-34,-2.484808345e-17,-0,-7.413983235e-33,0,0,0,0,0,0,0,0,0,0,0,0,0,0,0,0,0,-0,-0,-0,-0,-0,-0,-0,-0,0,0,0,0,0,0,0
10.332,-3.5,0,2,0,0,0,0,0,0,0,0,0,-4.33680869e-19,-0,-1.293984181e-34,-2.484808345e-17,-0,-7.413983235e-33,0,0,0,0,0,0,0,0,0,0,0,0,0,0,0,0,0,-0,-0,-0,-0,-0,-0,-0,-0,0,0,0,0,0,0,0
10.337,-3.5,0,2,0,0,0,0,0,0,0,0,0,-4.33680869e-19,-0,-1.293984181e-34,-2.484808345e-17,-0,-7.413983235e-33,0,0,0,0,0,0,0,0,0,0,0,0,0,0,0,0,0,-0,-0,-0,-0,-0,-0,-0,-0,0,0,0,0,0,0,0
10.342,-3.5,0,2,0,0,0,0,0,0,0,0,0,-4.33680869e-19,-0,-1.293984181e-34,-2.484808345e-17,-0,-7.413983235e-33,0,0,0,0,0,0,0,0,0,0,0,0,0,0,0,0,0,-0,-0,-0,-0,-0,-0,-0,-0,0,0,0,0,0,0,0
10.347,-3.5,0,2,0,0,0,0,0,0,0,0,0,-4.33680869e-19,-0,-1.293984181e-34,-2.484808345e-17,-0,-7.413983235e-33,0,0,0,0,0,0,0,0,0,0,0,0,0,0,0,0,0,-0,-0,-0,-0,-0,-0,-0,-0,0,0,0,0,0,0,0
10.352,-3.5,0,2,0,0,0,0,0,0,0,0,0,-4.33680869e-19,-0,-1.293984181e-34,-2.484808345e-17,-0,-7.413983235e-33,0,0,0,0,0,0,0,0,0,0,0,0,0,0,0,0,0,-0,-0,-0,-0,-0,-0,-0,-0,0,0,0,0,0,0,0
10.357,-3.5,0,2,0,0,0,0,0,0,0,0,0,-4.33680869e-19,-0,-1.293984181e-34,-2.484808345e-17,-0,-7.413983235e-33,0,0,0,0,0,0,0,0,0,0,0,0,0,0,0,0,0,-0,-0,-0,-0,-0,-0,-0,-0,0,0,0,0,0,0,0
10.362,-3.5,0,2,0,0,0,0,0,0,0,0,0,-4.33680869e-19,-0,-1.293984181e-34,-2.484808345e-17,-0,-7.413983235e-33,0,0,0,0,0,0,0,0,0,0,0,0,0,0,0,0,0,-0,-0,-0,-0,-0,-0,-0,-0,0,0,0,0,0,0,0
10.367,-3.5,0,2,0,0,0,0,0,0,0,0,0,-4.33680869e-19,-0,-1.293984181e-34,-2.484808345e-17,-0,-7.413983235e-33,0,0,0,0,0,0,0,0,0,0,0,0,0,0,0,0,0,-0,-0,-0,-0,-0,-0,-0,-0,0,0,0,0,0,0,0
10.372,-3.5,0,2,0,0,0,0,0,0,0,0,0,-4.33680869e-19,-0,-1.293984181e-34,-2.484808345e-17,-0,-7.413983235e-33,0,0,0,0,0,0,0,0,0,0,0,0,0,0,0,0,0,-0,-0,-0,-0,-0,-0,-0,-0,0,0,0,0,0,0,0
10.377,-3.5,0,2,0,0,0,0,0,0,0,0,0,-4.33680869e-19,-0,-1.293984181e-34,-2.484808345e-17,-0,-7.413983235e-33,0,0,0,0,0,0,0,0,0,0,0,0,0,0,0,0,0,-0,-0,-0,-0,-0,-0,-0,-0,0,0,0,0,0,0,0
10.382,-3.5,0,2,0,0,0,0,0,0,0,0,0,-4.33680869e-19,-0,-1.293984181e-34,-2.484808345e-17,-0,-7.413983235e-33,0,0,0,0,0,0,0,0,0,0,0,0,0,0,0,0,0,-0,-0,-0,-0,-0,-0,-0,-0,0,0,0,0,0,0,0
10.387,-3.5,0,2,0,0,0,0,0,0,0,0,0,-4.33680869e-19,-0,-1.293984181e-34,-2.484808345e-17,-0,-7.413983235e-33,0,0,0,0,0,0,0,0,0,0,0,0,0,0,0,0,0,-0,-0,-0,-0,-0,-0,-0,-0,0,0,0,0,0,0,0
10.392,-3.5,0,2,0,0,0,0,0,0,0,0,0,-4.33680869e-19,-0,-1.293984181e-34,-2.484808345e-17,-0,-7.413983235e-33,0,0,0,0,0,0,0,0,0,0,0,0,0,0,0,0,0,-0,-0,-0,-0,-0,-0,-0,-0,0,0,0,0,0,0,0
10.397,-3.5,0,2,0,0,0,0,0,0,0,0,0,-4.33680869e-19,-0,-1.293984181e-34,-2.484808345e-17,-0,-7.413983235e-33,0,0,0,0,0,0,0,0,0,0,0,0,0,0,0,0,0,-0,-0,-0,-0,-0,-0,-0,-0,0,0,0,0,0,0,0
10.402,-3.5,0,2,0,0,0,0,0,0,0,0,0,-4.33680869e-19,-0,-1.293984181e-34,-2.484808345e-17,-0,-7.413983235e-33,0,0,0,0,0,0,0,0,0,0,0,0,0,0,0,0,0,-0,-0,-0,-0,-0,-0,-0,-0,0,0,0,0,0,0,0
10.407,-3.5,0,2,0,0,0,0,0,0,0,0,0,-4.33680869e-19,-0,-1.293984181e-34,-2.484808345e-17,-0,-7.413983235e-33,0,0,0,0,0,0,0,0,0,0,0,0,0,0,0,0,0,-0,-0,-0,-0,-0,-0,-0,-0,0,0,0,0,0,0,0
10.412,-3.5,0,2,0,0,0,0,0,0,0,0,0,-4.33680869e-19,-0,-1.293984181e-34,-2.484808345e-17,-0,-7.413983235e-33,0,0,0,0,0,0,0,0,0,0,0,0,0,0,0,0,0,-0,-0,-0,-0,-0,-0,-0,-0,0,0,0,0,0,0,0
10.417,-3.5,0,2,0,0,0,0,0,0,0,0,0,-4.33680869e-19,-0,-1.293984181e-34,-2.484808345e-17,-0,-7.413983235e-33,0,0,0,0,0,0,0,0,0,0,0,0,0,0,0,0,0,-0,-0,-0,-0,-0,-0,-0,-0,0,0,0,0,0,0,0
10.422,-3.5,0,2,0,0,0,0,0,0,0,0,0,-4.33680869e-19,-0,-1.293984181e-34,-2.484808345e-17,-0,-7.413983235e-33,0,0,0,0,0,0,0,0,0,0,0,0,0,0,0,0,0,-0,-0,-0,-0,-0,-0,-0,-0,0,0,0,0,0,0,0
10.427,-3.5,0,2,0,0,0,0,0,0,0,0,0,-4.33680869e-19,-0,-1.293984181e-34,-2.484808345e-17,-0,-7.413983235e-33,0,0,0,0,0,0,0,0,0,0,0,0,0,0,0,0,0,-0,-0,-0,-0,-0,-0,-0,-0,0,0,0,0,0,0,0
10.432,-3.5,0,2,0,0,0,0,0,0,0,0,0,-4.33680869e-19,-0,-1.293984181e-34,-2.484808345e-17,-0,-7.413983235e-33,0,0,0,0,0,0,0,0,0,0,0,0,0,0,0,0,0,-0,-0,-0,-0,-0,-0,-0,-0,0,0,0,0,0,0,0
10.437,-3.5,0,2,0,0,0,0,0,0,0,0,0,-4.33680869e-19,-0,-1.293984181e-34,-2.484808345e-17,-0,-7.413983235e-33,0,0,0,0,0,0,0,0,0,0,0,0,0,0,0,0,0,-0,-0,-0,-0,-0,-0,-0,-0,0,0,0,0,0,0,0
10.442,-3.5,0,2,0,0,0,0,0,0,0,0,0,-4.33680869e-19,-0,-1.293984181e-34,-2.484808345e-17,-0,-7.413983235e-33,0,0,0,0,0,0,0,0,0,0,0,0,0,0,0,0,0,-0,-0,-0,-0,-0,-0,-0,-0,0,0,0,0,0,0,0
10.447,-3.5,0,2,0,0,0,0,0,0,0,0,0,-4.33680869e-19,-0,-1.293984181e-34,-2.484808345e-17,-0,-7.413983235e-33,0,0,0,0,0,0,0,0,0,0,0,0,0,0,0,0,0,-0,-0,-0,-0,-0,-0,-0,-0,0,0,0,0,0,0,0
10.452,-3.5,0,2,0,0,0,0,0,0,0,0,0,-4.33680869e-19,-0,-1.293984181e-34,-2.484808345e-17,-0,-7.413983235e-33,0,0,0,0,0,0,0,0,0,0,0,0,0,0,0,0,0,-0,-0,-0,-0,-0,-0,-0,-0,0,0,0,0,0,0,0
10.457,-3.5,0,2,0,0,0,0,0,0,0,0,0,-4.33680869e-19,-0,-1.293984181e-34,-2.484808345e-17,-0,-7.413983235e-33,0,0,0,0,0,0,0,0,0,0,0,0,0,0,0,0,0,-0,-0,-0,-0,-0,-0,-0,-0,0,0,0,0,0,0,0
10.462,-3.5,0,2,0,0,0,0,0,0,0,0,0,-4.33680869e-19,-0,-1.293984181e-34,-2.484808345e-17,-0,-7.413983235e-33,0,0,0,0,0,0,0,0,0,0,0,0,0,0,0,0,0,-0,-0,-0,-0,-0,-0,-0,-0,0,0,0,0,0,0,0
10.467,-3.5,0,2,0,0,0,0,0,0,0,0,0,-4.33680869e-19,-0,-1.293984181e-34,-2.484808345e-17,-0,-7.413983235e-33,0,0,0,0,0,0,0,0,0,0,0,0,0,0,0,0,0,-0,-0,-0,-0,-0,-0,-0,-0,0,0,0,0,0,0,0
10.472,-3.5,0,2,0,0,0,0,0,0,0,0,0,-4.33680869e-19,-0,-1.293984181e-34,-2.484808345e-17,-0,-7.413983235e-33,0,0,0,0,0,0,0,0,0,0,0,0,0,0,0,0,0,-0,-0,-0,-0,-0,-0,-0,-0,0,0,0,0,0,0,0
10.477,-3.5,0,2,0,0,0,0,0,0,0,0,0,-4.33680869e-19,-0,-1.293984181e-34,-2.484808345e-17,-0,-7.413983235e-33,0,0,0,0,0,0,0,0,0,0,0,0,0,0,0,0,0,-0,-0,-0,-0,-0,-0,-0,-0,0,0,0,0,0,0,0
10.482,-3.5,0,2,0,0,0,0,0,0,0,0,0,-4.33680869e-19,-0,-1.293984181e-34,-2.484808345e-17,-0,-7.413983235e-33,0,0,0,0,0,0,0,0,0,0,0,0,0,0,0,0,0,-0,-0,-0,-0,-0,-0,-0,-0,0,0,0,0,0,0,0
10.487,-3.5,0,2,0,0,0,0,0,0,0,0,0,-4.33680869e-19,-0,-1.293984181e-34,-2.484808345e-17,-0,-7.413983235e-33,0,0,0,0,0,0,0,0,0,0,0,0,0,0,0,0,0,-0,-0,-0,-0,-0,-0,-0,-0,0,0,0,0,0,0,0
10.492,-3.5,0,2,0,0,0,0,0,0,0,0,0,-4.33680869e-19,-0,-1.293984181e-34,-2.484808345e-17,-0,-7.413983235e-33,0,0,0,0,0,0,0,0,0,0,0,0,0,0,0,0,0,-0,-0,-0,-0,-0,-0,-0,-0,0,0,0,0,0,0,0
10.497,-3.5,0,2,0,0,0,0,0,0,0,0,0,-4.33680869e-19,-0,-1.293984181e-34,-2.484808345e-17,-0,-7.413983235e-33,0,0,0,0,0,0,0,0,0,0,0,0,0,0,0,0,0,-0,-0,-0,-0,-0,-0,-0,-0,0,0,0,0,0,0,0
10.502,-3.5,0,2,0,0,0,0,0,0,0,0,0,-4.33680869e-19,-0,-1.293984181e-34,-2.484808345e-17,-0,-7.413983235e-33,0,0,0,0,0,0,0,0,0,0,0,0,0,0,0,0,0,-0,-0,-0,-0,-0,-0,-0,-0,0,0,0,0,0,0,0
10.507,-3.5,0,2,0,0,0,0,0,0,0,0,0,-4.33680869e-19,-0,-1.293984181e-34,-2.484808345e-17,-0,-7.413983235e-33,0,0,0,0,0,0,0,0,0,0,0,0,0,0,0,0,0,-0,-0,-0,-0,-0,-0,-0,-0,0,0,0,0,0,0,0
10.512,-3.5,0,2,0,0,0,0,0,0,0,0,0,-4.33680869e-19,-0,-1.293984181e-34,-2.484808345e-17,-0,-7.413983235e-33,0,0,0,0,0,0,0,0,0,0,0,0,0,0,0,0,0,-0,-0,-0,-0,-0,-0,-0,-0,0,0,0,0,0,0,0
10.517,-3.5,0,2,0,0,0,0,0,0,0,0,0,-4.33680869e-19,-0,-1.293984181e-34,-2.484808345e-17,-0,-7.413983235e-33,0,0,0,0,0,0,0,0,0,0,0,0,0,0,0,0,0,-0,-0,-0,-0,-0,-0,-0,-0,0,0,0,0,0,0,0
10.522,-3.5,0,2,0,0,0,0,0,0,0,0,0,-4.33680869e-19,-0,-1.293984181e-34,-2.484808345e-17,-0,-7.413983235e-33,0,0,0,0,0,0,0,0,0,0,0,0,0,0,0,0,0,-0,-0,-0,-0,-0,-0,-0,-0,0,0,0,0,0,0,0
10.527,-3.5,0,2,0,0,0,0,0,0,0,0,0,-4.33680869e-19,-0,-1.293984181e-34,-2.484808345e-17,-0,-7.413983235e-33,0,0,0,0,0,0,0,0,0,0,0,0,0,0,0,0,0,-0,-0,-0,-0,-0,-0,-0,-0,0,0,0,0,0,0,0
10.532,-3.5,0,2,0,0,0,0,0,0,0,0,0,-4.33680869e-19,-0,-1.293984181e-34,-2.484808345e-17,-0,-7.413983235e-33,0,0,0,0,0,0,0,0,0,0,0,0,0,0,0,0,0,-0,-0,-0,-0,-0,-0,-0,-0,0,0,0,0,0,0,0
10.537,-3.5,0,2,0,0,0,0,0,0,0,0,0,-4.33680869e-19,-0,-1.293984181e-34,-2.484808345e-17,-0,-7.413983235e-33,0,0,0,0,0,0,0,0,0,0,0,0,0,0,0,0,0,-0,-0,-0,-0,-0,-0,-0,-0,0,0,0,0,0,0,0
10.542,-3.5,0,2,0,0,0,0,0,0,0,0,0,-4.33680869e-19,-0,-1.293984181e-34,-2.484808345e-17,-0,-7.413983235e-33,0,0,0,0,0,0,0,0,0,0,0,0,0,0,0,0,0,-0,-0,-0,-0,-0,-0,-0,-0,0,0,0,0,0,0,0
10.547,-3.5,0,2,0,0,0,0,0,0,0,0,0,-4.33680869e-19,-0,-1.293984181e-34,-2.484808345e-17,-0,-7.413983235e-33,0,0,0,0,0,0,0,0,0,0,0,0,0,0,0,0,0,-0,-0,-0,-0,-0,-0,-0,-0,0,0,0,0,0,0,0
10.552,-3.5,0,2,0,0,0,0,0,0,0,0,0,-4.33680869e-19,-0,-1.293984181e-34,-2.484808345e-17,-0,-7.413983235e-33,0,0,0,0,0,0,0,0,0,0,0,0,0,0,0,0,0,-0,-0,-0,-0,-0,-0,-0,-0,0,0,0,0,0,0,0
10.557,-3.5,0,2,0,0,0,0,0,0,0,0,0,-4.33680869e-19,-0,-1.293984181e-34,-2.484808345e-17,-0,-7.413983235e-33,0,0,0,0,0,0,0,0,0,0,0,0,0,0,0,0,0,-0,-0,-0,-0,-0,-0,-0,-0,0,0,0,0,0,0,0
10.562,-3.5,0,2,0,0,0,0,0,0,0,0,0,-4.33680869e-19,-0,-1.293984181e-34,-2.484808345e-17,-0,-7.413983235e-33,0,0,0,0,0,0,0,0,0,0,0,0,0,0,0,0,0,-0,-0,-0,-0,-0,-0,-0,-0,0,0,0,0,0,0,0
10.567,-3.5,0,2,0,0,0,0,0,0,0,0,0,-4.33680869e-19,-0,-1.293984181e-34,-2.484808345e-17,-0,-7.413983235e-33,0,0,0,0,0,0,0,0,0,0,0,0,0,0,0,0,0,-0,-0,-0,-0,-0,-0,-0,-0,0,0,0,0,0,0,0
10.572,-3.5,0,2,0,0,0,0,0,0,0,0,0,-4.33680869e-19,-0,-1.293984181e-34,-2.484808345e-17,-0,-7.413983235e-33,0,0,0,0,0,0,0,0,0,0,0,0,0,0,0,0,0,-0,-0,-0,-0,-0,-0,-0,-0,0,0,0,0,0,0,0
10.577,-3.5,0,2,0,0,0,0,0,0,0,0,0,-4.33680869e-19,-0,-1.293984181e-34,-2.484808345e-17,-0,-7.413983235e-33,0,0,0,0,0,0,0,0,0,0,0,0,0,0,0,0,0,-0,-0,-0,-0,-0,-0,-0,-0,0,0,0,0,0,0,0
10.582,-3.5,0,2,0,0,0,0,0,0,0,0,0,-4.33680869e-19,-0,-1.293984181e-34,-2.484808345e-17,-0,-7.413983235e-33,0,0,0,0,0,0,0,0,0,0,0,0,0,0,0,0,0,-0,-0,-0,-0,-0,-0,-0,-0,0,0,0,0,0,0,0
10.587,-3.5,0,2,0,0,0,0,0,0,0,0,0,-4.33680869e-19,-0,-1.293984181e-34,-2.484808345e-17,-0,-7.413983235e-33,0,0,0,0,0,0,0,0,0,0,0,0,0,0,0,0,0,-0,-0,-0,-0,-0,-0,-0,-0,0,0,0,0,0,0,0
10.592,-3.5,0,2,0,0,0,0,0,0,0,0,0,-4.33680869e-19,-0,-1.293984181e-34,-2.484808345e-17,-0,-7.413983235e-33,0,0,0,0,0,0,0,0,0,0,0,0,0,0,0,0,0,-0,-0,-0,-0,-0,-0,-0,-0,0,0,0,0,0,0,0
10.597,-3.5,0,2,0,0,0,0,0,0,0,0,0,-4.33680869e-19,-0,-1.293984181e-34,-2.484808345e-17,-0,-7.413983235e-33,0,0,0,0,0,0,0,0,0,0,0,0,0,0,0,0,0,-0,-0,-0,-0,-0,-0,-0,-0,0,0,0,0,0,0,0
10.602,-3.5,0,2,0,0,0,0,0,0,0,0,0,-4.33680869e-19,-0,-1.293984181e-34,-2.484808345e-17,-0,-7.413983235e-33,0,0,0,0,0,0,0,0,0,0,0,0,0,0,0,0,0,-0,-0,-0,-0,-0,-0,-0,-0,0,0,0,0,0,0,0
10.607,-3.5,0,2,0,0,0,0,0,0,0,0,0,-4.33680869e-19,-0,-1.293984181e-34,-2.484808345e-17,-0,-7.413983235e-33,0,0,0,0,0,0,0,0,0,0,0,0,0,0,0,0,0,-0,-0,-0,-0,-0,-0,-0,-0,0,0,0,0,0,0,0
10.612,-3.5,0,2,0,0,0,0,0,0,0,0,0,-4.33680869e-19,-0,-1.293984181e-34,-2.484808345e-17,-0,-7.413983235e-33,0,0,0,0,0,0,0,0,0,0,0,0,0,0,0,0,0,-0,-0,-0,-0,-0,-0,-0,-0,0,0,0,0,0,0,0
10.617,-3.5,0,2,0,0,0,0,0,0,0,0,0,-4.33680869e-19,-0,-1.293984181e-34,-2.484808345e-17,-0,-7.413983235e-33,0,0,0,0,0,0,0,0,0,0,0,0,0,0,0,0,0,-0,-0,-0,-0,-0,-0,-0,-0,0,0,0,0,0,0,0
10.622,-3.5,0,2,0,0,0,0,0,0,0,0,0,-4.33680869e-19,-0,-1.293984181e-34,-2.484808345e-17,-0,-7.413983235e-33,0,0,0,0,0,0,0,0,0,0,0,0,0,0,0,0,0,-0,-0,-0,-0,-0,-0,-0,-0,0,0,0,0,0,0,0
10.627,-3.5,0,2,0,0,0,0,0,0,0,0,0,-4.33680869e-19,-0,-1.293984181e-34,-2.484808345e-17,-0,-7.413983235e-33,0,0,0,0,0,0,0,0,0,0,0,0,0,0,0,0,0,-0,-0,-0,-0,-0,-0,-0,-0,0,0,0,0,0,0,0
10.632,-3.5,0,2,0,0,0,0,0,0,0,0,0,-4.33680869e-19,-0,-1.293984181e-34,-2.484808345e-17,-0,-7.413983235e-33,0,0,0,0,0,0,0,0,0,0,0,0,0,0,0,0,0,-0,-0,-0,-0,-0,-0,-0,-0,0,0,0,0,0,0,0
10.637,-3.5,0,2,0,0,0,0,0,0,0,0,0,-4.33680869e-19,-0,-1.293984181e-34,-2.484808345e-17,-0,-7.413983235e-33,0,0,0,0,0,0,0,0,0,0,0,0,0,0,0,0,0,-0,-0,-0,-0,-0,-0,-0,-0,0,0,0,0,0,0,0
10.642,-3.5,0,2,0,0,0,0,0,0,0,0,0,-4.33680869e-19,-0,-1.293984181e-34,-2.484808345e-17,-0,-7.413983235e-33,0,0,0,0,0,0,0,0,0,0,0,0,0,0,0,0,0,-0,-0,-0,-0,-0,-0,-0,-0,0,0,0,0,0,0,0
10.647,-3.5,0,2,0,0,0,0,0,0,0,0,0,-4.33680869e-19,-0,-1.293984181e-34,-2.484808345e-17,-0,-7.413983235e-33,0,0,0,0,0,0,0,0,0,0,0,0,0,0,0,0,0,-0,-0,-0,-0,-0,-0,-0,-0,0,0,0,0,0,0,0
10.652,-3.5,0,2,0,0,0,0,0,0,0,0,0,-4.33680869e-19,-0,-1.293984181e-34,-2.484808345e-17,-0,-7.413983235e-33,0,0,0,0,0,0,0,0,0,0,0,0,0,0,0,0,0,-0,-0,-0,-0,-0,-0,-0,-0,0,0,0,0,0,0,0
10.657,-3.5,0,2,0,0,0,0,0,0,0,0,0,-4.33680869e-19,-0,-1.293984181e-34,-2.484808345e-17,-0,-7.413983235e-33,0,0,0,0,0,0,0,0,0,0,0,0,0,0,0,0,0,-0,-0,-0,-0,-0,-0,-0,-0,0,0,0,0,0,0,0
10.662,-3.5,0,2,0,0,0,0,0,0,0,0,0,-4.33680869e-19,-0,-1.293984181e-34,-2.484808345e-17,-0,-7.413983235e-33,0,0,0,0,0,0,0,0,0,0,0,0,0,0,0,0,0,-0,-0,-0,-0,-0,-0,-0,-0,0,0,0,0,0,0,0
10.667,-3.5,0,2,0,0,0,0,0,0,0,0,0,-4.33680869e-19,-0,-1.293984181e-34,-2.484808345e-17,-0,-7.413983235e-33,0,0,0,0,0,0,0,0,0,0,0,0,0,0,0,0,0,-0,-0,-0,-0,-0,-0,-0,-0,0,0,0,0,0,0,0
10.672,-3.5,0,2,0,0,0,0,0,0,0,0,0,-4.33680869e-19,-0,-1.293984181e-34,-2.484808345e-17,-0,-7.413983235e-33,0,0,0,0,0,0,0,0,0,0,0,0,0,0,0,0,0,-0,-0,-0,-0,-0,-0,-0,-0,0,0,0,0,0,0,0
10.677,-3.5,0,2,0,0,0,0,0,0,0,0,0,-4.33680869e-19,-0,-1.293984181e-34,-2.484808345e-17,-0,-7.413983235e-33,0,0,0,0,0,0,0,0,0,0,0,0,0,0,0,0,0,-0,-0,-0,-0,-0,-0,-0,-0,0,0,0,0,0,0,0
10.682,-3.5,0,2,0,0,0,0,0,0,0,0,0,-4.33680869e-19,-0,-1.293984181e-34,-2.484808345e-17,-0,-7.413983235e-33,0,0,0,0,0,0,0,0,0,0,0,0,0,0,0,0,0,-0,-0,-0,-0,-0,-0,-0,-0,0,0,0,0,0,0,0
10.687,-3.5,0,2,0,0,0,0,0,0,0,0,0,-4.33680869e-19,-0,-1.293984181e-34,-2.484808345e-17,-0,-7.413983235e-33,0,0,0,0,0,0,0,0,0,0,0,0,0,0,0,0,0,-0,-0,-0,-0,-0,-0,-0,-0,0,0,0,0,0,0,0
10.692,-3.5,0,2,0,0,0,0,0,0,0,0,0,-4.33680869e-19,-0,-1.293984181e-34,-2.484808345e-17,-0,-7.413983235e-33,0,0,0,0,0,0,0,0,0,0,0,0,0,0,0,0,0,-0,-0,-0,-0,-0,-0,-0,-0,0,0,0,0,0,0,0
10.697,-3.5,0,2,0,0,0,0,0,0,0,0,0,-4.33680869e-19,-0,-1.293984181e-34,-2.484808345e-17,-0,-7.413983235e-33,0,0,0,0,0,0,0,0,0,0,0,0,0,0,0,0,0,-0,-0,-0,-0,-0,-0,-0,-0,0,0,0,0,0,0,0
10.702,-3.5,0,2,0,0,0,0,0,0,0,0,0,-4.33680869e-19,-0,-1.293984181e-34,-2.484808345e-17,-0,-7.413983235e-33,0,0,0,0,0,0,0,0,0,0,0,0,0,0,0,0,0,-0,-0,-0,-0,-0,-0,-0,-0,0,0,0,0,0,0,0
10.707,-3.5,0,2,0,0,0,0,0,0,0,0,0,-4.33680869e-19,-0,-1.293984181e-34,-2.484808345e-17,-0,-7.413983235e-33,0,0,0,0,0,0,0,0,0,0,0,0,0,0,0,0,0,-0,-0,-0,-0,-0,-0,-0,-0,0,0,0,0,0,0,0
10.712,-3.5,0,2,0,0,0,0,0,0,0,0,0,-4.33680869e-19,-0,-1.293984181e-34,-2.484808345e-17,-0,-7.413983235e-33,0,0,0,0,0,0,0,0,0,0,0,0,0,0,0,0,0,-0,-0,-0,-0,-0,-0,-0,-0,0,0,0,0,0,0,0
10.717,-3.5,0,2,0,0,0,0,0,0,0,0,0,-4.33680869e-19,-0,-1.293984181e-34,-2.484808345e-17,-0,-7.413983235e-33,0,0,0,0,0,0,0,0,0,0,0,0,0,0,0,0,0,-0,-0,-0,-0,-0,-0,-0,-0,0,0,0,0,0,0,0
10.722,-3.5,0,2,0,0,0,0,0,0,0,0,0,-4.33680869e-19,-0,-1.293984181e-34,-2.484808345e-17,-0,-7.413983235e-33,0,0,0,0,0,0,0,0,0,0,0,0,0,0,0,0,0,-0,-0,-0,-0,-0,-0,-0,-0,0,0,0,0,0,0,0
10.727,-3.5,0,2,0,0,0,0,0,0,0,0,0,-4.33680869e-19,-0,-1.293984181e-34,-2.484808345e-17,-0,-7.413983235e-33,0,0,0,0,0,0,0,0,0,0,0,0,0,0,0,0,0,-0,-0,-0,-0,-0,-0,-0,-0,0,0,0,0,0,0,0
10.732,-3.5,0,2,0,0,0,0,0,0,0,0,0,-4.33680869e-19,-0,-1.293984181e-34,-2.484808345e-17,-0,-7.413983235e-33,0,0,0,0,0,0,0,0,0,0,0,0,0,0,0,0,0,-0,-0,-0,-0,-0,-0,-0,-0,0,0,0,0,0,0,0
10.737,-3.5,0,2,0,0,0,0,0,0,0,0,0,-4.33680869e-19,-0,-1.293984181e-34,-2.484808345e-17,-0,-7.413983235e-33,0,0,0,0,0,0,0,0,0,0,0,0,0,0,0,0,0,-0,-0,-0,-0,-0,-0,-0,-0,0,0,0,0,0,0,0
10.742,-3.5,0,2,0,0,0,0,0,0,0,0,0,-4.33680869e-19,-0,-1.293984181e-34,-2.484808345e-17,-0,-7.413983235e-33,0,0,0,0,0,0,0,0,0,0,0,0,0,0,0,0,0,-0,-0,-0,-0,-0,-0,-0,-0,0,0,0,0,0,0,0
10.747,-3.5,0,2,0,0,0,0,0,0,0,0,0,-4.33680869e-19,-0,-1.293984181e-34,-2.484808345e-17,-0,-7.413983235e-33,0,0,0,0,0,0,0,0,0,0,0,0,0,0,0,0,0,-0,-0,-0,-0,-0,-0,-0,-0,0,0,0,0,0,0,0
10.752,-3.5,0,2,0,0,0,0,0,0,0,0,0,-4.33680869e-19,-0,-1.293984181e-34,-2.484808345e-17,-0,-7.413983235e-33,0,0,0,0,0,0,0,0,0,0,0,0,0,0,0,0,0,-0,-0,-0,-0,-0,-0,-0,-0,0,0,0,0,0,0,0
10.757,-3.5,0,2,0,0,0,0,0,0,0,0,0,-4.33680869e-19,-0,-1.293984181e-34,-2.484808345e-17,-0,-7.413983235e-33,0,0,0,0,0,0,0,0,0,0,0,0,0,0,0,0,0,-0,-0,-0,-0,-0,-0,-0,-0,0,0,0,0,0,0,0
10.762,-3.5,0,2,0,0,0,0,0,0,0,0,0,-4.33680869e-19,-0,-1.293984181e-34,-2.484808345e-17,-0,-7.413983235e-33,0,0,0,0,0,0,0,0,0,0,0,0,0,0,0,0,0,-0,-0,-0,-0,-0,-0,-0,-0,0,0,0,0,0,0,0
10.767,-3.5,0,2,0,0,0,0,0,0,0,0,0,-4.33680869e-19,-0,-1.293984181e-34,-2.484808345e-17,-0,-7.413983235e-33,0,0,0,0,0,0,0,0,0,0,0,0,0,0,0,0,0,-0,-0,-0,-0,-0,-0,-0,-0,0,0,0,0,0,0,0
10.772,-3.5,0,2,0,0,0,0,0,0,0,0,0,-4.33680869e-19,-0,-1.293984181e-34,-2.484808345e-17,-0,-7.413983235e-33,0,0,0,0,0,0,0,0,0,0,0,0,0,0,0,0,0,-0,-0,-0,-0,-0,-0,-0,-0,0,0,0,0,0,0,0
10.777,-3.5,0,2,0,0,0,0,0,0,0,0,0,-4.33680869e-19,-0,-1.293984181e-34,-2.484808345e-17,-0,-7.413983235e-33,0,0,0,0,0,0,0,0,0,0,0,0,0,0,0,0,0,-0,-0,-0,-0,-0,-0,-0,-0,0,0,0,0,0,0,0
10.782,-3.5,0,2,0,0,0,0,0,0,0,0,0,-4.33680869e-19,-0,-1.293984181e-34,-2.484808345e-17,-0,-7.413983235e-33,0,0,0,0,0,0,0,0,0,0,0,0,0,0,0,0,0,-0,-0,-0,-0,-0,-0,-0,-0,0,0,0,0,0,0,0
10.787,-3.5,0,2,0,0,0,0,0,0,0,0,0,-4.33680869e-19,-0,-1.293984181e-34,-2.484808345e-17,-0,-7.413983235e-33,0,0,0,0,0,0,0,0,0,0,0,0,0,0,0,0,0,-0,-0,-0,-0,-0,-0,-0,-0,0,0,0,0,0,0,0
10.792,-3.5,0,2,0,0,0,0,0,0,0,0,0,-4.33680869e-19,-0,-1.293984181e-34,-2.484808345e-17,-0,-7.413983235e-33,0,0,0,0,0,0,0,0,0,0,0,0,0,0,0,0,0,-0,-0,-0,-0,-0,-0,-0,-0,0,0,0,0,0,0,0
10.797,-3.5,0,2,0,0,0,0,0,0,0,0,0,-4.33680869e-19,-0,-1.293984181e-34,-2.484808345e-17,-0,-7.413983235e-33,0,0,0,0,0,0,0,0,0,0,0,0,0,0,0,0,0,-0,-0,-0,-0,-0,-0,-0,-0,0,0,0,0,0,0,0
10.802,-3.5,0,2,0,0,0,0,0,0,0,0,0,-4.33680869e-19,-0,-1.293984181e-34,-2.484808345e-17,-0,-7.413983235e-33,0,0,0,0,0,0,0,0,0,0,0,0,0,0,0,0,0,-0,-0,-0,-0,-0,-0,-0,-0,0,0,0,0,0,0,0
10.807,-3.5,0,2,0,0,0,0,0,0,0,0,0,-4.33680869e-19,-0,-1.293984181e-34,-2.484808345e-17,-0,-7.413983235e-33,0,0,0,0,0,0,0,0,0,0,0,0,0,0,0,0,0,-0,-0,-0,-0,-0,-0,-0,-0,0,0,0,0,0,0,0
10.812,-3.5,0,2,0,0,0,0,0,0,0,0,0,-4.33680869e-19,-0,-1.293984181e-34,-2.484808345e-17,-0,-7.413983235e-33,0,0,0,0,0,0,0,0,0,0,0,0,0,0,0,0,0,-0,-0,-0,-0,-0,-0,-0,-0,0,0,0,0,0,0,0
10.817,-3.5,0,2,0,0,0,0,0,0,0,0,0,-4.33680869e-19,-0,-1.293984181e-34,-2.484808345e-17,-0,-7.413983235e-33,0,0,0,0,0,0,0,0,0,0,0,0,0,0,0,0,0,-0,-0,-0,-0,-0,-0,-0,-0,0,0,0,0,0,0,0
10.822,-3.5,0,2,0,0,0,0,0,0,0,0,0,-4.33680869e-19,-0,-1.293984181e-34,-2.484808345e-17,-0,-7.413983235e-33,0,0,0,0,0,0,0,0,0,0,0,0,0,0,0,0,0,-0,-0,-0,-0,-0,-0,-0,-0,0,0,0,0,0,0,0
10.827,-3.5,0,2,0,0,0,0,0,0,0,0,0,-4.33680869e-19,-0,-1.293984181e-34,-2.484808345e-17,-0,-7.413983235e-33,0,0,0,0,0,0,0,0,0,0,0,0,0,0,0,0,0,-0,-0,-0,-0,-0,-0,-0,-0,0,0,0,0,0,0,0
10.832,-3.5,0,2,0,0,0,0,0,0,0,0,0,-4.33680869e-19,-0,-1.293984181e-34,-2.484808345e-17,-0,-7.413983235e-33,0,0,0,0,0,0,0,0,0,0,0,0,0,0,0,0,0,-0,-0,-0,-0,-0,-0,-0,-0,0,0,0,0,0,0,0
10.837,-3.5,0,2,0,0,0,0,0,0,0,0,0,-4.33680869e-19,-0,-1.293984181e-34,-2.484808345e-17,-0,-7.413983235e-33,0,0,0,0,0,0,0,0,0,0,0,0,0,0,0,0,0,-0,-0,-0,-0,-0,-0,-0,-0,0,0,0,0,0,0,0
10.842,-3.5,0,2,0,0,0,0,0,0,0,0,0,-4.33680869e-19,-0,-1.293984181e-34,-2.484808345e-17,-0,-7.413983235e-33,0,0,0,0,0,0,0,0,0,0,0,0,0,0,0,0,0,-0,-0,-0,-0,-0,-0,-0,-0,0,0,0,0,0,0,0
10.847,-3.5,0,2,0,0,0,0,0,0,0,0,0,-4.33680869e-19,-0,-1.293984181e-34,-2.484808345e-17,-0,-7.413983235e-33,0,0,0,0,0,0,0,0,0,0,0,0,0,0,0,0,0,-0,-0,-0,-0,-0,-0,-0,-0,0,0,0,0,0,0,0
10.852,-3.5,0,2,0,0,0,0,0,0,0,0,0,-4.33680869e-19,-0,-1.293984181e-34,-2.484808345e-17,-0,-7.413983235e-33,0,0,0,0,0,0,0,0,0,0,0,0,0,0,0,0,0,-0,-0,-0,-0,-0,-0,-0,-0,0,0,0,0,0,0,0
10.857,-3.5,0,2,0,0,0,0,0,0,0,0,0,-4.33680869e-19,-0,-1.293984181e-34,-2.484808345e-17,-0,-7.413983235e-33,0,0,0,0,0,0,0,0,0,0,0,0,0,0,0,0,0,-0,-0,-0,-0,-0,-0,-0,-0,0,0,0,0,0,0,0
10.862,-3.5,0,2,0,0,0,0,0,0,0,0,0,-4.33680869e-19,-0,-1.293984181e-34,-2.484808345e-17,-0,-7.413983235e-33,0,0,0,0,0,0,0,0,0,0,0,0,0,0,0,0,0,-0,-0,-0,-0,-0,-0,-0,-0,0,0,0,0,0,0,0
10.867,-3.5,0,2,0,0,0,0,0,0,0,0,0,-4.33680869e-19,-0,-1.293984181e-34,-2.484808345e-17,-0,-7.413983235e-33,0,0,0,0,0,0,0,0,0,0,0,0,0,0,0,0,0,-0,-0,-0,-0,-0,-0,-0,-0,0,0,0,0,0,0,0
10.872,-3.5,0,2,0,0,0,0,0,0,0,0,0,-4.33680869e-19,-0,-1.293984181e-34,-2.484808345e-17,-0,-7.413983235e-33,0,0,0,0,0,0,0,0,0,0,0,0,0,0,0,0,0,-0,-0,-0,-0,-0,-0,-0,-0,0,0,0,0,0,0,0
10.877,-3.5,0,2,0,0,0,0,0,0,0,0,0,-4.33680869e-19,-0,-1.293984181e-34,-2.484808345e-17,-0,-7.413983235e-33,0,0,0,0,0,0,0,0,0,0,0,0,0,0,0,0,0,-0,-0,-0,-0,-0,-0,-0,-0,0,0,0,0,0,0,0
10.882,-3.5,0,2,0,0,0,0,0,0,0,0,0,-4.33680869e-19,-0,-1.293984181e-34,-2.484808345e-17,-0,-7.413983235e-33,0,0,0,0,0,0,0,0,0,0,0,0,0,0,0,0,0,-0,-0,-0,-0,-0,-0,-0,-0,0,0,0,0,0,0,0
10.887,-3.5,0,2,0,0,0,0,0,0,0,0,0,-4.33680869e-19,-0,-1.293984181e-34,-2.484808345e-17,-0,-7.413983235e-33,0,0,0,0,0,0,0,0,0,0,0,0,0,0,0,0,0,-0,-0,-0,-0,-0,-0,-0,-0,0,0,0,0,0,0,0
10.892,-3.5,0,2,0,0,0,0,0,0,0,0,0,-4.33680869e-19,-0,-1.293984181e-34,-2.484808345e-17,-0,-7.413983235e-33,0,0,0,0,0,0,0,0,0,0,0,0,0,0,0,0,0,-0,-0,-0,-0,-0,-0,-0,-0,0,0,0,0,0,0,0
10.897,-3.5,0,2,0,0,0,0,0,0,0,0,0,-4.33680869e-19,-0,-1.293984181e-34,-2.484808345e-17,-0,-7.413983235e-33,0,0,0,0,0,0,0,0,0,0,0,0,0,0,0,0,0,-0,-0,-0,-0,-0,-0,-0,-0,0,0,0,0,0,0,0
10.902,-3.5,0,2,0,0,0,0,0,0,0,0,0,-4.33680869e-19,-0,-1.293984181e-34,-2.484808345e-17,-0,-7.413983235e-33,0,0,0,0,0,0,0,0,0,0,0,0,0,0,0,0,0,-0,-0,-0,-0,-0,-0,-0,-0,0,0,0,0,0,0,0
10.907,-3.5,0,2,0,0,0,0,0,0,0,0,0,-4.33680869e-19,-0,-1.293984181e-34,-2.484808345e-17,-0,-7.413983235e-33,0,0,0,0,0,0,0,0,0,0,0,0,0,0,0,0,0,-0,-0,-0,-0,-0,-0,-0,-0,0,0,0,0,0,0,0
10.912,-3.5,0,2,0,0,0,0,0,0,0,0,0,-4.33680869e-19,-0,-1.293984181e-34,-2.484808345e-17,-0,-7.413983235e-33,0,0,0,0,0,0,0,0,0,0,0,0,0,0,0,0,0,-0,-0,-0,-0,-0,-0,-0,-0,0,0,0,0,0,0,0
10.917,-3.5,0,2,0,0,0,0,0,0,0,0,0,-4.33680869e-19,-0,-1.293984181e-34,-2.484808345e-17,-0,-7.413983235e-33,0,0,0,0,0,0,0,0,0,0,0,0,0,0,0,0,0,-0,-0,-0,-0,-0,-0,-0,-0,0,0,0,0,0,0,0
10.922,-3.5,0,2,0,0,0,0,0,0,0,0,0,-4.33680869e-19,-0,-1.293984181e-34,-2.484808345e-17,-0,-7.413983235e-33,0,0,0,0,0,0,0,0,0,0,0,0,0,0,0,0,0,-0,-0,-0,-0,-0,-0,-0,-0,0,0,0,0,0,0,0
10.927,-3.5,0,2,0,0,0,0,0,0,0,0,0,-4.33680869e-19,-0,-1.293984181e-34,-2.484808345e-17,-0,-7.413983235e-33,0,0,0,0,0,0,0,0,0,0,0,0,0,0,0,0,0,-0,-0,-0,-0,-0,-0,-0,-0,0,0,0,0,0,0,0
10.932,-3.5,0,2,0,0,0,0,0,0,0,0,0,-4.33680869e-19,-0,-1.293984181e-34,-2.484808345e-17,-0,-7.413983235e-33,0,0,0,0,0,0,0,0,0,0,0,0,0,0,0,0,0,-0,-0,-0,-0,-0,-0,-0,-0,0,0,0,0,0,0,0
10.937,-3.5,0,2,0,0,0,0,0,0,0,0,0,-4.33680869e-19,-0,-1.293984181e-34,-2.484808345e-17,-0,-7.413983235e-33,0,0,0,0,0,0,0,0,0,0,0,0,0,0,0,0,0,-0,-0,-0,-0,-0,-0,-0,-0,0,0,0,0,0,0,0
10.942,-3.5,0,2,0,0,0,0,0,0,0,0,0,-4.33680869e-19,-0,-1.293984181e-34,-2.484808345e-17,-0,-7.413983235e-33,0,0,0,0,0,0,0,0,0,0,0,0,0,0,0,0,0,-0,-0,-0,-0,-0,-0,-0,-0,0,0,0,0,0,0,0
10.947,-3.5,0,2,0,0,0,0,0,0,0,0,0,-4.33680869e-19,-0,-1.293984181e-34,-2.484808345e-17,-0,-7.413983235e-33,0,0,0,0,0,0,0,0,0,0,0,0,0,0,0,0,0,-0,-0,-0,-0,-0,-0,-0,-0,0,0,0,0,0,0,0
10.952,-3.5,0,2,0,0,0,0,0,0,0,0,0,-4.33680869e-19,-0,-1.293984181e-34,-2.484808345e-17,-0,-7.413983235e-33,0,0,0,0,0,0,0,0,0,0,0,0,0,0,0,0,0,-0,-0,-0,-0,-0,-0,-0,-0,0,0,0,0,0,0,0
10.957,-3.5,0,2,0,0,0,0,0,0,0,0,0,-4.33680869e-19,-0,-1.293984181e-34,-2.484808345e-17,-0,-7.413983235e-33,0,0,0,0,0,0,0,0,0,0,0,0,0,0,0,0,0,-0,-0,-0,-0,-0,-0,-0,-0,0,0,0,0,0,0,0
10.962,-3.5,0,2,0,0,0,0,0,0,0,0,0,-4.33680869e-19,-0,-1.293984181e-34,-2.484808345e-17,-0,-7.413983235e-33,0,0,0,0,0,0,0,0,0,0,0,0,0,0,0,0,0,-0,-0,-0,-0,-0,-0,-0,-0,0,0,0,0,0,0,0
10.967,-3.5,0,2,0,0,0,0,0,0,0,0,0,-4.33680869e-19,-0,-1.293984181e-34,-2.484808345e-17,-0,-7.413983235e-33,0,0,0,0,0,0,0,0,0,0,0,0,0,0,0,0,0,-0,-0,-0,-0,-0,-0,-0,-0,0,0,0,0,0,0,0
10.972,-3.5,0,2,0,0,0,0,0,0,0,0,0,-4.33680869e-19,-0,-1.293984181e-34,-2.484808345e-17,-0,-7.413983235e-33,0,0,0,0,0,0,0,0,0,0,0,0,0,0,0,0,0,-0,-0,-0,-0,-0,-0,-0,-0,0,0,0,0,0,0,0
10.977,-3.5,0,2,0,0,0,0,0,0,0,0,0,-4.33680869e-19,-0,-1.293984181e-34,-2.484808345e-17,-0,-7.413983235e-33,0,0,0,0,0,0,0,0,0,0,0,0,0,0,0,0,0,-0,-0,-0,-0,-0,-0,-0,-0,0,0,0,0,0,0,0
10.982,-3.5,0,2,0,0,0,0,0,0,0,0,0,-4.33680869e-19,-0,-1.293984181e-34,-2.484808345e-17,-0,-7.413983235e-33,0,0,0,0,0,0,0,0,0,0,0,0,0,0,0,0,0,-0,-0,-0,-0,-0,-0,-0,-0,0,0,0,0,0,0,0
10.987,-3.5,0,2,0,0,0,0,0,0,0,0,0,-4.33680869e-19,-0,-1.293984181e-34,-2.484808345e-17,-0,-7.413983235e-33,0,0,0,0,0,0,0,0,0,0,0,0,0,0,0,0,0,-0,-0,-0,-0,-0,-0,-0,-0,0,0,0,0,0,0,0
10.992,-3.5,0,2,0,0,0,0,0,0,0,0,0,-4.33680869e-19,-0,-1.293984181e-34,-2.484808345e-17,-0,-7.413983235e-33,0,0,0,0,0,0,0,0,0,0,0,0,0,0,0,0,0,-0,-0,-0,-0,-0,-0,-0,-0,0,0,0,0,0,0,0
10.997,-3.5,0,2,0,0,0,0,0,0,0,0,0,-4.33680869e-19,-0,-1.293984181e-34,-2.484808345e-17,-0,-7.413983235e-33,0,0,0,0,0,0,0,0,0,0,0,0,0,0,0,0,0,-0,-0,-0,-0,-0,-0,-0,-0,0,0,0,0,0,0,0
11.002,-3.5,0,2,0,0,0,0,0,0,0,0,0,-4.33680869e-19,-0,-1.293984181e-34,-2.484808345e-17,-0,-7.413983235e-33,0,0,0,0,0,0,0,0,0,0,0,0,0,0,0,0,0,-0,-0,-0,-0,-0,-0,-0,-0,0,0,0,0,0,0,0
11.007,-3.5,0,2,0,0,0,0,0,0,0,0,0,-4.33680869e-19,-0,-1.293984181e-34,-2.484808345e-17,-0,-7.413983235e-33,0,0,0,0,0,0,0,0,0,0,0,0,0,0,0,0,0,-0,-0,-0,-0,-0,-0,-0,-0,0,0,0,0,0,0,0
11.012,-3.5,0,2,0,0,0,0,0,0,0,0,0,-4.33680869e-19,-0,-1.293984181e-34,-2.484808345e-17,-0,-7.413983235e-33,0,0,0,0,0,0,0,0,0,0,0,0,0,0,0,0,0,-0,-0,-0,-0,-0,-0,-0,-0,0,0,0,0,0,0,0
11.017,-3.5,0,2,0,0,0,0,0,0,0,0,0,-4.33680869e-19,-0,-1.293984181e-34,-2.484808345e-17,-0,-7.413983235e-33,0,0,0,0,0,0,0,0,0,0,0,0,0,0,0,0,0,-0,-0,-0,-0,-0,-0,-0,-0,0,0,0,0,0,0,0
11.022,-3.5,0,2,0,0,0,0,0,0,0,0,0,-4.33680869e-19,-0,-1.293984181e-34,-2.484808345e-17,-0,-7.413983235e-33,0,0,0,0,0,0,0,0,0,0,0,0,0,0,0,0,0,-0,-0,-0,-0,-0,-0,-0,-0,0,0,0,0,0,0,0
11.027,-3.5,0,2,0,0,0,0,0,0,0,0,0,-4.33680869e-19,-0,-1.293984181e-34,-2.484808345e-17,-0,-7.413983235e-33,0,0,0,0,0,0,0,0,0,0,0,0,0,0,0,0,0,-0,-0,-0,-0,-0,-0,-0,-0,0,0,0,0,0,0,0
11.032,-3.5,0,2,0,0,0,0,0,0,0,0,0,-4.33680869e-19,-0,-1.293984181e-34,-2.484808345e-17,-0,-7.413983235e-33,0,0,0,0,0,0,0,0,0,0,0,0,0,0,0,0,0,-0,-0,-0,-0,-0,-0,-0,-0,0,0,0,0,0,0,0
11.037,-3.5,0,2,0,0,0,0,0,0,0,0,0,-4.33680869e-19,-0,-1.293984181e-34,-2.484808345e-17,-0,-7.413983235e-33,0,0,0,0,0,0,0,0,0,0,0,0,0,0,0,0,0,-0,-0,-0,-0,-0,-0,-0,-0,0,0,0,0,0,0,0
11.042,-3.5,0,2,0,0,0,0,0,0,0,0,0,-4.33680869e-19,-0,-1.293984181e-34,-2.484808345e-17,-0,-7.413983235e-33,0,0,0,0,0,0,0,0,0,0,0,0,0,0,0,0,0,-0,-0,-0,-0,-0,-0,-0,-0,0,0,0,0,0,0,0
11.047,-3.5,0,2,0,0,0,0,0,0,0,0,0,-4.33680869e-19,-0,-1.293984181e-34,-2.484808345e-17,-0,-7.413983235e-33,0,0,0,0,0,0,0,0,0,0,0,0,0,0,0,0,0,-0,-0,-0,-0,-0,-0,-0,-0,0,0,0,0,0,0,0
11.052,-3.5,0,2,0,0,0,0,0,0,0,0,0,-4.33680869e-19,-0,-1.293984181e-34,-2.484808345e-17,-0,-7.413983235e-33,0,0,0,0,0,0,0,0,0,0,0,0,0,0,0,0,0,-0,-0,-0,-0,-0,-0,-0,-0,0,0,0,0,0,0,0
11.057,-3.5,0,2,0,0,0,0,0,0,0,0,0,-4.33680869e-19,-0,-1.293984181e-34,-2.484808345e-17,-0,-7.413983235e-33,0,0,0,0,0,0,0,0,0,0,0,0,0,0,0,0,0,-0,-0,-0,-0,-0,-0,-0,-0,0,0,0,0,0,0,0
11.062,-3.5,0,2,0,0,0,0,0,0,0,0,0,-4.33680869e-19,-0,-1.293984181e-34,-2.484808345e-17,-0,-7.413983235e-33,0,0,0,0,0,0,0,0,0,0,0,0,0,0,0,0,0,-0,-0,-0,-0,-0,-0,-0,-0,0,0,0,0,0,0,0
11.067,-3.5,0,2,0,0,0,0,0,0,0,0,0,-4.33680869e-19,-0,-1.293984181e-34,-2.484808345e-17,-0,-7.413983235e-33,0,0,0,0,0,0,0,0,0,0,0,0,0,0,0,0,0,-0,-0,-0,-0,-0,-0,-0,-0,0,0,0,0,0,0,0
11.072,-3.5,0,2,0,0,0,0,0,0,0,0,0,-4.33680869e-19,-0,-1.293984181e-34,-2.484808345e-17,-0,-7.413983235e-33,0,0,0,0,0,0,0,0,0,0,0,0,0,0,0,0,0,-0,-0,-0,-0,-0,-0,-0,-0,0,0,0,0,0,0,0
11.077,-3.5,0,2,0,0,0,0,0,0,0,0,0,-4.33680869e-19,-0,-1.293984181e-34,-2.484808345e-17,-0,-7.413983235e-33,0,0,0,0,0,0,0,0,0,0,0,0,0,0,0,0,0,-0,-0,-0,-0,-0,-0,-0,-0,0,0,0,0,0,0,0
11.082,-3.5,0,2,0,0,0,0,0,0,0,0,0,-4.33680869e-19,-0,-1.293984181e-34,-2.484808345e-17,-0,-7.413983235e-33,0,0,0,0,0,0,0,0,0,0,0,0,0,0,0,0,0,-0,-0,-0,-0,-0,-0,-0,-0,0,0,0,0,0,0,0
11.087,-3.5,0,2,0,0,0,0,0,0,0,0,0,-4.33680869e-19,-0,-1.293984181e-34,-2.484808345e-17,-0,-7.413983235e-33,0,0,0,0,0,0,0,0,0,0,0,0,0,0,0,0,0,-0,-0,-0,-0,-0,-0,-0,-0,0,0,0,0,0,0,0
11.092,-3.5,0,2,0,0,0,0,0,0,0,0,0,-4.33680869e-19,-0,-1.293984181e-34,-2.484808345e-17,-0,-7.413983235e-33,0,0,0,0,0,0,0,0,0,0,0,0,0,0,0,0,0,-0,-0,-0,-0,-0,-0,-0,-0,0,0,0,0,0,0,0
11.097,-3.5,0,2,0,0,0,0,0,0,0,0,0,-4.33680869e-19,-0,-1.293984181e-34,-2.484808345e-17,-0,-7.413983235e-33,0,0,0,0,0,0,0,0,0,0,0,0,0,0,0,0,0,-0,-0,-0,-0,-0,-0,-0,-0,0,0,0,0,0,0,0
11.102,-3.5,0,2,0,0,0,0,0,0,0,0,0,-4.33680869e-19,-0,-1.293984181e-34,-2.484808345e-17,-0,-7.413983235e-33,0,0,0,0,0,0,0,0,0,0,0,0,0,0,0,0,0,-0,-0,-0,-0,-0,-0,-0,-0,0,0,0,0,0,0,0
11.107,-3.5,0,2,0,0,0,0,0,0,0,0,0,-4.33680869e-19,-0,-1.293984181e-34,-2.484808345e-17,-0,-7.413983235e-33,0,0,0,0,0,0,0,0,0,0,0,0,0,0,0,0,0,-0,-0,-0,-0,-0,-0,-0,-0,0,0,0,0,0,0,0
11.112,-3.5,0,2,0,0,0,0,0,0,0,0,0,-4.33680869e-19,-0,-1.293984181e-34,-2.484808345e-17,-0,-7.413983235e-33,0,0,0,0,0,0,0,0,0,0,0,0,0,0,0,0,0,-0,-0,-0,-0,-0,-0,-0,-0,0,0,0,0,0,0,0
11.117,-3.5,0,2,0,0,0,0,0,0,0,0,0,-4.33680869e-19,-0,-1.293984181e-34,-2.484808345e-17,-0,-7.413983235e-33,0,0,0,0,0,0,0,0,0,0,0,0,0,0,0,0,0,-0,-0,-0,-0,-0,-0,-0,-0,0,0,0,0,0,0,0
11.122,-3.5,0,2,0,0,0,0,0,0,0,0,0,-4.33680869e-19,-0,-1.293984181e-34,-2.484808345e-17,-0,-7.413983235e-33,0,0,0,0,0,0,0,0,0,0,0,0,0,0,0,0,0,-0,-0,-0,-0,-0,-0,-0,-0,0,0,0,0,0,0,0
11.127,-3.5,0,2,0,0,0,0,0,0,0,0,0,-4.33680869e-19,-0,-1.293984181e-34,-2.484808345e-17,-0,-7.413983235e-33,0,0,0,0,0,0,0,0,0,0,0,0,0,0,0,0,0,-0,-0,-0,-0,-0,-0,-0,-0,0,0,0,0,0,0,0
11.132,-3.5,0,2,0,0,0,0,0,0,0,0,0,-4.33680869e-19,-0,-1.293984181e-34,-2.484808345e-17,-0,-7.413983235e-33,0,0,0,0,0,0,0,0,0,0,0,0,0,0,0,0,0,-0,-0,-0,-0,-0,-0,-0,-0,0,0,0,0,0,0,0
11.137,-3.5,0,2,0,0,0,0,0,0,0,0,0,-4.33680869e-19,-0,-1.293984181e-34,-2.484808345e-17,-0,-7.413983235e-33,0,0,0,0,0,0,0,0,0,0,0,0,0,0,0,0,0,-0,-0,-0,-0,-0,-0,-0,-0,0,0,0,0,0,0,0
11.142,-3.5,0,2,0,0,0,0,0,0,0,0,0,-4.33680869e-19,-0,-1.293984181e-34,-2.484808345e-17,-0,-7.413983235e-33,0,0,0,0,0,0,0,0,0,0,0,0,0,0,0,0,0,-0,-0,-0,-0,-0,-0,-0,-0,0,0,0,0,0,0,0
11.147,-3.5,0,2,0,0,0,0,0,0,0,0,0,-4.33680869e-19,-0,-1.293984181e-34,-2.484808345e-17,-0,-7.413983235e-33,0,0,0,0,0,0,0,0,0,0,0,0,0,0,0,0,0,-0,-0,-0,-0,-0,-0,-0,-0,0,0,0,0,0,0,0
11.152,-3.5,0,2,0,0,0,0,0,0,0,0,0,-4.33680869e-19,-0,-1.293984181e-34,-2.484808345e-17,-0,-7.413983235e-33,0,0,0,0,0,0,0,0,0,0,0,0,0,0,0,0,0,-0,-0,-0,-0,-0,-0,-0,-0,0,0,0,0,0,0,0
11.157,-3.5,0,2,0,0,0,0,0,0,0,0,0,-4.33680869e-19,-0,-1.293984181e-34,-2.484808345e-17,-0,-7.413983235e-33,0,0,0,0,0,0,0,0,0,0,0,0,0,0,0,0,0,-0,-0,-0,-0,-0,-0,-0,-0,0,0,0,0,0,0,0
11.162,-3.5,0,2,0,0,0,0,0,0,0,0,0,-4.33680869e-19,-0,-1.293984181e-34,-2.484808345e-17,-0,-7.413983235e-33,0,0,0,0,0,0,0,0,0,0,0,0,0,0,0,0,0,-0,-0,-0,-0,-0,-0,-0,-0,0,0,0,0,0,0,0
11.167,-3.5,0,2,0,0,0,0,0,0,0,0,0,-4.33680869e-19,-0,-1.293984181e-34,-2.484808345e-17,-0,-7.413983235e-33,0,0,0,0,0,0,0,0,0,0,0,0,0,0,0,0,0,-0,-0,-0,-0,-0,-0,-0,-0,0,0,0,0,0,0,0
11.172,-3.5,0,2,0,0,0,0,0,0,0,0,0,-4.33680869e-19,-0,-1.293984181e-34,-2.484808345e-17,-0,-7.413983235e-33,0,0,0,0,0,0,0,0,0,0,0,0,0,0,0,0,0,-0,-0,-0,-0,-0,-0,-0,-0,0,0,0,0,0,0,0
11.177,-3.5,0,2,0,0,0,0,0,0,0,0,0,-4.33680869e-19,-0,-1.293984181e-34,-2.484808345e-17,-0,-7.413983235e-33,0,0,0,0,0,0,0,0,0,0,0,0,0,0,0,0,0,-0,-0,-0,-0,-0,-0,-0,-0,0,0,0,0,0,0,0
11.182,-3.5,0,2,0,0,0,0,0,0,0,0,0,-4.33680869e-19,-0,-1.293984181e-34,-2.484808345e-17,-0,-7.413983235e-33,0,0,0,0,0,0,0,0,0,0,0,0,0,0,0,0,0,-0,-0,-0,-0,-0,-0,-0,-0,0,0,0,0,0,0,0
11.187,-3.5,0,2,0,0,0,0,0,0,0,0,0,-4.33680869e-19,-0,-1.293984181e-34,-2.484808345e-17,-0,-7.413983235e-33,0,0,0,0,0,0,0,0,0,0,0,0,0,0,0,0,0,-0,-0,-0,-0,-0,-0,-0,-0,0,0,0,0,0,0,0
11.192,-3.5,0,2,0,0,0,0,0,0,0,0,0,-4.33680869e-19,-0,-1.293984181e-34,-2.484808345e-17,-0,-7.413983235e-33,0,0,0,0,0,0,0,0,0,0,0,0,0,0,0,0,0,-0,-0,-0,-0,-0,-0,-0,-0,0,0,0,0,0,0,0
11.197,-3.5,0,2,0,0,0,0,0,0,0,0,0,-4.33680869e-19,-0,-1.293984181e-34,-2.484808345e-17,-0,-7.413983235e-33,0,0,0,0,0,0,0,0,0,0,0,0,0,0,0,0,0,-0,-0,-0,-0,-0,-0,-0,-0,0,0,0,0,0,0,0
11.202,-3.5,0,2,0,0,0,0,0,0,0,0,0,-4.33680869e-19,-0,-1.293984181e-34,-2.484808345e-17,-0,-7.413983235e-33,0,0,0,0,0,0,0,0,0,0,0,0,0,0,0,0,0,-0,-0,-0,-0,-0,-0,-0,-0,0,0,0,0,0,0,0
11.207,-3.5,0,2,0,0,0,0,0,0,0,0,0,-4.33680869e-19,-0,-1.293984181e-34,-2.484808345e-17,-0,-7.413983235e-33,0,0,0,0,0,0,0,0,0,0,0,0,0,0,0,0,0,-0,-0,-0,-0,-0,-0,-0,-0,0,0,0,0,0,0,0
11.212,-3.5,0,2,0,0,0,0,0,0,0,0,0,-4.33680869e-19,-0,-1.293984181e-34,-2.484808345e-17,-0,-7.413983235e-33,0,0,0,0,0,0,0,0,0,0,0,0,0,0,0,0,0,-0,-0,-0,-0,-0,-0,-0,-0,0,0,0,0,0,0,0
11.217,-3.5,0,2,0,0,0,0,0,0,0,0,0,-4.33680869e-19,-0,-1.293984181e-34,-2.484808345e-17,-0,-7.413983235e-33,0,0,0,0,0,0,0,0,0,0,0,0,0,0,0,0,0,-0,-0,-0,-0,-0,-0,-0,-0,0,0,0,0,0,0,0
11.222,-3.5,0,2,0,0,0,0,0,0,0,0,0,-4.33680869e-19,-0,-1.293984181e-34,-2.484808345e-17,-0,-7.413983235e-33,0,0,0,0,0,0,0,0,0,0,0,0,0,0,0,0,0,-0,-0,-0,-0,-0,-0,-0,-0,0,0,0,0,0,0,0
11.227,-3.5,0,2,0,0,0,0,0,0,0,0,0,-4.33680869e-19,-0,-1.293984181e-34,-2.484808345e-17,-0,-7.413983235e-33,0,0,0,0,0,0,0,0,0,0,0,0,0,0,0,0,0,-0,-0,-0,-0,-0,-0,-0,-0,0,0,0,0,0,0,0
11.232,-3.5,0,2,0,0,0,0,0,0,0,0,0,-4.33680869e-19,-0,-1.293984181e-34,-2.484808345e-17,-0,-7.413983235e-33,0,0,0,0,0,0,0,0,0,0,0,0,0,0,0,0,0,-0,-0,-0,-0,-0,-0,-0,-0,0,0,0,0,0,0,0
11.237,-3.5,0,2,0,0,0,0,0,0,0,0,0,-4.33680869e-19,-0,-1.293984181e-34,-2.484808345e-17,-0,-7.413983235e-33,0,0,0,0,0,0,0,0,0,0,0,0,0,0,0,0,0,-0,-0,-0,-0,-0,-0,-0,-0,0,0,0,0,0,0,0
11.242,-3.5,0,2,0,0,0,0,0,0,0,0,0,-4.33680869e-19,-0,-1.293984181e-34,-2.484808345e-17,-0,-7.413983235e-33,0,0,0,0,0,0,0,0,0,0,0,0,0,0,0,0,0,-0,-0,-0,-0,-0,-0,-0,-0,0,0,0,0,0,0,0
11.247,-3.5,0,2,0,0,0,0,0,0,0,0,0,-4.33680869e-19,-0,-1.293984181e-34,-2.484808345e-17,-0,-7.413983235e-33,0,0,0,0,0,0,0,0,0,0,0,0,0,0,0,0,0,-0,-0,-0,-0,-0,-0,-0,-0,0,0,0,0,0,0,0
11.252,-3.5,0,2,0,0,0,0,0,0,0,0,0,-4.33680869e-19,-0,-1.293984181e-34,-2.484808345e-17,-0,-7.413983235e-33,0,0,0,0,0,0,0,0,0,0,0,0,0,0,0,0,0,-0,-0,-0,-0,-0,-0,-0,-0,0,0,0,0,0,0,0
11.257,-3.5,0,2,0,0,0,0,0,0,0,0,0,-4.33680869e-19,-0,-1.293984181e-34,-2.484808345e-17,-0,-7.413983235e-33,0,0,0,0,0,0,0,0,0,0,0,0,0,0,0,0,0,-0,-0,-0,-0,-0,-0,-0,-0,0,0,0,0,0,0,0
11.262,-3.5,0,2,0,0,0,0,0,0,0,0,0,-4.33680869e-19,-0,-1.293984181e-34,-2.484808345e-17,-0,-7.413983235e-33,0,0,0,0,0,0,0,0,0,0,0,0,0,0,0,0,0,-0,-0,-0,-0,-0,-0,-0,-0,0,0,0,0,0,0,0
11.267,-3.5,0,2,0,0,0,0,0,0,0,0,0,-4.33680869e-19,-0,-1.293984181e-34,-2.484808345e-17,-0,-7.413983235e-33,0,0,0,0,0,0,0,0,0,0,0,0,0,0,0,0,0,-0,-0,-0,-0,-0,-0,-0,-0,0,0,0,0,0,0,0
11.272,-3.5,0,2,0,0,0,0,0,0,0,0,0,-4.33680869e-19,-0,-1.293984181e-34,-2.484808345e-17,-0,-7.413983235e-33,0,0,0,0,0,0,0,0,0,0,0,0,0,0,0,0,0,-0,-0,-0,-0,-0,-0,-0,-0,0,0,0,0,0,0,0
11.277,-3.5,0,2,0,0,0,0,0,0,0,0,0,-4.33680869e-19,-0,-1.293984181e-34,-2.484808345e-17,-0,-7.413983235e-33,0,0,0,0,0,0,0,0,0,0,0,0,0,0,0,0,0,-0,-0,-0,-0,-0,-0,-0,-0,0,0,0,0,0,0,0
11.282,-3.5,0,2,0,0,0,0,0,0,0,0,0,-4.33680869e-19,-0,-1.293984181e-34,-2.484808345e-17,-0,-7.413983235e-33,0,0,0,0,0,0,0,0,0,0,0,0,0,0,0,0,0,-0,-0,-0,-0,-0,-0,-0,-0,0,0,0,0,0,0,0
11.287,-3.5,0,2,0,0,0,0,0,0,0,0,0,-4.33680869e-19,-0,-1.293984181e-34,-2.484808345e-17,-0,-7.413983235e-33,0,0,0,0,0,0,0,0,0,0,0,0,0,0,0,0,0,-0,-0,-0,-0,-0,-0,-0,-0,0,0,0,0,0,0,0
11.292,-3.5,0,2,0,0,0,0,0,0,0,0,0,-4.33680869e-19,-0,-1.293984181e-34,-2.484808345e-17,-0,-7.413983235e-33,0,0,0,0,0,0,0,0,0,0,0,0,0,0,0,0,0,-0,-0,-0,-0,-0,-0,-0,-0,0,0,0,0,0,0,0
11.297,-3.5,0,2,0,0,0,0,0,0,0,0,0,-4.33680869e-19,-0,-1.293984181e-34,-2.484808345e-17,-0,-7.413983235e-33,0,0,0,0,0,0,0,0,0,0,0,0,0,0,0,0,0,-0,-0,-0,-0,-0,-0,-0,-0,0,0,0,0,0,0,0
11.302,-3.5,0,2,0,0,0,0,0,0,0,0,0,-4.33680869e-19,-0,-1.293984181e-34,-2.484808345e-17,-0,-7.413983235e-33,0,0,0,0,0,0,0,0,0,0,0,0,0,0,0,0,0,-0,-0,-0,-0,-0,-0,-0,-0,0,0,0,0,0,0,0
11.307,-3.5,0,2,0,0,0,0,0,0,0,0,0,-4.33680869e-19,-0,-1.293984181e-34,-2.484808345e-17,-0,-7.413983235e-33,0,0,0,0,0,0,0,0,0,0,0,0,0,0,0,0,0,-0,-0,-0,-0,-0,-0,-0,-0,0,0,0,0,0,0,0
11.312,-3.5,0,2,0,0,0,0,0,0,0,0,0,-4.33680869e-19,-0,-1.293984181e-34,-2.484808345e-17,-0,-7.413983235e-33,0,0,0,0,0,0,0,0,0,0,0,0,0,0,0,0,0,-0,-0,-0,-0,-0,-0,-0,-0,0,0,0,0,0,0,0
11.317,-3.5,0,2,0,0,0,0,0,0,0,0,0,-4.33680869e-19,-0,-1.293984181e-34,-2.484808345e-17,-0,-7.413983235e-33,0,0,0,0,0,0,0,0,0,0,0,0,0,0,0,0,0,-0,-0,-0,-0,-0,-0,-0,-0,0,0,0,0,0,0,0
11.322,-3.5,0,2,0,0,0,0,0,0,0,0,0,-4.33680869e-19,-0,-1.293984181e-34,-2.484808345e-17,-0,-7.413983235e-33,0,0,0,0,0,0,0,0,0,0,0,0,0,0,0,0,0,-0,-0,-0,-0,-0,-0,-0,-0,0,0,0,0,0,0,0
11.327,-3.5,0,2,0,0,0,0,0,0,0,0,0,-4.33680869e-19,-0,-1.293984181e-34,-2.484808345e-17,-0,-7.413983235e-33,0,0,0,0,0,0,0,0,0,0,0,0,0,0,0,0,0,-0,-0,-0,-0,-0,-0,-0,-0,0,0,0,0,0,0,0
11.332,-3.5,0,2,0,0,0,0,0,0,0,0,0,-4.33680869e-19,-0,-1.293984181e-34,-2.484808345e-17,-0,-7.413983235e-33,0,0,0,0,0,0,0,0,0,0,0,0,0,0,0,0,0,-0,-0,-0,-0,-0,-0,-0,-0,0,0,0,0,0,0,0
11.337,-3.5,0,2,0,0,0,0,0,0,0,0,0,-4.33680869e-19,-0,-1.293984181e-34,-2.484808345e-17,-0,-7.413983235e-33,0,0,0,0,0,0,0,0,0,0,0,0,0,0,0,0,0,-0,-0,-0,-0,-0,-0,-0,-0,0,0,0,0,0,0,0
11.342,-3.5,0,2,0,0,0,0,0,0,0,0,0,-4.33680869e-19,-0,-1.293984181e-34,-2.484808345e-17,-0,-7.413983235e-33,0,0,0,0,0,0,0,0,0,0,0,0,0,0,0,0,0,-0,-0,-0,-0,-0,-0,-0,-0,0,0,0,0,0,0,0
11.347,-3.5,0,2,0,0,0,0,0,0,0,0,0,-4.33680869e-19,-0,-1.293984181e-34,-2.484808345e-17,-0,-7.413983235e-33,0,0,0,0,0,0,0,0,0,0,0,0,0,0,0,0,0,-0,-0,-0,-0,-0,-0,-0,-0,0,0,0,0,0,0,0
11.352,-3.5,0,2,0,0,0,0,0,0,0,0,0,-4.33680869e-19,-0,-1.293984181e-34,-2.484808345e-17,-0,-7.413983235e-33,0,0,0,0,0,0,0,0,0,0,0,0,0,0,0,0,0,-0,-0,-0,-0,-0,-0,-0,-0,0,0,0,0,0,0,0
11.357,-3.5,0,2,0,0,0,0,0,0,0,0,0,-4.33680869e-19,-0,-1.293984181e-34,-2.484808345e-17,-0,-7.413983235e-33,0,0,0,0,0,0,0,0,0,0,0,0,0,0,0,0,0,-0,-0,-0,-0,-0,-0,-0,-0,0,0,0,0,0,0,0
11.362,-3.5,0,2,0,0,0,0,0,0,0,0,0,-4.33680869e-19,-0,-1.293984181e-34,-2.484808345e-17,-0,-7.413983235e-33,0,0,0,0,0,0,0,0,0,0,0,0,0,0,0,0,0,-0,-0,-0,-0,-0,-0,-0,-0,0,0,0,0,0,0,0
11.367,-3.5,0,2,0,0,0,0,0,0,0,0,0,-4.33680869e-19,-0,-1.293984181e-34,-2.484808345e-17,-0,-7.413983235e-33,0,0,0,0,0,0,0,0,0,0,0,0,0,0,0,0,0,-0,-0,-0,-0,-0,-0,-0,-0,0,0,0,0,0,0,0
11.372,-3.5,0,2,0,0,0,0,0,0,0,0,0,-4.33680869e-19,-0,-1.293984181e-34,-2.484808345e-17,-0,-7.413983235e-33,0,0,0,0,0,0,0,0,0,0,0,0,0,0,0,0,0,-0,-0,-0,-0,-0,-0,-0,-0,0,0,0,0,0,0,0
11.377,-3.5,0,2,0,0,0,0,0,0,0,0,0,-4.33680869e-19,-0,-1.293984181e-34,-2.484808345e-17,-0,-7.413983235e-33,0,0,0,0,0,0,0,0,0,0,0,0,0,0,0,0,0,-0,-0,-0,-0,-0,-0,-0,-0,0,0,0,0,0,0,0
11.382,-3.5,0,2,0,0,0,0,0,0,0,0,0,-4.33680869e-19,-0,-1.293984181e-34,-2.484808345e-17,-0,-7.413983235e-33,0,0,0,0,0,0,0,0,0,0,0,0,0,0,0,0,0,-0,-0,-0,-0,-0,-0,-0,-0,0,0,0,0,0,0,0
11.387,-3.5,0,2,0,0,0,0,0,0,0,0,0,-4.33680869e-19,-0,-1.293984181e-34,-2.484808345e-17,-0,-7.413983235e-33,0,0,0,0,0,0,0,0,0,0,0,0,0,0,0,0,0,-0,-0,-0,-0,-0,-0,-0,-0,0,0,0,0,0,0,0
11.392,-3.5,0,2,0,0,0,0,0,0,0,0,0,-4.33680869e-19,-0,-1.293984181e-34,-2.484808345e-17,-0,-7.413983235e-33,0,0,0,0,0,0,0,0,0,0,0,0,0,0,0,0,0,-0,-0,-0,-0,-0,-0,-0,-0,0,0,0,0,0,0,0
11.397,-3.5,0,2,0,0,0,0,0,0,0,0,0,-4.33680869e-19,-0,-1.293984181e-34,-2.484808345e-17,-0,-7.413983235e-33,0,0,0,0,0,0,0,0,0,0,0,0,0,0,0,0,0,-0,-0,-0,-0,-0,-0,-0,-0,0,0,0,0,0,0,0
11.402,-3.5,0,2,0,0,0,0,0,0,0,0,0,-4.33680869e-19,-0,-1.293984181e-34,-2.484808345e-17,-0,-7.413983235e-33,0,0,0,0,0,0,0,0,0,0,0,0,0,0,0,0,0,-0,-0,-0,-0,-0,-0,-0,-0,0,0,0,0,0,0,0
11.407,-3.5,0,2,0,0,0,0,0,0,0,0,0,-4.33680869e-19,-0,-1.293984181e-34,-2.484808345e-17,-0,-7.413983235e-33,0,0,0,0,0,0,0,0,0,0,0,0,0,0,0,0,0,-0,-0,-0,-0,-0,-0,-0,-0,0,0,0,0,0,0,0
11.412,-3.5,0,2,0,0,0,0,0,0,0,0,0,-4.33680869e-19,-0,-1.293984181e-34,-2.484808345e-17,-0,-7.413983235e-33,0,0,0,0,0,0,0,0,0,0,0,0,0,0,0,0,0,-0,-0,-0,-0,-0,-0,-0,-0,0,0,0,0,0,0,0
11.417,-3.5,0,2,0,0,0,0,0,0,0,0,0,-4.33680869e-19,-0,-1.293984181e-34,-2.484808345e-17,-0,-7.413983235e-33,0,0,0,0,0,0,0,0,0,0,0,0,0,0,0,0,0,-0,-0,-0,-0,-0,-0,-0,-0,0,0,0,0,0,0,0
11.422,-3.5,0,2,0,0,0,0,0,0,0,0,0,-4.33680869e-19,-0,-1.293984181e-34,-2.484808345e-17,-0,-7.413983235e-33,0,0,0,0,0,0,0,0,0,0,0,0,0,0,0,0,0,-0,-0,-0,-0,-0,-0,-0,-0,0,0,0,0,0,0,0
11.427,-3.5,0,2,0,0,0,0,0,0,0,0,0,-4.33680869e-19,-0,-1.293984181e-34,-2.484808345e-17,-0,-7.413983235e-33,0,0,0,0,0,0,0,0,0,0,0,0,0,0,0,0,0,-0,-0,-0,-0,-0,-0,-0,-0,0,0,0,0,0,0,0
11.432,-3.5,0,2,0,0,0,0,0,0,0,0,0,-4.33680869e-19,-0,-1.293984181e-34,-2.484808345e-17,-0,-7.413983235e-33,0,0,0,0,0,0,0,0,0,0,0,0,0,0,0,0,0,-0,-0,-0,-0,-0,-0,-0,-0,0,0,0,0,0,0,0
11.437,-3.5,0,2,0,0,0,0,0,0,0,0,0,-4.33680869e-19,-0,-1.293984181e-34,-2.484808345e-17,-0,-7.413983235e-33,0,0,0,0,0,0,0,0,0,0,0,0,0,0,0,0,0,-0,-0,-0,-0,-0,-0,-0,-0,0,0,0,0,0,0,0
11.442,-3.5,0,2,0,0,0,0,0,0,0,0,0,-4.33680869e-19,-0,-1.293984181e-34,-2.484808345e-17,-0,-7.413983235e-33,0,0,0,0,0,0,0,0,0,0,0,0,0,0,0,0,0,-0,-0,-0,-0,-0,-0,-0,-0,0,0,0,0,0,0,0
11.447,-3.5,0,2,0,0,0,0,0,0,0,0,0,-4.33680869e-19,-0,-1.293984181e-34,-2.484808345e-17,-0,-7.413983235e-33,0,0,0,0,0,0,0,0,0,0,0,0,0,0,0,0,0,-0,-0,-0,-0,-0,-0,-0,-0,0,0,0,0,0,0,0
11.452,-3.5,0,2,0,0,0,0,0,0,0,0,0,-4.33680869e-19,-0,-1.293984181e-34,-2.484808345e-17,-0,-7.413983235e-33,0,0,0,0,0,0,0,0,0,0,0,0,0,0,0,0,0,-0,-0,-0,-0,-0,-0,-0,-0,0,0,0,0,0,0,0
11.457,-3.5,0,2,0,0,0,0,0,0,0,0,0,-4.33680869e-19,-0,-1.293984181e-34,-2.484808345e-17,-0,-7.413983235e-33,0,0,0,0,0,0,0,0,0,0,0,0,0,0,0,0,0,-0,-0,-0,-0,-0,-0,-0,-0,0,0,0,0,0,0,0
11.462,-3.5,0,2,0,0,0,0,0,0,0,0,0,-4.33680869e-19,-0,-1.293984181e-34,-2.484808345e-17,-0,-7.413983235e-33,0,0,0,0,0,0,0,0,0,0,0,0,0,0,0,0,0,-0,-0,-0,-0,-0,-0,-0,-0,0,0,0,0,0,0,0
11.467,-3.5,0,2,0,0,0,0,0,0,0,0,0,-4.33680869e-19,-0,-1.293984181e-34,-2.484808345e-17,-0,-7.413983235e-33,0,0,0,0,0,0,0,0,0,0,0,0,0,0,0,0,0,-0,-0,-0,-0,-0,-0,-0,-0,0,0,0,0,0,0,0
11.472,-3.5,0,2,0,0,0,0,0,0,0,0,0,-4.33680869e-19,-0,-1.293984181e-34,-2.484808345e-17,-0,-7.413983235e-33,0,0,0,0,0,0,0,0,0,0,0,0,0,0,0,0,0,-0,-0,-0,-0,-0,-0,-0,-0,0,0,0,0,0,0,0
11.477,-3.5,0,2,0,0,0,0,0,0,0,0,0,-4.33680869e-19,-0,-1.293984181e-34,-2.484808345e-17,-0,-7.413983235e-33,0,0,0,0,0,0,0,0,0,0,0,0,0,0,0,0,0,-0,-0,-0,-0,-0,-0,-0,-0,0,0,0,0,0,0,0
11.482,-3.5,0,2,0,0,0,0,0,0,0,0,0,-4.33680869e-19,-0,-1.293984181e-34,-2.484808345e-17,-0,-7.413983235e-33,0,0,0,0,0,0,0,0,0,0,0,0,0,0,0,0,0,-0,-0,-0,-0,-0,-0,-0,-0,0,0,0,0,0,0,0
11.487,-3.5,0,2,0,0,0,0,0,0,0,0,0,-4.33680869e-19,-0,-1.293984181e-34,-2.484808345e-17,-0,-7.413983235e-33,0,0,0,0,0,0,0,0,0,0,0,0,0,0,0,0,0,-0,-0,-0,-0,-0,-0,-0,-0,0,0,0,0,0,0,0
11.492,-3.5,0,2,0,0,0,0,0,0,0,0,0,-4.33680869e-19,-0,-1.293984181e-34,-2.484808345e-17,-0,-7.413983235e-33,0,0,0,0,0,0,0,0,0,0,0,0,0,0,0,0,0,-0,-0,-0,-0,-0,-0,-0,-0,0,0,0,0,0,0,0
11.497,-3.5,0,2,0,0,0,0,0,0,0,0,0,-4.33680869e-19,-0,-1.293984181e-34,-2.484808345e-17,-0,-7.413983235e-33,0,0,0,0,0,0,0,0,0,0,0,0,0,0,0,0,0,-0,-0,-0,-0,-0,-0,-0,-0,0,0,0,0,0,0,0
11.502,-3.5,0,2,0,0,0,0,0,0,0,0,0,-4.33680869e-19,-0,-1.293984181e-34,-2.484808345e-17,-0,-7.413983235e-33,0,0,0,0,0,0,0,0,0,0,0,0,0,0,0,0,0,-0,-0,-0,-0,-0,-0,-0,-0,0,0,0,0,0,0,0
11.507,-3.5,0,2,0,0,0,0,0,0,0,0,0,-4.33680869e-19,-0,-1.293984181e-34,-2.484808345e-17,-0,-7.413983235e-33,0,0,0,0,0,0,0,0,0,0,0,0,0,0,0,0,0,-0,-0,-0,-0,-0,-0,-0,-0,0,0,0,0,0,0,0
11.512,-3.5,0,2,0,0,0,0,0,0,0,0,0,-4.33680869e-19,-0,-1.293984181e-34,-2.484808345e-17,-0,-7.413983235e-33,0,0,0,0,0,0,0,0,0,0,0,0,0,0,0,0,0,-0,-0,-0,-0,-0,-0,-0,-0,0,0,0,0,0,0,0
11.517,-3.5,0,2,0,0,0,0,0,0,0,0,0,-4.33680869e-19,-0,-1.293984181e-34,-2.484808345e-17,-0,-7.413983235e-33,0,0,0,0,0,0,0,0,0,0,0,0,0,0,0,0,0,-0,-0,-0,-0,-0,-0,-0,-0,0,0,0,0,0,0,0
11.522,-3.5,0,2,0,0,0,0,0,0,0,0,0,-4.33680869e-19,-0,-1.293984181e-34,-2.484808345e-17,-0,-7.413983235e-33,0,0,0,0,0,0,0,0,0,0,0,0,0,0,0,0,0,-0,-0,-0,-0,-0,-0,-0,-0,0,0,0,0,0,0,0
11.527,-3.5,0,2,0,0,0,0,0,0,0,0,0,-4.33680869e-19,-0,-1.293984181e-34,-2.484808345e-17,-0,-7.413983235e-33,0,0,0,0,0,0,0,0,0,0,0,0,0,0,0,0,0,-0,-0,-0,-0,-0,-0,-0,-0,0,0,0,0,0,0,0
11.532,-3.5,0,2,0,0,0,0,0,0,0,0,0,-4.33680869e-19,-0,-1.293984181e-34,-2.484808345e-17,-0,-7.413983235e-33,0,0,0,0,0,0,0,0,0,0,0,0,0,0,0,0,0,-0,-0,-0,-0,-0,-0,-0,-0,0,0,0,0,0,0,0
11.537,-3.5,0,2,0,0,0,0,0,0,0,0,0,-4.33680869e-19,-0,-1.293984181e-34,-2.484808345e-17,-0,-7.413983235e-33,0,0,0,0,0,0,0,0,0,0,0,0,0,0,0,0,0,-0,-0,-0,-0,-0,-0,-0,-0,0,0,0,0,0,0,0
11.542,-3.5,0,2,0,0,0,0,0,0,0,0,0,-4.33680869e-19,-0,-1.293984181e-34,-2.484808345e-17,-0,-7.413983235e-33,0,0,0,0,0,0,0,0,0,0,0,0,0,0,0,0,0,-0,-0,-0,-0,-0,-0,-0,-0,0,0,0,0,0,0,0
11.547,-3.5,0,2,0,0,0,0,0,0,0,0,0,-4.33680869e-19,-0,-1.293984181e-34,-2.484808345e-17,-0,-7.413983235e-33,0,0,0,0,0,0,0,0,0,0,0,0,0,0,0,0,0,-0,-0,-0,-0,-0,-0,-0,-0,0,0,0,0,0,0,0
11.552,-3.5,0,2,0,0,0,0,0,0,0,0,0,-4.33680869e-19,-0,-1.293984181e-34,-2.484808345e-17,-0,-7.413983235e-33,0,0,0,0,0,0,0,0,0,0,0,0,0,0,0,0,0,-0,-0,-0,-0,-0,-0,-0,-0,0,0,0,0,0,0,0
11.557,-3.5,0,2,0,0,0,0,0,0,0,0,0,-4.33680869e-19,-0,-1.293984181e-34,-2.484808345e-17,-0,-7.413983235e-33,0,0,0,0,0,0,0,0,0,0,0,0,0,0,0,0,0,-0,-0,-0,-0,-0,-0,-0,-0,0,0,0,0,0,0,0
11.562,-3.5,0,2,0,0,0,0,0,0,0,0,0,-4.33680869e-19,-0,-1.293984181e-34,-2.484808345e-17,-0,-7.413983235e-33,0,0,0,0,0,0,0,0,0,0,0,0,0,0,0,0,0,-0,-0,-0,-0,-0,-0,-0,-0,0,0,0,0,0,0,0
11.567,-3.5,0,2,0,0,0,0,0,0,0,0,0,-4.33680869e-19,-0,-1.293984181e-34,-2.484808345e-17,-0,-7.413983235e-33,0,0,0,0,0,0,0,0,0,0,0,0,0,0,0,0,0,-0,-0,-0,-0,-0,-0,-0,-0,0,0,0,0,0,0,0
11.572,-3.5,0,2,0,0,0,0,0,0,0,0,0,-4.33680869e-19,-0,-1.293984181e-34,-2.484808345e-17,-0,-7.413983235e-33,0,0,0,0,0,0,0,0,0,0,0,0,0,0,0,0,0,-0,-0,-0,-0,-0,-0,-0,-0,0,0,0,0,0,0,0
11.577,-3.5,0,2,0,0,0,0,0,0,0,0,0,-4.33680869e-19,-0,-1.293984181e-34,-2.484808345e-17,-0,-7.413983235e-33,0,0,0,0,0,0,0,0,0,0,0,0,0,0,0,0,0,-0,-0,-0,-0,-0,-0,-0,-0,0,0,0,0,0,0,0
11.582,-3.5,0,2,0,0,0,0,0,0,0,0,0,-4.33680869e-19,-0,-1.293984181e-34,-2.484808345e-17,-0,-7.413983235e-33,0,0,0,0,0,0,0,0,0,0,0,0,0,0,0,0,0,-0,-0,-0,-0,-0,-0,-0,-0,0,0,0,0,0,0,0
11.587,-3.5,0,2,0,0,0,0,0,0,0,0,0,-4.33680869e-19,-0,-1.293984181e-34,-2.484808345e-17,-0,-7.413983235e-33,0,0,0,0,0,0,0,0,0,0,0,0,0,0,0,0,0,-0,-0,-0,-0,-0,-0,-0,-0,0,0,0,0,0,0,0
11.592,-3.5,0,2,0,0,0,0,0,0,0,0,0,-4.33680869e-19,-0,-1.293984181e-34,-2.484808345e-17,-0,-7.413983235e-33,0,0,0,0,0,0,0,0,0,0,0,0,0,0,0,0,0,-0,-0,-0,-0,-0,-0,-0,-0,0,0,0,0,0,0,0
11.597,-3.5,0,2,0,0,0,0,0,0,0,0,0,-4.33680869e-19,-0,-1.293984181e-34,-2.484808345e-17,-0,-7.413983235e-33,0,0,0,0,0,0,0,0,0,0,0,0,0,0,0,0,0,-0,-0,-0,-0,-0,-0,-0,-0,0,0,0,0,0,0,0
11.602,-3.5,0,2,0,0,0,0,0,0,0,0,0,-4.33680869e-19,-0,-1.293984181e-34,-2.484808345e-17,-0,-7.413983235e-33,0,0,0,0,0,0,0,0,0,0,0,0,0,0,0,0,0,-0,-0,-0,-0,-0,-0,-0,-0,0,0,0,0,0,0,0
11.607,-3.5,0,2,0,0,0,0,0,0,0,0,0,-4.33680869e-19,-0,-1.293984181e-34,-2.484808345e-17,-0,-7.413983235e-33,0,0,0,0,0,0,0,0,0,0,0,0,0,0,0,0,0,-0,-0,-0,-0,-0,-0,-0,-0,0,0,0,0,0,0,0
11.612,-3.5,0,2,0,0,0,0,0,0,0,0,0,-4.33680869e-19,-0,-1.293984181e-34,-2.484808345e-17,-0,-7.413983235e-33,0,0,0,0,0,0,0,0,0,0,0,0,0,0,0,0,0,-0,-0,-0,-0,-0,-0,-0,-0,0,0,0,0,0,0,0
11.617,-3.5,0,2,0,0,0,0,0,0,0,0,0,-4.33680869e-19,-0,-1.293984181e-34,-2.484808345e-17,-0,-7.413983235e-33,0,0,0,0,0,0,0,0,0,0,0,0,0,0,0,0,0,-0,-0,-0,-0,-0,-0,-0,-0,0,0,0,0,0,0,0
11.622,-3.5,0,2,0,0,0,0,0,0,0,0,0,-4.33680869e-19,-0,-1.293984181e-34,-2.484808345e-17,-0,-7.413983235e-33,0,0,0,0,0,0,0,0,0,0,0,0,0,0,0,0,0,-0,-0,-0,-0,-0,-0,-0,-0,0,0,0,0,0,0,0
11.627,-3.5,0,2,0,0,0,0,0,0,0,0,0,-4.33680869e-19,-0,-1.293984181e-34,-2.484808345e-17,-0,-7.413983235e-33,0,0,0,0,0,0,0,0,0,0,0,0,0,0,0,0,0,-0,-0,-0,-0,-0,-0,-0,-0,0,0,0,0,0,0,0
11.632,-3.5,0,2,0,0,0,0,0,0,0,0,0,-4.33680869e-19,-0,-1.293984181e-34,-2.484808345e-17,-0,-7.413983235e-33,0,0,0,0,0,0,0,0,0,0,0,0,0,0,0,0,0,-0,-0,-0,-0,-0,-0,-0,-0,0,0,0,0,0,0,0
11.637,-3.5,0,2,0,0,0,0,0,0,0,0,0,-4.33680869e-19,-0,-1.293984181e-34,-2.484808345e-17,-0,-7.413983235e-33,0,0,0,0,0,0,0,0,0,0,0,0,0,0,0,0,0,-0,-0,-0,-0,-0,-0,-0,-0,0,0,0,0,0,0,0
11.642,-3.5,0,2,0,0,0,0,0,0,0,0,0,-4.33680869e-19,-0,-1.293984181e-34,-2.484808345e-17,-0,-7.413983235e-33,0,0,0,0,0,0,0,0,0,0,0,0,0,0,0,0,0,-0,-0,-0,-0,-0,-0,-0,-0,0,0,0,0,0,0,0
11.647,-3.5,0,2,0,0,0,0,0,0,0,0,0,-4.33680869e-19,-0,-1.293984181e-34,-2.484808345e-17,-0,-7.413983235e-33,0,0,0,0,0,0,0,0,0,0,0,0,0,0,0,0,0,-0,-0,-0,-0,-0,-0,-0,-0,0,0,0,0,0,0,0
11.652,-3.5,0,2,0,0,0,0,0,0,0,0,0,-4.33680869e-19,-0,-1.293984181e-34,-2.484808345e-17,-0,-7.413983235e-33,0,0,0,0,0,0,0,0,0,0,0,0,0,0,0,0,0,-0,-0,-0,-0,-0,-0,-0,-0,0,0,0,0,0,0,0
11.657,-3.5,0,2,0,0,0,0,0,0,0,0,0,-4.33680869e-19,-0,-1.293984181e-34,-2.484808345e-17,-0,-7.413983235e-33,0,0,0,0,0,0,0,0,0,0,0,0,0,0,0,0,0,-0,-0,-0,-0,-0,-0,-0,-0,0,0,0,0,0,0,0
11.662,-3.5,0,2,0,0,0,0,0,0,0,0,0,-4.33680869e-19,-0,-1.293984181e-34,-2.484808345e-17,-0,-7.413983235e-33,0,0,0,0,0,0,0,0,0,0,0,0,0,0,0,0,0,-0,-0,-0,-0,-0,-0,-0,-0,0,0,0,0,0,0,0
11.667,-3.5,0,2,0,0,0,0,0,0,0,0,0,-4.33680869e-19,-0,-1.293984181e-34,-2.484808345e-17,-0,-7.413983235e-33,0,0,0,0,0,0,0,0,0,0,0,0,0,0,0,0,0,-0,-0,-0,-0,-0,-0,-0,-0,0,0,0,0,0,0,0
11.672,-3.5,0,2,0,0,0,0,0,0,0,0,0,-4.33680869e-19,-0,-1.293984181e-34,-2.484808345e-17,-0,-7.413983235e-33,0,0,0,0,0,0,0,0,0,0,0,0,0,0,0,0,0,-0,-0,-0,-0,-0,-0,-0,-0,0,0,0,0,0,0,0
11.677,-3.5,0,2,0,0,0,0,0,0,0,0,0,-4.33680869e-19,-0,-1.293984181e-34,-2.484808345e-17,-0,-7.413983235e-33,0,0,0,0,0,0,0,0,0,0,0,0,0,0,0,0,0,-0,-0,-0,-0,-0,-0,-0,-0,0,0,0,0,0,0,0
11.682,-3.5,0,2,0,0,0,0,0,0,0,0,0,-4.33680869e-19,-0,-1.293984181e-34,-2.484808345e-17,-0,-7.413983235e-33,0,0,0,0,0,0,0,0,0,0,0,0,0,0,0,0,0,-0,-0,-0,-0,-0,-0,-0,-0,0,0,0,0,0,0,0
11.687,-3.5,0,2,0,0,0,0,0,0,0,0,0,-4.33680869e-19,-0,-1.293984181e-34,-2.484808345e-17,-0,-7.413983235e-33,0,0,0,0,0,0,0,0,0,0,0,0,0,0,0,0,0,-0,-0,-0,-0,-0,-0,-0,-0,0,0,0,0,0,0,0
11.692,-3.5,0,2,0,0,0,0,0,0,0,0,0,-4.33680869e-19,-0,-1.293984181e-34,-2.484808345e-17,-0,-7.413983235e-33,0,0,0,0,0,0,0,0,0,0,0,0,0,0,0,0,0,-0,-0,-0,-0,-0,-0,-0,-0,0,0,0,0,0,0,0
11.697,-3.5,0,2,0,0,0,0,0,0,0,0,0,-4.33680869e-19,-0,-1.293984181e-34,-2.484808345e-17,-0,-7.413983235e-33,0,0,0,0,0,0,0,0,0,0,0,0,0,0,0,0,0,-0,-0,-0,-0,-0,-0,-0,-0,0,0,0,0,0,0,0
11.702,-3.5,0,2,0,0,0,0,0,0,0,0,0,-4.33680869e-19,-0,-1.293984181e-34,-2.484808345e-17,-0,-7.413983235e-33,0,0,0,0,0,0,0,0,0,0,0,0,0,0,0,0,0,-0,-0,-0,-0,-0,-0,-0,-0,0,0,0,0,0,0,0
11.707,-3.5,0,2,0,0,0,0,0,0,0,0,0,-4.33680869e-19,-0,-1.293984181e-34,-2.484808345e-17,-0,-7.413983235e-33,0,0,0,0,0,0,0,0,0,0,0,0,0,0,0,0,0,-0,-0,-0,-0,-0,-0,-0,-0,0,0,0,0,0,0,0
11.712,-3.5,0,2,0,0,0,0,0,0,0,0,0,-4.33680869e-19,-0,-1.293984181e-34,-2.484808345e-17,-0,-7.413983235e-33,0,0,0,0,0,0,0,0,0,0,0,0,0,0,0,0,0,-0,-0,-0,-0,-0,-0,-0,-0,0,0,0,0,0,0,0
11.717,-3.5,0,2,0,0,0,0,0,0,0,0,0,-4.33680869e-19,-0,-1.293984181e-34,-2.484808345e-17,-0,-7.413983235e-33,0,0,0,0,0,0,0,0,0,0,0,0,0,0,0,0,0,-0,-0,-0,-0,-0,-0,-0,-0,0,0,0,0,0,0,0
11.722,-3.5,0,2,0,0,0,0,0,0,0,0,0,-4.33680869e-19,-0,-1.293984181e-34,-2.484808345e-17,-0,-7.413983235e-33,0,0,0,0,0,0,0,0,0,0,0,0,0,0,0,0,0,-0,-0,-0,-0,-0,-0,-0,-0,0,0,0,0,0,0,0
11.727,-3.5,0,2,0,0,0,0,0,0,0,0,0,-4.33680869e-19,-0,-1.293984181e-34,-2.484808345e-17,-0,-7.413983235e-33,0,0,0,0,0,0,0,0,0,0,0,0,0,0,0,0,0,-0,-0,-0,-0,-0,-0,-0,-0,0,0,0,0,0,0,0
11.732,-3.5,0,2,0,0,0,0,0,0,0,0,0,-4.33680869e-19,-0,-1.293984181e-34,-2.484808345e-17,-0,-7.413983235e-33,0,0,0,0,0,0,0,0,0,0,0,0,0,0,0,0,0,-0,-0,-0,-0,-0,-0,-0,-0,0,0,0,0,0,0,0
11.737,-3.5,0,2,0,0,0,0,0,0,0,0,0,-4.33680869e-19,-0,-1.293984181e-34,-2.484808345e-17,-0,-7.413983235e-33,0,0,0,0,0,0,0,0,0,0,0,0,0,0,0,0,0,-0,-0,-0,-0,-0,-0,-0,-0,0,0,0,0,0,0,0
11.742,-3.5,0,2,0,0,0,0,0,0,0,0,0,-4.33680869e-19,-0,-1.293984181e-34,-2.484808345e-17,-0,-7.413983235e-33,0,0,0,0,0,0,0,0,0,0,0,0,0,0,0,0,0,-0,-0,-0,-0,-0,-0,-0,-0,0,0,0,0,0,0,0
11.747,-3.5,0,2,0,0,0,0,0,0,0,0,0,-4.33680869e-19,-0,-1.293984181e-34,-2.484808345e-17,-0,-7.413983235e-33,0,0,0,0,0,0,0,0,0,0,0,0,0,0,0,0,0,-0,-0,-0,-0,-0,-0,-0,-0,0,0,0,0,0,0,0
11.752,-3.5,0,2,0,0,0,0,0,0,0,0,0,-4.33680869e-19,-0,-1.293984181e-34,-2.484808345e-17,-0,-7.413983235e-33,0,0,0,0,0,0,0,0,0,0,0,0,0,0,0,0,0,-0,-0,-0,-0,-0,-0,-0,-0,0,0,0,0,0,0,0
11.757,-3.5,0,2,0,0,0,0,0,0,0,0,0,-4.33680869e-19,-0,-1.293984181e-34,-2.484808345e-17,-0,-7.413983235e-33,0,0,0,0,0,0,0,0,0,0,0,0,0,0,0,0,0,-0,-0,-0,-0,-0,-0,-0,-0,0,0,0,0,0,0,0
11.762,-3.5,0,2,0,0,0,0,0,0,0,0,0,-4.33680869e-19,-0,-1.293984181e-34,-2.484808345e-17,-0,-7.413983235e-33,0,0,0,0,0,0,0,0,0,0,0,0,0,0,0,0,0,-0,-0,-0,-0,-0,-0,-0,-0,0,0,0,0,0,0,0
11.767,-3.5,0,2,0,0,0,0,0,0,0,0,0,-4.33680869e-19,-0,-1.293984181e-34,-2.484808345e-17,-0,-7.413983235e-33,0,0,0,0,0,0,0,0,0,0,0,0,0,0,0,0,0,-0,-0,-0,-0,-0,-0,-0,-0,0,0,0,0,0,0,0
11.772,-3.5,0,2,0,0,0,0,0,0,0,0,0,-4.33680869e-19,-0,-1.293984181e-34,-2.484808345e-17,-0,-7.413983235e-33,0,0,0,0,0,0,0,0,0,0,0,0,0,0,0,0,0,-0,-0,-0,-0,-0,-0,-0,-0,0,0,0,0,0,0,0
11.777,-3.5,0,2,0,0,0,0,0,0,0,0,0,-4.33680869e-19,-0,-1.293984181e-34,-2.484808345e-17,-0,-7.413983235e-33,0,0,0,0,0,0,0,0,0,0,0,0,0,0,0,0,0,-0,-0,-0,-0,-0,-0,-0,-0,0,0,0,0,0,0,0
11.782,-3.5,0,2,0,0,0,0,0,0,0,0,0,-4.33680869e-19,-0,-1.293984181e-34,-2.484808345e-17,-0,-7.413983235e-33,0,0,0,0,0,0,0,0,0,0,0,0,0,0,0,0,0,-0,-0,-0,-0,-0,-0,-0,-0,0,0,0,0,0,0,0
11.787,-3.5,0,2,0,0,0,0,0,0,0,0,0,-4.33680869e-19,-0,-1.293984181e-34,-2.484808345e-17,-0,-7.413983235e-33,0,0,0,0,0,0,0,0,0,0,0,0,0,0,0,0,0,-0,-0,-0,-0,-0,-0,-0,-0,0,0,0,0,0,0,0
11.792,-3.5,0,2,0,0,0,0,0,0,0,0,0,-4.33680869e-19,-0,-1.293984181e-34,-2.484808345e-17,-0,-7.413983235e-33,0,0,0,0,0,0,0,0,0,0,0,0,0,0,0,0,0,-0,-0,-0,-0,-0,-0,-0,-0,0,0,0,0,0,0,0
11.797,-3.5,0,2,0,0,0,0,0,0,0,0,0,-4.33680869e-19,-0,-1.293984181e-34,-2.484808345e-17,-0,-7.413983235e-33,0,0,0,0,0,0,0,0,0,0,0,0,0,0,0,0,0,-0,-0,-0,-0,-0,-0,-0,-0,0,0,0,0,0,0,0
11.802,-3.5,0,2,0,0,0,0,0,0,0,0,0,-4.33680869e-19,-0,-1.293984181e-34,-2.484808345e-17,-0,-7.413983235e-33,0,0,0,0,0,0,0,0,0,0,0,0,0,0,0,0,0,-0,-0,-0,-0,-0,-0,-0,-0,0,0,0,0,0,0,0
11.807,-3.5,0,2,0,0,0,0,0,0,0,0,0,-4.33680869e-19,-0,-1.293984181e-34,-2.484808345e-17,-0,-7.413983235e-33,0,0,0,0,0,0,0,0,0,0,0,0,0,0,0,0,0,-0,-0,-0,-0,-0,-0,-0,-0,0,0,0,0,0,0,0
11.812,-3.5,0,2,0,0,0,0,0,0,0,0,0,-4.33680869e-19,-0,-1.293984181e-34,-2.484808345e-17,-0,-7.413983235e-33,0,0,0,0,0,0,0,0,0,0,0,0,0,0,0,0,0,-0,-0,-0,-0,-0,-0,-0,-0,0,0,0,0,0,0,0
11.817,-3.5,0,2,0,0,0,0,0,0,0,0,0,-4.33680869e-19,-0,-1.293984181e-34,-2.484808345e-17,-0,-7.413983235e-33,0,0,0,0,0,0,0,0,0,0,0,0,0,0,0,0,0,-0,-0,-0,-0,-0,-0,-0,-0,0,0,0,0,0,0,0
11.822,-3.5,0,2,0,0,0,0,0,0,0,0,0,-4.33680869e-19,-0,-1.293984181e-34,-2.484808345e-17,-0,-7.413983235e-33,0,0,0,0,0,0,0,0,0,0,0,0,0,0,0,0,0,-0,-0,-0,-0,-0,-0,-0,-0,0,0,0,0,0,0,0
11.827,-3.5,0,2,0,0,0,0,0,0,0,0,0,-4.33680869e-19,-0,-1.293984181e-34,-2.484808345e-17,-0,-7.413983235e-33,0,0,0,0,0,0,0,0,0,0,0,0,0,0,0,0,0,-0,-0,-0,-0,-0,-0,-0,-0,0,0,0,0,0,0,0
11.832,-3.5,0,2,0,0,0,0,0,0,0,0,0,-4.33680869e-19,-0,-1.293984181e-34,-2.484808345e-17,-0,-7.413983235e-33,0,0,0,0,0,0,0,0,0,0,0,0,0,0,0,0,0,-0,-0,-0,-0,-0,-0,-0,-0,0,0,0,0,0,0,0
11.837,-3.5,0,2,0,0,0,0,0,0,0,0,0,-4.33680869e-19,-0,-1.293984181e-34,-2.484808345e-17,-0,-7.413983235e-33,0,0,0,0,0,0,0,0,0,0,0,0,0,0,0,0,0,-0,-0,-0,-0,-0,-0,-0,-0,0,0,0,0,0,0,0
11.842,-3.5,0,2,0,0,0,0,0,0,0,0,0,-4.33680869e-19,-0,-1.293984181e-34,-2.484808345e-17,-0,-7.413983235e-33,0,0,0,0,0,0,0,0,0,0,0,0,0,0,0,0,0,-0,-0,-0,-0,-0,-0,-0,-0,0,0,0,0,0,0,0
11.847,-3.5,0,2,0,0,0,0,0,0,0,0,0,-4.33680869e-19,-0,-1.293984181e-34,-2.484808345e-17,-0,-7.413983235e-33,0,0,0,0,0,0,0,0,0,0,0,0,0,0,0,0,0,-0,-0,-0,-0,-0,-0,-0,-0,0,0,0,0,0,0,0
11.852,-3.5,0,2,0,0,0,0,0,0,0,0,0,-4.33680869e-19,-0,-1.293984181e-34,-2.484808345e-17,-0,-7.413983235e-33,0,0,0,0,0,0,0,0,0,0,0,0,0,0,0,0,0,-0,-0,-0,-0,-0,-0,-0,-0,0,0,0,0,0,0,0
11.857,-3.5,0,2,0,0,0,0,0,0,0,0,0,-4.33680869e-19,-0,-1.293984181e-34,-2.484808345e-17,-0,-7.413983235e-33,0,0,0,0,0,0,0,0,0,0,0,0,0,0,0,0,0,-0,-0,-0,-0,-0,-0,-0,-0,0,0,0,0,0,0,0
11.862,-3.5,0,2,0,0,0,0,0,0,0,0,0,-4.33680869e-19,-0,-1.293984181e-34,-2.484808345e-17,-0,-7.413983235e-33,0,0,0,0,0,0,0,0,0,0,0,0,0,0,0,0,0,-0,-0,-0,-0,-0,-0,-0,-0,0,0,0,0,0,0,0
11.867,-3.5,0,2,0,0,0,0,0,0,0,0,0,-4.33680869e-19,-0,-1.293984181e-34,-2.484808345e-17,-0,-7.413983235e-33,0,0,0,0,0,0,0,0,0,0,0,0,0,0,0,0,0,-0,-0,-0,-0,-0,-0,-0,-0,0,0,0,0,0,0,0
11.872,-3.5,0,2,0,0,0,0,0,0,0,0,0,-4.33680869e-19,-0,-1.293984181e-34,-2.484808345e-17,-0,-7.413983235e-33,0,0,0,0,0,0,0,0,0,0,0,0,0,0,0,0,0,-0,-0,-0,-0,-0,-0,-0,-0,0,0,0,0,0,0,0
11.877,-3.5,0,2,0,0,0,0,0,0,0,0,0,-4.33680869e-19,-0,-1.293984181e-34,-2.484808345e-17,-0,-7.413983235e-33,0,0,0,0,0,0,0,0,0,0,0,0,0,0,0,0,0,-0,-0,-0,-0,-0,-0,-0,-0,0,0,0,0,0,0,0
11.882,-3.5,0,2,0,0,0,0,0,0,0,0,0,-4.33680869e-19,-0,-1.293984181e-34,-2.484808345e-17,-0,-7.413983235e-33,0,0,0,0,0,0,0,0,0,0,0,0,0,0,0,0,0,-0,-0,-0,-0,-0,-0,-0,-0,0,0,0,0,0,0,0
11.887,-3.5,0,2,0,0,0,0,0,0,0,0,0,-4.33680869e-19,-0,-1.293984181e-34,-2.484808345e-17,-0,-7.413983235e-33,0,0,0,0,0,0,0,0,0,0,0,0,0,0,0,0,0,-0,-0,-0,-0,-0,-0,-0,-0,0,0,0,0,0,0,0
11.892,-3.5,0,2,0,0,0,0,0,0,0,0,0,-4.33680869e-19,-0,-1.293984181e-34,-2.484808345e-17,-0,-7.413983235e-33,0,0,0,0,0,0,0,0,0,0,0,0,0,0,0,0,0,-0,-0,-0,-0,-0,-0,-0,-0,0,0,0,0,0,0,0
11.897,-3.5,0,2,0,0,0,0,0,0,0,0,0,-4.33680869e-19,-0,-1.293984181e-34,-2.484808345e-17,-0,-7.413983235e-33,0,0,0,0,0,0,0,0,0,0,0,0,0,0,0,0,0,-0,-0,-0,-0,-0,-0,-0,-0,0,0,0,0,0,0,0
11.902,-3.5,0,2,0,0,0,0,0,0,0,0,0,-4.33680869e-19,-0,-1.293984181e-34,-2.484808345e-17,-0,-7.413983235e-33,0,0,0,0,0,0,0,0,0,0,0,0,0,0,0,0,0,-0,-0,-0,-0,-0,-0,-0,-0,0,0,0,0,0,0,0
11.907,-3.5,0,2,0,0,0,0,0,0,0,0,0,-4.33680869e-19,-0,-1.293984181e-34,-2.484808345e-17,-0,-7.413983235e-33,0,0,0,0,0,0,0,0,0,0,0,0,0,0,0,0,0,-0,-0,-0,-0,-0,-0,-0,-0,0,0,0,0,0,0,0
11.912,-3.5,0,2,0,0,0,0,0,0,0,0,0,-4.33680869e-19,-0,-1.293984181e-34,-2.484808345e-17,-0,-7.413983235e-33,0,0,0,0,0,0,0,0,0,0,0,0,0,0,0,0,0,-0,-0,-0,-0,-0,-0,-0,-0,0,0,0,0,0,0,0
11.917,-3.5,0,2,0,0,0,0,0,0,0,0,0,-4.33680869e-19,-0,-1.293984181e-34,-2.484808345e-17,-0,-7.413983235e-33,0,0,0,0,0,0,0,0,0,0,0,0,0,0,0,0,0,-0,-0,-0,-0,-0,-0,-0,-0,0,0,0,0,0,0,0
11.922,-3.5,0,2,0,0,0,0,0,0,0,0,0,-4.33680869e-19,-0,-1.293984181e-34,-2.484808345e-17,-0,-7.413983235e-33,0,0,0,0,0,0,0,0,0,0,0,0,0,0,0,0,0,-0,-0,-0,-0,-0,-0,-0,-0,0,0,0,0,0,0,0
11.927,-3.5,0,2,0,0,0,0,0,0,0,0,0,-4.33680869e-19,-0,-1.293984181e-34,-2.484808345e-17,-0,-7.413983235e-33,0,0,0,0,0,0,0,0,0,0,0,0,0,0,0,0,0,-0,-0,-0,-0,-0,-0,-0,-0,0,0,0,0,0,0,0
11.932,-3.5,0,2,0,0,0,0,0,0,0,0,0,-4.33680869e-19,-0,-1.293984181e-34,-2.484808345e-17,-0,-7.413983235e-33,0,0,0,0,0,0,0,0,0,0,0,0,0,0,0,0,0,-0,-0,-0,-0,-0,-0,-0,-0,0,0,0,0,0,0,0
11.937,-3.5,0,2,0,0,0,0,0,0,0,0,0,-4.33680869e-19,-0,-1.293984181e-34,-2.484808345e-17,-0,-7.413983235e-33,0,0,0,0,0,0,0,0,0,0,0,0,0,0,0,0,0,-0,-0,-0,-0,-0,-0,-0,-0,0,0,0,0,0,0,0
11.942,-3.5,0,2,0,0,0,0,0,0,0,0,0,-4.33680869e-19,-0,-1.293984181e-34,-2.484808345e-17,-0,-7.413983235e-33,0,0,0,0,0,0,0,0,0,0,0,0,0,0,0,0,0,-0,-0,-0,-0,-0,-0,-0,-0,0,0,0,0,0,0,0
11.947,-3.5,0,2,0,0,0,0,0,0,0,0,0,-4.33680869e-19,-0,-1.293984181e-34,-2.484808345e-17,-0,-7.413983235e-33,0,0,0,0,0,0,0,0,0,0,0,0,0,0,0,0,0,-0,-0,-0,-0,-0,-0,-0,-0,0,0,0,0,0,0,0
11.952,-3.5,0,2,0,0,0,0,0,0,0,0,0,-4.33680869e-19,-0,-1.293984181e-34,-2.484808345e-17,-0,-7.413983235e-33,0,0,0,0,0,0,0,0,0,0,0,0,0,0,0,0,0,-0,-0,-0,-0,-0,-0,-0,-0,0,0,0,0,0,0,0
11.957,-3.5,0,2,0,0,0,0,0,0,0,0,0,-4.33680869e-19,-0,-1.293984181e-34,-2.484808345e-17,-0,-7.413983235e-33,0,0,0,0,0,0,0,0,0,0,0,0,0,0,0,0,0,-0,-0,-0,-0,-0,-0,-0,-0,0,0,0,0,0,0,0
11.962,-3.5,0,2,0,0,0,0,0,0,0,0,0,-4.33680869e-19,-0,-1.293984181e-34,-2.484808345e-17,-0,-7.413983235e-33,0,0,0,0,0,0,0,0,0,0,0,0,0,0,0,0,0,-0,-0,-0,-0,-0,-0,-0,-0,0,0,0,0,0,0,0
11.967,-3.5,0,2,0,0,0,0,0,0,0,0,0,-4.33680869e-19,-0,-1.293984181e-34,-2.484808345e-17,-0,-7.413983235e-33,0,0,0,0,0,0,0,0,0,0,0,0,0,0,0,0,0,-0,-0,-0,-0,-0,-0,-0,-0,0,0,0,0,0,0,0
11.972,-3.5,0,2,0,0,0,0,0,0,0,0,0,-4.33680869e-19,-0,-1.293984181e-34,-2.484808345e-17,-0,-7.413983235e-33,0,0,0,0,0,0,0,0,0,0,0,0,0,0,0,0,0,-0,-0,-0,-0,-0,-0,-0,-0,0,0,0,0,0,0,0
11.977,-3.5,0,2,0,0,0,0,0,0,0,0,0,-4.33680869e-19,-0,-1.293984181e-34,-2.484808345e-17,-0,-7.413983235e-33,0,0,0,0,0,0,0,0,0,0,0,0,0,0,0,0,0,-0,-0,-0,-0,-0,-0,-0,-0,0,0,0,0,0,0,0
11.982,-3.5,0,2,0,0,0,0,0,0,0,0,0,-4.33680869e-19,-0,-1.293984181e-34,-2.484808345e-17,-0,-7.413983235e-33,0,0,0,0,0,0,0,0,0,0,0,0,0,0,0,0,0,-0,-0,-0,-0,-0,-0,-0,-0,0,0,0,0,0,0,0
11.987,-3.5,0,2,0,0,0,0,0,0,0,0,0,-4.33680869e-19,-0,-1.293984181e-34,-2.484808345e-17,-0,-7.413983235e-33,0,0,0,0,0,0,0,0,0,0,0,0,0,0,0,0,0,-0,-0,-0,-0,-0,-0,-0,-0,0,0,0,0,0,0,0
11.992,-3.5,0,2,0,0,0,0,0,0,0,0,0,-4.33680869e-19,-0,-1.293984181e-34,-2.484808345e-17,-0,-7.413983235e-33,0,0,0,0,0,0,0,0,0,0,0,0,0,0,0,0,0,-0,-0,-0,-0,-0,-0,-0,-0,0,0,0,0,0,0,0
11.997,-3.5,0,2,0,0,0,0,0,0,0,0,0,-4.33680869e-19,-0,-1.293984181e-34,-2.484808345e-17,-0,-7.413983235e-33,0,0,0,0,0,0,0,0,0,0,0,0,0,0,0,0,0,-0,-0,-0,-0,-0,-0,-0,-0,0,0,0,0,0,0,0
12.002,-3.5,0,2,0,0,0,0,0,0,0,0,0,-4.33680869e-19,-0,-1.293984181e-34,-2.484808345e-17,-0,-7.413983235e-33,0,0,0,0,0,0,0,0,0,0,0,0,0,0,0,0,0,-0,-0,-0,-0,-0,-0,-0,-0,0,0,0,0,0,0,0
12.007,-3.5,0,2,0,0,0,0,0,0,0,0,0,-4.33680869e-19,-0,-1.293984181e-34,-2.484808345e-17,-0,-7.413983235e-33,0,0,0,0,0,0,0,0,0,0,0,0,0,0,0,0,0,-0,-0,-0,-0,-0,-0,-0,-0,0,0,0,0,0,0,0
12.012,-3.5,0,2,0,0,0,0,0,0,0,0,0,-4.33680869e-19,-0,-1.293984181e-34,-2.484808345e-17,-0,-7.413983235e-33,0,0,0,0,0,0,0,0,0,0,0,0,0,0,0,0,0,-0,-0,-0,-0,-0,-0,-0,-0,0,0,0,0,0,0,0
12.017,-3.5,0,2,0,0,0,0,0,0,0,0,0,-4.33680869e-19,-0,-1.293984181e-34,-2.484808345e-17,-0,-7.413983235e-33,0,0,0,0,0,0,0,0,0,0,0,0,0,0,0,0,0,-0,-0,-0,-0,-0,-0,-0,-0,0,0,0,0,0,0,0
12.022,-3.5,0,2,0,0,0,0,0,0,0,0,0,-4.33680869e-19,-0,-1.293984181e-34,-2.484808345e-17,-0,-7.413983235e-33,0,0,0,0,0,0,0,0,0,0,0,0,0,0,0,0,0,-0,-0,-0,-0,-0,-0,-0,-0,0,0,0,0,0,0,0
12.027,-3.5,0,2,0,0,0,0,0,0,0,0,0,-4.33680869e-19,-0,-1.293984181e-34,-2.484808345e-17,-0,-7.413983235e-33,0,0,0,0,0,0,0,0,0,0,0,0,0,0,0,0,0,-0,-0,-0,-0,-0,-0,-0,-0,0,0,0,0,0,0,0
12.032,-3.5,0,2,0,0,0,0,0,0,0,0,0,-4.33680869e-19,-0,-1.293984181e-34,-2.484808345e-17,-0,-7.413983235e-33,0,0,0,0,0,0,0,0,0,0,0,0,0,0,0,0,0,-0,-0,-0,-0,-0,-0,-0,-0,0,0,0,0,0,0,0
12.037,-3.5,0,2,0,0,0,0,0,0,0,0,0,-4.33680869e-19,-0,-1.293984181e-34,-2.484808345e-17,-0,-7.413983235e-33,0,0,0,0,0,0,0,0,0,0,0,0,0,0,0,0,0,-0,-0,-0,-0,-0,-0,-0,-0,0,0,0,0,0,0,0
12.042,-3.5,0,2,0,0,0,0,0,0,0,0,0,-4.33680869e-19,-0,-1.293984181e-34,-2.484808345e-17,-0,-7.413983235e-33,0,0,0,0,0,0,0,0,0,0,0,0,0,0,0,0,0,-0,-0,-0,-0,-0,-0,-0,-0,0,0,0,0,0,0,0
12.047,-3.5,0,2,0,0,0,0,0,0,0,0,0,-4.33680869e-19,-0,-1.293984181e-34,-2.484808345e-17,-0,-7.413983235e-33,0,0,0,0,0,0,0,0,0,0,0,0,0,0,0,0,0,-0,-0,-0,-0,-0,-0,-0,-0,0,0,0,0,0,0,0
12.052,-3.5,0,2,0,0,0,0,0,0,0,0,0,-4.33680869e-19,-0,-1.293984181e-34,-2.484808345e-17,-0,-7.413983235e-33,0,0,0,0,0,0,0,0,0,0,0,0,0,0,0,0,0,-0,-0,-0,-0,-0,-0,-0,-0,0,0,0,0,0,0,0
12.057,-3.5,0,2,0,0,0,0,0,0,0,0,0,-4.33680869e-19,-0,-1.293984181e-34,-2.484808345e-17,-0,-7.413983235e-33,0,0,0,0,0,0,0,0,0,0,0,0,0,0,0,0,0,-0,-0,-0,-0,-0,-0,-0,-0,0,0,0,0,0,0,0
12.062,-3.5,0,2,0,0,0,0,0,0,0,0,0,-4.33680869e-19,-0,-1.293984181e-34,-2.484808345e-17,-0,-7.413983235e-33,0,0,0,0,0,0,0,0,0,0,0,0,0,0,0,0,0,-0,-0,-0,-0,-0,-0,-0,-0,0,0,0,0,0,0,0
12.067,-3.5,0,2,0,0,0,0,0,0,0,0,0,-4.33680869e-19,-0,-1.293984181e-34,-2.484808345e-17,-0,-7.413983235e-33,0,0,0,0,0,0,0,0,0,0,0,0,0,0,0,0,0,-0,-0,-0,-0,-0,-0,-0,-0,0,0,0,0,0,0,0
12.072,-3.5,0,2,0,0,0,0,0,0,0,0,0,-4.33680869e-19,-0,-1.293984181e-34,-2.484808345e-17,-0,-7.413983235e-33,0,0,0,0,0,0,0,0,0,0,0,0,0,0,0,0,0,-0,-0,-0,-0,-0,-0,-0,-0,0,0,0,0,0,0,0
12.077,-3.5,0,2,0,0,0,0,0,0,0,0,0,-4.33680869e-19,-0,-1.293984181e-34,-2.484808345e-17,-0,-7.413983235e-33,0,0,0,0,0,0,0,0,0,0,0,0,0,0,0,0,0,-0,-0,-0,-0,-0,-0,-0,-0,0,0,0,0,0,0,0
12.082,-3.5,0,2,0,0,0,0,0,0,0,0,0,-4.33680869e-19,-0,-1.293984181e-34,-2.484808345e-17,-0,-7.413983235e-33,0,0,0,0,0,0,0,0,0,0,0,0,0,0,0,0,0,-0,-0,-0,-0,-0,-0,-0,-0,0,0,0,0,0,0,0
12.087,-3.5,0,2,0,0,0,0,0,0,0,0,0,-4.33680869e-19,-0,-1.293984181e-34,-2.484808345e-17,-0,-7.413983235e-33,0,0,0,0,0,0,0,0,0,0,0,0,0,0,0,0,0,-0,-0,-0,-0,-0,-0,-0,-0,0,0,0,0,0,0,0
12.092,-3.5,0,2,0,0,0,0,0,0,0,0,0,-4.33680869e-19,-0,-1.293984181e-34,-2.484808345e-17,-0,-7.413983235e-33,0,0,0,0,0,0,0,0,0,0,0,0,0,0,0,0,0,-0,-0,-0,-0,-0,-0,-0,-0,0,0,0,0,0,0,0
12.097,-3.5,0,2,0,0,0,0,0,0,0,0,0,-4.33680869e-19,-0,-1.293984181e-34,-2.484808345e-17,-0,-7.413983235e-33,0,0,0,0,0,0,0,0,0,0,0,0,0,0,0,0,0,-0,-0,-0,-0,-0,-0,-0,-0,0,0,0,0,0,0,0
12.102,-3.5,0,2,0,0,0,0,0,0,0,0,0,-4.33680869e-19,-0,-1.293984181e-34,-2.484808345e-17,-0,-7.413983235e-33,0,0,0,0,0,0,0,0,0,0,0,0,0,0,0,0,0,-0,-0,-0,-0,-0,-0,-0,-0,0,0,0,0,0,0,0
12.107,-3.5,0,2,0,0,0,0,0,0,0,0,0,-4.33680869e-19,-0,-1.293984181e-34,-2.484808345e-17,-0,-7.413983235e-33,0,0,0,0,0,0,0,0,0,0,0,0,0,0,0,0,0,-0,-0,-0,-0,-0,-0,-0,-0,0,0,0,0,0,0,0
12.112,-3.5,0,2,0,0,0,0,0,0,0,0,0,-4.33680869e-19,-0,-1.293984181e-34,-2.484808345e-17,-0,-7.413983235e-33,0,0,0,0,0,0,0,0,0,0,0,0,0,0,0,0,0,-0,-0,-0,-0,-0,-0,-0,-0,0,0,0,0,0,0,0
12.117,-3.5,0,2,0,0,0,0,0,0,0,0,0,-4.33680869e-19,-0,-1.293984181e-34,-2.484808345e-17,-0,-7.413983235e-33,0,0,0,0,0,0,0,0,0,0,0,0,0,0,0,0,0,-0,-0,-0,-0,-0,-0,-0,-0,0,0,0,0,0,0,0
12.122,-3.5,0,2,0,0,0,0,0,0,0,0,0,-4.33680869e-19,-0,-1.293984181e-34,-2.484808345e-17,-0,-7.413983235e-33,0,0,0,0,0,0,0,0,0,0,0,0,0,0,0,0,0,-0,-0,-0,-0,-0,-0,-0,-0,0,0,0,0,0,0,0
12.127,-3.5,0,2,0,0,0,0,0,0,0,0,0,-4.33680869e-19,-0,-1.293984181e-34,-2.484808345e-17,-0,-7.413983235e-33,0,0,0,0,0,0,0,0,0,0,0,0,0,0,0,0,0,-0,-0,-0,-0,-0,-0,-0,-0,0,0,0,0,0,0,0
12.132,-3.5,0,2,0,0,0,0,0,0,0,0,0,-4.33680869e-19,-0,-1.293984181e-34,-2.484808345e-17,-0,-7.413983235e-33,0,0,0,0,0,0,0,0,0,0,0,0,0,0,0,0,0,-0,-0,-0,-0,-0,-0,-0,-0,0,0,0,0,0,0,0
12.137,-3.5,0,2,0,0,0,0,0,0,0,0,0,-4.33680869e-19,-0,-1.293984181e-34,-2.484808345e-17,-0,-7.413983235e-33,0,0,0,0,0,0,0,0,0,0,0,0,0,0,0,0,0,-0,-0,-0,-0,-0,-0,-0,-0,0,0,0,0,0,0,0
12.142,-3.5,0,2,0,0,0,0,0,0,0,0,0,-4.33680869e-19,-0,-1.293984181e-34,-2.484808345e-17,-0,-7.413983235e-33,0,0,0,0,0,0,0,0,0,0,0,0,0,0,0,0,0,-0,-0,-0,-0,-0,-0,-0,-0,0,0,0,0,0,0,0
12.147,-3.5,0,2,0,0,0,0,0,0,0,0,0,-4.33680869e-19,-0,-1.293984181e-34,-2.484808345e-17,-0,-7.413983235e-33,0,0,0,0,0,0,0,0,0,0,0,0,0,0,0,0,0,-0,-0,-0,-0,-0,-0,-0,-0,0,0,0,0,0,0,0
12.152,-3.5,0,2,0,0,0,0,0,0,0,0,0,-4.33680869e-19,-0,-1.293984181e-34,-2.484808345e-17,-0,-7.413983235e-33,0,0,0,0,0,0,0,0,0,0,0,0,0,0,0,0,0,-0,-0,-0,-0,-0,-0,-0,-0,0,0,0,0,0,0,0
12.157,-3.5,0,2,0,0,0,0,0,0,0,0,0,-4.33680869e-19,-0,-1.293984181e-34,-2.484808345e-17,-0,-7.413983235e-33,0,0,0,0,0,0,0,0,0,0,0,0,0,0,0,0,0,-0,-0,-0,-0,-0,-0,-0,-0,0,0,0,0,0,0,0
12.162,-3.5,0,2,0,0,0,0,0,0,0,0,0,-4.33680869e-19,-0,-1.293984181e-34,-2.484808345e-17,-0,-7.413983235e-33,0,0,0,0,0,0,0,0,0,0,0,0,0,0,0,0,0,-0,-0,-0,-0,-0,-0,-0,-0,0,0,0,0,0,0,0
12.167,-3.5,0,2,0,0,0,0,0,0,0,0,0,-4.33680869e-19,-0,-1.293984181e-34,-2.484808345e-17,-0,-7.413983235e-33,0,0,0,0,0,0,0,0,0,0,0,0,0,0,0,0,0,-0,-0,-0,-0,-0,-0,-0,-0,0,0,0,0,0,0,0
12.172,-3.5,0,2,0,0,0,0,0,0,0,0,0,-4.33680869e-19,-0,-1.293984181e-34,-2.484808345e-17,-0,-7.413983235e-33,0,0,0,0,0,0,0,0,0,0,0,0,0,0,0,0,0,-0,-0,-0,-0,-0,-0,-0,-0,0,0,0,0,0,0,0
12.177,-3.5,0,2,0,0,0,0,0,0,0,0,0,-4.33680869e-19,-0,-1.293984181e-34,-2.484808345e-17,-0,-7.413983235e-33,0,0,0,0,0,0,0,0,0,0,0,0,0,0,0,0,0,-0,-0,-0,-0,-0,-0,-0,-0,0,0,0,0,0,0,0
12.182,-3.5,0,2,0,0,0,0,0,0,0,0,0,-4.33680869e-19,-0,-1.293984181e-34,-2.484808345e-17,-0,-7.413983235e-33,0,0,0,0,0,0,0,0,0,0,0,0,0,0,0,0,0,-0,-0,-0,-0,-0,-0,-0,-0,0,0,0,0,0,0,0
12.187,-3.5,0,2,0,0,0,0,0,0,0,0,0,-4.33680869e-19,-0,-1.293984181e-34,-2.484808345e-17,-0,-7.413983235e-33,0,0,0,0,0,0,0,0,0,0,0,0,0,0,0,0,0,-0,-0,-0,-0,-0,-0,-0,-0,0,0,0,0,0,0,0
12.192,-3.5,0,2,0,0,0,0,0,0,0,0,0,-4.33680869e-19,-0,-1.293984181e-34,-2.484808345e-17,-0,-7.413983235e-33,0,0,0,0,0,0,0,0,0,0,0,0,0,0,0,0,0,-0,-0,-0,-0,-0,-0,-0,-0,0,0,0,0,0,0,0
12.197,-3.5,0,2,0,0,0,0,0,0,0,0,0,-4.33680869e-19,-0,-1.293984181e-34,-2.484808345e-17,-0,-7.413983235e-33,0,0,0,0,0,0,0,0,0,0,0,0,0,0,0,0,0,-0,-0,-0,-0,-0,-0,-0,-0,0,0,0,0,0,0,0
12.202,-3.5,0,2,0,0,0,0,0,0,0,0,0,-4.33680869e-19,-0,-1.293984181e-34,-2.484808345e-17,-0,-7.413983235e-33,0,0,0,0,0,0,0,0,0,0,0,0,0,0,0,0,0,-0,-0,-0,-0,-0,-0,-0,-0,0,0,0,0,0,0,0
12.207,-3.5,0,2,0,0,0,0,0,0,0,0,0,-4.33680869e-19,-0,-1.293984181e-34,-2.484808345e-17,-0,-7.413983235e-33,0,0,0,0,0,0,0,0,0,0,0,0,0,0,0,0,0,-0,-0,-0,-0,-0,-0,-0,-0,0,0,0,0,0,0,0
12.212,-3.5,0,2,0,0,0,0,0,0,0,0,0,-4.33680869e-19,-0,-1.293984181e-34,-2.484808345e-17,-0,-7.413983235e-33,0,0,0,0,0,0,0,0,0,0,0,0,0,0,0,0,0,-0,-0,-0,-0,-0,-0,-0,-0,0,0,0,0,0,0,0
12.217,-3.5,0,2,0,0,0,0,0,0,0,0,0,-4.33680869e-19,-0,-1.293984181e-34,-2.484808345e-17,-0,-7.413983235e-33,0,0,0,0,0,0,0,0,0,0,0,0,0,0,0,0,0,-0,-0,-0,-0,-0,-0,-0,-0,0,0,0,0,0,0,0
12.222,-3.5,0,2,0,0,0,0,0,0,0,0,0,-4.33680869e-19,-0,-1.293984181e-34,-2.484808345e-17,-0,-7.413983235e-33,0,0,0,0,0,0,0,0,0,0,0,0,0,0,0,0,0,-0,-0,-0,-0,-0,-0,-0,-0,0,0,0,0,0,0,0
12.227,-3.5,0,2,0,0,0,0,0,0,0,0,0,-4.33680869e-19,-0,-1.293984181e-34,-2.484808345e-17,-0,-7.413983235e-33,0,0,0,0,0,0,0,0,0,0,0,0,0,0,0,0,0,-0,-0,-0,-0,-0,-0,-0,-0,0,0,0,0,0,0,0
12.232,-3.5,0,2,0,0,0,0,0,0,0,0,0,-4.33680869e-19,-0,-1.293984181e-34,-2.484808345e-17,-0,-7.413983235e-33,0,0,0,0,0,0,0,0,0,0,0,0,0,0,0,0,0,-0,-0,-0,-0,-0,-0,-0,-0,0,0,0,0,0,0,0
12.237,-3.5,0,2,0,0,0,0,0,0,0,0,0,-4.33680869e-19,-0,-1.293984181e-34,-2.484808345e-17,-0,-7.413983235e-33,0,0,0,0,0,0,0,0,0,0,0,0,0,0,0,0,0,-0,-0,-0,-0,-0,-0,-0,-0,0,0,0,0,0,0,0
12.242,-3.5,0,2,0,0,0,0,0,0,0,0,0,-4.33680869e-19,-0,-1.293984181e-34,-2.484808345e-17,-0,-7.413983235e-33,0,0,0,0,0,0,0,0,0,0,0,0,0,0,0,0,0,-0,-0,-0,-0,-0,-0,-0,-0,0,0,0,0,0,0,0
12.247,-3.5,0,2,0,0,0,0,0,0,0,0,0,-4.33680869e-19,-0,-1.293984181e-34,-2.484808345e-17,-0,-7.413983235e-33,0,0,0,0,0,0,0,0,0,0,0,0,0,0,0,0,0,-0,-0,-0,-0,-0,-0,-0,-0,0,0,0,0,0,0,0
12.252,-3.5,0,2,0,0,0,0,0,0,0,0,0,-4.33680869e-19,-0,-1.293984181e-34,-2.484808345e-17,-0,-7.413983235e-33,0,0,0,0,0,0,0,0,0,0,0,0,0,0,0,0,0,-0,-0,-0,-0,-0,-0,-0,-0,0,0,0,0,0,0,0
12.257,-3.5,0,2,0,0,0,0,0,0,0,0,0,-4.33680869e-19,-0,-1.293984181e-34,-2.484808345e-17,-0,-7.413983235e-33,0,0,0,0,0,0,0,0,0,0,0,0,0,0,0,0,0,-0,-0,-0,-0,-0,-0,-0,-0,0,0,0,0,0,0,0
12.262,-3.5,0,2,0,0,0,0,0,0,0,0,0,-4.33680869e-19,-0,-1.293984181e-34,-2.484808345e-17,-0,-7.413983235e-33,0,0,0,0,0,0,0,0,0,0,0,0,0,0,0,0,0,-0,-0,-0,-0,-0,-0,-0,-0,0,0,0,0,0,0,0
12.267,-3.5,0,2,0,0,0,0,0,0,0,0,0,-4.33680869e-19,-0,-1.293984181e-34,-2.484808345e-17,-0,-7.413983235e-33,0,0,0,0,0,0,0,0,0,0,0,0,0,0,0,0,0,-0,-0,-0,-0,-0,-0,-0,-0,0,0,0,0,0,0,0
12.272,-3.5,0,2,0,0,0,0,0,0,0,0,0,-4.33680869e-19,-0,-1.293984181e-34,-2.484808345e-17,-0,-7.413983235e-33,0,0,0,0,0,0,0,0,0,0,0,0,0,0,0,0,0,-0,-0,-0,-0,-0,-0,-0,-0,0,0,0,0,0,0,0
12.277,-3.5,0,2,0,0,0,0,0,0,0,0,0,-4.33680869e-19,-0,-1.293984181e-34,-2.484808345e-17,-0,-7.413983235e-33,0,0,0,0,0,0,0,0,0,0,0,0,0,0,0,0,0,-0,-0,-0,-0,-0,-0,-0,-0,0,0,0,0,0,0,0
12.282,-3.5,0,2,0,0,0,0,0,0,0,0,0,-4.33680869e-19,-0,-1.293984181e-34,-2.484808345e-17,-0,-7.413983235e-33,0,0,0,0,0,0,0,0,0,0,0,0,0,0,0,0,0,-0,-0,-0,-0,-0,-0,-0,-0,0,0,0,0,0,0,0
12.287,-3.5,0,2,0,0,0,0,0,0,0,0,0,-4.33680869e-19,-0,-1.293984181e-34,-2.484808345e-17,-0,-7.413983235e-33,0,0,0,0,0,0,0,0,0,0,0,0,0,0,0,0,0,-0,-0,-0,-0,-0,-0,-0,-0,0,0,0,0,0,0,0
12.292,-3.5,0,2,0,0,0,0,0,0,0,0,0,-4.33680869e-19,-0,-1.293984181e-34,-2.484808345e-17,-0,-7.413983235e-33,0,0,0,0,0,0,0,0,0,0,0,0,0,0,0,0,0,-0,-0,-0,-0,-0,-0,-0,-0,0,0,0,0,0,0,0
12.297,-3.5,0,2,0,0,0,0,0,0,0,0,0,-4.33680869e-19,-0,-1.293984181e-34,-2.484808345e-17,-0,-7.413983235e-33,0,0,0,0,0,0,0,0,0,0,0,0,0,0,0,0,0,-0,-0,-0,-0,-0,-0,-0,-0,0,0,0,0,0,0,0
12.302,-3.5,0,2,0,0,0,0,0,0,0,0,0,-4.33680869e-19,-0,-1.293984181e-34,-2.484808345e-17,-0,-7.413983235e-33,0,0,0,0,0,0,0,0,0,0,0,0,0,0,0,0,0,-0,-0,-0,-0,-0,-0,-0,-0,0,0,0,0,0,0,0
12.307,-3.5,0,2,0,0,0,0,0,0,0,0,0,-4.33680869e-19,-0,-1.293984181e-34,-2.484808345e-17,-0,-7.413983235e-33,0,0,0,0,0,0,0,0,0,0,0,0,0,0,0,0,0,-0,-0,-0,-0,-0,-0,-0,-0,0,0,0,0,0,0,0
12.312,-3.5,0,2,0,0,0,0,0,0,0,0,0,-4.33680869e-19,-0,-1.293984181e-34,-2.484808345e-17,-0,-7.413983235e-33,0,0,0,0,0,0,0,0,0,0,0,0,0,0,0,0,0,-0,-0,-0,-0,-0,-0,-0,-0,0,0,0,0,0,0,0
12.317,-3.5,0,2,0,0,0,0,0,0,0,0,0,-4.33680869e-19,-0,-1.293984181e-34,-2.484808345e-17,-0,-7.413983235e-33,0,0,0,0,0,0,0,0,0,0,0,0,0,0,0,0,0,-0,-0,-0,-0,-0,-0,-0,-0,0,0,0,0,0,0,0
12.322,-3.5,0,2,0,0,0,0,0,0,0,0,0,-4.33680869e-19,-0,-1.293984181e-34,-2.484808345e-17,-0,-7.413983235e-33,0,0,0,0,0,0,0,0,0,0,0,0,0,0,0,0,0,-0,-0,-0,-0,-0,-0,-0,-0,0,0,0,0,0,0,0
12.327,-3.5,0,2,0,0,0,0,0,0,0,0,0,-4.33680869e-19,-0,-1.293984181e-34,-2.484808345e-17,-0,-7.413983235e-33,0,0,0,0,0,0,0,0,0,0,0,0,0,0,0,0,0,-0,-0,-0,-0,-0,-0,-0,-0,0,0,0,0,0,0,0
12.332,-3.5,0,2,0,0,0,0,0,0,0,0,0,-4.33680869e-19,-0,-1.293984181e-34,-2.484808345e-17,-0,-7.413983235e-33,0,0,0,0,0,0,0,0,0,0,0,0,0,0,0,0,0,-0,-0,-0,-0,-0,-0,-0,-0,0,0,0,0,0,0,0
12.337,-3.5,0,2,0,0,0,0,0,0,0,0,0,-4.33680869e-19,-0,-1.293984181e-34,-2.484808345e-17,-0,-7.413983235e-33,0,0,0,0,0,0,0,0,0,0,0,0,0,0,0,0,0,-0,-0,-0,-0,-0,-0,-0,-0,0,0,0,0,0,0,0
12.342,-3.5,0,2,0,0,0,0,0,0,0,0,0,-4.33680869e-19,-0,-1.293984181e-34,-2.484808345e-17,-0,-7.413983235e-33,0,0,0,0,0,0,0,0,0,0,0,0,0,0,0,0,0,-0,-0,-0,-0,-0,-0,-0,-0,0,0,0,0,0,0,0
12.347,-3.5,0,2,0,0,0,0,0,0,0,0,0,-4.33680869e-19,-0,-1.293984181e-34,-2.484808345e-17,-0,-7.413983235e-33,0,0,0,0,0,0,0,0,0,0,0,0,0,0,0,0,0,-0,-0,-0,-0,-0,-0,-0,-0,0,0,0,0,0,0,0
12.352,-3.5,0,2,0,0,0,0,0,0,0,0,0,-4.33680869e-19,-0,-1.293984181e-34,-2.484808345e-17,-0,-7.413983235e-33,0,0,0,0,0,0,0,0,0,0,0,0,0,0,0,0,0,-0,-0,-0,-0,-0,-0,-0,-0,0,0,0,0,0,0,0
12.357,-3.5,0,2,0,0,0,0,0,0,0,0,0,-4.33680869e-19,-0,-1.293984181e-34,-2.484808345e-17,-0,-7.413983235e-33,0,0,0,0,0,0,0,0,0,0,0,0,0,0,0,0,0,-0,-0,-0,-0,-0,-0,-0,-0,0,0,0,0,0,0,0
12.362,-3.5,0,2,0,0,0,0,0,0,0,0,0,-4.33680869e-19,-0,-1.293984181e-34,-2.484808345e-17,-0,-7.413983235e-33,0,0,0,0,0,0,0,0,0,0,0,0,0,0,0,0,0,-0,-0,-0,-0,-0,-0,-0,-0,0,0,0,0,0,0,0
12.367,-3.5,0,2,0,0,0,0,0,0,0,0,0,-4.33680869e-19,-0,-1.293984181e-34,-2.484808345e-17,-0,-7.413983235e-33,0,0,0,0,0,0,0,0,0,0,0,0,0,0,0,0,0,-0,-0,-0,-0,-0,-0,-0,-0,0,0,0,0,0,0,0
12.372,-3.5,0,2,0,0,0,0,0,0,0,0,0,-4.33680869e-19,-0,-1.293984181e-34,-2.484808345e-17,-0,-7.413983235e-33,0,0,0,0,0,0,0,0,0,0,0,0,0,0,0,0,0,-0,-0,-0,-0,-0,-0,-0,-0,0,0,0,0,0,0,0
12.377,-3.5,0,2,0,0,0,0,0,0,0,0,0,-4.33680869e-19,-0,-1.293984181e-34,-2.484808345e-17,-0,-7.413983235e-33,0,0,0,0,0,0,0,0,0,0,0,0,0,0,0,0,0,-0,-0,-0,-0,-0,-0,-0,-0,0,0,0,0,0,0,0
12.382,-3.5,0,2,0,0,0,0,0,0,0,0,0,-4.33680869e-19,-0,-1.293984181e-34,-2.484808345e-17,-0,-7.413983235e-33,0,0,0,0,0,0,0,0,0,0,0,0,0,0,0,0,0,-0,-0,-0,-0,-0,-0,-0,-0,0,0,0,0,0,0,0
12.387,-3.5,0,2,0,0,0,0,0,0,0,0,0,-4.33680869e-19,-0,-1.293984181e-34,-2.484808345e-17,-0,-7.413983235e-33,0,0,0,0,0,0,0,0,0,0,0,0,0,0,0,0,0,-0,-0,-0,-0,-0,-0,-0,-0,0,0,0,0,0,0,0
12.392,-3.5,0,2,0,0,0,0,0,0,0,0,0,-4.33680869e-19,-0,-1.293984181e-34,-2.484808345e-17,-0,-7.413983235e-33,0,0,0,0,0,0,0,0,0,0,0,0,0,0,0,0,0,-0,-0,-0,-0,-0,-0,-0,-0,0,0,0,0,0,0,0
12.397,-3.5,0,2,0,0,0,0,0,0,0,0,0,-4.33680869e-19,-0,-1.293984181e-34,-2.484808345e-17,-0,-7.413983235e-33,0,0,0,0,0,0,0,0,0,0,0,0,0,0,0,0,0,-0,-0,-0,-0,-0,-0,-0,-0,0,0,0,0,0,0,0
12.402,-3.5,0,2,0,0,0,0,0,0,0,0,0,-4.33680869e-19,-0,-1.293984181e-34,-2.484808345e-17,-0,-7.413983235e-33,0,0,0,0,0,0,0,0,0,0,0,0,0,0,0,0,0,-0,-0,-0,-0,-0,-0,-0,-0,0,0,0,0,0,0,0
12.407,-3.5,0,2,0,0,0,0,0,0,0,0,0,-4.33680869e-19,-0,-1.293984181e-34,-2.484808345e-17,-0,-7.413983235e-33,0,0,0,0,0,0,0,0,0,0,0,0,0,0,0,0,0,-0,-0,-0,-0,-0,-0,-0,-0,0,0,0,0,0,0,0
12.412,-3.5,0,2,0,0,0,0,0,0,0,0,0,-4.33680869e-19,-0,-1.293984181e-34,-2.484808345e-17,-0,-7.413983235e-33,0,0,0,0,0,0,0,0,0,0,0,0,0,0,0,0,0,-0,-0,-0,-0,-0,-0,-0,-0,0,0,0,0,0,0,0
12.417,-3.5,0,2,0,0,0,0,0,0,0,0,0,-4.33680869e-19,-0,-1.293984181e-34,-2.484808345e-17,-0,-7.413983235e-33,0,0,0,0,0,0,0,0,0,0,0,0,0,0,0,0,0,-0,-0,-0,-0,-0,-0,-0,-0,0,0,0,0,0,0,0
12.422,-3.5,0,2,0,0,0,0,0,0,0,0,0,-4.33680869e-19,-0,-1.293984181e-34,-2.484808345e-17,-0,-7.413983235e-33,0,0,0,0,0,0,0,0,0,0,0,0,0,0,0,0,0,-0,-0,-0,-0,-0,-0,-0,-0,0,0,0,0,0,0,0
12.427,-3.5,0,2,0,0,0,0,0,0,0,0,0,-4.33680869e-19,-0,-1.293984181e-34,-2.484808345e-17,-0,-7.413983235e-33,0,0,0,0,0,0,0,0,0,0,0,0,0,0,0,0,0,-0,-0,-0,-0,-0,-0,-0,-0,0,0,0,0,0,0,0
12.432,-3.5,0,2,0,0,0,0,0,0,0,0,0,-4.33680869e-19,-0,-1.293984181e-34,-2.484808345e-17,-0,-7.413983235e-33,0,0,0,0,0,0,0,0,0,0,0,0,0,0,0,0,0,-0,-0,-0,-0,-0,-0,-0,-0,0,0,0,0,0,0,0
12.437,-3.5,0,2,0,0,0,0,0,0,0,0,0,-4.33680869e-19,-0,-1.293984181e-34,-2.484808345e-17,-0,-7.413983235e-33,0,0,0,0,0,0,0,0,0,0,0,0,0,0,0,0,0,-0,-0,-0,-0,-0,-0,-0,-0,0,0,0,0,0,0,0
12.442,-3.5,0,2,0,0,0,0,0,0,0,0,0,-4.33680869e-19,-0,-1.293984181e-34,-2.484808345e-17,-0,-7.413983235e-33,0,0,0,0,0,0,0,0,0,0,0,0,0,0,0,0,0,-0,-0,-0,-0,-0,-0,-0,-0,0,0,0,0,0,0,0
12.447,-3.5,0,2,0,0,0,0,0,0,0,0,0,-4.33680869e-19,-0,-1.293984181e-34,-2.484808345e-17,-0,-7.413983235e-33,0,0,0,0,0,0,0,0,0,0,0,0,0,0,0,0,0,-0,-0,-0,-0,-0,-0,-0,-0,0,0,0,0,0,0,0
12.452,-3.5,0,2,0,0,0,0,0,0,0,0,0,-4.33680869e-19,-0,-1.293984181e-34,-2.484808345e-17,-0,-7.413983235e-33,0,0,0,0,0,0,0,0,0,0,0,0,0,0,0,0,0,-0,-0,-0,-0,-0,-0,-0,-0,0,0,0,0,0,0,0
12.457,-3.5,0,2,0,0,0,0,0,0,0,0,0,-4.33680869e-19,-0,-1.293984181e-34,-2.484808345e-17,-0,-7.413983235e-33,0,0,0,0,0,0,0,0,0,0,0,0,0,0,0,0,0,-0,-0,-0,-0,-0,-0,-0,-0,0,0,0,0,0,0,0
12.462,-3.5,0,2,0,0,0,0,0,0,0,0,0,-4.33680869e-19,-0,-1.293984181e-34,-2.484808345e-17,-0,-7.413983235e-33,0,0,0,0,0,0,0,0,0,0,0,0,0,0,0,0,0,-0,-0,-0,-0,-0,-0,-0,-0,0,0,0,0,0,0,0
12.467,-3.5,0,2,0,0,0,0,0,0,0,0,0,-4.33680869e-19,-0,-1.293984181e-34,-2.484808345e-17,-0,-7.413983235e-33,0,0,0,0,0,0,0,0,0,0,0,0,0,0,0,0,0,-0,-0,-0,-0,-0,-0,-0,-0,0,0,0,0,0,0,0
12.472,-3.5,0,2,0,0,0,0,0,0,0,0,0,-4.33680869e-19,-0,-1.293984181e-34,-2.484808345e-17,-0,-7.413983235e-33,0,0,0,0,0,0,0,0,0,0,0,0,0,0,0,0,0,-0,-0,-0,-0,-0,-0,-0,-0,0,0,0,0,0,0,0
12.477,-3.5,0,2,0,0,0,0,0,0,0,0,0,-4.33680869e-19,-0,-1.293984181e-34,-2.484808345e-17,-0,-7.413983235e-33,0,0,0,0,0,0,0,0,0,0,0,0,0,0,0,0,0,-0,-0,-0,-0,-0,-0,-0,-0,0,0,0,0,0,0,0
12.482,-3.5,0,2,0,0,0,0,0,0,0,0,0,-4.33680869e-19,-0,-1.293984181e-34,-2.484808345e-17,-0,-7.413983235e-33,0,0,0,0,0,0,0,0,0,0,0,0,0,0,0,0,0,-0,-0,-0,-0,-0,-0,-0,-0,0,0,0,0,0,0,0
12.487,-3.5,0,2,0,0,0,0,0,0,0,0,0,-4.33680869e-19,-0,-1.293984181e-34,-2.484808345e-17,-0,-7.413983235e-33,0,0,0,0,0,0,0,0,0,0,0,0,0,0,0,0,0,-0,-0,-0,-0,-0,-0,-0,-0,0,0,0,0,0,0,0
12.492,-3.5,0,2,0,0,0,0,0,0,0,0,0,-4.33680869e-19,-0,-1.293984181e-34,-2.484808345e-17,-0,-7.413983235e-33,0,0,0,0,0,0,0,0,0,0,0,0,0,0,0,0,0,-0,-0,-0,-0,-0,-0,-0,-0,0,0,0,0,0,0,0
12.497,-3.5,0,2,0,0,0,0,0,0,0,0,0,-4.33680869e-19,-0,-1.293984181e-34,-2.484808345e-17,-0,-7.413983235e-33,0,0,0,0,0,0,0,0,0,0,0,0,0,0,0,0,0,-0,-0,-0,-0,-0,-0,-0,-0,0,0,0,0,0,0,0
12.502,-3.5,0,2,0,0,0,0,0,0,0,0,0,-4.33680869e-19,-0,-1.293984181e-34,-2.484808345e-17,-0,-7.413983235e-33,0,0,0,0,0,0,0,0,0,0,0,0,0,0,0,0,0,-0,-0,-0,-0,-0,-0,-0,-0,0,0,0,0,0,0,0
12.507,-3.5,0,2,0,0,0,0,0,0,0,0,0,-4.33680869e-19,-0,-1.293984181e-34,-2.484808345e-17,-0,-7.413983235e-33,0,0,0,0,0,0,0,0,0,0,0,0,0,0,0,0,0,-0,-0,-0,-0,-0,-0,-0,-0,0,0,0,0,0,0,0
12.512,-3.5,0,2,0,0,0,0,0,0,0,0,0,-4.33680869e-19,-0,-1.293984181e-34,-2.484808345e-17,-0,-7.413983235e-33,0,0,0,0,0,0,0,0,0,0,0,0,0,0,0,0,0,-0,-0,-0,-0,-0,-0,-0,-0,0,0,0,0,0,0,0
12.517,-3.5,0,2,0,0,0,0,0,0,0,0,0,-4.33680869e-19,-0,-1.293984181e-34,-2.484808345e-17,-0,-7.413983235e-33,0,0,0,0,0,0,0,0,0,0,0,0,0,0,0,0,0,-0,-0,-0,-0,-0,-0,-0,-0,0,0,0,0,0,0,0
12.522,-3.5,0,2,0,0,0,0,0,0,0,0,0,-4.33680869e-19,-0,-1.293984181e-34,-2.484808345e-17,-0,-7.413983235e-33,0,0,0,0,0,0,0,0,0,0,0,0,0,0,0,0,0,-0,-0,-0,-0,-0,-0,-0,-0,0,0,0,0,0,0,0
12.527,-3.5,0,2,0,0,0,0,0,0,0,0,0,-4.33680869e-19,-0,-1.293984181e-34,-2.484808345e-17,-0,-7.413983235e-33,0,0,0,0,0,0,0,0,0,0,0,0,0,0,0,0,0,-0,-0,-0,-0,-0,-0,-0,-0,0,0,0,0,0,0,0
12.532,-3.5,0,2,0,0,0,0,0,0,0,0,0,-4.33680869e-19,-0,-1.293984181e-34,-2.484808345e-17,-0,-7.413983235e-33,0,0,0,0,0,0,0,0,0,0,0,0,0,0,0,0,0,-0,-0,-0,-0,-0,-0,-0,-0,0,0,0,0,0,0,0
12.537,-3.5,0,2,0,0,0,0,0,0,0,0,0,-4.33680869e-19,-0,-1.293984181e-34,-2.484808345e-17,-0,-7.413983235e-33,0,0,0,0,0,0,0,0,0,0,0,0,0,0,0,0,0,-0,-0,-0,-0,-0,-0,-0,-0,0,0,0,0,0,0,0
12.542,-3.5,0,2,0,0,0,0,0,0,0,0,0,-4.33680869e-19,-0,-1.293984181e-34,-2.484808345e-17,-0,-7.413983235e-33,0,0,0,0,0,0,0,0,0,0,0,0,0,0,0,0,0,-0,-0,-0,-0,-0,-0,-0,-0,0,0,0,0,0,0,0
12.547,-3.5,0,2,0,0,0,0,0,0,0,0,0,-4.33680869e-19,-0,-1.293984181e-34,-2.484808345e-17,-0,-7.413983235e-33,0,0,0,0,0,0,0,0,0,0,0,0,0,0,0,0,0,-0,-0,-0,-0,-0,-0,-0,-0,0,0,0,0,0,0,0
12.552,-3.5,0,2,0,0,0,0,0,0,0,0,0,-4.33680869e-19,-0,-1.293984181e-34,-2.484808345e-17,-0,-7.413983235e-33,0,0,0,0,0,0,0,0,0,0,0,0,0,0,0,0,0,-0,-0,-0,-0,-0,-0,-0,-0,0,0,0,0,0,0,0
12.557,-3.5,0,2,0,0,0,0,0,0,0,0,0,-4.33680869e-19,-0,-1.293984181e-34,-2.484808345e-17,-0,-7.413983235e-33,0,0,0,0,0,0,0,0,0,0,0,0,0,0,0,0,0,-0,-0,-0,-0,-0,-0,-0,-0,0,0,0,0,0,0,0
12.562,-3.5,0,2,0,0,0,0,0,0,0,0,0,-4.33680869e-19,-0,-1.293984181e-34,-2.484808345e-17,-0,-7.413983235e-33,0,0,0,0,0,0,0,0,0,0,0,0,0,0,0,0,0,-0,-0,-0,-0,-0,-0,-0,-0,0,0,0,0,0,0,0
12.567,-3.5,0,2,0,0,0,0,0,0,0,0,0,-4.33680869e-19,-0,-1.293984181e-34,-2.484808345e-17,-0,-7.413983235e-33,0,0,0,0,0,0,0,0,0,0,0,0,0,0,0,0,0,-0,-0,-0,-0,-0,-0,-0,-0,0,0,0,0,0,0,0
12.572,-3.5,0,2,0,0,0,0,0,0,0,0,0,-4.33680869e-19,-0,-1.293984181e-34,-2.484808345e-17,-0,-7.413983235e-33,0,0,0,0,0,0,0,0,0,0,0,0,0,0,0,0,0,-0,-0,-0,-0,-0,-0,-0,-0,0,0,0,0,0,0,0
12.577,-3.5,0,2,0,0,0,0,0,0,0,0,0,-4.33680869e-19,-0,-1.293984181e-34,-2.484808345e-17,-0,-7.413983235e-33,0,0,0,0,0,0,0,0,0,0,0,0,0,0,0,0,0,-0,-0,-0,-0,-0,-0,-0,-0,0,0,0,0,0,0,0
12.582,-3.5,0,2,0,0,0,0,0,0,0,0,0,-4.33680869e-19,-0,-1.293984181e-34,-2.484808345e-17,-0,-7.413983235e-33,0,0,0,0,0,0,0,0,0,0,0,0,0,0,0,0,0,-0,-0,-0,-0,-0,-0,-0,-0,0,0,0,0,0,0,0
12.587,-3.5,0,2,0,0,0,0,0,0,0,0,0,-4.33680869e-19,-0,-1.293984181e-34,-2.484808345e-17,-0,-7.413983235e-33,0,0,0,0,0,0,0,0,0,0,0,0,0,0,0,0,0,-0,-0,-0,-0,-0,-0,-0,-0,0,0,0,0,0,0,0
12.592,-3.5,0,2,0,0,0,0,0,0,0,0,0,-4.33680869e-19,-0,-1.293984181e-34,-2.484808345e-17,-0,-7.413983235e-33,0,0,0,0,0,0,0,0,0,0,0,0,0,0,0,0,0,-0,-0,-0,-0,-0,-0,-0,-0,0,0,0,0,0,0,0
12.597,-3.5,0,2,0,0,0,0,0,0,0,0,0,-4.33680869e-19,-0,-1.293984181e-34,-2.484808345e-17,-0,-7.413983235e-33,0,0,0,0,0,0,0,0,0,0,0,0,0,0,0,0,0,-0,-0,-0,-0,-0,-0,-0,-0,0,0,0,0,0,0,0
12.602,-3.5,0,2,0,0,0,0,0,0,0,0,0,-4.33680869e-19,-0,-1.293984181e-34,-2.484808345e-17,-0,-7.413983235e-33,0,0,0,0,0,0,0,0,0,0,0,0,0,0,0,0,0,-0,-0,-0,-0,-0,-0,-0,-0,0,0,0,0,0,0,0
12.607,-3.5,0,2,0,0,0,0,0,0,0,0,0,-4.33680869e-19,-0,-1.293984181e-34,-2.484808345e-17,-0,-7.413983235e-33,0,0,0,0,0,0,0,0,0,0,0,0,0,0,0,0,0,-0,-0,-0,-0,-0,-0,-0,-0,0,0,0,0,0,0,0
12.612,-3.5,0,2,0,0,0,0,0,0,0,0,0,-4.33680869e-19,-0,-1.293984181e-34,-2.484808345e-17,-0,-7.413983235e-33,0,0,0,0,0,0,0,0,0,0,0,0,0,0,0,0,0,-0,-0,-0,-0,-0,-0,-0,-0,0,0,0,0,0,0,0
12.617,-3.5,0,2,0,0,0,0,0,0,0,0,0,-4.33680869e-19,-0,-1.293984181e-34,-2.484808345e-17,-0,-7.413983235e-33,0,0,0,0,0,0,0,0,0,0,0,0,0,0,0,0,0,-0,-0,-0,-0,-0,-0,-0,-0,0,0,0,0,0,0,0
12.622,-3.5,0,2,0,0,0,0,0,0,0,0,0,-4.33680869e-19,-0,-1.293984181e-34,-2.484808345e-17,-0,-7.413983235e-33,0,0,0,0,0,0,0,0,0,0,0,0,0,0,0,0,0,-0,-0,-0,-0,-0,-0,-0,-0,0,0,0,0,0,0,0
12.627,-3.5,0,2,0,0,0,0,0,0,0,0,0,-4.33680869e-19,-0,-1.293984181e-34,-2.484808345e-17,-0,-7.413983235e-33,0,0,0,0,0,0,0,0,0,0,0,0,0,0,0,0,0,-0,-0,-0,-0,-0,-0,-0,-0,0,0,0,0,0,0,0
12.632,-3.5,0,2,0,0,0,0,0,0,0,0,0,-4.33680869e-19,-0,-1.293984181e-34,-2.484808345e-17,-0,-7.413983235e-33,0,0,0,0,0,0,0,0,0,0,0,0,0,0,0,0,0,-0,-0,-0,-0,-0,-0,-0,-0,0,0,0,0,0,0,0
12.637,-3.5,0,2,0,0,0,0,0,0,0,0,0,-4.33680869e-19,-0,-1.293984181e-34,-2.484808345e-17,-0,-7.413983235e-33,0,0,0,0,0,0,0,0,0,0,0,0,0,0,0,0,0,-0,-0,-0,-0,-0,-0,-0,-0,0,0,0,0,0,0,0
12.642,-3.5,0,2,0,0,0,0,0,0,0,0,0,-4.33680869e-19,-0,-1.293984181e-34,-2.484808345e-17,-0,-7.413983235e-33,0,0,0,0,0,0,0,0,0,0,0,0,0,0,0,0,0,-0,-0,-0,-0,-0,-0,-0,-0,0,0,0,0,0,0,0
12.647,-3.5,0,2,0,0,0,0,0,0,0,0,0,-4.33680869e-19,-0,-1.293984181e-34,-2.484808345e-17,-0,-7.413983235e-33,0,0,0,0,0,0,0,0,0,0,0,0,0,0,0,0,0,-0,-0,-0,-0,-0,-0,-0,-0,0,0,0,0,0,0,0
12.652,-3.5,0,2,0,0,0,0,0,0,0,0,0,-4.33680869e-19,-0,-1.293984181e-34,-2.484808345e-17,-0,-7.413983235e-33,0,0,0,0,0,0,0,0,0,0,0,0,0,0,0,0,0,-0,-0,-0,-0,-0,-0,-0,-0,0,0,0,0,0,0,0
12.657,-3.5,0,2,0,0,0,0,0,0,0,0,0,-4.33680869e-19,-0,-1.293984181e-34,-2.484808345e-17,-0,-7.413983235e-33,0,0,0,0,0,0,0,0,0,0,0,0,0,0,0,0,0,-0,-0,-0,-0,-0,-0,-0,-0,0,0,0,0,0,0,0
12.662,-3.5,0,2,0,0,0,0,0,0,0,0,0,-4.33680869e-19,-0,-1.293984181e-34,-2.484808345e-17,-0,-7.413983235e-33,0,0,0,0,0,0,0,0,0,0,0,0,0,0,0,0,0,-0,-0,-0,-0,-0,-0,-0,-0,0,0,0,0,0,0,0
12.667,-3.5,0,2,0,0,0,0,0,0,0,0,0,-4.33680869e-19,-0,-1.293984181e-34,-2.484808345e-17,-0,-7.413983235e-33,0,0,0,0,0,0,0,0,0,0,0,0,0,0,0,0,0,-0,-0,-0,-0,-0,-0,-0,-0,0,0,0,0,0,0,0
12.672,-3.5,0,2,0,0,0,0,0,0,0,0,0,-4.33680869e-19,-0,-1.293984181e-34,-2.484808345e-17,-0,-7.413983235e-33,0,0,0,0,0,0,0,0,0,0,0,0,0,0,0,0,0,-0,-0,-0,-0,-0,-0,-0,-0,0,0,0,0,0,0,0
12.677,-3.5,0,2,0,0,0,0,0,0,0,0,0,-4.33680869e-19,-0,-1.293984181e-34,-2.484808345e-17,-0,-7.413983235e-33,0,0,0,0,0,0,0,0,0,0,0,0,0,0,0,0,0,-0,-0,-0,-0,-0,-0,-0,-0,0,0,0,0,0,0,0
12.682,-3.5,0,2,0,0,0,0,0,0,0,0,0,-4.33680869e-19,-0,-1.293984181e-34,-2.484808345e-17,-0,-7.413983235e-33,0,0,0,0,0,0,0,0,0,0,0,0,0,0,0,0,0,-0,-0,-0,-0,-0,-0,-0,-0,0,0,0,0,0,0,0
12.687,-3.5,0,2,0,0,0,0,0,0,0,0,0,-4.33680869e-19,-0,-1.293984181e-34,-2.484808345e-17,-0,-7.413983235e-33,0,0,0,0,0,0,0,0,0,0,0,0,0,0,0,0,0,-0,-0,-0,-0,-0,-0,-0,-0,0,0,0,0,0,0,0
12.692,-3.5,0,2,0,0,0,0,0,0,0,0,0,-4.33680869e-19,-0,-1.293984181e-34,-2.484808345e-17,-0,-7.413983235e-33,0,0,0,0,0,0,0,0,0,0,0,0,0,0,0,0,0,-0,-0,-0,-0,-0,-0,-0,-0,0,0,0,0,0,0,0
12.697,-3.5,0,2,0,0,0,0,0,0,0,0,0,-4.33680869e-19,-0,-1.293984181e-34,-2.484808345e-17,-0,-7.413983235e-33,0,0,0,0,0,0,0,0,0,0,0,0,0,0,0,0,0,-0,-0,-0,-0,-0,-0,-0,-0,0,0,0,0,0,0,0
12.702,-3.5,0,2,0,0,0,0,0,0,0,0,0,-4.33680869e-19,-0,-1.293984181e-34,-2.484808345e-17,-0,-7.413983235e-33,0,0,0,0,0,0,0,0,0,0,0,0,0,0,0,0,0,-0,-0,-0,-0,-0,-0,-0,-0,0,0,0,0,0,0,0
12.707,-3.5,0,2,0,0,0,0,0,0,0,0,0,-4.33680869e-19,-0,-1.293984181e-34,-2.484808345e-17,-0,-7.413983235e-33,0,0,0,0,0,0,0,0,0,0,0,0,0,0,0,0,0,-0,-0,-0,-0,-0,-0,-0,-0,0,0,0,0,0,0,0
12.712,-3.5,0,2,0,0,0,0,0,0,0,0,0,-4.33680869e-19,-0,-1.293984181e-34,-2.484808345e-17,-0,-7.413983235e-33,0,0,0,0,0,0,0,0,0,0,0,0,0,0,0,0,0,-0,-0,-0,-0,-0,-0,-0,-0,0,0,0,0,0,0,0
12.717,-3.5,0,2,0,0,0,0,0,0,0,0,0,-4.33680869e-19,-0,-1.293984181e-34,-2.484808345e-17,-0,-7.413983235e-33,0,0,0,0,0,0,0,0,0,0,0,0,0,0,0,0,0,-0,-0,-0,-0,-0,-0,-0,-0,0,0,0,0,0,0,0
12.722,-3.5,0,2,0,0,0,0,0,0,0,0,0,-4.33680869e-19,-0,-1.293984181e-34,-2.484808345e-17,-0,-7.413983235e-33,0,0,0,0,0,0,0,0,0,0,0,0,0,0,0,0,0,-0,-0,-0,-0,-0,-0,-0,-0,0,0,0,0,0,0,0
12.727,-3.5,0,2,0,0,0,0,0,0,0,0,0,-4.33680869e-19,-0,-1.293984181e-34,-2.484808345e-17,-0,-7.413983235e-33,0,0,0,0,0,0,0,0,0,0,0,0,0,0,0,0,0,-0,-0,-0,-0,-0,-0,-0,-0,0,0,0,0,0,0,0
12.732,-3.5,0,2,0,0,0,0,0,0,0,0,0,-4.33680869e-19,-0,-1.293984181e-34,-2.484808345e-17,-0,-7.413983235e-33,0,0,0,0,0,0,0,0,0,0,0,0,0,0,0,0,0,-0,-0,-0,-0,-0,-0,-0,-0,0,0,0,0,0,0,0
12.737,-3.5,0,2,0,0,0,0,0,0,0,0,0,-4.33680869e-19,-0,-1.293984181e-34,-2.484808345e-17,-0,-7.413983235e-33,0,0,0,0,0,0,0,0,0,0,0,0,0,0,0,0,0,-0,-0,-0,-0,-0,-0,-0,-0,0,0,0,0,0,0,0
12.742,-3.5,0,2,0,0,0,0,0,0,0,0,0,-4.33680869e-19,-0,-1.293984181e-34,-2.484808345e-17,-0,-7.413983235e-33,0,0,0,0,0,0,0,0,0,0,0,0,0,0,0,0,0,-0,-0,-0,-0,-0,-0,-0,-0,0,0,0,0,0,0,0
12.747,-3.5,0,2,0,0,0,0,0,0,0,0,0,-4.33680869e-19,-0,-1.293984181e-34,-2.484808345e-17,-0,-7.413983235e-33,0,0,0,0,0,0,0,0,0,0,0,0,0,0,0,0,0,-0,-0,-0,-0,-0,-0,-0,-0,0,0,0,0,0,0,0
12.752,-3.5,0,2,0,0,0,0,0,0,0,0,0,-4.33680869e-19,-0,-1.293984181e-34,-2.484808345e-17,-0,-7.413983235e-33,0,0,0,0,0,0,0,0,0,0,0,0,0,0,0,0,0,-0,-0,-0,-0,-0,-0,-0,-0,0,0,0,0,0,0,0
12.757,-3.5,0,2,0,0,0,0,0,0,0,0,0,-4.33680869e-19,-0,-1.293984181e-34,-2.484808345e-17,-0,-7.413983235e-33,0,0,0,0,0,0,0,0,0,0,0,0,0,0,0,0,0,-0,-0,-0,-0,-0,-0,-0,-0,0,0,0,0,0,0,0
12.762,-3.5,0,2,0,0,0,0,0,0,0,0,0,-4.33680869e-19,-0,-1.293984181e-34,-2.484808345e-17,-0,-7.413983235e-33,0,0,0,0,0,0,0,0,0,0,0,0,0,0,0,0,0,-0,-0,-0,-0,-0,-0,-0,-0,0,0,0,0,0,0,0
12.767,-3.5,0,2,0,0,0,0,0,0,0,0,0,-4.33680869e-19,-0,-1.293984181e-34,-2.484808345e-17,-0,-7.413983235e-33,0,0,0,0,0,0,0,0,0,0,0,0,0,0,0,0,0,-0,-0,-0,-0,-0,-0,-0,-0,0,0,0,0,0,0,0
12.772,-3.5,0,2,0,0,0,0,0,0,0,0,0,-4.33680869e-19,-0,-1.293984181e-34,-2.484808345e-17,-0,-7.413983235e-33,0,0,0,0,0,0,0,0,0,0,0,0,0,0,0,0,0,-0,-0,-0,-0,-0,-0,-0,-0,0,0,0,0,0,0,0
12.777,-3.5,0,2,0,0,0,0,0,0,0,0,0,-4.33680869e-19,-0,-1.293984181e-34,-2.484808345e-17,-0,-7.413983235e-33,0,0,0,0,0,0,0,0,0,0,0,0,0,0,0,0,0,-0,-0,-0,-0,-0,-0,-0,-0,0,0,0,0,0,0,0
12.782,-3.5,0,2,0,0,0,0,0,0,0,0,0,-4.33680869e-19,-0,-1.293984181e-34,-2.484808345e-17,-0,-7.413983235e-33,0,0,0,0,0,0,0,0,0,0,0,0,0,0,0,0,0,-0,-0,-0,-0,-0,-0,-0,-0,0,0,0,0,0,0,0
12.787,-3.5,0,2,0,0,0,0,0,0,0,0,0,-4.33680869e-19,-0,-1.293984181e-34,-2.484808345e-17,-0,-7.413983235e-33,0,0,0,0,0,0,0,0,0,0,0,0,0,0,0,0,0,-0,-0,-0,-0,-0,-0,-0,-0,0,0,0,0,0,0,0
12.792,-3.5,0,2,0,0,0,0,0,0,0,0,0,-4.33680869e-19,-0,-1.293984181e-34,-2.484808345e-17,-0,-7.413983235e-33,0,0,0,0,0,0,0,0,0,0,0,0,0,0,0,0,0,-0,-0,-0,-0,-0,-0,-0,-0,0,0,0,0,0,0,0
12.797,-3.5,0,2,0,0,0,0,0,0,0,0,0,-4.33680869e-19,-0,-1.293984181e-34,-2.484808345e-17,-0,-7.413983235e-33,0,0,0,0,0,0,0,0,0,0,0,0,0,0,0,0,0,-0,-0,-0,-0,-0,-0,-0,-0,0,0,0,0,0,0,0
12.802,-3.5,0,2,0,0,0,0,0,0,0,0,0,-4.33680869e-19,-0,-1.293984181e-34,-2.484808345e-17,-0,-7.413983235e-33,0,0,0,0,0,0,0,0,0,0,0,0,0,0,0,0,0,-0,-0,-0,-0,-0,-0,-0,-0,0,0,0,0,0,0,0
12.807,-3.5,0,2,0,0,0,0,0,0,0,0,0,-4.33680869e-19,-0,-1.293984181e-34,-2.484808345e-17,-0,-7.413983235e-33,0,0,0,0,0,0,0,0,0,0,0,0,0,0,0,0,0,-0,-0,-0,-0,-0,-0,-0,-0,0,0,0,0,0,0,0
12.812,-3.5,0,2,0,0,0,0,0,0,0,0,0,-4.33680869e-19,-0,-1.293984181e-34,-2.484808345e-17,-0,-7.413983235e-33,0,0,0,0,0,0,0,0,0,0,0,0,0,0,0,0,0,-0,-0,-0,-0,-0,-0,-0,-0,0,0,0,0,0,0,0
12.817,-3.5,0,2,0,0,0,0,0,0,0,0,0,-4.33680869e-19,-0,-1.293984181e-34,-2.484808345e-17,-0,-7.413983235e-33,0,0,0,0,0,0,0,0,0,0,0,0,0,0,0,0,0,-0,-0,-0,-0,-0,-0,-0,-0,0,0,0,0,0,0,0
12.822,-3.5,0,2,0,0,0,0,0,0,0,0,0,-4.33680869e-19,-0,-1.293984181e-34,-2.484808345e-17,-0,-7.413983235e-33,0,0,0,0,0,0,0,0,0,0,0,0,0,0,0,0,0,-0,-0,-0,-0,-0,-0,-0,-0,0,0,0,0,0,0,0
12.827,-3.5,0,2,0,0,0,0,0,0,0,0,0,-4.33680869e-19,-0,-1.293984181e-34,-2.484808345e-17,-0,-7.413983235e-33,0,0,0,0,0,0,0,0,0,0,0,0,0,0,0,0,0,-0,-0,-0,-0,-0,-0,-0,-0,0,0,0,0,0,0,0
12.832,-3.5,0,2,0,0,0,0,0,0,0,0,0,-4.33680869e-19,-0,-1.293984181e-34,-2.484808345e-17,-0,-7.413983235e-33,0,0,0,0,0,0,0,0,0,0,0,0,0,0,0,0,0,-0,-0,-0,-0,-0,-0,-0,-0,0,0,0,0,0,0,0
12.837,-3.5,0,2,0,0,0,0,0,0,0,0,0,-4.33680869e-19,-0,-1.293984181e-34,-2.484808345e-17,-0,-7.413983235e-33,0,0,0,0,0,0,0,0,0,0,0,0,0,0,0,0,0,-0,-0,-0,-0,-0,-0,-0,-0,0,0,0,0,0,0,0
12.842,-3.5,0,2,0,0,0,0,0,0,0,0,0,-4.33680869e-19,-0,-1.293984181e-34,-2.484808345e-17,-0,-7.413983235e-33,0,0,0,0,0,0,0,0,0,0,0,0,0,0,0,0,0,-0,-0,-0,-0,-0,-0,-0,-0,0,0,0,0,0,0,0
12.847,-3.5,0,2,0,0,0,0,0,0,0,0,0,-4.33680869e-19,-0,-1.293984181e-34,-2.484808345e-17,-0,-7.413983235e-33,0,0,0,0,0,0,0,0,0,0,0,0,0,0,0,0,0,-0,-0,-0,-0,-0,-0,-0,-0,0,0,0,0,0,0,0
12.852,-3.5,0,2,0,0,0,0,0,0,0,0,0,-4.33680869e-19,-0,-1.293984181e-34,-2.484808345e-17,-0,-7.413983235e-33,0,0,0,0,0,0,0,0,0,0,0,0,0,0,0,0,0,-0,-0,-0,-0,-0,-0,-0,-0,0,0,0,0,0,0,0
12.857,-3.5,0,2,0,0,0,0,0,0,0,0,0,-4.33680869e-19,-0,-1.293984181e-34,-2.484808345e-17,-0,-7.413983235e-33,0,0,0,0,0,0,0,0,0,0,0,0,0,0,0,0,0,-0,-0,-0,-0,-0,-0,-0,-0,0,0,0,0,0,0,0
12.862,-3.5,0,2,0,0,0,0,0,0,0,0,0,-4.33680869e-19,-0,-1.293984181e-34,-2.484808345e-17,-0,-7.413983235e-33,0,0,0,0,0,0,0,0,0,0,0,0,0,0,0,0,0,-0,-0,-0,-0,-0,-0,-0,-0,0,0,0,0,0,0,0
12.867,-3.5,0,2,0,0,0,0,0,0,0,0,0,-4.33680869e-19,-0,-1.293984181e-34,-2.484808345e-17,-0,-7.413983235e-33,0,0,0,0,0,0,0,0,0,0,0,0,0,0,0,0,0,-0,-0,-0,-0,-0,-0,-0,-0,0,0,0,0,0,0,0
12.872,-3.5,0,2,0,0,0,0,0,0,0,0,0,-4.33680869e-19,-0,-1.293984181e-34,-2.484808345e-17,-0,-7.413983235e-33,0,0,0,0,0,0,0,0,0,0,0,0,0,0,0,0,0,-0,-0,-0,-0,-0,-0,-0,-0,0,0,0,0,0,0,0
12.877,-3.5,0,2,0,0,0,0,0,0,0,0,0,-4.33680869e-19,-0,-1.293984181e-34,-2.484808345e-17,-0,-7.413983235e-33,0,0,0,0,0,0,0,0,0,0,0,0,0,0,0,0,0,-0,-0,-0,-0,-0,-0,-0,-0,0,0,0,0,0,0,0
12.882,-3.5,0,2,0,0,0,0,0,0,0,0,0,-4.33680869e-19,-0,-1.293984181e-34,-2.484808345e-17,-0,-7.413983235e-33,0,0,0,0,0,0,0,0,0,0,0,0,0,0,0,0,0,-0,-0,-0,-0,-0,-0,-0,-0,0,0,0,0,0,0,0
12.887,-3.5,0,2,0,0,0,0,0,0,0,0,0,-4.33680869e-19,-0,-1.293984181e-34,-2.484808345e-17,-0,-7.413983235e-33,0,0,0,0,0,0,0,0,0,0,0,0,0,0,0,0,0,-0,-0,-0,-0,-0,-0,-0,-0,0,0,0,0,0,0,0
12.892,-3.5,0,2,0,0,0,0,0,0,0,0,0,-4.33680869e-19,-0,-1.293984181e-34,-2.484808345e-17,-0,-7.413983235e-33,0,0,0,0,0,0,0,0,0,0,0,0,0,0,0,0,0,-0,-0,-0,-0,-0,-0,-0,-0,0,0,0,0,0,0,0
12.897,-3.5,0,2,0,0,0,0,0,0,0,0,0,-4.33680869e-19,-0,-1.293984181e-34,-2.484808345e-17,-0,-7.413983235e-33,0,0,0,0,0,0,0,0,0,0,0,0,0,0,0,0,0,-0,-0,-0,-0,-0,-0,-0,-0,0,0,0,0,0,0,0
12.902,-3.5,0,2,0,0,0,0,0,0,0,0,0,-4.33680869e-19,-0,-1.293984181e-34,-2.484808345e-17,-0,-7.413983235e-33,0,0,0,0,0,0,0,0,0,0,0,0,0,0,0,0,0,-0,-0,-0,-0,-0,-0,-0,-0,0,0,0,0,0,0,0
12.907,-3.5,0,2,0,0,0,0,0,0,0,0,0,-4.33680869e-19,-0,-1.293984181e-34,-2.484808345e-17,-0,-7.413983235e-33,0,0,0,0,0,0,0,0,0,0,0,0,0,0,0,0,0,-0,-0,-0,-0,-0,-0,-0,-0,0,0,0,0,0,0,0
12.912,-3.5,0,2,0,0,0,0,0,0,0,0,0,-4.33680869e-19,-0,-1.293984181e-34,-2.484808345e-17,-0,-7.413983235e-33,0,0,0,0,0,0,0,0,0,0,0,0,0,0,0,0,0,-0,-0,-0,-0,-0,-0,-0,-0,0,0,0,0,0,0,0
12.917,-3.5,0,2,0,0,0,0,0,0,0,0,0,-4.33680869e-19,-0,-1.293984181e-34,-2.484808345e-17,-0,-7.413983235e-33,0,0,0,0,0,0,0,0,0,0,0,0,0,0,0,0,0,-0,-0,-0,-0,-0,-0,-0,-0,0,0,0,0,0,0,0
12.922,-3.5,0,2,0,0,0,0,0,0,0,0,0,-4.33680869e-19,-0,-1.293984181e-34,-2.484808345e-17,-0,-7.413983235e-33,0,0,0,0,0,0,0,0,0,0,0,0,0,0,0,0,0,-0,-0,-0,-0,-0,-0,-0,-0,0,0,0,0,0,0,0
12.927,-3.5,0,2,0,0,0,0,0,0,0,0,0,-4.33680869e-19,-0,-1.293984181e-34,-2.484808345e-17,-0,-7.413983235e-33,0,0,0,0,0,0,0,0,0,0,0,0,0,0,0,0,0,-0,-0,-0,-0,-0,-0,-0,-0,0,0,0,0,0,0,0
12.932,-3.5,0,2,0,0,0,0,0,0,0,0,0,-4.33680869e-19,-0,-1.293984181e-34,-2.484808345e-17,-0,-7.413983235e-33,0,0,0,0,0,0,0,0,0,0,0,0,0,0,0,0,0,-0,-0,-0,-0,-0,-0,-0,-0,0,0,0,0,0,0,0
12.937,-3.5,0,2,0,0,0,0,0,0,0,0,0,-4.33680869e-19,-0,-1.293984181e-34,-2.484808345e-17,-0,-7.413983235e-33,0,0,0,0,0,0,0,0,0,0,0,0,0,0,0,0,0,-0,-0,-0,-0,-0,-0,-0,-0,0,0,0,0,0,0,0
12.942,-3.5,0,2,0,0,0,0,0,0,0,0,0,-4.33680869e-19,-0,-1.293984181e-34,-2.484808345e-17,-0,-7.413983235e-33,0,0,0,0,0,0,0,0,0,0,0,0,0,0,0,0,0,-0,-0,-0,-0,-0,-0,-0,-0,0,0,0,0,0,0,0
12.947,-3.5,0,2,0,0,0,0,0,0,0,0,0,-4.33680869e-19,-0,-1.293984181e-34,-2.484808345e-17,-0,-7.413983235e-33,0,0,0,0,0,0,0,0,0,0,0,0,0,0,0,0,0,-0,-0,-0,-0,-0,-0,-0,-0,0,0,0,0,0,0,0
