time_s,root_q_rad,root_q_deg,j1_q_rad,j2_q_rad,j3_q_rad,j4_q_rad,j1_q_deg,j2_q_deg,j3_q_deg,j4_q_deg,tip_angle_rad,tip_angle_deg,j1_vel_rad_s,j2_vel_rad_s,j3_vel_rad_s,j4_vel_rad_s,j1_tau_nm,j2_tau_nm,j3_tau_nm,j4_tau_nm
0,0,0,0.001268854366,0.0009512044423,0.0006352998477,0.0003176499239,0.0727,0.0545,0.0364,0.0182,0.00317300858,0.1818,0,0,0,0,-0.02791479606,-0.02092649773,-0.01397659665,-0.006988298325
0.002,0.0003061372341,0.01754037146,0.000629428573,0.00141601704,0.0002246905633,0.0006595117158,0.03606360074,0.08113180011,0.01287382098,0.03778723785,0.002929647892,0.1678564597,-0.3197128966,0.2324062989,-0.2053046422,0.1709308959,-0.01352771571,-0.03138478118,-0.004737887751,-0.01468018864
0.012,-0.002667291164,-0.1528245264,0.01134540624,-0.0195317548,0.02683817788,-0.0142913988,0.6500438946,-1.119087116,1.537714323,-0.8188368349,0.004360430528,0.2498342661,0.8879345311,-1.8254169,2.409093271,-1.371478757,-0.05,0.05,-0.05,0.05
0.022,-0.001225775632,-0.07023177035,0.001376171759,0.00532249244,-0.005660245452,0.00394981154,0.07884883367,0.3049563533,-0.3243081754,0.2263075311,0.004988230288,0.2858045427,0.6451544262,2.393416088,-8.563223961,7.009629759,-0.03092093312,-0.05,0.05,-0.05
0.032,0.003373597847,0.1932929184,-0.00446148821,-0.005207194989,0.01649423309,-0.006533428521,-0.2556244448,-0.2983502959,0.9450499425,-0.37433788,0.0002921213722,0.01673732173,-2.099571942,3.293254497,-3.347712042,1.748289851,0.05,0.05,-0.05,0.05
0.042,0.00168579437,0.09658890255,-0.004557212853,0.008024372025,-0.005876131588,0.004616123746,-0.2611090628,0.4597626503,-0.3366775399,0.2644844084,0.00220715133,0.126460456,-4.279496951,9.120970964,-11.413652,5.963199097,0.05,-0.05,0.05,-0.05
0.052,0.002334805718,0.1337745136,-0.005359879416,0.01251385645,-0.01357615995,0.00649500111,-0.3070984692,0.71699116,-0.7778566672,0.3721361515,7.281819164e-05,0.004172175053,-4.710216891,9.12698505,-11.07700179,5.795051495,0.05,-0.05,0.05,-0.05
0.062,0.002205259204,0.1263520451,-0.004113306376,0.01721316495,-0.03388980469,0.02339944048,-0.2356750952,0.9862417037,-1.941742777,1.340689183,0.002609494373,0.1495130143,0.8399160196,0.4089895316,-3.464070629,3.048068951,0.05,-0.05,0.05,-0.05
0.072,0.006605019614,0.3784397475,-0.01776187843,0.03072325087,-0.0331644966,0.01656202642,-1.01768067,1.760312608,-1.900185685,0.9489342138,-0.003641097748,-0.2086195337,-5.672977612,16.35947853,-25.33817546,15.58451039,0.05,-0.05,0.05,-0.05
0.082,-0.0005574394007,-0.03193892499,0.004459513072,-0.007610957876,0.0193815012,-0.01760807829,0.2555112777,-0.4360757643,1.110478219,-1.008868571,-0.001378021896,-0.07895483871,-1.078309975,4.309160438,-7.617582525,4.839024527,-0.05,0.05,-0.05,0.05
0.092,-0.001954497103,-0.1119844351,0.01221534993,-0.02350967271,0.03886687521,-0.02965757345,0.6998879965,-1.347005024,2.226907912,-1.699253789,-0.002085021016,-0.1194629044,1.677832256,-5.105606699,7.841936786,-4.929462429,-0.05,0.05,-0.05,0.05
0.102,0.001178827738,0.06754185414,0.004881412816,-0.0107297299,0.01925871377,-0.01791899887,0.2796843524,-0.6147682385,1.103443018,-1.026683008,-0.004508602179,-0.2583238764,5.99190497,-15.81227001,24.2370298,-15.26294811,-0.05,0.05,-0.05,0.05
0.112,0.003211910739,0.1840289295,-0.006091413295,0.02483367128,-0.04027703254,0.018702964,-0.3490122731,1.422864554,-2.307703976,1.071600902,-0.002831810559,-0.1622507934,2.718188789,-5.17465134,7.039997918,-4.480352497,0.05,-0.05,0.05,-0.05
0.122,0.002116009936,0.1212384387,-0.001616570089,0.01308279262,-0.01876699695,0.002989844962,-0.09262264337,0.7495888012,-1.075269719,0.1713054977,-0.004310929454,-0.2469980635,-0.009819609505,-1.501545141,4.075746448,-2.99091176,0.03557436156,-0.05,0.05,-0.05
0.134,-0.002818073715,-0.1614637303,0.01181265416,-0.003069944583,-0.01120554528,0.005209076991,0.6768152281,-0.1758948679,-0.642030452,0.2984581267,0.002746241281,0.1573480349,6.319278124,-11.68778243,13.4653519,-6.903529493,-0.05,0.05,0.05,-0.05
0.144,0.003393518429,0.1944342837,-0.0161684048,0.04737425316,-0.0630039148,0.03174515172,-0.9263813565,2.714344764,-3.609858411,1.818863214,-5.29147139e-05,-0.00303178978,-3.221009558,8.103762331,-10.74539391,6.222659083,0.05,-0.05,0.05,-0.05
0.154,-0.003861902028,-0.2212706871,0.01537888155,-0.03581929849,0.06153468653,-0.04017775151,0.8811450067,-2.052294629,3.525677832,-2.302015592,0.0009165180836,0.05251261804,-1.120534352,1.810904438,-4.115872826,3.943625278,-0.05,0.05,-0.05,0.05
0.164,-0.0006850341438,-0.03924956526,-0.006216456997,0.03140556547,-0.06460660709,0.05326500128,-0.3561767494,1.799406354,-3.701685915,3.051859769,0.01384750266,0.7934034593,4.597814665,-9.975470374,12.59211224,-6.361549044,0.05,-0.05,0.05,-0.05
0.174,0.0009566835979,0.05481393249,0.002672878774,-0.04306446638,0.08690842241,-0.04443600487,0.1531446729,-2.467412171,4.979485808,-2.545995537,0.002080829937,0.1192227733,-6.301026759,10.14215308,-10.51631124,5.887253453,-0.05,0.05,-0.05,0.05
0.184,0.005771214288,0.3306662214,-0.03996694004,0.07527690848,-0.08571985405,0.06304029373,-2.289936984,4.313049151,-4.911385858,3.61194277,0.01263040813,0.7236690792,2.927608518,-5.211022324,7.927324889,-4.852857969,0.05,-0.05,0.05,-0.05
0.194,-0.007671191685,-0.4395269074,0.01068787706,-0.04125713995,0.08501612397,-0.03860941998,0.6123702475,-2.363859994,4.871065094,-2.212156814,0.01583744111,0.9074185336,-1.343264027,4.002881536,-7.333058389,5.406258092,-0.05,0.05,-0.05,0.05
0.204,-0.006665166036,-0.3818858836,-0.008577779602,0.03582913934,-0.05988955552,0.06314457076,-0.4914705688,2.052858468,-3.431418768,3.617917403,0.03050637497,1.747886534,4.514244105,-9.119697142,11.16916546,-5.767840827,0.05,-0.05,0.05,-0.05
0.214,-0.00502877906,-0.2881278163,-0.0005855610447,-0.03003851702,0.07708872413,-0.02829025104,-0.03355017651,-1.721080248,4.416858541,-1.620911986,0.01817439502,1.04131613,-6.468172561,11.20719214,-12.3039684,6.742610542,0.01935051555,0.05,-0.05,0.05
0.224,-0.007026473774,-0.4025872921,-0.006620921318,0.003238834952,0.0252432468,0.002008935663,-0.379350848,0.1855715733,1.446331503,0.1151035348,0.0238700961,1.367655763,6.712078325,-16.19723238,24.83520209,-15.71900486,0.05,-0.05,-0.05,-0.02847757973
0.234,-0.007034228124,-0.4030315836,-0.009444586957,0.02859144107,-0.02962305737,0.03786995119,-0.5411349719,1.638168903,-1.697276164,2.169788374,0.02739374793,1.569546141,-7.952277917,20.65102294,-30.04822641,17.51447392,0.05,-0.05,0.05,-0.05
0.244,-0.01226629722,-0.7028070611,0.01640937824,-0.04165314749,0.09705587931,-0.05481118191,0.9401881177,-2.386549555,5.560892261,-3.140449394,0.01700092815,0.9740814309,2.884946906,-9.624353272,17.29933393,-12.19114904,-0.05,0.05,-0.05,0.05
0.256,-0.004999927625,-0.2864747508,-0.02145365028,0.07838265015,-0.1005039453,0.06509485195,-1.229203616,4.490995041,-5.758451891,3.729660285,0.02151990651,1.232999819,2.307321709,-0.671934863,-3.700818216,3.094563881,0.05,-0.05,0.05,-0.05
0.266,-0.01253172532,-0.7180149706,0.03207901704,-0.06263901055,0.1015937274,-0.05905502927,1.837992287,-3.588950937,5.820891805,-3.383603936,0.01197870463,0.6863292191,-0.2762918577,-2.883566026,5.036981349,-3.271981674,-0.05,0.05,-0.05,0.05
0.276,0.001945166481,0.1114498298,-0.02356257548,0.07471021977,-0.1125461908,0.07334348542,-1.35003613,4.280580279,-6.448421731,4.202272169,0.01194493893,0.6843945875,-0.9146744412,4.259500559,-7.735032263,4.632432264,0.05,-0.05,0.05,-0.05
0.286,-0.009200934797,-0.5271747314,0.02711720563,-0.03762545783,0.04848822933,-0.03030505428,1.553701435,-2.155779936,2.778170897,-1.736351708,0.007674922848,0.4397406873,0.3375647301,-1.109415505,1.462951861,-1.28070989,-0.05,0.05,-0.05,0.05
0.296,-0.0009592783725,-0.05496260212,-0.003179395864,0.03082853538,-0.04560656061,0.02072732522,-0.1821659644,1.766344966,-2.613063441,1.187588255,0.002769904128,0.1587038162,2.397804453,-8.220425398,14.85760757,-10.40812729,0.05,-0.05,0.05,-0.05
0.306,0.004734871703,0.2712881651,-0.01281290612,0.03108554553,-0.02860853144,0.00251783191,-0.7341254442,1.781070563,-1.639148109,0.144261142,-0.00781806012,-0.4479418488,-2.493460782,7.475481458,-13.88732733,9.489392482,0.05,-0.05,0.05,-0.05
0.316,0.003053155319,0.174932914,0.001296979055,0.008936987313,-0.02779000564,0.01447883593,0.07431142596,0.5120516546,-1.592250036,0.829576191,-0.003077203346,-0.1763107644,0.1593570846,-0.5525976405,-1.300656599,1.887379547,-0.02869289629,-0.05,0.05,-0.05
0.326,0.006229984408,0.356951813,0.002756803031,-0.02270736574,0.02839251215,-0.01713764374,0.1579531786,-1.301036221,1.626771116,-0.9819146569,-0.008695694293,-0.4982265829,4.054074931,-12.34309802,19.69825001,-12.12161231,-0.05,0.05,-0.05,0.05
0.336,0.005692352241,0.3261477589,-0.00674959813,0.02468037186,-0.06338170365,0.04667684216,-0.3867234863,1.414081144,-3.631504117,2.674386057,0.00122591224,0.07023959739,3.66970953,-5.029452003,4.300367979,-1.786238248,0.05,-0.05,0.05,-0.05
0.346,0.004374480989,0.2506392982,-0.003336675334,0.00419955491,-0.008481849213,0.003683951039,-0.1911774142,0.2406167722,-0.4859741624,0.2110748465,-0.003935018597,-0.2254599579,-7.029681739,17.08528977,-23.04821286,13.13232777,0.05,-0.05,0.05,-0.05
0.356,0.0008080557662,0.04629818501,-0.00059687586,0.009095950911,-0.01258046923,0.003952322556,-0.03419846767,0.5211595979,-0.720807791,0.2264514017,-0.0001290716204,-0.007395259103,-4.06578668,11.52235004,-18.60601234,12.11605711,0.0171970556,-0.05,0.05,-0.05
0.366,-0.000153202298,-0.008777845089,0.003778818844,-0.001955558716,-0.004355856791,0.005997396079,0.2165103713,-0.112045261,-0.2495722103,0.3436254834,0.003464799417,0.1985183834,2.585899497,-5.981706275,6.63215026,-2.660538668,-0.05,0.04900399802,0.05,-0.05
0.376,0.001283691185,0.07355008711,-0.003680886205,0.00185100621,0.007846153336,-0.00439503999,-0.2108992444,0.1060548437,0.4495514716,-0.2518172422,0.001621233351,0.09288982862,4.018051278,-9.506026832,14.85217948,-9.336151751,0.05,-0.03121610978,-0.05,0.05
0.386,0.001691603747,0.09692175532,-0.005966886479,0.003996444193,0.004925426172,0.0002804167971,-0.3418774121,0.2289793853,0.2822061319,0.01606669898,0.003235400683,0.1853748041,-3.290435786,5.13958303,-4.430638063,2.007982801,0.05,-0.05,-0.05,-0.008177152337
0.396,-0.002158856435,-0.1236933623,0.003066667522,-0.001648798055,0.003679552541,0.002147897129,0.1757071062,-0.09446916984,0.2108228311,0.1230654403,0.007245319136,0.4151262077,2.684961507,-5.598271545,8.303522775,-5.552499621,-0.05,0.04187182876,-0.05,-0.04170123722
0.406,-0.0009738678324,-0.0557985166,0.003652739106,-0.006345466584,0.0144702004,-0.009468660726,0.2092865345,-0.3635684543,0.8290814119,-0.5425142973,0.002308812201,0.1322851948,0.8284327372,-5.12127378,8.546519849,-5.293716035,-0.05,0.05,-0.05,0.05
0.416,0.0003228082477,0.01849555018,0.006362282551,-0.01663954589,0.02160043885,-0.01044125283,0.3645319382,-0.9533757522,1.237613982,-0.5982397202,0.0008819226859,0.05053044776,1.280587017,-6.278034511,12.82975599,-9.136541324,-0.05,0.05,-0.05,0.05
0.426,-0.001344956566,-0.07706033484,0.008899352672,-0.02174723564,0.03870229517,-0.02642966326,0.5098953485,-1.246024818,2.217478171,-1.514308159,-0.0005752510603,-0.03295945792,6.634619438,-15.14454079,20.68835791,-11.92225925,-0.05,0.05,-0.05,0.05
0.436,0.0003432856495,0.01966881888,-0.0005863940707,0.0153622041,-0.04234577702,0.03541178687,-0.03359790538,0.8801894589,-2.426234303,2.028945933,0.007841819882,0.449303183,2.977716372,-5.575792832,5.746144117,-2.423727021,0.009922953182,-0.05,0.05,-0.05
0.446,0.002636627602,0.1510676337,-0.007242222904,0.01119683064,-0.01145737172,0.008897792694,-0.4149488067,0.6415311393,-0.6564590437,0.5098059684,0.001395028709,0.07992925731,-3.183898789,5.67414044,-4.204287074,0.9359585756,0.05,-0.05,0.05,-0.05
0.456,-0.004378523778,-0.250870933,0.01088663044,-0.01587898292,0.02878806243,-0.02004919339,0.6237579774,-0.9097987045,1.649434478,-1.148734164,0.003746516555,0.2146595865,3.191744357,-9.944560608,17.08554639,-11.2697738,-0.05,0.05,-0.05,0.05
0.466,-0.002405415131,-0.137820135,0.007958325103,-0.01710074118,0.02740356377,-0.01442982752,0.4559784404,-0.9798002964,1.570108548,-0.8267682159,0.003831320174,0.219518476,3.13217929,-10.13034558,14.11886336,-7.402611383,-0.05,0.05,-0.05,0.05
0.476,0.0001382429768,0.007920739116,0.006833164162,-0.02617950803,0.02901459379,-0.00387677,0.3915114672,-1.49997532,1.662413768,-0.2221225591,0.005791479922,0.3318273567,0.8507015287,-4.190900524,8.075613585,-5.339646631,-0.05,0.05,-0.05,0.05
0.486,-0.0009365788748,-0.05366201671,0.0005236668908,-0.01154205104,0.03342958167,-0.02033821188,0.03000390271,-0.6613108117,1.915373941,-1.165293704,0.002072985641,0.1187733282,2.006085078,-2.175900841,3.966949437,-3.611136524,-0.01352675668,0.05,-0.05,0.05
0.496,-0.007061365548,-0.4045864435,0.01761731916,-0.02536081729,0.03465768565,-0.01977089195,1.009398034,-1.453067796,1.985739115,-1.132788666,0.007143295563,0.4092806876,1.755163656,-9.953187103,20.25463886,-14.2531582,-0.05,0.05,-0.05,0.05
0.508,-0.0009163358007,-0.05250217399,-0.009106426684,0.02159348347,-0.001979524187,-0.0116896824,-0.5217598154,1.237215468,-0.1134183814,-0.6697694656,-0.001182149806,-0.06773219463,4.919227505,-12.96075432,22.01990763,-14.90887252,0.05,-0.05,0.02152962448,0.05
0.518,-0.001232717609,-0.07062951631,-0.007632847035,0.03593806531,-0.05686819329,0.03570309066,-0.4373299208,2.059099466,-3.258307464,2.045636411,0.007140115643,0.4090984916,-3.585681847,14.84427935,-30.75791907,22.16028696,0.05,-0.05,0.05,-0.05
0.528,-0.003554802558,-0.2036751836,0.02577956346,-0.061970439,0.06282708729,-0.02058061741,1.477060184,-3.55064461,3.599726941,-1.179182517,0.006055594337,0.346959998,1.446277871,-12.45603002,23.45866517,-15.08994242,-0.05,0.05,-0.05,0.05
0.538,0.01312674111,0.7521068644,-0.03283692497,0.04432864862,-0.06780515905,0.05357323622,-1.881417213,2.539844477,-3.884949443,3.06952033,-0.002740199183,-0.1570018482,-3.650070566,9.267119157,-11.59338438,5.773245725,0.05,-0.05,0.05,-0.05
0.548,0.002867566947,0.1642994835,0.007047746927,-0.05346106298,0.09879020641,-0.06271077792,0.403806154,-3.063093277,5.660261885,-3.593062905,-0.01033388756,-0.5920881434,1.410704898,-2.272782059,3.776985406,-3.172962256,-0.05,0.05,-0.05,0.05
0.558,0.003125793476,0.1790947738,-0.02177255574,0.0727267175,-0.1160335396,0.06785033503,-1.247475553,4.166933971,-6.648232099,3.887537836,0.002770957223,0.1587641541,1.986161436,2.215189803,-7.060535144,4.32384272,0.05,-0.05,0.05,-0.05
0.568,-0.007822664978,-0.4482056878,0.02684309342,-0.03817076642,0.05002920762,-0.04174052542,1.537995962,-2.187023817,2.866462449,-2.391555941,-0.003038990803,-0.174121347,-0.9690250868,0.01640006554,1.804011872,-1.995891822,-0.05,0.05,-0.05,0.05
0.578,-9.745721073e-05,-0.005583886858,-0.003943917837,0.02715038909,-0.0297191299,-0.002786031438,-0.2259698468,1.555602707,-1.702780714,-0.159627843,-0.009298690079,-0.5327756966,3.362944461,-9.694002341,17.2727883,-12.11872186,0.05,-0.05,0.05,0.05
0.588,0.001843728105,0.105637839,-0.007093043081,0.03611654773,-0.05623945925,0.01904078315,-0.4064014324,2.069325755,-3.222283657,1.090956513,-0.008175171454,-0.4684028211,-1.39286342,4.979385122,-9.389520878,6.38982633,0.05,-0.05,0.05,-0.05
0.598,-0.0001293667488,-0.007412168717,0.002509276114,0.01474430226,-0.03027112015,0.005185261142,0.143770931,0.8447862913,-1.734407426,0.2970935791,-0.007832280636,-0.4487566244,-4.57446936,9.13415734,-12.41165259,7.693281481,-0.05,-0.05,0.05,-0.05
0.608,0.002163717196,0.1239718634,0.001499935696,-0.0003387436844,-0.01234900507,0.004490329439,0.0859399849,-0.01940858345,-0.7075458719,0.2572769255,-0.006697483622,-0.3837375449,1.384789448,-1.382100793,-3.861952289,5.629618146,-0.03438337475,0.00883446185,0.05,-0.05
0.618,0.003518823125,0.2016137139,-0.005005851014,-0.006133995486,0.0157995782,-0.01235620194,-0.286814136,-0.3514520529,0.9052491488,-0.7079582219,-0.00769647024,-0.4409752619,1.922685902,-5.752609474,11.84155455,-8.319270549,0.05,0.05,-0.05,0.05
0.628,-0.006390590494,-0.3661538639,0.01186775685,-0.0136498911,0.01986335024,-0.01589233434,0.6799723799,-0.7820811507,1.138086136,-0.9105636841,0.00218888166,0.125413681,0.8579433758,-4.628725022,10.78396108,-7.741824943,-0.05,0.05,-0.05,0.05
0.638,-0.005744218572,-0.3291194808,0.00376862823,-0.007643800274,0.03278217569,-0.0278825159,0.2159264921,-0.4379574952,1.87828031,-1.597550483,0.001024487745,0.05869882398,5.460200325,-14.95234795,22.9864481,-13.69235509,-0.05,0.05,-0.05,0.05
0.648,-0.005759406512,-0.3299896856,-0.0004121897885,0.01102419772,-0.01545683999,0.01516483072,-0.02361673524,0.631640002,-0.8856116961,0.8688807971,0.01031999866,0.5912923677,4.004024616,-8.449756777,9.752451793,-4.462669111,0.00506415073,-0.05,0.05,-0.05
0.658,-0.0024051027,-0.137802234,-0.005709051964,0.01054950047,-0.02645337924,0.03507126458,-0.3271045825,0.6044418528,-1.515666984,2.009435443,0.01345833385,0.7711057289,-1.606818065,3.77868605,-7.341870515,5.876439843,0.05,-0.05,0.05,-0.05
0.668,0.0009896144857,0.05670073338,-0.01891967134,0.01878785958,-0.006803778678,0.01355595411,-1.084017317,1.07646506,-0.389827803,0.7766989579,0.006620363676,0.3793188975,-5.335906084,14.63439016,-20.55879671,11.64602237,0.05,-0.05,0.05,-0.05
0.678,-0.01074062412,-0.6153924314,0.008928084445,-0.0003829976715,-0.004027607324,0.01276211872,0.5115415578,-0.02194415014,-0.2307649012,0.7312155402,0.01727959817,0.9900480467,2.35183014,-1.237334985,-2.118801133,2.062668024,-0.05,0.009663283758,0.05,-0.05
0.688,-0.008142627027,-0.4665381628,0.0002059839379,0.01111167935,0.001646262591,-0.004344038411,0.01180201029,0.6366523303,0.09432389843,-0.248895067,0.008619887472,0.493883172,1.812632534,-1.49650274,-0.2643060481,0.3038402443,-0.006344279168,-0.05,-0.03595347095,0.05
0.698,-0.003144680789,-0.1801769372,-0.003221054851,0.008888582046,-0.008108503369,0.006945777511,-0.1845528486,0.5092782371,-0.4645830212,0.3979637368,0.004504801337,0.2581061041,-4.462139295,7.282021915,-9.087945913,5.199048297,0.05,-0.05,0.05,-0.05
0.708,-0.002126736279,-0.1218530129,0.004680867344,-0.01589442887,0.02450738424,-0.01465486798,0.2681939433,-0.9106836919,1.404169684,-0.8396620848,-0.00136104527,-0.07798214968,0.4877922587,-5.886415045,13.66183004,-10.49924128,-0.05,0.05,-0.05,0.05
0.718,-0.003511220707,-0.2011781275,0.00455966904,-0.001612246192,0.01068247686,-0.01915283832,0.261249792,-0.09237490233,0.6120608388,-1.097376801,-0.005522938611,-0.3164410729,1.201895478,-0.4024405705,0.08984891309,-0.9748949183,-0.05,0.03587185679,-0.05,0.05
0.728,-0.002302851045,-0.1319436457,0.01053125762,-0.01836879992,0.0223404262,-0.02209928692,0.6033966146,-1.05245471,1.280012134,-1.266195871,-0.007596403011,-0.435241832,-0.781040217,-0.80805047,-0.1737389303,1.377944804,-0.05,0.05,-0.05,0.05
0.738,0.003785974388,0.2169203538,-0.002561979849,-0.002115599443,-0.01088219572,0.007624339009,-0.1467906325,-0.1212149192,-0.6235038864,0.4368424468,-0.007935435999,-0.4546669913,-0.7405702605,2.621301135,-5.319706045,3.947016677,0.05,0.04392188661,0.05,-0.05
0.748,-0.0007746920634,-0.04438658566,-0.00208955226,0.01853067283,-0.0361679814,0.01566751549,-0.1197225256,1.061729345,-2.072272688,0.8976825131,-0.00405934534,-0.2325833556,2.362355997,-0.5656668122,-1.481293252,0.8870019911,0.04360779372,-0.05,0.05,-0.05
0.758,-0.001545592182,-0.08855590885,-0.004989264647,0.02719659859,-0.04072436875,0.01474540589,-0.2858638072,1.558250316,-2.333334453,0.8448495245,-0.003771628923,-0.2160984192,-1.774235707,3.801266549,-4.230739756,2.159299345,0.05,-0.05,0.05,-0.05
0.768,-7.074091298e-05,-0.004053155753,-0.005037857805,0.01691999556,-0.03196266321,0.01822194766,-0.28864799,0.9694443348,-1.831325704,1.044040695,-0.001858577801,-0.1064886639,-2.292756281,7.622592116,-16.58963303,12.95112067,0.05,-0.05,0.05,-0.05
0.778,0.003704364211,0.2122444351,-0.006625846948,-0.0009971240947,-0.01252683844,0.01833116584,-0.3796330658,-0.05713100228,-0.7177349732,1.050298436,-0.001818643645,-0.1042006053,-6.247042498,12.86591742,-18.62116842,12.08683399,0.05,0.009070812667,0.05,-0.05
0.788,0.001292043606,0.07402864554,-0.001125194371,-0.02368871418,0.0420529209,-0.02162328364,-0.06446888857,-1.357263344,2.409454884,-1.238922892,-0.004384271281,-0.2512002407,-1.689663991,5.490822485,-7.745309067,4.423175872,0.02644394014,0.05,-0.05,0.05
0.798,-0.002632160565,-0.1508116914,-0.004918455881,0.01638972138,-0.02339203977,0.01488245444,-0.2818067637,0.9390618626,-1.340265153,0.8527018281,0.002961680166,0.1696917738,-4.16374178,11.45766213,-15.70304332,8.58462313,0.05,-0.05,0.05,-0.05
0.808,-0.004607056532,-0.2639648952,-0.001292699737,0.01407305042,-0.01543374515,0.004978127447,-0.07406623911,0.8063263939,-0.8842884592,0.2852256926,0.00232473298,0.1331973882,1.279010688,-0.1802089895,-4.046085549,4.118007775,0.02716038353,-0.05,0.05,-0.05
0.818,-0.0006356806257,-0.03642181697,-0.005771804428,0.004840343435,0.002595638396,-0.00328146907,-0.3307000339,0.2773312502,0.1487191252,-0.1880143283,-0.001617291668,-0.09266398679,-2.888534364,4.511459575,-4.87089429,2.699813854,0.05,-0.05,-0.05,0.05
0.828,-0.001414985245,-0.08107268263,0.009794220281,-0.02789959812,0.01536680594,0.006261028532,0.5611674857,-1.598529222,0.8804531252,0.3587305103,0.003522456638,0.2018218989,-2.219918875,5.441942058,-11.67831961,9.060344737,-0.05,0.05,-0.05,-0.05
0.838,0.0003801713781,0.02178221546,0.002716023168,-0.02260688251,0.03355689117,-0.01788935356,0.1556166646,-1.295278956,1.922668237,-1.024984457,-0.004223321742,-0.2419785113,1.766949096,-3.852236339,7.567809779,-5.997722724,-0.05,0.05,-0.05,0.05
0.848,-0.008731516505,-0.5002790445,0.01817899533,-0.01965802796,0.02358884884,-0.02060835587,1.041579708,-1.126322036,1.351541482,-1.180771814,0.001501460335,0.08602734028,5.734052258,-14.62820043,24.55270345,-16.6919214,-0.05,0.05,-0.05,0.05
0.858,-0.004125954519,-0.2363997804,-0.0054518325,0.03165247343,-0.02830953209,-0.001730552686,-0.3123669929,1.813553139,-1.622016708,-0.09915336511,-0.003839443837,-0.2199839275,0.754887612,-3.199155942,8.048651591,-6.519898099,0.05,-0.05,0.05,0.04459205718
0.868,-0.002450160211,-0.1403838392,0.005172582528,-0.007971936392,0.007156849146,-0.006106311105,0.296367148,-0.4567583098,0.4100572507,-0.3498658547,-0.001748815824,-0.1001997659,0.6752844641,-7.255466222,10.05464007,-4.042135703,-0.05,0.05,-0.05,0.05
0.878,0.001431864741,0.08203980648,-0.004478991297,-0.007036283354,0.01991333039,-0.0135341184,-0.2566272978,-0.4031493397,1.140949788,-0.7754478636,-0.005136062655,-0.2942747134,2.477536022,-6.479877278,12.79062314,-9.452872347,0.05,0.05,-0.05,0.05
0.888,-0.005281381412,-0.3026008649,0.006965898506,-0.001496935509,0.00289165307,-0.008371198747,0.3991165849,-0.08576808686,0.1656795168,-0.4796343577,-1.058267953e-05,-0.0006063428729,-0.9853152309,2.320641174,-2.36717835,0.6747337804,-0.05,0.03061194002,-0.05,0.05
0.898,-0.003952560506,-0.2264650352,0.01101793886,-0.02499364651,0.04337949875,-0.03426326714,0.6312813957,-1.43203046,2.485462196,-1.9631406,-0.004859476041,-0.2784274678,-0.5480318405,-1.920015024,3.138215288,-1.289579817,-0.05,0.05,-0.05,0.05
0.908,0.0006857010948,0.03928777874,-0.003861661945,0.007562723995,-0.0159445434,0.01027111233,-0.2212569314,0.4333121666,-0.9135550433,0.5884913874,-0.001972369025,-0.1130084207,5.512710841,-13.9418816,20.09905586,-11.82040877,0.05,-0.05,0.05,-0.05
0.918,-0.0009340675026,-0.05351812568,0.00960748429,-0.03072793575,0.03196346169,-0.01175883415,0.5504683016,-1.760581031,1.831371453,-0.6737315686,-0.0009158239118,-0.05247284492,-6.235261583,15.64912211,-25.14899786,16.61585791,-0.05,0.05,-0.05,0.05
0.928,-0.00185708878,-0.1064033493,0.003405638667,0.005352860127,-0.04484102137,0.04595539627,0.1951287222,0.3066962936,-2.569201274,2.633050252,0.00987287369,0.5656739941,7.307549599,-16.98081646,23.59318076,-13.59224889,-0.05,-0.05,0.05,-0.05
0.938,0.003993987013,0.2288385993,-0.0009205338955,-0.03153311053,0.03071135346,0.003591345942,-0.05274270711,-1.806714148,1.759630936,0.2057689653,0.001849054977,0.1059430463,-7.475390663,15.4257853,-22.39515577,14.72812714,0.02772713636,0.05,-0.05,-0.05
0.948,0.001512529868,0.08666157782,-0.002616849129,-0.02719627297,0.04509759755,-0.01377517952,-0.1499344107,-1.558231659,2.583902006,-0.7892596486,0.00150929593,0.0864762868,3.872574471,-9.215398127,17.19219745,-12.52396865,0.05,0.05,-0.05,0.05
0.958,-0.006089090062,-0.3488791616,0.0008059079623,0.01813890155,-0.0402189268,0.03365249023,0.04617512492,1.039282504,-2.304374762,1.928145661,0.01237837295,0.7092285271,4.293514198,-5.490159923,6.045415015,-4.071165044,-0.02202348937,-0.05,0.05,-0.05
0.968,-0.003992258067,-0.228739538,-0.01050697084,0.03470727011,-0.02678907688,0.003594616259,-0.6020050847,1.988580096,-1.534901043,0.2059563406,0.001005838641,0.05763030902,-2.468756963,6.033474657,-5.828661921,1.534540922,0.05,-0.05,0.05,-0.05
0.978,-0.004576725807,-0.2622270727,-0.003574492635,0.02394801301,-0.02228388738,0.002536764832,-0.2048033419,1.372120073,-1.276772698,0.1453459185,0.0006263978224,0.03588995152,-4.970101317,14.24660883,-25.10000145,16.81724926,0.05,-0.05,0.05,-0.05
0.988,-0.001622090903,-0.09293896273,0.002622325854,-0.007646506848,0.01547443808,-0.01406264054,0.1502482039,-0.4381125704,0.8866199923,-0.8057299517,-0.003612383453,-0.2069743258,-3.785905294,6.624655394,-9.983589858,6.702672489,-0.05,0.05,-0.05,0.05
0.998,-0.001358673792,-0.07784627399,0.007148985008,-0.01827997936,0.01909100082,-0.01061361377,0.4096066688,-1.047365667,1.093833773,-0.6081152746,-0.002653607312,-0.1520404994,3.861510772,-6.910932453,7.458664981,-3.788410661,-0.05,0.05,-0.05,0.05
1.01,0.002408812015,0.1380147621,-0.008280749317,0.004391202943,0.01347501806,-0.02007722617,-0.4744519871,0.2515973956,0.7720616635,-1.150340324,-0.01049175449,-0.6011332518,-4.582921401,10.24541267,-12.25126767,6.092216265,0.05,-0.05,-0.05,0.05
1.02,-0.005372623946,-0.307828677,0.01497779487,-0.0197934404,0.01951142015,-0.01615430764,0.8581644324,-1.134080597,1.117922027,-0.9255736487,-0.001458533031,-0.08356778696,0.0750579513,0.4529339493,-2.804852586,2.771996305,-0.05,0.05,-0.05,0.05
1.03,0.003386691756,0.1940431441,-0.00483827982,-0.01757067341,0.04449064161,-0.03314014938,-0.2772130138,-1.00672543,2.549125992,-1.898790692,-0.011058461,-0.6336031434,-2.187178711,-0.1095994664,4.60617009,-3.565757434,0.05,0.05,-0.05,0.05
1.04,-0.00390428914,-0.2236992897,0.008852348051,-0.01905910801,0.0267673149,-0.01708680542,0.5072021821,-1.09200645,1.533654172,-0.979001836,-0.0005262504857,-0.0301519318,8.127214705,-17.73031853,25.01317211,-15.07329689,-0.05,0.05,-0.05,0.05
1.05,-0.00216036892,-0.1237800213,-0.002171300421,0.01566824435,-0.03470865402,0.02513324207,-0.1244063502,0.8977242736,-1.988659388,1.440028696,0.003921531976,0.2246872315,1.475103421,-4.028707089,6.18022181,-3.717306382,0.04629350585,-0.05,0.05,-0.05
1.06,-7.521031774e-05,-0.004309233782,-0.003920783739,-0.004503122342,0.01928882435,-0.01451159045,-0.2246443607,-0.2580099048,1.105168227,-0.8314528868,-0.003646672178,-0.2089389251,1.310188143,-6.288914274,14.07513381,-10.34739361,0.05,0.05,-0.05,0.05
1.07,-0.00621470959,-0.3560766304,0.01116280457,-0.01537140243,0.02273829441,-0.01733036738,0.6395815895,-0.8807164847,1.302808303,-0.9929569085,0.001199329164,0.06871649932,0.8094651968,-0.5786883942,-0.5604579067,0.5726152542,-0.05,0.05,-0.05,0.05
1.08,-0.0005356460428,-0.03069025756,-0.00559241743,0.01401421896,-0.01741997227,0.00732857123,-0.320421916,0.8029555996,-0.9980908902,0.4198962014,-0.001669599508,-0.09566100531,-0.6444728331,4.239857592,-10.63467723,8.130726046,0.05,-0.05,0.05,-0.05
1.09,0.003561508807,0.2040594234,-0.0117721263,0.0229991387,-0.04558018536,0.03314045857,-0.6744931529,1.31775358,-2.611552251,1.898808407,-0.00121271439,-0.06948341629,-5.521917707,16.64289865,-28.73882762,19.03721255,0.05,-0.05,0.05,-0.05
1.1,-0.0007306704086,-0.04186433063,0.01383799721,-0.04667525428,0.05864349981,-0.03049528985,0.7928588368,-2.674295078,3.360025035,-1.747251403,-0.004689047118,-0.2686626098,-0.4421759055,-4.12636707,10.73171085,-7.903063014,-0.05,0.05,-0.05,0.05
1.11,0.00615057823,0.3524021741,-0.02582134848,0.05837226526,-0.09010253125,0.05484209053,-1.479454289,3.34448444,-5.162494764,3.142220327,-0.00270952394,-0.1552442862,1.491213994,-0.3589622219,-0.06122804131,-0.5127738187,0.05,-0.05,0.05,-0.05
1.12,-0.001738805793,-0.09962623335,0.008467073493,-0.02202968947,0.03252052879,-0.02494769887,0.485127576,-1.262208231,1.863289047,-1.429397854,-0.005989786059,-0.3431894614,-2.926830311,7.028030245,-10.67955554,6.566043605,-0.05,0.05,-0.05,0.05
1.13,-0.003050889349,-0.1748030834,0.01251098518,-0.02462512782,0.03212179596,-0.02538060261,0.7168266484,-1.410915894,1.840443339,-1.454201411,-0.005372949282,-0.3078473174,1.477422386,-4.201310633,6.457823987,-4.107614282,-0.05,0.05,-0.05,0.05
1.14,-0.002823909845,-0.1617981158,0.009478701766,-0.009362783432,0.003743859668,-0.007727146868,0.5430896064,-0.5364479751,0.2145073581,-0.4427329032,-0.003867368866,-0.2215839139,6.326931635,-15.62504322,23.49808433,-14.71701372,-0.05,0.05,-0.05,0.05
1.15,-9.867574959e-05,-0.005653703992,0.003518133452,-0.009758915934,0.01635832308,-0.01811574145,0.2015741986,-0.5591446957,0.9372628725,-1.037955528,-0.007998200847,-0.4582631522,3.779240221,-11.62900665,19.72833982,-12.76740822,-0.05,0.05,-0.05,0.05
1.16,-0.001090942934,-0.06250642579,0.005952105121,-0.01169287474,0.008428859559,-0.005608966527,0.3410305027,-0.6699523732,0.4829380789,-0.3213701094,-0.002920876591,-0.1673539011,2.768129486,-5.232843036,4.979490967,-1.447100346,-0.05,0.05,-0.05,0.05
1.17,0.002459222246,0.1409030556,-0.006352653667,0.004385210786,-0.01423412452,0.01605807175,-0.3639802439,0.2512540703,-0.8155552599,0.9200597384,-0.0001434956478,-0.008221695,-2.388919386,8.517242537,-15.25863747,10.61687739,0.05,-0.05,0.05,-0.05
1.18,0.0004128764414,0.02365607755,-0.007001557014,0.008345210928,-0.01099634362,0.01208343287,-0.4011596669,0.4781453653,-0.6300440797,0.6923297055,0.002430743161,0.1392713242,-0.2922154945,0.4517226218,1.565242865,-1.800316079,0.05,-0.05,0.05,-0.05
1.19,-0.004117945664,-0.2359409068,0.001056561816,-0.006965660219,0.02568367106,-0.01629172951,0.06053653284,-0.3991029321,1.471565954,-0.9334473416,0.003482843153,0.1995522134,3.681481861,-8.888390621,13.96264606,-8.790335616,-0.02692584181,0.05,-0.05,0.05
1.2,-0.006300439839,-0.3609886118,0.003742433897,-0.0007512742177,0.007450632599,-0.001880224981,0.2144256674,-0.04304484193,0.4268898026,-0.1077289559,0.008561567297,0.4905416722,-0.2033005148,0.8031879838,-1.834262107,1.484561787,-0.05,0.01572484481,-0.05,0.03988038779
1.21,-0.002921672257,-0.1673994894,-0.003776341878,0.009425186783,-0.01215675424,0.01545469332,-0.2163684516,0.5400234238,-0.6965307108,0.8854887009,0.008946783982,0.5126129624,-4.555829283,10.16750743,-15.52109475,10.13390367,0.05,-0.05,0.05,-0.05
1.22,0.0003749129784,0.02148093135,-0.007607853834,0.002480351219,6.893404009e-05,0.01182610639,-0.4358979158,0.1421136566,0.003949629562,0.677585984,0.006767537811,0.3877513543,-0.5250713141,-0.6728999547,1.337154737,-0.4444462806,0.05,-0.05,-0.002853703619,-0.05
1.23,-0.00325979979,-0.18677277,0.002722469594,-0.01086615439,0.02494468152,-0.01225290692,0.1559860176,-0.6225847862,1.429224973,-0.7020398534,0.004548089804,0.2605863506,3.494021264,-8.107265811,14.42207012,-10.81765075,-0.05,0.05,-0.05,0.05
1.24,-0.005322761194,-0.3049717518,0.007335683058,-0.006637149489,0.02384059098,-0.02421821054,0.4203036791,-0.3802806537,1.365965244,-1.387601251,0.000320914009,0.0183870183,3.384715044,-6.0023511,6.506730452,-3.941698135,-0.05,0.05,-0.05,0.05
1.25,-0.0009615311067,-0.05509167429,0.01081519974,-0.02473831286,0.03283598447,-0.02340346461,0.6196653,-1.417400919,1.881363326,-1.340919748,-0.004490593258,-0.2572920412,2.960801803,-15.19560903,26.12195042,-16.48384147,-0.05,0.05,-0.05,0.05
1.26,0.008482154293,0.4859916422,-0.00863139095,-0.002789667859,0.002461693515,-0.002781807817,-0.4945422728,-0.1598361945,0.1410446489,-0.1593858473,-0.01174117311,-0.6727196658,3.139486203,-7.876194288,10.86505174,-6.467829614,0.05,0.05,-0.05,0.05
1.27,0.003865858332,0.2214973666,0.003817848081,-0.01059853897,0.008068494037,-0.01267790116,0.2187465819,-0.6072515519,0.4622906553,-0.7263902297,-0.01139009801,-0.6526045445,0.0746942998,-3.098302089,10.58404759,-9.429121842,-0.05,0.05,-0.05,0.05
1.28,0.003708892895,0.2125039095,-0.0005749369395,0.009470240774,-0.02335613696,0.004807928296,-0.03294146012,0.5426048273,-1.338208073,0.2754739996,-0.009652904828,-0.5530707067,-2.136343698,5.525490554,-9.614872576,6.885443427,0.01478495637,-0.05,0.05,-0.05
1.29,0.005412853385,0.3101336541,-0.0006669065505,-0.01399451675,0.01807350989,-0.01243080391,-0.03821093067,-0.8018267459,1.035535838,-0.7122325997,-0.009018717313,-0.5167344387,2.244313447,-8.229437604,14.15517289,-8.342222094,0.01242763066,0.05,-0.05,0.05
1.3,0.0007635570892,0.04374859863,0.006629762725,-0.01990871616,0.01912464508,-0.005523947908,0.3798574233,-1.140685411,1.095761448,-0.3164989014,0.0003217437416,0.01843455848,-0.1616552028,-1.08956248,4.565581807,-3.547513106,-0.05,0.05,-0.05,0.05
1.31,-0.001410198602,-0.08079842817,-0.005337751072,0.01396917163,-0.001759679415,-0.004677021515,-0.3058306085,0.8003745775,-0.1008222038,-0.2679735935,0.002194719624,0.1257481716,-2.725541509,10.48489275,-15.09254503,8.533985396,0.05,-0.05,0.05,0.05
1.32,-0.006236239268,-0.3573101901,0.006700538207,-6.742259312e-05,-0.002465833892,0.009514441613,0.3839125597,-0.00386303003,-0.141281875,0.5451373488,0.01368172333,0.7839050035,-1.500235846,0.07906587386,1.409663256,-0.1576730079,-0.05,0.001404231175,0.05,-0.05
1.33,-0.002417323556,-0.1385024375,-0.003083148176,-0.005244833893,0.01944105525,0.002466784474,-0.1766513781,-0.3005068463,1.113890415,0.1413363393,0.01357985765,0.7780685298,3.684415185,-7.838723606,8.961709678,-3.880463494,0.05,0.05,-0.05,-0.05
1.34,-0.007055122826,-0.4042287619,0.009038561849,-0.0187874309,0.03672103025,-0.01143678175,0.5178714468,-1.076440498,2.103960053,-0.6552793255,0.01553537945,0.8901116756,3.49404341,-11.51070706,20.5220836,-13.9754553,-0.05,0.05,-0.05,0.05
1.35,-0.00579212661,-0.3318644091,0.002729624766,0.009077441903,-0.01539665341,0.02097874796,0.1563959787,0.5200991098,-0.882163259,1.201993718,0.01738916122,0.9963255473,4.617257561,-8.989983731,10.63842934,-5.96450598,-0.05,-0.05,0.05,-0.05
1.36,0.001344519676,0.07703530291,-0.01127581244,0.02280403737,-0.03129003047,0.0307880149,-0.6460564633,1.306575097,-1.792786687,1.764023314,0.01102620936,0.6317552605,-2.476384798,5.352669469,-8.146364782,5.070875553,0.05,-0.05,0.05,-0.05
1.37,0.003452230062,0.1977982125,-0.01000948152,0.0105417214,-0.01286886539,0.01941293394,-0.5735010463,0.6039961447,-0.7373316741,1.112279183,0.007076308423,0.4054426072,-6.030801763,15.40764869,-24.1409051,15.21899242,0.05,-0.05,0.05,-0.05
1.38,0.001718631726,0.09847034446,0.005622645058,-0.03218516992,0.04855809207,-0.01812253721,0.3221538316,-1.8440744,2.782173737,-1.038344896,0.003873029988,0.2219082722,-2.712558752,4.650622089,-6.741683926,4.310582191,-0.05,0.05,-0.05,0.05
1.39,0.00186076218,0.1066138196,-0.003015313067,0.008658967856,-0.01519667963,0.01451312767,-0.1727647126,0.4961223131,-0.8707056056,0.8315409632,0.004960102828,0.284192958,6.256127264,-14.01451472,21.56455924,-14.43103646,0.05,-0.05,0.05,-0.05
1.4,0.001620542097,0.09285022269,0.006415955348,-0.02254753462,0.04502800521,-0.03306319994,0.367607163,-1.291878572,2.579914659,-1.894381814,-0.004166773995,-0.2387385641,-6.578723901,16.26302258,-23.62353321,13.7915428,-0.05,0.05,-0.05,0.05
1.41,0.001248261849,0.07152013565,-0.002044502889,0.01917930824,-0.01824482822,-0.001741104519,-0.1171413867,1.098893416,-1.045351655,-0.0997579406,-0.002851127391,-0.1633575663,7.057979482,-16.51961309,25.55349996,-16.83299471,0.03792108407,-0.05,0.05,0.05
1.42,0.001061183196,0.06080131844,0.009581292091,-0.004631270007,-0.008353143747,0.002835888799,0.5489675991,-0.2653522252,-0.4785998823,0.1624844593,-0.0005672328642,-0.03250004912,-6.506502323,17.67048839,-29.9713494,19.91107734,-0.05,0.05,0.05,-0.05
1.43,0.003417582982,0.195813081,0.004635774714,-0.0161513739,0.0384354376,-0.03572049581,0.2656103259,-0.9254055576,2.202188358,-2.046633652,-0.008800657394,-0.5042405256,1.225075107,-5.524059843,11.26522578,-7.901939482,-0.05,0.05,-0.05,0.05
1.44,-0.0006145835833,-0.03521304548,0.01226338262,-0.01444707404,0.0185952623,-0.01685327941,0.702640067,-0.8277563687,1.065430049,-0.965621781,-0.0004417085207,-0.02530803401,6.868006005,-15.82007155,21.43088812,-12.04372372,-0.05,0.05,-0.05,0.05
1.45,0.002169152641,0.1242832915,0.0006379214404,0.01748996704,-0.04352729774,0.03091940273,0.03655020619,1.002101295,-2.493930454,1.771551282,0.005519993473,0.3162723289,2.617552668,-6.012480166,8.315531896,-4.635360975,-0.01665182436,-0.05,0.05,-0.05
1.46,0.006512388543,0.3731323781,-0.0153305889,0.02818512982,-0.02117979554,0.005418870951,-0.8783780416,1.614888983,-1.213512895,0.3104784352,-0.002906383677,-0.1665235183,-2.308060683,4.528166772,-3.132262407,0.4902588503,0.05,-0.05,0.05,-0.05
1.47,-0.001390192119,-0.07965214114,0.009784673806,0.002690078975,-0.02428466454,0.02145588803,0.560620513,0.1541301718,-1.391408785,1.22933183,0.009645976265,0.5526737293,1.180177428,-1.429588725,-2.515601732,3.7341105,-0.05,-0.05,0.05,-0.05
1.48,0.009524278934,0.5457009858,-0.01796869837,0.02360804743,-0.02053833912,0.01190231875,-1.02953058,1.352641481,-1.17676015,0.681952631,-0.002996671308,-0.1716966185,-2.632553023,2.372045953,2.279464827,-3.576176697,0.05,-0.05,0.05,-0.05
1.49,0.001135690976,0.06507029976,0.005938618799,0.0006956281576,-0.01032604643,0.007883873594,0.3402577933,0.03985655754,-0.5916388796,0.4517126831,0.004192074119,0.2401881544,3.347296308,-1.74280417,-3.305849986,3.345840636,-0.05,-0.0135610153,0.05,-0.05
1.5,0.005623785559,0.3222191774,-0.006600432334,0.005767964182,0.01663956226,-0.02265752996,-0.3781769157,0.330480004,0.9533766902,-1.298180841,-0.006850435854,-0.3925010623,-3.132365772,4.515466831,-1.244531366,-1.463165017,0.05,-0.05,-0.05,0.05
1.51,-0.0006983628706,-0.04001324505,0.01294074136,-0.00372752205,-0.01809696578,0.01628251851,0.7414498634,-0.2135712815,-1.036879761,0.9329195904,0.007398772036,0.4239184112,-1.123331069,4.651844894,-10.9626862,8.628860887,-0.05,0.05,0.05,-0.05
1.52,0.008432734467,0.4831600947,-0.01208738644,-0.0004705971568,0.0352108986,-0.03081263153,-0.6925562286,-0.02696323093,2.017435883,-1.765433742,-0.008159716533,-0.4675173194,-2.772908972,7.111509669,-8.223187374,4.018719402,0.05,0.00324162778,-0.05,0.05
1.53,-0.003772239232,-0.2161333873,0.02169648394,-0.032589627,0.03359575069,-0.0124695003,1.24311696,-1.867248083,1.924894724,-0.7144497395,0.01023310733,0.5863138612,3.581546129,-6.043230161,4.422506665,-0.688603743,-0.05,0.05,-0.05,0.05
1.54,0.002734217255,0.156659109,0.002798031714,-0.01556225417,0.03034457478,-0.0129718717,0.1603154081,-0.8916514837,1.738616066,-0.7432335009,0.004608480617,0.2640464893,1.369744779,-11.68189882,25.2705626,-17.44043673,-0.05,0.05,-0.05,0.05
1.55,0.001784950576,0.1022701346,-0.007281636637,0.01544341771,-0.001050004683,-0.0002249293645,-0.4172070473,0.884842656,-0.06016083683,-0.01288750327,0.006886847024,0.3945872686,4.01261546,-7.180347284,10.64381743,-6.996812315,0.05,-0.05,0.01245628561,0.01194525833
1.56,-0.001055477806,-0.06047442363,0.002028200157,0.001869624483,0.008157847254,-0.0009180449489,0.116207309,0.1071215922,0.4674102176,-0.05260010098,0.01113762695,0.6381390178,0.6389759419,-5.909890243,11.81114163,-7.663270759,-0.0452593794,-0.03522184839,-0.05,0.02786025963
1.57,0.0004180836784,0.02395443026,0.005298463886,-0.01714131451,0.02943353642,-0.006230420897,0.3035796186,-0.9821249769,1.686417413,-0.356976822,0.0113602649,0.6508952327,-0.378932477,-0.1517940932,-0.8231609514,1.375460057,-0.05,0.05,-0.05,0.05
1.58,0.002352847461,0.1348082294,0.0007099434396,-0.01061872633,0.01869655636,0.002337057777,0.04067676278,-0.6084082023,1.071233771,0.1339035471,0.01112483125,0.6374058783,-3.373369985,7.522517217,-9.626636593,5.229679857,-0.01224538569,0.05,-0.05,-0.05
1.59,-0.00148814784,-0.08526459053,0.004801055196,-0.007288493485,0.03078132355,-0.02014579274,0.2750801999,-0.4175999157,1.763639928,-1.154268899,0.008148092529,0.466851313,0.1244281928,2.911859641,-6.170018709,3.666618259,-0.05,0.05,-0.05,0.05
1.6,-0.001787406771,-0.1024108643,0.01173241521,-0.02215057332,0.04731069364,-0.03103958174,0.6722178749,-1.269134365,2.710703071,-1.778437032,0.005852953782,0.3353495494,-0.1509892697,-2.496322708,4.338998077,-2.56125838,-0.05,0.05,-0.05,0.05
1.61,0.002341742549,0.1341719648,-0.001040944529,0.007948544082,-0.003856600617,0.002786970068,-0.05964172822,0.4554180292,-0.2209669386,0.1596816225,0.005837969003,0.3344909848,5.621811208,-14.03108298,20.78352152,-12.84714234,0.01727896843,-0.05,0.05,-0.04846619915
1.62,0.0096883246,0.5551001102,-0.008992782265,-0.01083915193,0.04034802986,-0.0257688955,-0.5152484698,-0.6210376592,2.311771823,-1.476448955,-0.005252799837,-0.3009632613,-8.348931641,17.7034395,-25.50008525,15.83276168,0.05,0.05,-0.05,0.05
1.63,0.006287979509,0.3602746875,-0.004735064965,0.01380142925,-0.02889458298,0.02475381358,-0.2712992382,0.7907636474,-1.655537656,1.418289045,0.004925594892,0.2822157989,8.055237048,-17.85916968,24.38667454,-14.48473913,0.05,-0.05,0.05,-0.05
1.64,0.003042289537,0.1743103505,0.0232884203,-0.05928469931,0.06451211736,-0.02577308499,1.334328195,-3.39676306,3.696272052,-1.476688995,0.00274275336,0.1571481918,-4.533326387,11.39690476,-19.48413731,13.15701182,-0.05,0.05,-0.05,0.05
1.65,0.01109293753,0.6355785026,-0.01259344692,0.01705587638,-0.03001374434,0.02544388119,-0.7215513579,0.9772297327,-1.719660878,1.457827007,-0.0001074336744,-0.006155496119,3.951780488,-11.55356043,20.7329025,-14.15487133,0.05,-0.05,0.05,-0.05
1.66,0.01063044401,0.6090795762,-0.01169475893,-0.0002004028935,0.02429216569,-0.01910620603,-0.6700603293,-0.01148224,1.391838569,-1.094704968,-0.00670920217,-0.3844089682,-4.906446658,15.63867159,-24.13944235,14.57709246,0.05,-0.01122980793,-0.05,0.05
1.67,-0.003669234141,-0.2102316303,0.02433788639,-0.02436879454,0.01215561649,-0.001137271868,1.394458172,-1.396229079,0.6964655224,-0.06516087819,0.01098743647,0.6295337374,9.161622981,-20.97946709,30.12519233,-18.29408609,-0.05,0.05,-0.05,0.04331406718
1.68,0.002877570799,0.164872662,0.001147873803,0.01308222271,-0.02516972386,0.01726377596,0.06576832432,0.749556148,-1.442118949,0.9891415008,0.006324148613,0.3623470245,-4.360932082,4.037019671,1.495090531,-3.132781767,-0.02089229158,-0.05,0.05,-0.05
1.69,0.0007634868111,0.04374457199,0.006673175785,-0.0001172890749,-0.004439528534,0.00615733356,0.3823448084,-0.006720168972,-0.254366248,0.352789226,0.008273691736,0.4740476175,4.185120796,-5.772599714,3.185168263,0.00928097004,-0.05,0.00835295936,0.05,-0.05
1.7,0.002712591904,0.1554200676,0.003371387909,-0.002692181694,-0.001133172333,0.008972998328,0.1931662983,-0.1542506487,-0.06492599213,0.5141149338,0.00851903221,0.4881045912,3.375879016,-9.071158072,13.557377,-7.98266772,-0.05,0.05,0.01137241432,-0.05
1.71,0.001906533985,0.1092363509,-0.001107163101,-0.0001176808631,0.02410042218,-0.01853967942,-0.0634357729,-0.006742616784,1.380852475,-1.062245385,0.004335898791,0.2484287011,4.122107497,-9.552252853,16.22752,-11.10864103,0.02023548072,0.01214123184,-0.05,0.05
1.72,-0.002996957115,-0.1717129941,0.008689549009,0.01199961052,-0.02956851362,0.02482261412,0.4978744841,0.6875270384,-1.694151037,1.422231026,0.01594326003,0.9134815112,3.012657247,-7.568516736,9.380975666,-4.746098989,-0.05,-0.05,0.05,-0.05
1.73,0.006477778999,0.3711493972,-0.01345814837,0.02775425134,-0.0346006067,0.02789661036,-0.7710951016,1.590201466,-1.982468732,1.598358037,0.007592106644,0.4349956683,-2.516846894,4.024541897,-3.727402453,1.671251994,0.05,-0.05,0.05,-0.05
1.74,0.005819911854,0.3334563864,-0.008730429805,0.001564566977,0.02434179314,-0.01508448731,-0.5002167811,0.08964308456,1.394682013,-0.8642774592,0.002091442998,0.1198308569,-4.331420755,12.59390883,-19.21036543,11.69114494,0.05,-0.04701438233,-0.05,0.05
1.75,-0.002500022281,-0.1432407254,0.0195895931,-0.03429403,0.03981732395,-0.01283634954,1.122401007,-1.964903182,2.281364614,-0.7354686529,0.01227653751,0.7033937863,1.886660377,-8.057540265,14.71630515,-9.925188937,-0.05,0.05,-0.05,0.05
1.76,0.006476471142,0.3710744626,-0.01727740549,0.03201886722,-0.0196851289,0.006961119688,-0.9899224154,1.834545957,-1.127874805,0.3988427788,0.002017452519,0.1155915147,1.090133902,-4.953265498,12.95426724,-10.57985285,0.05,-0.05,0.05,-0.05
1.77,0.002185150539,0.1251999035,-0.0101519068,0.02986280604,-0.006827845789,-0.01261018458,-0.5816614136,1.711012751,-0.3912067469,-0.7225103556,0.0002728688718,0.01563423471,-4.043091303,16.83465384,-28.56332301,17.4920518,0.05,-0.05,0.05,0.05
1.78,-0.009222717788,-0.5284228049,0.03069546076,-0.0266927236,0.03077609636,-0.02357143563,1.758720352,-1.529380406,1.763340432,-1.350543779,0.01120739789,0.6421365982,2.433277436,-6.686042962,8.397925698,-4.441011186,-0.05,0.05,-0.05,0.05
1.79,0.002417338683,0.1385033042,0.0017813542,0.006430780775,-0.004259261603,-0.001476085683,0.1020640775,0.3684565974,-0.2440377137,-0.08457347981,0.00247678769,0.1419094814,-1.273913635,-7.966794178,19.55398276,-13.43245242,-0.03791587877,-0.05,0.05,0.04590633743
1.8,0.01148936712,0.658292245,-0.02112714302,0.03124548836,-0.04172320241,0.03332718673,-1.210496128,1.790234612,-2.390563406,1.909507143,0.001722329657,0.09868222026,-1.462322424,11.6849,-27.47621741,20.73162575,0.05,-0.05,0.05,-0.05
1.81,0.0001620643214,0.009285601628,0.03324626399,-0.0842857194,0.08088909897,-0.01756061248,1.904870611,-4.829215995,4.63460398,-1.006148981,0.01228903108,0.704109615,1.586716898,-8.309015886,12.85488428,-6.926806228,-0.05,0.05,-0.05,0.05
1.82,0.01603468143,0.9187195717,-0.02507990343,0.01588812533,-0.03439152134,0.04881074862,-1.436972617,0.9103225258,-1.970489024,2.796649891,0.005227449177,0.2995107755,-4.487317808,4.929106929,1.033203364,-3.283045343,0.05,-0.05,0.05,-0.05
1.83,0.009392891753,0.5381730549,-0.01650784513,0.0045445501,0.01066269545,0.004738225346,-0.9458298551,0.2603835405,0.6109274476,0.2714803147,0.003437625763,0.1969614478,-1.061035592,11.27289379,-20.61126751,12.57294398,0.05,-0.05,-0.05,-0.05
1.84,-0.005803721998,-0.3325287759,0.02046970044,-0.02364892525,0.03141047157,-0.01703561127,1.172827443,-1.354983607,1.799687453,-0.9760686273,0.01119563548,0.6414626621,-0.1732104968,1.59733099,-0.1542840005,-2.027992376,-0.05,0.05,-0.05,0.05
1.85,0.0005993387809,0.03433958264,0.001184347791,-0.002136154845,0.0322488277,-0.0320628134,0.0678581299,-0.122392657,1.847721721,-1.837063887,-0.0007657927575,-0.04387669299,0.294280375,-3.44109872,5.024920407,-2.489982231,-0.02634993178,0.05,-0.05,0.05
1.86,-0.0006787477914,-0.0388893838,0.01688771278,-0.02998945172,0.03210567928,-0.01309095333,0.9675946677,-1.718269013,1.839519921,-0.7500563754,0.005912987007,0.3387891998,1.942603482,-9.99429234,16.90520415,-10.32700764,-0.05,0.05,-0.05,0.05
1.87,0.008466359527,0.4850866687,-0.00552342594,-0.01466702931,0.03729901754,-0.02261724048,-0.3164689948,-0.8403588773,2.137076285,-1.295872424,-0.005508678182,-0.3156240105,3.828665083,-12.6248333,22.76937041,-15.48028577,0.05,0.05,-0.05,0.05
1.88,0.0009101650397,0.05214861544,0.008166851455,-0.002391490469,-0.00684182862,0.004513802772,0.4679261203,-0.1370223106,-0.3920079041,0.2586218484,0.003447335137,0.1975177539,4.840054811,-7.747288906,9.057431269,-5.625293865,-0.05,0.05,0.05,-0.05
1.89,0.001556774413,0.08919660351,-0.0008316214542,0.01912713611,-0.01689163412,-0.003175297083,-0.04764839948,1.095904173,-0.9678193439,-0.1819311215,-0.001771416547,-0.1014946919,2.540650976,-4.534380843,6.494952302,-4.367183939,0.01575502102,-0.05,0.05,0.05
1.9,0.003805919606,0.2180631306,0.00390327829,-0.007600402164,0.008732018366,-0.006098226749,0.2236413723,-0.4354709666,0.500307799,-0.3494026552,-0.001063332257,-0.06092445055,1.543388031,-9.673244983,16.40499463,-9.456183703,-0.05,0.05,-0.05,0.05
1.91,0.005423969244,0.3107705459,0.003928831921,-0.021728786,0.02702117785,-0.009593646284,0.2251054875,-1.244967732,1.548199449,-0.5496754422,-0.0003724225048,-0.02133823772,0.698575495,-4.141531849,8.730959898,-6.055836909,-0.05,0.05,-0.05,0.05
1.92,0.0007014835215,0.04019204518,0.0123660496,-0.03090086081,0.04902440291,-0.03029517246,0.7085224511,-1.770488908,2.80889138,-1.735785521,0.0001944192418,0.01113940201,6.386196754,-17.25748372,28.66748598,-18.95518532,-0.05,0.05,-0.05,0.05
1.93,0.004499779392,0.2578183679,-0.01938217697,0.0646399316,-0.08972987508,0.04855624947,-1.110516938,3.703595269,-5.141143139,2.782068164,0.004084129018,0.2340033557,-2.243703412,10.92090233,-18.33415225,11.06665025,0.05,-0.05,0.05,-0.05
1.94,-0.008075063652,-0.4626670666,0.03117324499,-0.05496750788,0.1014733018,-0.07945737424,1.786095372,-3.149406212,5.813991925,-4.552572195,-0.001778335358,-0.1018911105,2.913122022,-11.60506632,21.45501627,-14.65455827,-0.05,0.05,-0.05,0.05
1.95,0.00738299323,0.4230143523,-0.0332526032,0.08666164551,-0.08908932564,0.02977736161,-1.905233821,4.965346533,-5.104442359,1.706117145,-0.005902921722,-0.3382125014,-6.668099055,19.00180614,-31.14778391,20.22497111,0.05,-0.05,0.05,-0.05
1.96,-0.004733249228,-0.2711952041,0.01463979437,-0.01458885334,0.04788933978,-0.05114176645,0.8387984302,-0.8358797244,2.743857053,-2.930207374,-0.003201485642,-0.1834316154,11.575327,-29.22745652,43.75839326,-27.03343637,-0.05,0.05,-0.05,0.05
1.97,0.002806279609,0.1607879777,-0.007835222301,0.03174529787,-0.02707257934,-0.001379964789,-0.4489251694,1.818871587,-1.551144536,-0.07906615828,-0.004542468553,-0.2602642767,-9.796833837,25.3188126,-39.35963215,24.71242422,0.05,-0.05,0.05,0.00564680114
1.98,-0.00313710159,-0.179742681,0.01526723575,-0.003154363915,-0.00378672254,-0.006189765568,0.8747481733,-0.1807317394,-0.2169632197,-0.3546474432,0.002136383727,0.1224057709,6.899157009,-19.92811246,30.70215927,-18.91195508,-0.05,0.05,0.05,0.05
1.99,0.00873431583,0.500439434,-0.01825644966,0.04089260539,-0.0520515271,0.0247164133,-1.046017515,2.342973702,-2.98233282,1.416146167,-0.004698958076,-0.2692304659,-8.099132727,22.74446375,-36.60941362,23.49262424,0.05,-0.05,0.05,-0.05
2.002,-0.0005504250869,-0.03153703442,0.02333613926,-0.06068291814,0.09737951089,-0.06586466969,1.33706229,-3.476875098,5.579434985,-3.773767592,-0.005831937689,-0.334145416,2.640912352,-11.90141831,20.96424539,-13.40941716,-0.05,0.05,-0.05,0.05
2.014,0.01420927105,0.8141312614,-0.036083049,0.07524281098,-0.102283426,0.05760151754,-2.06740642,4.311095508,-5.860408622,3.300323848,-0.00552214645,-0.3163956854,0.1571095622,3.403729465,-7.315259206,4.752229571,0.05,-0.05,0.05,-0.05
2.026,0.004019442166,0.2302970721,0.008345557622,-0.02110289818,0.0337091781,-0.02842589632,0.4781652294,-1.209107001,1.931393636,-1.628683888,-0.007474058779,-0.4282320239,-3.222723938,9.091891278,-14.52730082,8.905025614,-0.05,0.05,-0.05,0.05
2.038,0.001636372219,0.09375722185,0.01822272689,-0.03925834354,0.06423496206,-0.05397890189,1.044085342,-2.249337395,3.680392223,-3.092763261,-0.01077955648,-0.6176230914,1.31269039,-6.55249454,12.94613955,-9.180217302,-0.05,0.05,-0.05,0.05
2.05,0.006583401905,0.377201144,-0.01371502359,0.05070140491,-0.05974907052,0.0120684993,-0.7858129675,2.904976517,-3.423369571,0.6914740752,-0.0106941899,-0.6127319464,4.097510529,-8.430715246,13.43060359,-9.350945613,0.05,-0.05,0.05,-0.05
2.062,0.006735040154,0.3858893757,-0.008522619186,0.0419263451,-0.06096563565,0.01768185993,-0.4883101098,2.402202624,-3.493073618,1.013095948,-0.009880049809,-0.5660851554,-7.832285202,21.67809999,-36.17813414,23.75417836,0.05,-0.05,0.05,-0.05
2.074,0.001309704536,0.07504054231,0.02699787366,-0.05560993443,0.0763192426,-0.05987780399,1.546864216,-3.186214542,4.372770497,-3.430745455,-0.01217062216,-0.6973252838,1.180943581,-8.249804852,15.39596194,-9.711038124,-0.05,0.05,-0.05,0.05
2.086,0.008810154125,0.5047846482,-0.005174078069,0.01831587394,-0.04590100118,0.0283287039,-0.2964528362,1.049422275,-2.629933643,1.623115173,-0.004430501405,-0.2538490317,4.369304301,-9.329815522,10.74543757,-4.704029273,0.05,-0.05,0.05,-0.05
2.098,0.009291259816,0.5323499738,-0.003667510866,-0.0008103273976,-0.02084014488,0.02523722837,-0.2101328939,-0.04642833991,-1.194052346,1.445986672,-8.07547713e-05,-0.004626907571,-0.6617520473,-1.954689513,7.030398626,-5.022423811,0.05,0.01978189226,0.05,-0.05
2.11,0.001860886295,0.1066209309,0.0005926158298,0.001037117419,0.007260278029,-0.006474118235,0.03395438592,0.05942245094,0.4159832892,-0.3709396509,0.002415893043,0.1384204751,-0.6349584587,4.009246414,-4.572857525,1.730233579,-0.0124025898,-0.02682582962,-0.05,0.05
2.122,-0.000215496603,-0.01234704585,-0.002519873341,0.01905088105,-0.01714886555,0.007489389176,-0.1443781074,1.09153508,-0.9825576195,0.4291103909,0.006871531339,0.3937097445,0.4979441171,-0.7051811027,1.434938233,-0.938911426,0.05,-0.05,0.05,-0.05
2.134,-0.000757020878,-0.04337410131,0.001995417547,-0.002391140206,0.01878725714,-0.01119771978,0.1143290038,-0.137002242,1.076430543,-0.6415820834,0.007193814701,0.412175221,-0.7487507931,0.9095643878,-2.075384692,2.188240984,-0.04315043525,0.05,-0.05,0.05
2.146,0.002294466319,0.1314632363,-0.007943645162,0.01341145216,-0.008184470929,0.01246286861,-0.4551373417,0.7684196061,-0.4689356418,0.7140697718,0.00974620468,0.5584163945,-0.08966025311,-1.143590275,2.42010758,-1.364012669,0.05,-0.05,0.05,-0.05
2.158,-0.004135761176,-0.2369616605,0.01350376256,-0.02132042442,0.02873917262,-0.006346064971,0.773708602,-1.221570336,1.646633298,-0.3636027394,0.01457644579,0.835168824,4.286469847,-11.70702003,18.46239728,-11.72963032,-0.05,0.05,-0.05,0.05
2.17,-0.001804258968,-0.103376424,0.003851123758,-0.01555604093,0.05559216949,-0.03908992964,0.2206531377,-0.8912954914,3.185196686,-2.23968799,0.004797322676,0.2748663423,6.099839744,-17.73480868,31.44580563,-21.60185423,-0.05,0.05,-0.05,0.05
2.182,-0.0004704151883,-0.02695280491,-0.009361263094,0.03736687425,-0.03620320066,0.01747708243,-0.5363608662,2.140964188,-2.074290603,1.001363062,0.009279492933,0.5316757811,4.295351816,-4.556295006,-0.4559018199,2.622963017,0.05,-0.05,0.05,-0.05
2.194,0.001080835689,0.06192732334,0.004415683117,0.001742875663,-0.02637289436,0.03429072512,0.2530000063,0.09985941972,-1.51105554,1.964713826,0.01407638954,0.8065177117,-7.675575815,19.69415583,-33.75952364,23.04299053,-0.05,-0.05,0.05,-0.05
2.206,0.003797478717,0.2175795033,0.01476182906,-0.06353602318,0.08317156325,-0.02853727404,0.845790503,-3.640345975,4.76537955,-1.635065361,0.005860095091,0.3357587162,-1.224500309,-1.429918045,5.927661486,-4.598036281,-0.05,0.05,-0.05,0.05
2.218,0.008772429852,0.5026232066,-0.02496959237,0.03949679162,-0.03911902907,0.02849924122,-1.430652259,2.262999464,-2.241355265,1.632886241,0.003907411404,0.2238781823,3.931374704,-8.676260629,16.40047743,-12.3609852,0.05,-0.05,0.05,-0.05
2.23,-7.053883179e-05,-0.004041577353,-0.007902972374,0.04355454136,-0.0618075226,0.03660601721,-0.4528069626,2.495491399,-3.541310187,2.097370291,0.0104500636,0.5987445399,-4.204886781,17.25099985,-32.05823479,21.2227821,0.05,-0.05,0.05,-0.05
2.242,-0.004491420243,-0.2573394239,0.02825642112,-0.05898154679,0.09327431854,-0.06179059428,1.618973674,-3.3793937,5.344224789,-3.540340266,0.0007585985866,0.04346449736,-0.8271914891,-6.254450687,16.35580599,-12.26318371,-0.05,0.05,-0.05,0.05
2.254,0.01041983705,0.597012686,-0.03605932094,0.09315216421,-0.1200029074,0.06063565929,-2.066046902,5.337225862,-6.875660123,3.474167365,-0.002274404839,-0.1303137982,1.159164637,1.654843799,-5.494384115,3.653910756,0.05,-0.05,0.05,-0.05
2.266,0.0001308923808,0.007499580991,0.01384492521,-0.01460718576,0.02593142677,-0.03120237022,0.7932557824,-0.8369300945,1.485761311,-1.787764124,-0.006033203988,-0.3456771255,-3.333175038,8.585306885,-14.00433201,8.618034429,-0.05,0.05,-0.05,0.05
2.278,0.001292050202,0.07402902349,0.01765060179,-0.02677390872,0.046229431,-0.04990284791,1.011304988,-1.53403197,2.648751285,-2.859222571,-0.01279672384,-0.7331982677,0.9755748815,-5.567413042,10.50410801,-7.309601398,-0.05,0.05,-0.05,0.05
2.29,0.003738772893,0.2142159073,0.01367882375,-0.01676607131,0.01956998415,-0.02905554378,0.7837388697,-0.9606251254,1.121277497,-1.66476003,-0.0125728072,-0.720368789,2.305169075,-7.326011036,10.5024822,-5.796855222,-0.05,0.05,-0.05,0.05
2.302,0.00699547952,0.4008114522,0.009221785444,-0.02624275616,0.03751291435,-0.03483549167,0.5283693855,-1.503599171,2.149331669,-1.99592665,-0.01434354803,-0.8218247656,-0.1792958474,-3.66678771,8.005005942,-5.021002482,-0.05,0.05,-0.05,0.05
2.314,0.006815728719,0.3905124899,0.004984244779,-0.01925563012,0.03232749564,-0.03000628056,0.2855761899,-1.103266338,1.852229062,-1.719233235,-0.01195017026,-0.6846943202,2.916269093,-5.731237825,7.55220307,-4.282407071,-0.05,0.05,-0.05,0.05
2.326,0.001306056913,0.07483154892,0.01499602794,-0.0195410902,0.01664953954,-0.01547555082,0.8592091104,-1.119621995,0.9539483466,-0.8866837475,-0.003371073533,-0.1931482858,2.142345369,-4.741608762,6.478234353,-3.688190463,-0.05,0.05,-0.05,0.05
2.338,0.00664624069,0.3808015412,-0.008091474046,0.007909913207,0.006777889521,-0.01336306292,-0.4636073129,0.4532046431,0.3883444636,-0.7656471064,-0.006766734233,-0.3877053126,-2.916173344,7.956709332,-11.16161396,6.875703287,0.05,-0.05,-0.05,0.05
2.35,0.001066567215,0.06110979998,0.006715596763,-0.01506179781,0.02361966867,-0.01240693055,0.3847753515,-0.8629774465,1.353307328,-0.7108647573,0.002866537073,0.1642404761,-4.648395597,9.106919794,-11.71522653,7.226729778,-0.05,0.05,-0.05,0.05
2.362,-0.002181092812,-0.1249674129,0.01232301087,-0.02879026982,0.04770214731,-0.0240135536,0.706056514,-1.649560952,2.733131714,-1.375875272,0.007221334765,0.4137520045,1.643819903,-3.16850811,3.00829811,-0.8974654657,-0.05,0.05,-0.05,0.05
2.374,-0.004248049017,-0.2433952798,0.01787976016,-0.03491705283,0.04128264321,-0.01041519986,1.024434796,-2.00059976,2.365321223,-0.5967469945,0.01383015068,0.7924092642,5.9768596,-19.90289319,32.709633,-20.31964941,-0.05,0.05,-0.05,0.05
2.386,0.007085565854,0.4059730189,-0.02467015582,0.04289843913,-0.06051746813,0.0549814912,-1.413495808,2.45789951,-3.467395511,3.150207397,0.01269230638,0.727215588,0.2608032648,-0.3918098435,0.8342903043,-0.308808595,0.05,-0.05,0.05,-0.05
2.398,0.004135528802,0.2369483464,-0.01195298973,0.008902888696,-0.01485636919,0.0334561547,-0.6848558644,0.5100979478,-0.8512072534,1.916896463,0.01554968447,0.8909312929,-6.229465201,17.96206117,-29.93485461,19.78646713,0.05,-0.05,0.05,-0.05
2.41,0.003040000085,0.1741791746,-0.00916389512,-0.006307764499,0.02569114598,0.001403545736,-0.5250525143,-0.361408284,1.471994235,0.080417247,0.01162303209,0.665950684,-5.649272741,10.7654808,-10.1522617,3.687992818,0.05,0.05,-0.05,-0.034565999
2.422,-0.006887311731,-0.3946138944,0.005020413476,0.00397893115,0.01929510661,-0.01585905475,0.2876485036,0.2279759619,1.105528174,-0.908656904,0.01243539649,0.7124957355,0.8314727642,5.427095676,-14.07044029,9.478290691,-0.05,-0.05,-0.05,0.05
2.434,0.0002828845037,0.01620808815,-0.0007642825392,0.003286963574,-0.000647372291,0.00616019955,-0.04379016385,0.1883291402,-0.03709170005,0.3529534352,0.008035508295,0.4604007115,-5.161113821,8.548893764,-11.85105922,7.553640157,0.02197532968,-0.05,0.02609324962,-0.05
2.446,0.00339667705,0.1946152594,-0.005701421387,0.0126060581,-0.01513132884,0.01045965639,-0.3266673827,0.7222739253,-0.8669612811,0.5992941662,0.002232964257,0.1279394277,-4.297033559,10.08389366,-11.97155291,5.210415865,0.05,-0.05,0.05,-0.05
2.458,-0.0001866666905,-0.01069521354,0.003382101911,0.00933294045,-0.0123008502,-0.0003021529185,0.1937801654,0.5347380982,-0.7047868011,-0.017312087,0.0001120392396,0.00641937557,4.098703967,-6.932459882,7.222833101,-3.848466243,-0.05,-0.05,0.05,0.01049583045
2.47,0.006355689948,0.3641542099,-0.001229716023,-0.007892708429,0.006625545775,-0.002644113942,-0.07045753814,-0.4522188819,0.3796158099,-0.1514965694,-0.005140992619,-0.2945571796,-0.9132713902,0.8555047794,-1.946795378,1.863551705,0.0279670239,0.05,-0.05,0.05
2.482,0.00628816702,0.3602854311,-0.003012395865,0.007324727486,-0.027498952,0.02006913688,-0.1725975693,0.4196759711,-1.575573891,1.149876842,-0.003117483499,-0.1786186472,-5.762217641,14.67182782,-21.17620489,12.38961883,0.05,-0.05,0.05,-0.05
2.494,0.007446793252,0.4266698242,-0.01568911098,0.0281173794,-0.02013470393,-0.004084852418,-0.8989198437,1.61100717,-1.153633557,-0.2340448035,-0.01179128793,-0.6755910336,-4.320473962,14.47498066,-21.99060899,12.75807046,0.05,-0.05,0.05,0.05
2.506,-0.001205314853,-0.06905945404,0.0183845596,-0.03173214225,0.03039656582,-0.01879332656,1.053357673,-1.818117826,1.741594933,-1.076778295,-0.001744343387,-0.09994351409,-2.053894277,4.517352605,-9.90470241,8.138569393,-0.05,0.05,-0.05,0.05
2.518,0.002524591569,0.1446484419,0.0127745743,-0.04746117067,0.06459890278,-0.03463509015,0.7319291923,-2.71932477,3.70124449,-1.984444489,-0.004722783748,-0.2705955763,1.803194695,-7.838153698,13.84551716,-8.567867637,-0.05,0.05,-0.05,0.05
2.53,0.00131733144,0.07547753171,-7.54164269e-05,0.009080024341,-0.03813172248,0.03678853219,-0.004321042967,0.5202470726,-2.184786763,2.107827629,0.007661417625,0.438966895,5.979487969,-12.0403443,15.94355531,-9.127687052,-0.004320326577,-0.05,0.05,-0.05
2.542,0.005283055978,0.3026968104,-0.01559141405,0.02867431347,-0.0506370757,0.04249576763,-0.8933222216,1.642917142,-2.901290724,2.434828132,0.004941591353,0.2831323286,-3.24819501,7.128839609,-7.513897591,3.33221625,0.05,-0.05,0.05,-0.05
2.554,9.696891472e-05,0.005555909557,-0.007313196818,0.01864387269,-0.02289729783,0.01662022826,-0.4190153124,1.068215219,-1.311918528,0.9522689339,0.0050536063,0.2895503123,0.2862604823,2.083256533,-4.00841818,2.27422735,0.05,-0.05,0.05,-0.05
2.566,-0.0007848357241,-0.0449677746,0.0001388518308,-0.00369332244,0.01023095772,-0.003839793176,0.007955623884,-0.2116117882,0.586190698,-0.2200039432,0.00283669394,0.1625305905,1.712830297,-6.288855687,9.651567115,-5.686124221,-0.004767570575,0.05,-0.05,0.05
2.578,-0.0008004991953,-0.0458652254,0.004558221688,-0.01768638999,0.03140648458,-0.01873548284,0.2611668648,-1.013355501,1.799459016,-1.073464094,-0.0004571665635,-0.02619371462,4.766874184,-12.61201754,20.75570682,-13.93457285,-0.05,0.05,-0.05,0.05
2.59,-0.003476455312,-0.1991862171,0.01056887395,-0.01112481676,0.009177611986,-0.007900764773,0.6055518716,-0.637405048,0.5258384328,-0.4526804764,0.0007209044071,0.04130477996,7.887376335,-16.9902833,23.71906734,-14.77981737,-0.05,0.05,-0.05,0.05
2.602,-0.00214346393,-0.1228114367,0.007714402548,0.00307725121,-0.01979355102,0.00766638186,0.4420027075,0.1763135069,-1.134086935,0.4392513247,-0.0013355154,-0.07651939592,4.90637147,-13.09429228,20.61754665,-13.41823477,-0.05,-0.05,0.05,-0.05
2.614,0.01070137118,0.6131434037,-0.02938331344,0.05220487652,-0.06137262646,0.02372420052,-1.683539848,2.991119095,-3.516392474,1.359296562,-0.01482686286,-0.8495166655,-6.336445137,20.49671059,-35.61781928,23.36696429,0.05,-0.05,0.05,-0.05
2.626,-0.001373916526,-0.07871961835,0.02847123051,-0.07696060623,0.105190964,-0.07087203271,1.631281346,-4.409517926,6.02699828,-4.06066836,-0.01417044442,-0.8119066593,4.004228317,-14.34804856,22.74095676,-13.94888071,-0.05,0.05,-0.05,0.05
2.638,0.01476095109,0.845740199,-0.03200221259,0.0548283747,-0.09016578379,0.05174653249,-1.833591717,3.141434468,-5.166118868,2.964857916,-0.01559308919,-0.8934182002,-2.943014216,8.642614322,-12.84672582,7.620091776,0.05,-0.05,0.05,-0.05
2.65,0.004396683416,0.2519114036,0.00571046181,-0.0224189743,0.02041985544,-0.0192097669,0.3271853608,-1.284512608,1.169971535,-1.100638569,-0.01549842394,-0.8879942811,-2.382163719,8.538380768,-14.90149784,9.510001458,-0.05,0.05,-0.05,0.05
2.662,0.0006857863815,0.03929266531,0.01677520726,-0.03931805458,0.04470510916,-0.03840058384,0.9611485766,-2.252758586,2.561414078,-2.200191385,-0.016238322,-0.9303873167,-0.2513973356,-3.991115934,10.41197861,-7.927566682,-0.05,0.05,-0.05,0.05
2.674,0.002527107462,0.144792592,0.008695109651,-0.02379506981,0.02582698194,-0.02802942579,0.4981930854,-1.363357073,1.479777062,-1.6059678,-0.01730240401,-0.9913547255,4.275838981,-11.71487811,17.16705843,-9.946443242,-0.05,0.05,-0.05,0.05
2.686,0.002081091678,0.1192377699,0.009258080687,-0.03250482758,0.03770106511,-0.02837522134,0.5304489498,-1.862389434,2.160111914,-1.625780426,-0.01392090312,-0.797608996,5.455755782,-16.47636367,27.5095316,-17.37763404,-0.05,0.05,-0.05,0.05
2.698,0.003737633871,0.2141506462,-0.01959323546,0.05747766294,-0.102409647,0.06262348044,-1.122609699,3.293227503,-5.867640553,3.588061128,-0.001901739052,-0.1089616214,1.877987763,-0.2582817372,-1.946530232,1.881511265,0.05,-0.05,0.05,-0.05
2.71,-0.002757628287,-0.1580004623,0.007324067121,-0.03492409083,0.07230657277,-0.05422631228,0.4196381349,-2.001003008,4.142861451,-3.106938832,-0.009519763223,-0.5454422546,-5.97874701,10.82973975,-11.376529,5.795312084,-0.05,0.05,-0.05,0.05
2.722,-0.007319731404,-0.4193897166,0.003478414626,0.006729173469,-0.007845405185,0.00194689478,0.1992984775,0.3855532394,-0.4495086057,0.111548854,0.004309077691,0.2468919653,8.586528732,-19.65261225,28.20707214,-16.8902362,-0.05,-0.05,0.05,-0.02594144895
2.734,0.001252741929,0.07177682537,-0.01637255566,0.011103292,0.003917377234,0.0001766092335,-0.9380783393,0.6361717706,0.2244491823,0.0101189637,-0.00117527719,-0.06733842276,-10.63623836,24.66183547,-36.54804855,23.29535535,0.05,-0.05,-0.04963425061,-0.02718075849
2.746,-0.009984593101,-0.5720750448,0.01693604261,-0.03470655727,0.03583672789,-0.005507209179,0.970363763,-1.988539253,2.05329326,-0.3155398429,0.01255900405,0.7195779268,11.56971445,-28.39607949,41.10035701,-24.56065124,-0.05,0.05,-0.05,0.05
2.758,-0.001806232565,-0.1034895028,-0.0113738664,0.02349687714,-0.05575935142,0.05708572745,-0.6516745417,1.346271892,-3.194775505,3.270771253,0.01344938676,0.7705930981,-4.19908439,9.883158712,-13.13389891,7.367725767,0.05,-0.05,0.05,-0.05
2.77,-0.0005512904829,-0.03158661796,-0.01083124167,-0.01070551555,0.04023287136,-0.01906230315,-0.6205844345,-0.6133808586,2.305173727,-1.092189518,-0.0003661890157,-0.0209810851,-6.608055399,13.95329357,-17.15486136,9.156238617,0.05,0.05,-0.05,0.05
2.782,-0.007927616105,-0.4542189444,0.007351540963,-0.03519478113,0.08237454707,-0.05524655431,0.4212122701,-2.01651242,4.719713887,-3.165394394,-0.0007152473998,-0.04098065732,6.207032642,-12.103272,16.7154388,-10.74105309,-0.05,0.05,-0.05,0.05
2.794,-0.00795256549,-0.4556484389,-0.002291532233,0.02173322468,-0.02507301542,0.01049878495,-0.1312951256,1.245222049,-1.436577963,0.6015360674,0.004867461971,0.2788850279,4.807562041,-9.859322754,13.03810023,-8.054870107,0.04560614708,-0.05,0.05,-0.05
2.806,-0.003750458111,-0.214885421,-0.01435341082,0.06267000396,-0.1047397769,0.06117355702,-0.8223898616,3.590726729,-6.001147162,3.504986635,0.004750373284,0.2721763403,-3.07490128,10.15166847,-17.76688089,11.35941247,0.05,-0.05,0.05,-0.05
2.818,-0.008282905914,-0.474575551,0.0311563416,-0.07542721878,0.1080701807,-0.07337134853,1.785126879,-4.321661297,6.191965246,-4.203868608,-0.009572045003,-0.54843778,-0.8316669219,-3.222077373,7.272119411,-5.005754363,-0.05,0.05,-0.05,0.05
2.83,0.004787613977,0.2743100748,-0.01626016226,0.02755956191,-0.03955100847,0.01455672316,-0.9316386716,1.579046583,-2.266105861,0.8340388004,-0.01369488566,-0.7846591492,3.489702417,-8.297169092,12.66774698,-8.255905589,0.05,-0.05,0.05,-0.05
2.842,0.003371713267,0.1931849399,-0.01246616402,0.04191707717,-0.08568290371,0.04667007897,-0.714258585,2.401671611,-4.909268759,2.673998554,-0.009561911591,-0.5478571782,-0.6571291989,6.066821073,-12.95013709,8.743958447,0.05,-0.05,0.05,-0.05
2.854,0.001032743983,0.05917187153,0.01473510725,-0.03870000803,0.03043776409,-0.02292121247,0.8442594562,-2.217347127,1.74395542,-1.313288736,-0.01644834916,-0.9424209868,-4.751616121,9.546108459,-14.11654961,8.962016117,-0.05,0.05,-0.05,0.05
2.866,0.005042789451,0.2889305525,0.004776141136,-0.03938181489,0.05795449841,-0.04863043344,0.2736527295,-2.256411783,3.320548163,-2.786318592,-0.02528160879,-1.448529483,-1.470245331,-1.724381286,9.203481603,-7.929019087,-0.05,0.05,-0.05,0.05
2.878,-0.001139360482,-0.06528054697,0.006864114816,-0.001996966694,-0.0140060677,-0.005966663426,0.393284809,-0.1144177634,-0.8024885669,-0.3418646321,-0.01510558301,-0.8654861534,8.263750345,-16.46071039,21.87815978,-13.13873544,-0.05,0.05,0.05,0.05
2.89,0.002107601218,0.1207566547,-0.00926634449,0.03937387205,-0.08022260535,0.03808220695,-0.5309224308,2.255956692,-4.596416708,2.181949733,-0.01203287084,-0.6894327147,1.381075893,-1.867554237,2.00867857,-1.069272178,0.05,-0.05,0.05,-0.05
2.902,0.005730394319,0.3283274094,-0.01660625784,0.03540662995,-0.0588805823,0.02256040634,-0.9514684879,2.028650463,-3.373608861,1.292616067,-0.01751980386,-1.003810819,-7.037464114,20.42189438,-32.91077879,20.92014893,0.05,-0.05,0.05,-0.05
2.914,-0.003359186451,-0.1924672062,0.01923291887,-0.03805866969,0.03701104208,-0.03303876183,1.101965079,-2.180601147,2.120576507,-1.892981613,-0.01485347057,-0.8510411746,-0.4329595807,0.2696703577,-0.9507217006,0.9862206333,-0.05,0.05,-0.05,0.05
2.926,-0.002221540993,-0.1272849229,0.01434615894,-0.02024576396,-0.001548265696,-0.00418121841,0.8219743593,-1.159996828,-0.08870908995,-0.2395661681,-0.01162908913,-0.6662977268,5.576168114,-18.30798581,30.09491895,-18.96069161,-0.05,0.05,0.003966926361,0.05
2.938,0.00941561497,0.5394749993,-0.0212325774,0.02071100553,-0.0310149331,0.01153752639,-1.216537073,1.186653206,-1.777024768,0.6610515681,-0.01999897858,-1.145857067,0.7422619987,-3.337092786,6.760126962,-4.387956834,0.05,-0.05,0.05,-0.05
2.95,-0.003111818524,-0.178294068,0.01276831415,-0.01235305899,-0.02376995034,0.01872623036,0.7315705124,-0.7077781443,-1.361917834,1.072933966,-0.00462846482,-0.2651914998,3.945211334,-7.471194467,8.370634823,-4.250336079,-0.05,0.05,0.05,-0.05
2.962,-0.001137913206,-0.06519762415,0.007142309941,-0.0232987825,0.0277321957,-0.02539883252,0.4092242156,-1.334921905,1.588937771,-1.455245908,-0.01382310938,-0.7920058271,4.844413155,-12.28195464,18.84522675,-11.64460066,-0.05,0.05,-0.05,0.05
2.974,-0.003828865668,-0.2193778431,0.005480024481,0.005721981577,-0.03363906875,0.01804946102,0.3139822744,0.3278453948,-1.927376666,1.034157939,-0.004387601677,-0.2513910583,6.375965442,-13.64388158,18.8811948,-11.28047305,-0.05,-0.05,0.05,-0.05
2.986,0.004309302011,0.2469048179,-0.01898673971,0.03507777143,-0.05699516419,0.0308021979,-1.087860052,2.009808258,-3.265582361,1.76483594,-0.01010193457,-0.5787982155,-3.848876225,9.790589611,-14.3029108,8.857777399,0.05,-0.05,0.05,-0.05
2.998,0.0006599771559,0.03781390561,0.0007575751428,-0.03091259893,0.05822581625,-0.04283928369,0.04340585835,-1.771161453,3.33609353,-2.454510153,-0.01476849123,-0.8461722173,-4.769602595,10.0000618,-13.72337408,8.434685403,-0.01189705055,0.05,-0.05,0.05
3.01,-0.005879076363,-0.336846263,0.02032291642,-0.04971448048,0.04593650941,-0.01718804986,1.164417338,-2.848429912,2.631968115,-0.9848027148,-0.0006431045087,-0.03684717413,4.10092496,-11.98036291,18.69400663,-11.44629499,-0.05,0.05,-0.05,0.05
3.022,-0.002620370629,-0.1501361778,0.007203249715,-0.02041974566,-0.003083335143,0.01873804664,0.4127158074,-1.169965245,-0.1766620905,1.073610989,0.002438215559,0.1396994611,5.563706447,-14.21049295,21.14956911,-12.71769078,-0.05,0.05,0.04668380403,-0.05
3.034,0.004431598674,0.2539119005,-0.03139719673,0.0565801711,-0.0783250263,0.05094662938,-1.798926861,3.241805008,-4.487693437,2.919026844,-0.002195422552,-0.1257884465,-2.121323166,10.47860709,-16.85772358,10.01384105,0.05,-0.05,0.05,-0.05
3.046,-0.01153314025,-0.6608002609,0.01839396584,-0.02400222231,0.02022388337,-0.008232726901,1.053896611,-1.375226037,1.158743162,-0.4717005053,0.006382899989,0.3657132304,-1.381655193,6.791650954,-13.9700986,9.731886592,-0.05,0.05,-0.05,0.05
3.058,-0.006310685523,-0.3615756463,0.009734748088,-0.02754900911,0.03685684619,-0.0189810755,0.5577599801,-1.578441951,2.111741733,-1.087535517,6.150966643e-05,0.003524244285,-0.6723669933,-4.786708234,11.59160384,-7.988336849,-0.05,0.05,-0.05,0.05
3.07,-0.003973525324,-0.2276662309,0.001299429767,-0.006567768756,-0.00019219622,0.007112710898,0.07445184145,-0.3763054305,-0.01101203225,0.4075283154,0.00165217569,0.09466269405,2.479519658,0.4886648438,-7.973889283,7.066671381,-0.03106697454,0.05,0.01220220612,-0.05
3.082,-0.004998897884,-0.286415751,-0.002406012712,0.01193507451,-0.01429597122,0.003460328959,-0.1378543739,0.6838293978,-0.819098815,0.1982622451,-0.00130658046,-0.07486154595,2.658490133,-0.9633405251,-3.801359325,3.625895993,0.05,-0.05,0.05,-0.05
3.094,-0.003680373822,-0.210869887,0.006943323829,-0.02074614899,0.02289492439,-0.0127170441,0.3978231512,-1.188666779,1.31178254,-0.7286329547,-0.003624944868,-0.2076940419,1.291723054,-12.60656385,24.82037183,-16.22386217,-0.05,0.05,-0.05,0.05
3.106,0.001632519629,0.09353648471,-0.004198211777,-0.02325420313,0.04525963725,-0.02764739948,-0.2405398163,-1.332367695,2.593186197,-1.584079305,-0.009840177132,-0.5638006193,6.842105991,-18.17586411,28.03231104,-17.35203173,0.05,0.05,-0.05,0.05
3.118,-0.001003689449,-0.05750716937,-0.005942009238,0.02417009948,-0.07082120867,0.0581569944,-0.3404520512,1.384844691,-4.057756357,3.332150329,0.00556387598,0.3187866114,3.165689038,-3.1744881,0.276273049,1.130883373,0.05,-0.05,0.05,-0.05
3.13,0.002719683694,0.1558263973,-0.01748139686,0.02296996306,-0.02304001293,0.009933256704,-1.00161026,1.316081939,-1.320095501,0.569133686,-0.00761819003,-0.4364901362,-3.612191572,9.03003203,-11.25463744,5.720565612,0.05,-0.05,0.05,-0.05
3.142,-0.006873543819,-0.3938250511,0.006213684434,0.01456794394,-0.046532754,0.03000627309,0.3560178933,0.834681704,-2.666130413,1.719232807,0.00425514747,0.2438019912,2.332460385,-0.9565243736,-4.770097256,4.853273651,-0.05,-0.05,0.05,-0.05
3.154,0.001117110124,0.06400569536,-0.004155707145,-0.009693108438,0.02296658444,-0.01973515884,-0.2381044803,-0.5553742038,1.315888358,-1.130741309,-0.01061738998,-0.6083316355,2.434750398,-10.08622099,18.78749042,-12.61315933,0.05,0.05,-0.05,0.05
3.166,-0.008151913354,-0.4670702301,0.01913974402,-0.01791654107,-0.001564574264,0.001545221114,1.096626553,-1.026542187,-0.08964350208,0.08853464826,0.001203849802,0.06897551283,5.451557515,-14.67035224,22.18315547,-13.73214699,-0.05,0.05,0.01223747835,-0.02026271753
3.178,0.001895938993,0.1086293025,-0.01491858712,0.02808077783,-0.02617114089,0.001795964946,-0.8547720785,1.608910055,-1.499495918,0.1029012116,-0.01121298524,-0.6424567298,0.7928902062,-3.050675943,7.510960955,-5.878727247,0.05,-0.05,0.05,-0.03363250157
3.19,-0.00335133034,-0.1920170842,0.004695075638,0.004724075721,-0.02629396075,0.0150490204,0.2690080186,0.2706696009,-1.506532978,0.8622453546,-0.001825788994,-0.1046100036,3.4454555,-5.625108172,2.637235639,0.863106168,-0.05,-0.05,0.05,-0.05
3.202,0.005063151242,0.2900971972,-0.01104543656,0.00105197021,-0.0002760310799,-0.0004538787306,-0.6328568978,0.06027345323,-0.01581541589,-0.02600533568,-0.01072337616,-0.6144041961,-1.433988726,2.96687455,-2.484015008,0.7242940249,0.05,-0.02611021918,0.008556698767,0.009261038049
3.214,0.002187597854,0.1253401243,-0.005677487479,-0.002443207803,0.00935844517,-0.01162563938,-0.3252960708,-0.1399854956,0.5361994111,-0.6661000707,-0.01038788949,-0.5951822261,-1.544029594,-0.1825203612,7.333454581,-7.483743956,0.05,0.05,-0.05,0.05
3.226,-0.001022659437,-0.0585940696,0.001782062634,-0.007166915155,0.008768753973,-0.009562891241,0.1021046677,-0.4106339905,0.5024125943,-0.5479133081,-0.006178989789,-0.3540300366,-1.203888647,-2.243412024,7.057904985,-4.788756274,-0.0380014893,0.05,-0.05,0.05
3.238,-0.002402196868,-0.1376357421,0.006922899828,-0.01699536816,0.0109306904,-0.0008605513726,0.3966529421,-0.9737628671,0.6262824269,-0.0493059617,-2.329312794e-06,-0.0001334597923,0.07721258158,-4.615061653,10.86036058,-7.407082267,-0.05,0.05,-0.05,0.02633921246
3.25,-0.003918885899,-0.2245356224,-0.001106647788,0.006473156616,0.0005107316863,-0.006244293268,-0.06340624768,0.3708845543,0.02926277009,-0.3577716503,-0.0003670527538,-0.02103057365,0.7006447389,6.147486329,-13.65305957,9.013360145,0.02364560661,-0.05,0.002416962471,0.05
3.262,-0.003196496886,-0.1831457808,3.675879709e-05,0.004607702397,-0.01246449003,0.01217326547,0.002106123933,0.2640019006,-0.7141626725,0.6974767345,0.004353236637,0.2494220865,-2.904589043,1.492230893,1.857526973,-1.702006799,0.002095895507,-0.05,0.05,-0.05
3.274,-0.00449087344,-0.2573080944,0.008181573137,-0.02236423867,0.03101359119,-0.01257896786,0.4687696105,-1.281376488,1.776947883,-0.7207217692,0.004251957792,0.2436192362,6.222460363,-12.28016445,15.47940761,-8.84240696,-0.05,0.05,-0.05,0.05
3.286,-0.00183050526,-0.1048802258,0.002065762491,-0.02200231059,0.04837614762,-0.03000657164,0.1183594722,-1.260639536,2.771749087,-1.719249912,-0.001566972123,-0.08978088924,-0.6190085169,-1.89501597,6.677941117,-5.407680124,-0.0448277663,0.05,-0.05,0.05
3.298,-0.008945099856,-0.5125164691,0.01612187506,-0.02955803262,0.05901926625,-0.04324468172,0.9237153989,-1.69355052,3.381554866,-2.477737749,0.002338426973,0.1339819963,3.098347296,-6.159399657,9.225038947,-6.173904156,-0.05,0.05,-0.05,0.05
3.31,-0.007893074036,-0.4522398297,0.01079800312,-0.005786257552,0.007922418555,-0.005601472208,0.6186800059,-0.3315281369,0.4539211467,-0.3209407166,0.007332691914,0.4201322992,5.820705521,-16.53978943,24.83259265,-14.82739792,-0.05,0.05,-0.05,0.05
3.322,-0.0041140153,-0.2357157136,0.007745047,-0.01285404546,0.01114575097,0.000893446528,0.4437585052,-0.7364825543,0.6386044902,0.05119071528,0.006930199043,0.3970711564,5.919318825,-16.55581807,24.83452214,-14.85980098,-0.05,0.05,-0.05,-0.004796022635
3.334,-0.001508484544,-0.08642979785,0.0003661523896,-0.003714489594,0.00688083198,0.0005082951807,0.02097898658,-0.2128245768,0.394242632,0.0291231686,0.004040789957,0.2315202104,2.345310386,-0.9962167153,-1.301983059,1.117573944,-0.01040066296,0.05,-0.05,-0.01230006792
3.346,-0.0002193909082,-0.0125701731,-0.01044947399,0.03025537973,-0.0339185266,0.0161039423,-0.598710758,1.733505566,-1.943388422,0.9226879274,0.001991321439,0.1140943141,-2.881888593,11.60554231,-21.44949457,14.15471128,0.05,-0.05,0.05,-0.05
3.358,0.0009522837457,0.05456183953,-0.002390559018,0.008310919496,-0.01428575324,0.007973156503,-0.1369689424,0.476180611,-0.8185133679,0.456828217,-0.0003922362602,-0.02247348228,-6.257155748,15.26649487,-23.95282892,15.18679444,0.05,-0.05,0.05,-0.05
3.37,0.003852775151,0.2207477555,-0.005590291512,0.006263659008,-0.008039235844,0.002911301106,-0.3203001099,0.3588812255,-0.4606142844,0.1668052663,-0.004454567242,-0.2552279025,-6.611522407,16.04913413,-23.9635166,14.78804788,0.05,-0.05,0.05,-0.05
3.382,0.003771682344,0.2161014799,-0.005323913547,0.01799469246,-0.04757112435,0.03682705524,-0.3050377768,1.031019932,-2.725624652,2.110034837,0.001926709813,0.1103923406,-6.346039583,17.5593583,-29.41652984,19.53163907,0.05,-0.05,0.05,-0.05
3.394,0.004332072241,0.2482094559,0.0044010746,-0.0312654548,0.04049656257,-0.01783652067,0.2521629999,-1.791378605,2.32028212,-1.021957356,-0.004204338302,-0.2408908403,-4.943400867,6.753446254,-5.547434451,2.436442877,-0.05,0.05,-0.05,0.05
3.406,0.003472247549,0.19894513,-4.860356178e-05,-0.008831380886,0.001892730688,0.00797186563,-0.002784778959,-0.506000852,0.1084454802,0.4567542554,0.0009846118708,0.05641410465,4.06610461,-4.835582743,2.799943641,-0.5854065565,-0.002996826251,0.05,-0.04444001879,-0.05
3.418,-0.002512645447,-0.1439639795,0.004726773575,0.005897879822,-0.0002586751662,-0.01127237993,0.2708241765,0.3379236219,-0.01482099529,-0.6458597948,-0.0009064016944,-0.05193299163,2.333264214,0.9803432835,-6.551478945,4.724911683,-0.05,-0.05,0.0122423326,0.05
3.43,0.004491418624,0.2573393312,-0.00129622512,-0.01328472925,0.02925313244,-0.02111663767,-0.07426822869,-0.7611589181,1.676081026,-1.209894216,-0.006444459606,-0.3692403367,-0.02566846114,-7.36382497,16.69666342,-11.21446849,0.02854262111,0.05,-0.05,0.05
3.442,-0.001974544075,-0.1131330419,0.01817663514,-0.03165561386,0.01972923897,0.0003669927609,1.041444479,-1.813733072,1.130402126,0.02102713631,0.006617253002,0.379140669,3.281950346,-11.42765407,19.07000056,-11.853276,-0.05,0.05,-0.05,0.003779435257
3.454,0.003803304862,0.2179133168,-0.007410108933,0.003377853074,0.01677343381,-0.01680841595,-0.4245679676,0.1935367249,0.9610469654,-0.9630512943,-0.004067237999,-0.2330355716,3.028831169,-5.057931801,7.277937526,-4.9486123,0.05,-0.05,-0.05,0.05
3.466,0.005428920223,0.3110542161,-0.009111857048,0.01549629467,-0.02229813826,0.0152968265,-0.5220709524,0.8878722825,-1.277589213,0.8764435985,-0.0006168741369,-0.03534428454,-5.293563532,10.76518775,-14.47308856,8.520586907,0.05,-0.05,0.05,-0.05
3.478,0.001215494804,0.06964272228,0.001805392396,0.01373081801,-0.03748695686,0.02637763586,0.1034413646,0.7867179212,-2.147844415,1.511327208,0.004426889408,0.2536420794,2.802432454,-1.838634233,-1.462122567,1.723540854,-0.04252106516,-0.05,0.05,-0.05
3.49,0.006288761179,0.3603194739,-0.01405665545,0.0318814158,-0.03716407529,0.01516856618,-0.8053870316,1.82667057,-2.129344664,0.8690948235,-0.004170748767,-0.2389663017,0.6712851941,1.240267712,-3.673604416,2.468612145,0.05,-0.05,0.05,-0.05
3.502,0.002288016799,0.131093706,0.0007793247362,0.01893752861,-0.04948485047,0.03374518313,0.04465201825,1.085040464,-2.835273082,1.933456572,0.003977186013,0.2278759729,-2.955639404,6.830380009,-10.94523684,7.383628042,-0.01418950479,-0.05,0.05,-0.05
3.514,0.007423494597,0.4253349096,-0.01727289738,0.03325267315,-0.03659895508,0.01738810664,-0.9896641198,1.905237829,-2.096965661,0.996265124,-0.003231072665,-0.185126827,-1.823491304,10.19382331,-19.43988626,13.12662118,0.05,-0.05,0.05,-0.05
3.526,0.0003923034388,0.02247733133,0.01032174809,-0.02128062436,0.02625854966,-0.01296461924,0.5913926025,-1.219289961,1.504504071,-0.7428179656,0.002335054136,0.1337887469,-4.872226848,12.12249163,-19.36007988,12.72721802,-0.05,0.05,-0.05,0.05
3.538,-0.002500217308,-0.1432518996,0.01906654638,-0.03810669994,0.04956307508,-0.02602316349,1.092432638,-2.183353078,2.839755022,-1.491017437,0.004499758042,0.2578171446,4.432412375,-17.55250847,33.18464333,-22.59017488,-0.05,0.05,-0.05,0.05
3.55,0.005418683374,0.3104676879,-0.02274894762,0.0500550285,-0.04345814038,0.0154140375,-1.303418687,2.867941876,-2.489968029,0.8831592941,-0.0007380219966,-0.0422855456,1.195709896,-0.2430566142,0.9260252272,-1.413484939,0.05,-0.05,0.05,-0.05
3.562,1.470850537e-05,0.0008427352806,-0.007173909097,0.03297181757,-0.03867298716,0.02013897586,-0.4110347139,1.88914599,-2.215798946,1.15387832,0.00726389717,0.4161906507,-0.7532124143,4.147334388,-8.876190236,6.545353193,0.05,-0.05,0.05,-0.05
3.574,0.001811634686,0.1037990215,-0.007971342075,0.0285321488,-0.0433446491,0.03289013205,-0.4567242579,1.634771707,-2.483465458,1.884465754,0.01010628968,0.5790477454,-1.391608713,4.039641892,-7.508535782,5.553482514,0.05,-0.05,0.05,-0.05
3.586,0.001467082137,0.08405761466,-0.004688916275,0.01736502028,-0.03565469293,0.03740397862,-0.268655113,0.9949423731,-2.042863424,2.143090112,0.01442538969,0.8265139473,-3.982596225,6.866591539,-8.669939744,5.62605297,0.05,-0.05,0.05,-0.05
3.598,0.002728074804,0.1563071724,-0.01011289357,0.01346507548,-0.01152096651,0.02097632779,-0.5794261202,0.7714919955,-0.660102757,1.201855052,0.01280754318,0.7338181703,0.1543237995,1.088720748,-0.7418771554,-0.1458466802,0.05,-0.05,0.05,-0.05
3.61,-0.005954278745,-0.3411550422,0.008455065229,-0.007525512506,0.02901480985,-0.01580967427,0.4844395531,-0.4311801053,1.662426148,-0.905827611,0.01413468831,0.8098579847,2.948854352,-10.2421906,19.57703042,-13.88991149,-0.05,0.05,-0.05,0.05
3.622,-0.006946489987,-0.3980045587,0.01275139209,-0.009516451671,0.02878512599,-0.01917469311,0.7306009497,-0.5452525167,1.649266232,-1.098628989,0.01284537329,0.735985676,6.266834248,-17.27461845,26.39983477,-16.51072242,-0.05,0.05,-0.05,0.05
3.634,-0.002504067294,-0.1434724876,0.008938041471,-0.01565503856,0.04016805425,-0.02714701148,0.5121120534,-0.8969676378,2.30145998,-1.555409184,0.006304045677,0.3611952112,4.926481569,-15.52395954,25.18464809,-16.09658978,-0.05,0.05,-0.05,0.05
3.646,0.00163861648,0.09388580855,0.00145992541,-0.008133290011,0.02966133441,-0.02046293001,0.08364756438,-0.4660031912,1.699469277,-1.172439526,0.002525039806,0.144674124,5.980951068,-13.58768436,17.08516215,-9.08825654,-0.03809931008,0.05,-0.05,0.05
3.658,0.002502217652,0.1433665109,0.005806758756,-0.02271872898,0.03735695162,-0.01602509984,0.3327027694,-1.301687286,2.140395663,-0.9181705873,0.004419881553,0.2532405589,-0.9999770048,-0.7830888371,3.241455469,-2.188254902,-0.05,0.05,-0.05,0.05
3.67,-0.00112373959,-0.06438553578,0.01242466844,-0.02908652174,0.05054261888,-0.02785607161,0.7118810637,-1.666534936,2.895878747,-1.596035337,0.006024693972,0.3451895374,2.110270701,-6.016058735,10.05742098,-6.646181743,-0.05,0.05,-0.05,0.05
3.682,0.0008652998355,0.04957802859,0.0002379354992,0.01103880987,-0.01914819902,0.01785947035,0.0136326999,0.6324772166,-1.097110989,1.023272276,0.00998801671,0.5722712032,-2.499081551,7.955736948,-15.04379755,10.51858045,-0.002735499431,-0.05,0.05,-0.05
3.694,0.003333986441,0.191023352,-7.837310665e-05,-0.01059787811,0.02376899692,-0.007667135917,-0.004490448238,-0.6072136876,1.361863207,-0.439294529,0.005425609785,0.310864542,3.783728789,-10.99823493,17.95412606,-11.3645344,-0.002059520443,0.05,-0.05,0.05
3.706,0.001186229807,0.06796596145,-0.002742409115,0.01343886508,-0.0155719569,0.01463309157,-0.157128468,0.7699902505,-0.8922074092,0.8384143882,0.009757590633,0.5590687615,-2.973735379,7.494093363,-8.274586268,3.438190657,0.05,-0.05,0.05,-0.05
3.718,-0.00265262946,-0.1519844727,0.009808105743,-0.01093901089,0.02540844811,-0.01632821684,0.5619630641,-0.6267591562,1.45579684,-0.9355379119,0.007949326118,0.4554628365,3.348522574,-11.81635899,19.46431255,-12.24495647,-0.05,0.05,-0.05,0.05
3.73,-0.002864379087,-0.1641168326,0.02082589177,-0.03299916941,0.02735966894,-0.00306352521,1.193235703,-1.890713135,1.567593559,-0.175527065,0.01212286609,0.6945890627,5.863635877,-17.78639699,26.03514544,-15.06250963,-0.05,0.05,-0.05,0.05
3.742,0.008799848897,0.5041942022,-0.008661279422,-0.008484012485,0.02115721634,-0.004085618082,-0.4962547561,-0.4860981087,1.212219202,-0.2340886728,-7.369365248e-05,-0.004222335264,2.184324957,-10.30211723,21.29475493,-15.0663464,0.05,0.05,-0.05,0.05
3.754,-0.003452928604,-0.197838236,0.01937401836,-0.024219201,0.02043108584,-0.005792611892,1.110049484,-1.387658,1.17061499,-0.3318922138,0.009793291311,0.5611142597,6.314965038,-15.57120716,23.90648053,-15.38871002,-0.05,0.05,-0.05,0.05
3.766,0.0009677713439,0.05544921354,0.004577406708,0.0001017373757,0.0004404816604,-0.001640779281,0.2622660855,0.005829122247,0.0252377401,-0.09400972793,0.003478846462,0.1993232199,4.381806713,-13.15858702,22.63790197,-15.11670698,-0.05,0.01092036476,-0.0323284985,0.05
3.778,-0.0003778933867,-0.02165169617,0.01113295649,-0.02253887221,0.04037183595,-0.02708365058,0.6378714202,-1.291382253,2.313135811,-1.551778872,0.001882269642,0.1078461064,6.628797755,-16.29263424,22.82529013,-13.08089284,-0.05,0.05,-0.05,0.05
3.79,0.00280945579,0.1609699595,0.007488588555,-0.02246339154,0.02157978319,-0.000985280286,0.4290645187,-1.287057529,1.236430499,-0.05645240203,0.005619699914,0.3219850872,6.235800372,-16.27369565,23.24986525,-13.38780757,-0.05,0.05,-0.05,0.03506397386
3.802,0.003722672951,0.2132934486,3.741667866e-05,-0.0100476382,0.01768491628,-0.004276085215,0.002143817771,-0.5756872629,1.013271064,-0.2450016356,0.003398609544,0.1947259831,0.7071497548,0.09856443599,0.7600660228,-1.468413821,-0.001530316685,0.05,-0.05,0.05
3.814,0.002260091019,0.1294936767,-0.005448205081,0.01600131457,-0.009996417308,0.001877351188,-0.3121591571,0.9168077915,-0.572752522,0.1075642998,0.002434043368,0.1394604121,-0.6323173151,1.272181666,-0.1331161298,-0.9787176381,0.05,-0.05,0.05,-0.04032300851
3.826,-0.001453479984,-0.08327826871,0.007984550466,0.0002049876228,-0.00904774125,0.008738579646,0.457481043,0.01174492564,-0.5183973877,0.5006837327,0.007880376485,0.4515123135,-1.204351947,2.641339275,-6.260197449,5.299361403,-0.05,-0.007151066977,0.05,-0.05
3.838,0.0002833558882,0.0162350965,0.0005396997512,0.007814350027,-0.007518284272,0.004607817282,0.03092251795,0.4477292762,-0.430765958,0.264008483,0.005443582789,0.3118943192,3.111562585,-2.251161043,-1.831661405,2.700939152,-0.01498495711,-0.05,0.05,-0.05
3.85,-1.384981902e-05,-0.0007935361771,0.007916352826,-0.0231864123,0.03766521579,-0.0171248859,0.4535736061,-1.328483567,2.158057899,-0.9811836869,0.005270270413,0.3019642515,2.914595194,-13.77578062,25.64418062,-16.58022791,-0.05,0.05,-0.05,0.05
3.862,0.0003051415224,0.01748332139,-0.0008746268432,-0.008040904709,0.02745205542,-0.01153914634,-0.05011242677,-0.4607099033,1.572886914,-0.6611443845,0.006997377527,0.4009202,5.027755358,-9.367409616,12.35538582,-7.386794188,0.01421403519,0.05,-0.05,0.05
3.874,-0.00191693507,-0.1098322891,0.007631185075,-0.03027605765,0.06224416477,-0.03290515473,0.4372346975,-1.734690324,3.566327941,-1.88532649,0.006694137466,0.3835458243,-1.356743302,-2.704523677,8.555421755,-6.141244567,-0.05,0.05,-0.05,0.05
3.886,-0.006154949581,-0.3526526341,0.01448918428,-0.02527877184,0.04374056193,-0.021371362,0.8301691078,-1.448366938,2.506149592,-1.224488845,0.01157961236,0.6634629168,9.01793313,-20.72713572,30.01835799,-18.59504794,-0.05,0.05,-0.05,0.05
3.898,-0.001409936878,-0.08078343247,-0.007980095726,0.04346166208,-0.07634450767,0.05673803786,-0.4572258052,2.490169808,-4.374218079,3.250850107,0.01587509654,0.9095760309,0.8941545203,-0.6451456111,-0.5336890071,0.6207424521,0.05,-0.05,0.05,-0.05
3.91,0.003788837445,0.2170843949,-0.01686689204,0.03421131918,-0.03450339778,0.02055788917,-0.9664017271,1.960164201,-1.976899072,1.177880285,0.003398918543,0.1947436874,-6.743327769,19.24069484,-29.42519085,17.65448233,0.05,-0.05,0.05,-0.05
3.922,-0.005151019656,-0.2951316865,0.01854017834,-0.04542781465,0.09420968391,-0.07013201892,1.06227397,-2.602822052,5.397817277,-4.018268693,-0.002809971324,-0.1609994974,-0.5827270603,0.01884252665,1.515549273,-1.851773838,-0.05,0.05,-0.05,0.05
3.934,-0.006256678565,-0.3584812755,0.00550309975,0.04374347913,-0.08723191854,0.04958133907,0.3153043899,2.506316736,-4.998020771,2.840801471,0.01159599941,0.6644018256,6.858638392,-10.68513133,10.17491691,-5.134587806,-0.05,-0.05,0.05,-0.05
3.946,-2.951773353e-05,-0.001691241552,0.01066511494,-0.01440492909,0.01481866532,-0.01524859789,0.6110660741,-0.825341641,0.8490469811,-0.8736803023,-0.00416974671,-0.2389088881,-8.064260871,17.70225268,-26.02929083,16.08572681,-0.05,0.05,-0.05,0.05
3.958,0.001000005312,0.05729608389,0.003592172775,0.01223785838,-0.03031907605,0.0105350757,0.2058163393,0.7011776352,-1.737155096,0.6036153744,-0.003953969199,-0.2265457474,8.579858942,-21.16965697,31.97838734,-20.29417793,-0.05,-0.05,0.05,-0.05
3.97,0.01158215199,0.6636084268,-0.0149017489,-0.001593603198,0.03682781692,-0.04525006164,-0.8538073195,-0.09130673748,2.110078478,-2.592637554,-0.02491759681,-1.427673133,-10.43811719,23.15262422,-31.69037728,18.38449828,0.05,0.01190664615,-0.05,0.05
3.982,0.004309923521,0.2469404278,-0.005599110931,0.03038017015,-0.04270260582,0.003349429821,-0.3208054254,1.74065553,-2.446679087,0.1919081925,-0.01457211678,-0.8349207901,9.081135155,-19.80102064,28.50467407,-18.22696326,0.05,-0.05,0.05,-0.05
3.994,0.003903494035,0.2236537335,0.009149910617,-0.00847027228,0.01131979952,-0.03464788632,0.5242512613,-0.4853108529,0.6485767372,-1.985177655,-0.02264844847,-1.29766051,-8.176245195,21.23984487,-32.83262687,20.02480841,-0.05,0.05,-0.05,0.05
4.006,0.002990978199,0.1713704274,-0.00163228357,0.05939579226,-0.1141223922,0.0402997744,-0.09352295951,3.403128217,-6.538731423,2.309006989,-0.01605910914,-0.9201191766,7.603414742,-15.70524435,22.01823435,-14.23331562,0.02830682379,-0.05,0.05,-0.05
4.018,0.002342749898,0.1342296816,0.0362868152,-0.07200869232,0.08096062578,-0.07516767801,2.079081363,-4.125794158,4.638702164,-4.306790706,-0.02992892936,-1.714801338,-5.046326324,9.980045481,-15.98274526,10.75133546,-0.05,0.05,-0.05,0.05
4.03,0.01144117651,0.6555311266,-0.003059071081,0.03901652291,-0.1166527011,0.05990624739,-0.1752718622,2.235482094,-6.683707442,3.432375142,-0.02078900188,-1.191122068,5.69699002,-12.1059286,15.21060581,-8.421504558,0.05,-0.05,0.05,-0.05
4.042,0.01401407053,0.8029470951,0.003106838328,-0.02200565415,0.0119120497,-0.02864176219,0.1780087238,-1.260831108,0.6825101731,-1.641052091,-0.03562852831,-2.041364303,-8.150392552,17.7720258,-23.85510758,13.9560993,-0.05,0.05,-0.05,0.05
4.054,0.01220693752,0.6994060009,-0.003576311568,-0.006361581903,0.01301490102,-0.03974492002,-0.2049075591,-0.3644917941,0.7456988995,-2.277216174,-0.03666791247,-2.100916628,8.891597546,-23.68718473,38.70123366,-25.18599167,0.05,0.05,-0.05,0.05
4.066,0.01118150082,0.6406528054,-0.02068744442,0.07070389627,-0.1188361229,0.04281197178,-1.185303254,4.051034851,-6.808808296,2.452945296,-0.02600769928,-1.490131403,-2.942897436,12.43218988,-21.42556021,13.68988302,0.05,-0.05,0.05,-0.05
4.078,0.001783539661,0.1021892952,0.02308331827,-0.0485697149,0.07364663396,-0.08088196484,1.322576714,-2.782839676,4.219641301,-4.634195224,-0.03272172751,-1.874816885,-1.552536047,-3.706718415,10.42138806,-7.169045253,-0.05,0.05,-0.05,0.05
4.09,0.009964017099,0.5708961268,-0.01794776984,0.06047157709,-0.1071518316,0.04135751468,-1.028331463,3.464766148,-6.139347716,2.369611042,-0.02327050963,-1.333301989,4.086337314,-6.160673914,4.400112169,-0.7881920712,0.05,-0.05,0.05,-0.05
4.102,0.005192504799,0.2975086101,0.01219489126,-0.006251560061,-0.04955716631,0.02818000923,0.698715801,-0.3581880069,-2.839416474,1.614595595,-0.01543382588,-0.8842930846,-6.745468259,17.62802608,-30.63588574,21.14189539,-0.05,0.05,0.05,-0.05
4.114,0.009205534764,0.5274382902,0.005280239297,-0.04143230671,0.05500061746,-0.04787105885,0.3025354265,-2.37389631,3.151303251,-2.742809633,-0.0290225088,-1.662867265,-1.16829972,-4.343636982,14.88526821,-11.57185594,-0.05,0.05,-0.05,0.05
4.126,0.005736775672,0.328693034,-0.0122668032,0.02605396974,-0.02840995022,-0.006960742037,-0.7028360514,1.492782505,-1.627770244,-0.398821141,-0.02158352572,-1.236644931,5.845021111,-11.55661839,17.49568402,-11.30902008,0.05,-0.05,0.05,0.05
4.138,0.001505102937,0.08623604601,0.0007976965902,0.003773910448,-0.02007210753,0.004747483262,0.04570464795,0.2162291409,-1.150047048,0.2720107542,-0.01075301723,-0.6161025045,1.120187615,-5.504903116,8.863351852,-4.568752382,-0.0186695126,-0.05,0.05,-0.05
4.15,0.00290624409,0.1665155206,-0.006298192978,0.004947982872,-0.01922522346,0.01461550496,-0.3608598762,0.2834985357,-1.101524164,0.8374067497,-0.005959928605,-0.3414787553,3.419212374,-6.824696743,8.59422351,-4.236193318,0.05,-0.05,0.05,-0.05
4.162,0.00106442235,0.06098690827,-0.003796055527,0.001728766984,-0.02776384131,0.03229492993,-0.2174979605,0.09905105195,-1.59075093,1.850363185,0.002463800082,0.1411653462,2.631896085,-5.701532927,7.332714459,-3.591685575,0.05,-0.03233134072,0.05,-0.05
4.174,0.005743739509,0.3290920325,-0.02939542369,0.04216259895,-0.04652423849,0.02930021832,-1.684233714,2.415738973,-2.66564251,1.678778849,-0.004456844903,-0.2553584029,-2.48691979,6.539285747,-5.704415166,1.265612542,0.05,-0.05,0.05,-0.05
4.186,-0.005214523051,-0.298770163,-0.002275873903,0.01087235154,-0.004930882585,-0.004318094703,-0.1303979693,0.6229398565,-0.2825187614,-0.247408602,-0.000652499653,-0.03738547625,-4.481014871,16.18049148,-28.00575178,17.81608771,0.05,-0.05,0.05,0.05
4.198,-0.004324066624,-0.2477507679,0.00911701375,-0.01841437222,0.007594223879,0.003610709832,0.5223664096,-1.055065811,0.435116977,0.2068784344,0.001907575242,0.1092960105,-3.901718847,6.295695364,-9.502185655,6.675507142,-0.05,0.05,-0.05,-0.05
4.21,-0.002358378226,-0.1351251188,0.002411035351,-0.0042738217,-0.006661097263,0.006435860721,0.1381421499,-0.2448719458,-0.3816527601,0.3687476568,-0.002088022892,-0.1196348992,3.864553479,-4.878841793,4.028382439,-2.198200665,-0.05,0.05,0.05,-0.05
4.222,-0.005029154205,-0.2881493105,0.008882486104,-0.01546793716,0.02667543248,-0.02808352135,0.5089289653,-0.886247517,1.528389698,-1.609067247,-0.007993539917,-0.4579961006,6.604396445,-14.85941691,20.34574131,-12.16546579,-0.05,0.05,-0.05,0.05
4.234,-0.00396235517,-0.2270262282,0.006321963393,0.008281618455,-0.03604534234,0.01790012763,0.3622218206,0.474501785,-2.065245987,1.025601766,-0.003541632866,-0.2029206158,5.569432943,-13.16043191,18.07537587,-10.77808912,-0.05,-0.05,0.05,-0.05
4.246,0.007916921965,0.4536062153,-0.02213989694,0.04071100467,-0.06962516893,0.03730054896,-1.268522654,2.332568747,-3.989228328,2.137164029,-0.01375351225,-0.7880182054,-3.992233027,9.929795834,-15.10624315,9.387071478,0.05,-0.05,0.05,-0.05
4.258,0.004280083704,0.2452307322,-5.50733491e-05,-0.02122874644,0.02685854726,-0.02404534397,-0.003155470467,-1.216317576,1.538881402,-1.377696726,-0.0184706165,-1.058288371,-4.239859796,10.61209896,-16.22805105,10.09180984,0.005451473476,0.05,-0.05,0.05
4.27,0.0007980570088,0.04572529842,0.009505869453,-0.03637950675,0.05090781269,-0.0425982558,0.5446462003,-2.084392198,2.916802812,-2.440700272,-0.01856408041,-1.063643458,-0.9580423032,-3.097057475,10.10293586,-7.943748617,-0.05,0.05,-0.05,0.05
4.282,0.000328901926,0.01884469223,0.005134745666,-0.01636185195,0.01302600349,-0.01546962536,0.2941992556,-0.937465062,0.7463350239,-0.8863442438,-0.01367072816,-0.7832750264,3.257438208,-3.993922746,1.127400436,1.088709913,-0.05,0.05,-0.05,0.05
4.294,0.0004753928851,0.02723800593,-8.277648795e-05,-0.01096700098,0.0189091217,-0.02189351187,-0.004742743402,-0.6283628703,1.083412868,-1.254405829,-0.01403416764,-0.804098575,-4.242890422,8.593348596,-10.16390579,5.568434168,0.006063973156,0.05,-0.05,0.05
4.306,-0.003715958855,-0.2129087592,0.001228574343,0.0009600825204,0.006490802155,-0.01818269942,0.07039212468,0.0550086764,0.3718955691,-1.041791937,-0.009503240399,-0.5444955666,-2.185330513,5.898114276,-8.728906953,5.364874337,-0.02484330504,-0.02701992973,-0.05,0.05
4.318,-0.001358640254,-0.07784435244,-0.002511736701,0.006923802499,-0.02174811532,0.01287260614,-0.1439119122,0.3967046614,-1.24607522,0.7375460032,-0.004463443377,-0.2557364676,-5.40443211,11.91510298,-18.79611603,12.81078576,0.05,-0.05,0.05,-0.05
4.33,0.001174278747,0.06728121617,-0.006608715282,-0.001310000711,7.240426593e-05,0.0004268431693,-0.3786514936,-0.07505751188,0.004148458856,0.02445631212,-0.007419468557,-0.4251042346,-0.05814913558,1.255783326,-0.7268493069,-0.5361599458,0.05,0.02756423231,-0.0008660445434,-0.008854389779
4.342,-0.003436448614,-0.1968940021,0.003350333246,-0.0112728496,0.01734177487,-0.01567507467,0.191959955,-0.645886705,0.9936105094,-0.8981156222,-0.00625581615,-0.3584318628,0.5278249322,-5.097977787,11.30077512,-7.923113625,-0.05,0.05,-0.05,0.05
4.354,-0.002045659703,-0.1172076673,-0.002686209327,0.008588682043,-0.02295180146,0.01430867041,-0.1539084573,0.4920952327,-1.315041356,0.819826425,-0.00274065833,-0.1570281554,-3.733074929,9.920508352,-16.54257202,10.97962349,0.05,-0.05,0.05,-0.05
4.366,-0.001375131248,-0.07878921681,0.00409480765,-0.01587297502,0.005875006126,0.002383438144,0.2346151963,-0.9094544769,0.3366130556,0.1365609464,-0.003519723098,-0.2016652786,4.489833887,-11.19848216,16.12209985,-9.586934217,-0.05,0.05,-0.05,-0.04284870495
4.378,-0.005150548556,-0.2951046944,0.01139597739,-0.02051346357,0.02159245315,-0.01781792231,0.6529414077,-1.175334886,1.237156435,-1.020891748,-0.005342955346,-0.3061287915,7.505835491,-17.3567536,26.59673126,-17.36141628,-0.05,0.05,-0.05,0.05
4.39,-0.003215905571,-0.1842578165,0.005612921959,-0.009064732417,0.01392614321,-0.02054604278,0.321596739,-0.5193709099,0.7979092306,-1.177201537,-0.01007171004,-0.5770664775,4.423935361,-11.30106066,15.85161193,-9.238257128,-0.05,0.05,-0.05,0.05
4.402,0.00237193536,0.1359018854,-0.005925058443,0.01271205487,-0.03376195896,0.01735538586,-0.3394808422,0.7283470931,-1.934417756,0.9943903615,-0.00961957667,-0.5511611439,-4.632703189,11.05408542,-18.06595161,11.97479736,0.05,-0.05,0.05,-0.05
4.414,0.007006725278,0.4014557867,-0.01876780869,0.02115163985,-0.02161685617,0.00190079894,-1.075316229,1.211899693,-1.238554625,0.1089077569,-0.01733222607,-0.9930634035,-5.748933883,16.82054023,-25.1879386,14.97544071,0.05,-0.05,0.05,-0.05
4.426,-0.001737968295,-0.09957824826,0.003481876335,0.003690929053,-0.02109911698,0.006639977666,0.1994968188,0.2114746572,-1.208890354,0.3804426963,-0.007286333923,-0.4174761819,-0.2661078033,1.150125151,-3.399265231,2.943341939,-0.05,-0.05,0.05,-0.05
4.438,0.000401438175,0.02300071316,0.001540455941,-0.006885444815,-0.006753180072,0.006137912661,0.08826162394,-0.394506928,-0.3869287164,0.3516764905,-0.005960256285,-0.34149753,2.108009311,-3.798958887,4.064523769,-1.582291259,-0.03599804001,0.05,0.05,-0.05
4.45,-0.00747899634,-0.4285149253,0.01367851092,-0.02427049302,0.03850525771,-0.0300870497,0.7837209458,-1.390596817,2.206188756,-1.723860966,-0.002173774089,-0.1245480809,8.159089597,-18.42267048,28.72023201,-18.44135687,-0.05,0.05,-0.05,0.05
4.462,-0.005132604459,-0.2940765734,-0.01333837203,0.05933289258,-0.08792568424,0.04848685561,-0.7642324227,3.399524331,-5.037770618,2.778092188,0.006555691929,0.3756134793,0.9718299299,-0.5846489709,-0.07492040685,0.4338815737,0.05,-0.05,0.05,-0.05
4.474,-0.00621773075,-0.3562497301,-0.001951111563,0.01521755254,-0.01454535241,0.005803591299,-0.1117904579,0.871901535,-0.8333873046,0.3325212874,0.004524679864,0.2592450599,-3.370469399,3.971500135,-2.968205827,1.631015939,0.04629492379,-0.05,0.05,-0.05
4.486,-0.004228354954,-0.2422668932,-0.0026235535,0.006676242863,-0.009736584894,0.01230306158,-0.1503185429,0.3825205391,-0.5578652213,0.7049135039,0.006619166054,0.3792502788,-2.01660883,5.021045536,-7.145590343,4.133706776,0.05,-0.05,0.05,-0.05
4.498,-0.002877003222,-0.1648401423,-0.007928806156,0.02422365246,-0.02981321764,0.01613909216,-0.4542871293,1.38791305,-1.708171545,0.924701866,0.002620720821,0.1501562423,-5.184487948,14.0384244,-21.21393428,12.48531977,0.05,-0.05,0.05,-0.05
4.51,-0.002218192138,-0.1270930477,-0.0009706125764,1.406321436e-05,0.01743056982,-0.02319779418,-0.05561200417,0.0008057628293,0.9986980851,-1.329135701,-0.006723773726,-0.3852438569,-5.625729947,13.66595301,-19.95567043,11.66250977,0.02697920663,-0.01397534372,-0.05,0.05
4.522,-0.004636455446,-0.265649329,0.02389581475,-0.05253666041,0.07070799195,-0.05111220003,1.369129333,-3.010128911,4.051269516,-2.928513344,-0.009045053751,-0.5182434054,2.054696959,-9.439535414,15.33438759,-9.63906425,-0.05,0.05,-0.05,0.05
4.534,0.005237744752,0.3001006685,-0.005062848179,0.01259015019,-0.0328803641,0.01225085399,-0.290079833,0.7213624694,-1.883906092,0.7019222292,-0.01310220809,-0.750701226,4.488914383,-10.34341535,14.89206542,-9.524274452,0.05,-0.05,0.05,-0.05
4.546,0.008156008051,0.467304839,-0.01451157256,0.04757811321,-0.09526426146,0.04789859305,-0.831451862,2.726025084,-5.45824012,2.744387226,-0.01429912776,-0.8192796715,-2.877233468,10.37373487,-17.40357625,10.64808522,0.05,-0.05,0.05,-0.05
4.558,0.00306519015,0.175622459,0.01764808782,-0.039075668,0.04160846739,-0.04291528719,1.011160949,-2.238870858,2.383989573,-2.458864832,-0.02273439998,-1.302585169,-3.464359983,5.494965572,-6.271294195,3.337168228,-0.05,0.05,-0.05,0.05
4.57,0.007710893716,0.4418016662,0.003049922449,-0.02439025553,0.04048943954,-0.04697440704,0.1747476842,-1.397458703,2.319874,-2.691435269,-0.02782530059,-1.594272287,6.073983091,-13.24323039,17.20295427,-9.550439057,-0.05,0.05,-0.05,0.05
4.582,0.004101091183,0.2349752162,0.009178294178,-0.004187832564,-0.03342705697,0.01546118502,0.5258775195,-0.2399451313,-1.915229286,0.8858606478,-0.01297541034,-0.7434362499,6.733704745,-14.37169554,18.33413084,-10.07215154,-0.05,0.05,0.05,-0.05
4.594,0.008142404155,0.4665253932,-0.007642945685,0.01222273248,-0.02359923659,-0.0002100022469,-0.4379085308,0.7003109851,-1.352136656,-0.01203224244,-0.01922945205,-1.101766445,1.606450609,-4.541699785,9.221019965,-6.574155176,0.05,-0.05,0.05,0.01119420461
4.606,0.003700647435,0.2120314795,0.004271928871,-0.01139874872,0.002614573643,-0.006748783377,0.2447634947,-0.6531001932,0.149804035,-0.3866768044,-0.01126102958,-0.6452094679,0.7274598629,-3.529022793,5.590482537,-2.403728191,-0.05,0.05,-0.05,0.05
4.618,0.003814988976,0.2185827672,-0.01020941407,0.01489095809,-0.01771956976,0.008124091116,-0.5849563374,0.8531890517,-1.015256562,0.4654761333,-0.004913934619,-0.2815477145,0.6710064329,0.3183845388,-0.02274351619,0.1173838358,0.05,-0.05,0.05,-0.05
4.63,-0.003745034533,-0.2145746729,0.004578547257,-0.008661174609,0.01842633711,-0.01014642941,0.2623314341,-0.4962487507,1.055751348,-0.5813475824,0.004197280349,0.2404864494,-0.9643281464,1.149907883,-0.5650565231,0.5820273392,-0.05,0.05,-0.05,0.05
4.642,-0.00387143181,-0.2218167034,-0.001420496653,0.008664712428,-0.01157431335,0.0156674477,-0.08138846305,0.4964514528,-0.6631593055,0.8976786291,0.01133735013,0.6495823135,1.398012967,-2.229069069,1.611247391,0.007456059601,0.02985291341,-0.05,0.05,-0.05
4.654,-0.001979432147,-0.1134131079,-0.001138885809,-0.01283436664,0.02623879285,-0.001228206038,-0.06525335021,-0.7353550412,1.50337209,-0.07037102234,0.01103733436,0.6323926759,-1.270974124,0.9966126362,-0.430525056,0.5969646304,0.02632646192,0.05,-0.05,0.0264235682
4.666,-0.0009328449631,-0.05344807932,-0.01169270019,0.01959995045,-0.0180119402,0.02292511114,-0.6699423717,1.122994439,-1.032008154,1.313512113,0.01282042121,0.7345560268,-3.119349939,9.997495218,-14.14051617,7.481244154,0.05,-0.05,0.05,-0.05
4.678,-0.006990403712,-0.4005206298,0.003946535244,0.01080516427,-0.007449253184,0.004976753506,0.2261198132,0.6190903097,-0.426810768,0.2851469716,0.01227919984,0.7035463265,3.62324123,-5.290069389,5.892408156,-4.09545687,-0.05,-0.05,0.05,-0.05
4.69,-0.002961722694,-0.1696942105,0.0006793468031,0.0157764338,-0.0180430293,0.007077201992,0.03892370465,0.9039230726,-1.033789429,0.4054938049,0.005489953296,0.3145511536,3.593341462,-8.291344923,10.63050844,-6.321724192,-0.01853897113,-0.05,0.05,-0.05
4.702,0.004796274461,0.274806284,-0.007882115524,0.01307271127,-0.01082476692,0.0006942802479,-0.4516119531,0.7490111825,-0.6202134588,0.039779328,-0.004939890928,-0.2830349014,2.330150698,-6.138606303,8.943365609,-5.74461482,0.05,-0.05,0.05,-0.009529550633
4.714,0.005000184517,0.2864894696,-0.001972190539,0.01444819903,-0.04206593656,0.0280471002,-0.1129981943,0.8278208261,-2.410200626,1.606980469,-0.001542827862,-0.08839752504,3.314347445,-5.852006415,6.014947493,-3.075319496,0.04007384441,-0.05,0.05,-0.05
4.726,0.006489885443,0.3718430454,-0.0006171258751,0.002463068151,-0.01217322566,0.00143201005,-0.03535870807,0.1411234097,-0.6974744535,0.08204813206,-0.008895273336,-0.5096616197,1.287981292,-5.328438894,11.08453438,-8.210616224,0.01228878796,-0.04885906043,0.05,-0.02329360487
4.738,0.007945941725,0.4552689251,-0.009194355177,0.02561117022,-0.04315997298,0.01813606886,-0.526797747,1.467411962,-2.472884296,1.039120203,-0.008607089073,-0.4931498778,2.549958371,-2.636602408,0.3547217435,0.9810099828,0.05,-0.05,0.05,-0.05
4.75,0.009485374941,0.5434719512,-0.01553475473,0.04122193156,-0.07674026152,0.04781550712,-0.8900758817,2.361842702,-4.396893104,2.739626753,-0.003237577564,-0.1854995303,-2.52107697,7.728144387,-12.8186649,8.632319388,0.05,-0.05,0.05,-0.05
4.762,0.003266173783,0.1871379729,0.01271114791,-0.03273575942,0.03270295224,-0.01467026805,0.7282951279,-1.875620854,1.873741141,-0.8405444437,-0.001991927325,-0.1141290288,-4.017407403,9.951355677,-15.45562555,10.15646956,-0.05,0.05,-0.05,0.05
4.774,0.002944730923,0.1687206537,0.008101931219,-0.02930464335,0.04442905545,-0.02467118557,0.4642064647,-1.679032384,2.545597365,-1.413554809,-0.001444842251,-0.08278336305,-1.270308347,-1.46496379,8.139139721,-6.726402112,-0.05,0.05,-0.05,0.05
4.786,-0.0009872968492,-0.05656794259,0.005241018574,-0.01381386525,0.0417426102,-0.03109984477,0.3002882447,-0.7914761778,2.39167539,-1.781889849,0.002069918747,0.1185976082,1.23842411,-2.66143494,4.210856103,-2.417074119,-0.05,0.05,-0.05,0.05
4.798,-0.0004597016095,-0.02633896206,0.004652559397,-0.01312566198,0.02673759151,-0.009909518151,0.2665720174,-0.752045035,1.531951148,-0.567773567,0.008354970775,0.4787045634,-2.909106947,2.833121807,-1.242312308,0.5406020031,-0.05,0.05,-0.05,0.05
4.81,-0.0002240148157,-0.01283510349,-0.001981023086,0.01171361388,-0.02004633948,0.02530684641,-0.1135042619,0.6711406382,-1.148570647,1.449975492,0.01499309773,0.8590412218,-0.2814613074,7.620179966,-15.81259967,10.42441749,0.04386396919,-0.05,0.05,-0.05
4.822,0.002211355767,0.1267013524,-0.01716294211,0.04506241139,-0.04365174584,0.02500433445,-0.983364147,2.581885987,-2.501060805,1.432642834,0.009252057897,0.5301038693,-2.626155399,6.408209613,-6.377523874,2.11586247,0.05,-0.05,0.05,-0.05
4.834,-0.003120747727,-0.1788056737,0.0009905707016,0.01638706347,-0.004151962132,-0.004006729395,0.05675552051,0.9389095756,-0.2378899069,-0.229568684,0.009218942647,0.5282065052,-5.600354684,16.61136548,-27.66169617,17.72575104,-0.01619220075,-0.05,0.05,0.05
4.846,-0.0007936185956,-0.04547099607,0.01243305898,-0.02496056066,0.02950116786,-0.005832297115,0.7123618059,-1.43013478,1.690292409,-0.3341660096,0.01114136907,0.6383534255,-2.946442127,4.007894843,-6.762709316,5.477488752,-0.05,0.05,-0.05,0.05
4.858,0.006776189667,0.3882470691,-0.006971662371,-0.01277515718,0.03623498354,-0.01287741433,-0.3994468301,-0.7319625891,2.076111628,-0.7378214919,0.003610749662,0.2068807165,-4.680899341,7.646740717,-5.513077432,1.271812928,0.05,0.05,-0.05,0.05
4.87,-0.001532067519,-0.08778100279,0.001228708784,0.01991289536,-0.03433357549,0.02919121581,0.07039982757,1.140924862,-1.967168971,1.672533465,0.01599924446,0.9166891831,-1.279900891,10.76326637,-22.80609304,15.66823163,-0.02575169236,-0.05,0.05,-0.05
4.882,0.005503076764,0.3153030729,-0.01231415839,0.01894005745,-0.009333376243,0.008476784338,-0.7055493038,1.085185356,-0.5347630673,0.4856839664,0.00576930716,0.330556951,-5.158156656,13.12221697,-18.99559337,11.24543846,0.05,-0.05,0.05,-0.05
4.894,0.0008949206017,0.05127517348,-0.0002318265544,0.02180394216,-0.04378053115,0.03622656794,-0.01328268314,1.249273863,-2.50843966,2.075629449,0.0140181524,0.8031809688,-0.06738828321,2.227606122,-5.617010945,3.99485818,0.005167572479,-0.05,0.05,-0.05
4.906,0.009217582534,0.5281285765,-0.01725363872,0.03015426072,-0.03891047185,0.0306446054,-0.9885606799,1.727711874,-2.229405816,1.755806554,0.004634755551,0.2655519322,-1.875808906,4.791464131,-7.308690686,4.500440068,0.05,-0.05,0.05,-0.05
4.918,0.006099704152,0.3494873042,-0.006289680282,0.01666085033,-0.02993711982,0.02652577969,-0.3603721346,0.9545964069,-1.715270617,1.519815225,0.006959829916,0.3987688803,-0.2151806469,3.386399678,-7.06259215,4.652992535,0.05,-0.05,0.05,-0.05
4.93,0.007478244856,0.4284718684,-0.0116760491,0.02640962468,-0.03718292175,0.02736723071,-0.6689883346,1.513160033,-2.130424486,1.568026817,0.004917884549,0.2817740288,-1.981398193,6.003639307,-8.779904711,5.089005174,0.05,-0.05,0.05,-0.05
4.942,0.005552400337,0.3181291055,-0.01233818881,0.03819293285,-0.05024496143,0.03068675983,-0.7069261457,2.188293859,-2.878824232,1.758221825,0.006296542436,0.3607653071,-1.103887224,5.329265643,-8.618023274,5.100889874,0.05,-0.05,0.05,-0.05
4.954,0.001047463972,0.06001526477,-0.004787888645,0.03724245208,-0.05101526934,0.02863314987,-0.2743258121,2.133835323,-2.922959624,1.640558642,0.01007244397,0.5771085287,-0.9319740531,4.397060395,-7.224910854,4.405958959,0.05,-0.05,0.05,-0.05
4.966,0.001596715867,0.09148508025,-0.003562262847,0.02216317606,-0.02046864536,0.01004742866,-0.2041026266,1.269856449,-1.172766992,0.5756752574,0.00817969651,0.4686620877,1.09636861,-1.333186847,-0.3782137827,1.367831504,0.05,-0.05,0.05,-0.05
4.978,0.001529150938,0.08761389501,0.00591713094,-0.01070095245,0.0197693377,-0.006376401233,0.3390266297,-0.6131194123,1.132699614,-0.3653408791,0.00860911495,0.493265952,-0.1267443822,-2.934042571,7.730983516,-5.8063066,-0.05,0.05,-0.05,0.05
4.99,0.0007584355339,0.04345515513,0.00366193709,0.006757139849,-0.009787289878,0.009437977257,0.2098135401,0.387155595,-0.5607704029,0.540756264,0.01006976432,0.5769549961,2.141401223,-3.708976027,3.342224747,-1.375206546,-0.05,-0.05,0.05,-0.05
5.002,0.001746225481,0.1000513501,0.008427682592,-0.02154825669,0.04003932259,-0.02165425658,0.4828706436,-1.234624164,2.294084199,-1.240697511,0.005264491913,0.3016331679,4.284693467,-12.86232349,20.98036072,-13.41346215,-0.05,0.05,-0.05,0.05
5.014,0.001764751718,0.1011128254,0.001010059524,0.006265879204,-0.003181419295,0.00363014463,0.05787214779,0.3590084333,-0.1822818985,0.2079919663,0.007724664063,0.442590649,5.846053644,-13.76164279,20.75632113,-13.11413026,-0.02806736317,-0.05,0.04923490336,-0.05
5.026,0.01129773103,0.6473123063,-0.02658351529,0.04153876114,-0.03520681875,0.02005226775,-1.523123231,2.379995699,-2.017202125,1.148910312,-0.0001993051617,-0.0114193446,-5.475684255,18.90690006,-34.16755991,23.02066761,0.05,-0.05,0.05,-0.05
5.038,-0.0007296226461,-0.04180429826,0.02336499754,-0.04596439295,0.04286955401,-0.009300846161,1.338715748,-2.633565724,2.456244514,-0.5328992309,0.01096931244,0.6284953071,0.6009959287,-0.6056929304,-2.765991863,3.308500507,-0.05,0.05,-0.05,0.05
5.05,0.005604709344,0.3211261908,0.006580084123,-0.0323460782,0.04729817299,-0.02025329961,0.3770110491,-1.853293764,2.709985691,-1.160428589,0.001278879307,0.07327438682,2.016665399,-13.26795548,29.46025732,-21.42006344,-0.05,0.05,-0.05,0.05
5.062,0.00616327804,0.3531298197,-0.0141298828,0.02598837694,-0.01261496074,0.0004383231683,-0.8095826493,1.489024315,-0.7227840092,0.02511406761,-0.0003181434269,-0.01822827564,4.645856189,-7.293202503,9.246659086,-5.885334517,0.05,-0.05,0.05,-0.003757775187
5.074,-0.001082874769,-0.06204415399,0.00217795142,0.02690723334,-0.05042040736,0.03317528645,0.1247874244,1.541670909,-2.888876543,1.900803898,0.01184006385,0.6783856878,3.45977251,-5.357323107,5.186572275,-2.478723877,-0.05,-0.05,0.05,-0.05
5.086,0.008424132088,0.4826672147,-0.01684226425,0.01614280048,0.005725874297,-0.007813492413,-0.9649906588,0.924914337,0.3280684313,-0.4476801385,-0.002787081884,-0.1596880291,-7.237930294,18.89033615,-28.6727321,17.86371428,0.05,-0.05,-0.05,0.05
5.098,-0.006234456287,-0.3572080328,0.03158260195,-0.04431222457,0.02917039746,-0.0004064924515,1.809549798,-2.538903449,1.671340661,-0.02329030188,0.01603428239,0.9186967082,7.651611376,-21.90848135,34.10437365,-21.16180791,-0.05,0.05,-0.05,0.03010464184
5.11,0.008779005546,0.5029999661,-0.02229456777,0.04940334484,-0.07408950168,0.05231645266,-1.27738464,2.830603153,-4.245015752,2.997511937,0.005335728053,0.305714698,-4.816218455,8.09103827,-5.759831303,1.154398475,0.05,-0.05,0.05,-0.05
5.122,0.002057557919,0.1178893849,0.002352502619,-0.02736463689,0.07886940976,-0.05806099907,0.1347884713,-1.567878202,4.518884312,-3.326650201,-0.004203723588,-0.2408556198,-3.085198825,8.408646012,-12.01589592,6.996127657,-0.04866985879,0.05,-0.05,0.05
5.134,-0.00702998276,-0.4027883422,0.01947861686,-0.00919330904,-0.003571704129,0.008320018339,1.116042537,-0.5267378078,-0.2046435723,0.4767019363,0.01503362203,0.8613630933,7.545393496,-19.25214054,27.50177731,-16.18764414,-0.05,0.05,0.05,-0.05
5.146,0.006845744999,0.392232296,-0.02466921286,0.04885218811,-0.04816051126,0.02634342857,-1.413441781,2.799024199,-2.759394035,1.509367275,0.002365892571,0.1355556591,-6.782084757,20.94871224,-35.46747529,23.28795856,0.05,-0.05,0.05,-0.05
5.158,-0.00515690475,-0.2954688775,0.02982333136,-0.07917475153,0.1262696564,-0.072925286,1.708751018,-4.536379107,7.234718394,-4.178311107,0.003992950274,0.2287791985,3.641302291,-14.03632095,23.13247177,-14.24090867,-0.05,0.05,-0.05,0.05
5.17,0.01104089719,0.632596811,-0.03785632518,0.07884074109,-0.116885691,0.0851285386,-2.16900766,4.517241718,-6.697056779,4.877505978,0.009227263521,0.5286832562,-4.2725271,15.91565432,-27.90862571,18.36812014,0.05,-0.05,0.05,-0.05
5.182,-0.008198997807,-0.4697679706,0.0362876183,-0.07484675289,0.08870458076,-0.0358397663,2.079127377,-4.288403051,5.082398101,-2.053467348,0.01430567987,0.8196550794,6.898838469,-20.13383918,33.64855353,-22.3024939,-0.05,0.05,-0.05,0.05
5.194,0.007054323829,0.4041829827,-0.02951886413,0.07332957719,-0.1058017788,0.06968140353,-1.691306331,4.201475287,-6.061995388,3.992450333,0.007690337828,0.4406239006,-6.752813055,18.61632801,-26.75028207,15.27084925,0.05,-0.05,0.05,-0.05
5.206,-0.007089698566,-0.4062098058,0.022106547,-0.04588974876,0.1005931525,-0.07934008544,1.266611842,-2.629288927,5.763563088,-4.545852042,-0.002530134675,-0.1449660385,5.219762119,-14.98687964,25.66599288,-17.62163992,-0.05,0.05,-0.05,0.05
5.218,0.003036748463,0.1739928704,-0.03141348198,0.1044196724,-0.1237548764,0.04946775914,-1.799859937,5.982806524,-7.090632111,2.834293821,-0.001280926861,-0.07339170301,-1.518984844,11.35197384,-22.85169717,15.10070044,0.05,-0.05,0.05,-0.05
5.23,-0.0154478739,-0.8850979772,0.05131368274,-0.06545888627,0.08898049316,-0.07393600201,2.940057452,-3.750517915,5.098206717,-4.236220869,0.0008992876079,0.0515253845,5.199001627,-15.36421053,20.68374751,-11.33277801,-0.05,0.05,-0.05,0.05
5.242,0.003746415368,0.2146537889,-0.004415160224,0.04765250767,-0.1045716215,0.0620999872,-0.2529700467,2.730287572,-5.991512567,3.558067174,0.0007657131748,0.04387213323,-5.461414166,6.888773802,-7.803101162,5.127372159,0.05,-0.05,0.05,-0.05
5.254,0.01134162369,0.6498271703,-0.00289531855,-0.03235242442,0.05653833662,-0.03902597808,-0.1658895333,-1.853657376,3.239408069,-2.236023835,-0.01773538442,-1.016162676,-5.916443156,9.176654618,-10.49598358,6.400742096,0.05,0.05,-0.05,0.05
5.266,0.002539154341,0.1454828273,0.01425760499,-0.01932342275,-0.02271064859,0.03179400757,0.8169005917,-1.107150569,-1.301224314,1.821662448,0.004017541217,0.2301881558,10.07742498,-21.77449673,27.94665322,-15.39454299,-0.05,0.05,0.05,-0.05
5.278,0.01296643569,0.7429220405,-0.02068483157,0.02538210349,-0.05519118339,0.04583599211,-1.185153549,1.454287405,-3.162221874,2.626208898,-0.00465791935,-0.26687912,-11.47349941,25.87506368,-34.16664621,19.43250777,0.05,-0.05,0.05,-0.05
5.29,0.00282052011,0.1616038983,0.007084896052,-0.03878753355,0.06764111522,-0.04393573207,0.4059346421,-2.22236197,3.875550424,-2.517332018,-0.00799725435,-0.458208922,5.741258139,-8.570399091,8.398937127,-4.240171903,-0.05,0.05,-0.05,0.05
5.302,-0.002319663137,-0.1329069077,0.003555635083,0.03445235557,-0.09550370266,0.06931506555,0.2037228837,1.973974568,-5.47195909,3.971460712,0.01181935354,0.6771990743,5.532504467,-9.089709422,9.668369783,-5.097773065,-0.05,-0.05,0.05,-0.05
5.314,0.006055990713,0.3469827086,-0.003987863457,-0.007992097049,0.003385689721,0.003636829768,-0.2284877454,-0.4579134304,0.1939857318,0.2083749965,-0.004957441017,-0.2840404474,-9.125243589,19.03126715,-26.38765672,16.13644406,0.05,0.05,-0.04809751714,-0.05
5.326,-0.0006167334872,-0.0353362259,0.01009369995,-0.03195477922,0.06002822169,-0.04679799055,0.5783264069,-1.830873985,3.439363755,-2.681327348,-0.008630848122,-0.494511171,8.832087772,-18.27762648,24.50581914,-14.75235418,-0.05,0.05,-0.05,0.05
5.338,0.002645857414,0.151596463,-0.01379902194,0.06438342696,-0.12283816,0.07468924985,-0.7906257188,3.688898636,-7.038108134,4.279378791,0.002435494825,0.1395435745,1.028682184,1.68780746,-6.094784627,4.436208453,0.05,-0.05,0.05,-0.05
5.35,-0.001798948467,-0.1030721547,0.0214422544,-0.03569893562,0.02418425068,-0.01552970051,1.228550681,-2.045398344,1.385655495,-0.8897862966,-0.005602131057,-0.3209784658,-4.628845205,9.169635073,-13.23100704,8.177759302,-0.05,0.05,-0.05,0.05
5.362,0.003742132542,0.214408401,0.01199255796,-0.04994998432,0.07592834164,-0.05604264346,0.6871229569,-2.861923288,4.350373521,-3.211006943,-0.01807172818,-1.035433753,1.963743725,-8.506778616,15.93498775,-10.78999809,-0.05,0.05,-0.05,0.05
5.374,0.003025068292,0.1733236459,-0.002022585804,0.01895982571,-0.05101466662,0.02651982913,-0.1158856303,1.086317994,-2.922925091,1.519474282,-0.007557597591,-0.4330184452,5.594929005,-9.229683244,9.651494855,-4.90763205,0.03890195869,-0.05,0.05,-0.05
5.386,0.005326117397,0.305164048,-0.00528099688,0.01471264932,-0.04110528626,0.02082844801,-0.3025788328,0.8429727114,-2.355159418,1.193382165,-0.01084518581,-0.621383375,-3.205016565,2.223726743,2.823481614,-3.557877436,0.05,-0.05,0.05,-0.05
5.398,0.0007140086064,0.04090967968,-0.00137144667,0.01837676057,-0.04128644114,0.01723012185,-0.07857810604,1.052910822,-2.365538828,0.9872132622,-0.007051005395,-0.4039928504,3.310867834,-1.29932226,-3.866476179,3.968577288,0.02686095891,-0.05,0.05,-0.05
5.41,0.00456198219,0.2613823257,-0.01367064339,0.02282318797,-0.023358365,0.001348284041,-0.7832701694,1.307672346,-1.338335731,0.07725098515,-0.01285753638,-0.7366825693,-1.88327231,0.2889208183,3.300211763,-2.611108848,0.05,-0.05,0.05,-0.02705114006
5.422,-0.001844222124,-0.1056661442,0.009109104019,-0.01048181191,-0.01604195638,0.01812377474,0.5219132154,-0.600563584,-0.919136396,1.038415801,0.0007091104606,0.0406290366,4.509293952,-9.100759037,9.916479562,-4.276673404,-0.05,0.05,0.05,-0.05
5.434,0.003339282886,0.191326816,-0.008213172476,-0.005987388837,0.01304166368,-0.005032854149,-0.4705801193,-0.3430521107,0.7472322869,-0.2883613017,-0.006191751778,-0.3547612447,0.292982021,0.3686785421,-0.1491780937,-0.03087221634,0.05,0.05,-0.05,0.05
5.446,-0.001832747576,-0.105008701,-0.004579396801,0.01142073318,-0.02307666629,0.01865646732,-0.2623801094,0.6543598103,-1.322195584,1.068936838,0.002421137416,0.1387209555,-4.965572526,9.024850239,-8.479005153,3.530235198,0.05,-0.05,0.05,-0.05
5.458,-0.002246771974,-0.1287305516,-0.01485185179,0.03595167406,-0.0348702994,0.01404986816,-0.8509484255,2.05987919,-1.997920986,0.804998148,0.0002793910255,0.01600792659,-0.4480947585,7.064159309,-15.46064604,10.88241745,0.05,-0.05,0.05,-0.05
5.47,-0.006211389631,-0.3558864108,0.004717645233,0.004451484824,-0.02254551129,0.02104647132,0.2703011611,0.255051293,-1.291762644,1.20587398,0.00767009009,0.4394637906,-1.945263966,0.9463806182,0.5424100278,-0.4958945957,-0.05,-0.05,0.05,-0.05
5.482,-0.002160641507,-0.1237956394,-0.002869630394,-0.006325507554,0.01910655909,-0.01106291789,-0.1644177104,-0.3624248861,1.094725197,-0.6338585043,-0.001151496752,-0.06597590403,1.792783975,-0.7480456112,-2.385533061,2.416613405,0.05,0.05,-0.05,0.05
5.494,-0.002219558118,-0.1271713125,-0.003252569279,0.004530699527,-0.003489664965,0.0006715218743,-0.1863584922,0.2595899611,-0.1999430744,0.03847536925,-0.001540012842,-0.08823623626,-2.207835557,1.227780689,3.100417889,-3.835287432,0.05,-0.05,0.05,-0.0109381938
5.506,-0.004243941961,-0.2431599629,0.007636804536,-0.01190688685,0.006840522768,-0.003354721334,0.4375566689,-0.6822143637,0.3919330843,-0.1922113739,-0.0007842808815,-0.04493598446,1.231872755,-3.222093231,3.558689054,-1.672159612,-0.05,0.05,-0.05,0.05
5.518,0.004164819266,0.2386265664,-0.01060475938,0.001434413848,-0.0005077511397,0.001073433553,-0.6076079554,0.08218585955,-0.02909199735,0.06150321218,-0.008604663122,-0.493010881,0.8156557586,-2.175054807,2.880326353,-1.604639181,0.05,-0.02938204984,0.008290198721,-0.02201089899
5.53,-0.002087589554,-0.1196100708,0.00737340823,-0.01899777386,0.02172535589,-0.01710833412,0.4224651722,-1.088492263,1.244771201,-0.9802353398,-0.007007343871,-0.4014912294,-0.6603265066,-4.647587237,16.0176012,-13.49790888,-0.05,0.05,-0.05,0.05
5.542,-0.006129208052,-0.3511777531,0.01275830425,-0.01660690375,0.02100448382,-0.02202027702,0.7309969875,-0.9515054957,1.203468274,-1.261668937,-0.004864392694,-0.2787091713,5.212791627,-11.17110208,11.15921681,-4.030583382,-0.05,0.05,-0.05,0.05
5.554,0.005082124612,0.2911842912,-0.00287301825,-0.03117377568,0.03918812635,-0.01373183191,-0.1646118202,-1.786125778,2.245314247,-0.7867760134,-0.008590499489,-0.4921993647,-2.726311468,-4.733610318,14.73817245,-10.07840325,0.05,0.05,-0.05,0.05
5.566,0.001620472909,0.09284625848,9.978474966e-05,-0.02938259691,0.04456608624,-0.0219006807,0.005717245015,-1.683498794,2.553448651,-1.254816573,-0.006617406623,-0.3791494708,7.792629247,-18.77959835,29.56396326,-19.18406757,-0.00998789374,0.05,-0.05,0.05
5.578,0.0004142986981,0.02373756686,-0.01022099906,0.02991727985,-0.06287581938,0.04502818037,-0.5856201084,1.71413387,-3.602519084,2.579924694,0.001848641776,0.1059193716,3.021329858,-2.868670048,1.30268827,-0.4572905459,0.05,-0.05,0.05,-0.05
5.59,0.001190912947,0.06823428565,-0.008985952748,0.02083307116,-0.04399174301,0.03036878815,-0.5148571674,1.193647052,-2.520541208,1.74000339,-0.001775836441,-0.1017479332,-9.135931484,22.95359027,-34.46668768,21.21482916,0.05,-0.05,0.05,-0.05
5.602,-0.003084506407,-0.176729199,0.007468209725,-0.01868318638,0.02394148172,-0.01767413552,0.4278968977,-1.070467728,1.371745858,-1.012653372,-0.004947630453,-0.2834783436,-1.915166445,3.533564678,-4.124037043,2.062189465,-0.05,0.05,-0.05,0.05
5.614,-0.0003178960964,-0.01821410464,-0.004612513542,0.01798987574,-0.04027983212,0.02423468339,-0.2642775589,1.030743954,-2.30786438,1.388545076,-0.002667786535,-0.1528529091,-4.748418112,13.69981079,-23.33599445,15.41736775,0.05,-0.05,0.05,-0.05
5.626,0.004061077856,0.2326826214,-0.009994973463,0.01645131641,-0.04219872081,0.03033757349,-0.5726697958,0.9425909975,-2.417808603,1.738214922,-0.005404804374,-0.3096724797,-7.233678642,17.0504176,-25.83988432,16.31093582,0.05,-0.05,0.05,-0.05
5.638,0.003675513389,0.2105914047,-0.00242912106,-0.02512666281,0.05050728059,-0.03857547321,-0.1391783847,-1.439651732,2.893854013,-2.210211808,-0.01562397649,-0.8951879121,-4.374060296,8.108941174,-7.577475044,2.821353041,0.05,0.05,-0.05,0.05
5.65,-0.008419196026,-0.4823843992,0.02595388419,-0.0347353689,0.02716121873,-0.02086836797,1.487048026,-1.990190038,1.5562232,-1.19566941,-0.002488633947,-0.1425882219,5.888441541,-16.74102735,27.97850165,-18.60744836,-0.05,0.05,-0.05,0.05
5.662,0.0006986878766,0.04003186652,-0.01068033116,0.03307536065,-0.04186490112,0.009194244612,-0.6119378994,1.895078571,-2.398682144,0.5267914121,-0.01027562702,-0.5887500603,1.108039157,-4.238859363,9.554228762,-7.132225703,0.05,-0.05,0.05,-0.05
5.674,-0.0002234585181,-0.01280322998,-0.009347864128,0.03735649186,-0.060865649,0.02768696974,-0.535593162,2.140369321,-3.487344805,1.586346514,-0.005170051527,-0.2962221324,-0.7780948068,3.595524293,-9.133188607,7.417944934,0.05,-0.05,0.05,-0.05
5.686,0.004609728529,0.2641179894,-0.01050978616,0.01521227289,-0.03877558684,0.02815038193,-0.6021663906,0.8715990333,-2.221677474,1.612898076,-0.005922718188,-0.3393467554,-6.641523773,10.70491592,-11.74700736,6.670383523,0.05,-0.05,0.05,-0.05
5.698,-0.0009306074977,-0.053319882,-0.002052217881,0.01539046074,-0.04399079511,0.03115441728,-0.1175834232,0.8818084452,-2.520486897,1.785016623,0.0005018650272,0.02875474794,2.676660731,0.03452353609,-3.7959811,2.69691425,0.04247213266,-0.05,0.05,-0.05
5.71,-0.00121820095,-0.06979777303,-0.004888065265,0.01167557229,-0.007342389622,-0.005706971119,-0.2800655097,0.6689610156,-0.4206879369,-0.3269853589,-0.006261853716,-0.3587777898,0.5316319396,-3.540784113,7.948302903,-5.621001513,0.05,-0.05,0.05,0.05
5.722,-0.001082127858,-0.06200135913,0.001093594257,-0.008154005313,0.004826846039,0.001200336337,0.06265833544,-0.4671900906,0.2765579064,0.0687742061,-0.00103322868,-0.05919964262,-0.2735968565,0.2528768596,-2.007055384,2.496290572,-0.0237854768,0.05,-0.05,-0.02890368998
5.734,5.27937394e-05,0.003024858452,-0.009573583311,0.01660271967,-0.01964773932,0.01154509748,-0.5485259186,0.9512657654,-1.12573254,0.6614853596,-0.00107350548,-0.06150733326,-0.8129833693,5.088482773,-9.608850303,6.494009396,0.05,-0.05,0.05,-0.05
5.746,-0.001614035817,-0.09247744032,-0.007517123554,0.02290410732,-0.03984525602,0.02870262526,-0.4306994537,1.312308683,-2.282965004,1.644539288,0.004244353007,0.243183514,-1.773890995,5.636208734,-9.509811359,6.300070132,0.05,-0.05,0.05,-0.05
5.758,0.0009723698453,0.05571268826,-0.01428906702,0.03105541626,-0.04813661128,0.03440057338,-0.8187032335,1.779344282,-2.758024666,1.971007667,0.003030311333,0.17362405,-2.62650689,5.177769138,-6.340298732,3.474944122,0.05,-0.05,0.05,-0.05
5.77,-0.0002965842976,-0.01699302852,-0.01081661757,0.02435693635,-0.03235394681,0.02068690102,-0.6197465354,1.395549655,-1.853744603,1.18527212,0.001873272985,0.1073306359,-0.5205676526,3.421723131,-6.24459352,3.869693234,0.05,-0.05,0.05,-0.05
5.782,-0.0003914539514,-0.02242865929,-0.006012804995,0.01408891548,-0.02138295344,0.01400548842,-0.3445083492,0.8072353951,-1.225152986,0.8024553762,0.0006986454614,0.04002943631,-1.525073691,5.388441921,-10.21310564,6.994803769,0.05,-0.05,0.05,-0.05
5.794,0.004566928114,0.2616657063,-0.01262587454,0.0174295567,-0.03445213156,0.02844516658,-0.7234093237,0.998640038,-1.973961734,1.629787992,-0.001203282816,-0.06894302691,-1.93511738,4.623358532,-8.05549579,5.607945603,0.05,-0.05,0.05,-0.05
5.806,0.005823675806,0.3336720449,-0.01298407947,0.01680244643,-0.04134249759,0.03734835077,-0.7439329543,0.962709266,-2.368750626,2.139902871,-0.0001757798516,-0.01007144362,-3.909968959,10.61683331,-14.81279198,8.410835038,0.05,-0.05,0.05,-0.05
5.818,0.00222266319,0.1273492201,-0.01148758693,0.01142265076,0.008594200769,-0.01574932208,-0.6581902479,0.6544696793,0.4924114323,-0.9023696852,-0.007220057481,-0.4136788215,-5.288094773,15.95723509,-21.94561511,11.78047618,0.05,-0.05,-0.05,0.05
5.83,-0.01293977139,-0.7413942887,0.0348604738,-0.05409278199,0.08131242718,-0.06081681124,1.99735802,-3.09928811,4.6588589,-3.484546608,0.001263307747,0.07238220213,3.340524967,-10.73642197,17.78507873,-11.5071866,-0.05,0.05,-0.05,0.05
5.842,-0.0001695800412,-0.009716220652,-0.02208772582,0.08752161513,-0.1318104891,0.07121045497,-1.265533469,5.014619163,-7.552184722,4.080058527,0.004833855162,0.2769594996,-0.6690747764,3.767569309,-6.790198116,4.419479044,0.05,-0.05,0.05,-0.05
5.854,-0.009231875602,-0.528947509,0.03953997666,-0.09258517035,0.1396057397,-0.09001561471,2.265473785,-5.304739507,7.998819681,-5.157514813,-0.003455068698,-0.1979608543,0.1805777077,-5.430690206,8.290121897,-3.823964252,-0.05,0.05,-0.05,0.05
5.866,0.01012540186,0.5801427927,-0.03565496721,0.07869324631,-0.1365435051,0.100074506,-2.04287914,4.50879089,-7.82336656,5.733846831,0.006569280042,0.3763920209,-1.630163373,5.681562534,-11.0677709,8.39624509,0.05,-0.05,0.05,-0.05
5.878,-0.004115010701,-0.2357727458,0.03811700144,-0.1139558373,0.1337818617,-0.04965208521,2.18394331,-6.529188528,7.665136052,-2.844854926,0.008290940654,0.4750359077,2.013919285,-8.419174318,12.3139052,-6.314695347,-0.05,0.05,-0.05,0.05
5.89,0.01293905824,0.7413534278,-0.03359021452,0.04129349393,-0.08916857224,0.09383622124,-1.924577525,2.365942923,-5.108982855,5.376419442,0.0123709284,0.7088019858,-3.8479257,8.821878062,-8.807171528,3.673680161,0.05,-0.05,0.05,-0.05
5.902,0.00164821725,0.09443589217,0.0004265637208,-0.05828241974,0.1241783783,-0.06665632014,0.0244403009,-3.339336671,7.114896983,-3.819125822,-0.0003337978656,-0.01912520891,-2.020689618,4.17023665,-0.670143345,-2.405230666,-0.00736371224,0.05,-0.05,0.05
5.914,-0.01080147704,-0.6188790468,0.003276628145,0.03044737241,-0.04557597659,0.03328072107,0.1877369637,1.744505936,-2.611311106,1.906844856,0.02142874503,1.22777665,7.891460796,-11.50651854,12.68548522,-7.639480992,-0.05,-0.05,0.05,-0.05
5.926,-0.00865246817,-0.4957499085,-5.006889602e-05,0.0295399917,-0.0298023771,0.01482802198,-0.002868736427,1.692516851,-1.707550427,0.849583078,0.01451556768,0.8316807653,-2.148703956,-0.9085213345,7.218603755,-6.194183677,0.003250219668,-0.05,0.05,-0.05
5.938,-0.005579713496,-0.3196940342,0.003864050101,0.008283273986,-0.01692567116,0.01951745374,0.2213937626,0.47459664,-0.9697695226,1.118267726,0.01473910667,0.8444886059,4.50755018,-5.870329365,-0.7179040464,4.173007647,-0.05,-0.05,0.05,-0.05
5.95,0.003577420433,0.2049710923,-0.0164931341,0.02475537372,-0.0135103034,0.005497866937,-0.944986975,1.418378434,-0.7740833645,0.3150045718,0.0002498031544,0.01431266646,-1.498959589,1.55406678,4.472328811,-6.529267918,0.05,-0.05,0.05,-0.05
5.962,-0.005236891812,-0.3000517986,0.003467734084,0.03469933289,-0.05317851337,0.0189209698,0.1986865275,1.988125327,-3.046904377,1.084091714,0.003909523414,0.2239991915,3.232435345,0.5457927998,-8.377496095,6.205954146,-0.05,-0.05,0.05,-0.05
5.974,0.002595377181,0.1487041587,0.004588416246,0.003572110233,-0.01484649965,-0.00171274724,0.2628968856,0.2046668403,-0.8506417707,-0.09813318824,-0.008398720415,-0.4812112331,-1.810127566,-2.22378359,2.888669785,-0.1740806785,-0.05,-0.05,0.05,0.03785451996
5.986,0.01464884955,0.8393172539,-0.01619155853,0.009467587876,-0.02618799948,0.01874878849,-0.9277079675,0.5424528275,-1.500461844,1.074226451,-0.01416318165,-0.8114905329,-2.028518054,8.632548881,-14.61343803,8.974414819,0.05,-0.05,0.05,-0.05
5.998,0.008399446123,0.4812528131,-0.001628118816,-0.005021020566,-0.002426587863,-0.00444304873,-0.09328433669,-0.2876832873,-0.1390332432,-0.2545679404,-0.01351877598,-0.7745688076,1.30603573,-3.995029156,9.856559812,-8.160156616,0.03451257822,0.05,0.04352837318,0.05
6.01,0.004831331752,0.2768149188,0.002616220547,-0.003152955968,-0.006383651708,-0.001676494603,0.1498983956,-0.1806510699,-0.3657563007,-0.09605606515,-0.008596881732,-0.4925650402,0.1417101153,-2.997772324,5.719722013,-3.045286412,-0.05,0.05,0.05,0.03992816769
6.022,0.004963014944,0.2843598099,-0.0007246894884,-0.01273277547,0.018836096,-0.009854573052,-0.04152164914,-0.729534296,1.079228803,-0.5646254448,-0.004475942008,-0.2564525864,-3.274816152,7.848876242,-11.96606465,8.331255303,0.0192179849,0.05,-0.05,0.05
6.034,-0.001331328316,-0.07627949366,0.014185018,-0.04540447355,0.06889419164,-0.03457372064,0.8127416636,-2.601484706,3.947346414,-1.980928275,0.003101015447,0.1776750973,-0.9266193379,-2.735272192,9.301022039,-6.758844535,-0.05,0.05,-0.05,0.05
6.046,-0.001213348798,-0.06951976522,-0.003487993303,0.00970387845,-0.01621827448,0.02416887704,-0.1998472952,0.5559912801,-0.9292386788,1.38477465,0.01416648771,0.8116799562,6.684813134,-14.90763879,20.77541292,-11.83631126,0.05,-0.05,0.05,-0.05
6.058,0.0009200204854,0.05271329088,-0.009445123685,0.0135538778,-0.02938533677,0.04508973415,-0.5411657241,0.7765799938,-1.683655777,2.583451466,0.01981315149,1.135209959,-9.68176558,23.82279474,-35.96380852,22.98882435,0.05,-0.05,0.05,-0.05
6.07,-0.003962493705,-0.2270341656,0.007613784565,-0.04403314715,0.08009541806,-0.0256887276,0.4362377217,-2.52291349,4.589129413,-1.471855673,0.01798732788,1.030597972,-1.435501502,-0.7889125422,6.44161271,-5.483819189,-0.05,0.05,-0.05,0.05
6.082,-0.008818747645,-0.5052770207,0.008524529691,-0.02204055761,0.05142802815,-0.01479604292,0.4884195737,-1.262830929,2.946608961,-0.8477508131,0.0231159573,1.324446793,8.273275299,-19.13051198,29.07594608,-18.60828405,-0.05,0.05,-0.05,0.05
6.094,-0.004807233111,-0.2754341684,-0.01913501112,0.06079924473,-0.06819318401,0.0515192033,-1.096355378,3.483540121,-3.907181635,2.951832913,0.02499025291,1.431836021,0.6438231727,0.09071493806,0.6155758632,-1.384787076,0.05,-0.05,0.05,-0.05
6.106,-0.006272843134,-0.3594074371,-0.003101527266,0.01604598047,5.121611432e-06,0.006401899475,-0.1777044224,0.9193669588,0.0002934467194,0.3668018208,0.01935147429,1.108757804,-6.747781058,17.37827022,-27.55286136,17.44265024,0.05,-0.05,0.02744018591,-0.05
6.118,-0.004458580368,-0.2554578377,0.0003929627106,0.01333302836,-0.01604091184,0.02073321583,0.02251510482,0.7639262529,-0.9190765479,1.187925763,0.01841829506,1.055290573,-4.809909313,12.65613265,-21.35855719,13.86928197,-0.003835270319,-0.05,0.05,-0.05
6.13,0.0044318879,0.2539284719,-0.01163321093,0.006256479977,0.008257275322,0.00326568927,-0.6665338885,0.3584698973,0.4731070262,0.1871102124,0.006146233639,0.3521532474,-6.113106924,14.42606557,-21.87002452,13.60183704,0.05,-0.05,-0.05,-0.05
6.142,-0.002334768169,-0.1337723622,0.02113928191,-0.05131337972,0.06880936063,-0.0321837971,1.211191635,-2.940040091,3.942485955,-1.843995743,0.006451465707,0.3696417567,-0.4286304459,1.138562465,-3.164955321,2.153643552,-0.05,0.05,-0.05,0.05
6.154,-0.0005459029257,-0.03127793367,0.01625215335,-0.02115526653,0.002702231849,0.01000450012,0.9311797952,-1.212107487,0.1548264802,0.5732156333,0.007803618799,0.4471144221,5.772071296,-17.18761708,27.52381967,-17.71127954,-0.05,0.05,-0.05,-0.05
6.166,0.009051441608,0.5186094026,-0.01849334029,0.04077813896,-0.04428994371,0.01334636757,-1.059590348,2.336415259,-2.537626849,0.7646905336,-0.008658777468,-0.4961114046,1.486120672,-2.279716337,5.38080069,-5.245659855,0.05,-0.05,0.05,-0.05
6.178,0.004630627123,0.2653153906,-0.003335142932,0.03521295236,-0.0625994064,0.0256350885,-0.1910896141,2.017553554,-3.586681787,1.468782378,-0.005086508473,-0.2914354679,-3.084062606,10.53364944,-20.47016833,14.32765932,0.05,-0.05,0.05,-0.05
6.19,0.007643289133,0.4379282089,0.0007385862558,0.01077734054,-0.03981853409,0.02164969194,0.04231787527,0.6174961275,-2.28143395,1.240435976,-0.00665291535,-0.381183971,-6.517837931,15.23464719,-23.80873001,15.51990277,-0.009731059698,-0.05,0.05,-0.05
6.202,0.0120177719,0.6885676092,-0.00993550544,0.01606427658,-0.03931230267,0.0240292321,-0.569262529,0.920415249,-2.252429026,1.376773584,-0.009154299431,-0.5245027218,-6.53078894,16.31811739,-24.88710086,15.84015103,0.05,-0.05,0.05,-0.05
6.214,0.01064007847,0.6096315901,-0.008747797604,0.01462630904,-0.03860699083,0.02699138406,-0.5012118828,0.8380257778,-2.212017634,1.54649239,-0.00573709533,-0.3287113491,-5.930780742,15.9123138,-24.82034176,15.86755467,0.05,-0.05,0.05,-0.05
6.226,0.008001396354,0.4584462413,-0.004981396581,0.01044663084,-0.03243194136,0.02482776341,-0.2854130001,0.5985478574,-1.858213362,1.422526058,-0.002138943695,-0.1225524463,-5.867462349,14.85186002,-21.07103105,12.48252951,0.05,-0.05,0.05,-0.05
6.238,0.005882506991,0.3370428235,-0.004452121154,0.005081986817,-0.0006237198708,-0.005305465133,-0.255087752,0.2911763962,-0.0357365162,-0.3039807605,-0.005299319341,-0.3036286325,-6.238058253,15.97551616,-22.53549591,13.18061821,0.05,-0.05,0.03625733307,0.05
6.25,0.002594523525,0.1486552478,0.002118536464,-0.01233987255,0.03533259764,-0.02905943938,0.1213831981,-0.707022617,2.024408724,-1.664983231,-0.003948177821,-0.2262139259,-4.371850349,8.599780873,-9.175345021,4.585125645,-0.04223595185,0.05,-0.05,0.05
6.262,-0.002936420363,-0.1682444937,0.009933693761,-0.01969929437,0.04862134106,-0.03635601626,0.5691587275,-1.128686427,2.785797637,-2.083046291,0.002499724202,0.1432236467,1.580414017,-1.400364358,-1.411794664,2.457766394,-0.05,0.05,-0.05,0.05
6.274,-0.005673666425,-0.3250771405,0.02101835286,-0.02795525691,0.01737542922,0.005243642097,1.204262911,-1.601718236,0.9955387616,0.3004385614,0.01568216726,0.8985219977,6.398928205,-20.21072163,30.69539692,-17.89993139,-0.05,0.05,-0.05,-0.05
6.286,0.006789006208,0.3889814028,-0.02258093769,0.04349906777,-0.05887461898,0.04547369718,-1.293792427,2.492312996,-3.373267188,2.605450927,0.007517208278,0.4307043081,-1.281859199,5.062881951,-7.480984527,4.116904032,0.05,-0.05,0.05,-0.05
6.298,-1.537747024e-05,-0.0008810641444,0.001465258863,0.0003227825943,0.001637842193,0.003330705856,0.08395314876,0.01849408035,0.09384144518,0.1908353883,0.006756589507,0.3871240626,-5.415903249,15.39784139,-24.50824461,15.1188388,-0.02681979174,-0.02249905847,-0.01152428364,-0.05
6.31,-0.001657194706,-0.0949502625,0.01154554658,-0.02865071638,0.06061942155,-0.04535249927,0.6615110913,-1.641565129,3.473237011,-2.598506799,-0.001838247519,-0.1053238245,-2.124609937,3.332729363,-3.010257286,0.8601698847,-0.05,0.05,-0.05,0.05
6.322,-0.004523906327,-0.2592007394,0.01472255062,-0.01265080254,0.02846013864,-0.03081115862,0.8435400144,-0.724837593,1.630645828,-1.765349351,-0.0002792718961,-0.01600110099,9.042467465,-21.79487491,32.84933335,-20.97093983,-0.05,0.05,-0.05,0.05
6.334,0.0004124550638,0.02363193439,-0.008042376689,0.05535183216,-0.07991050768,0.0321991615,-0.4607942415,3.171426371,-4.578534829,1.844876058,-0.0004018907059,-0.02302664127,1.16749309,-0.2444756028,-0.6920688252,0.02580925306,0.05,-0.05,0.05,-0.05
6.346,0.001895403494,0.1085986207,-0.004293798314,0.03552014941,-0.0463196698,0.008321548643,-0.2460165215,2.035154649,-2.653921588,0.4767896162,-0.006771770068,-0.3879938447,-5.30852974,14.10846426,-24.42127408,16.45693049,0.05,-0.05,0.05,-0.05
6.358,0.007000953037,0.4011250616,-0.008945071277,0.02804254723,-0.04396608709,0.01504587441,-0.5125148316,1.606719603,-2.519071232,0.8620651028,-0.00982273672,-0.5628013573,-7.045707426,15.81046273,-24.09795693,15.52655969,0.05,-0.05,0.05,-0.05
6.37,0.008153082964,0.4671372439,-0.008590041249,0.02063061195,-0.03908040825,0.01743171579,-0.4921731094,1.182046993,-2.239142455,0.9987637443,-0.009608121769,-0.5505048264,-5.834579248,15.37071228,-24.53428374,15.85253558,0.05,-0.05,0.05,-0.05
6.382,0.006026784406,0.3453093105,-0.001462499403,0.009532435823,-0.03469245895,0.02070660261,-0.08379504335,0.5461683411,-1.987731479,1.186400938,-0.00591591992,-0.3389572433,-5.498987598,15.1346417,-24.48217388,15.86300202,0.03767397447,-0.05,0.05,-0.05
6.394,0.008907309498,0.510351241,-0.01237571903,0.02123566472,-0.04183761123,0.02579528259,-0.7090764689,1.216713963,-2.397118548,1.477960824,-0.007182382953,-0.4115202301,-7.069987239,17.3774574,-25.70882777,16.0625498,0.05,-0.05,0.05,-0.05
6.406,0.004659961003,0.2669960982,-0.006318831116,0.01571653004,-0.03233553754,0.01986427797,-0.3620423544,0.9004908401,-1.852689829,1.138139291,-0.003073560636,-0.1761020525,-4.475113144,12.0129302,-16.97387136,9.872173538,0.05,-0.05,0.05,-0.05
6.418,0.002031932078,0.1164211323,-0.006909559529,0.01683968717,-0.01676791634,0.004045796855,-0.3958885993,0.9648430031,-0.9607308375,0.2318070846,-0.002791991845,-0.1599693491,-0.5216636221,1.992469892,-2.006420021,0.8833035977,0.05,-0.05,0.05,-0.05
6.43,-0.002021925894,-0.1158478202,0.004555225784,-0.007850876216,0.01868638924,-0.01539221646,0.2609952122,-0.4498220727,1.070651238,-0.8819090403,-1.477646517e-06,-8.466290903e-05,-0.9144387329,0.5459435065,-0.09743077563,0.2434281024,-0.05,0.05,-0.05,0.05
6.442,-0.0007506879184,-0.04301124945,-0.00469778291,0.01525693196,-0.01794638394,0.01036360746,-0.2691631338,0.8741578093,-1.028252057,0.5937909678,0.002976372564,0.1705335861,1.135269049,-0.8648245392,0.05654757884,0.3466544486,0.05,-0.05,0.05,-0.05
6.454,-0.002532355809,-0.1450933001,0.004458363772,-0.01197721343,0.02052545585,-0.009484600767,0.2554454276,-0.6862437799,1.176021993,-0.5434275943,0.003522005421,0.201796046,-0.7225966966,-0.05555267953,0.605002537,-0.08832137878,-0.05,0.05,-0.05,0.05
6.466,0.0006576518024,0.03768067267,-0.005858581102,0.002697278852,-0.0009239092894,0.007970561317,-0.3356719711,0.1545426944,-0.05293610294,0.4566795238,0.003885349777,0.2226141442,0.2460510618,-0.4250899919,0.1999896469,0.2229502599,0.05,-0.05,0.02012601472,-0.05
6.478,-0.002432714716,-0.139384286,0.0003085232494,-0.004836972744,0.01239604946,-0.003280105415,0.01767708007,-0.2771381239,0.7102413167,-0.1879361966,0.00458749455,0.2628440763,-0.570183829,1.036433414,-0.5753180281,-0.1894382037,-0.006217327658,0.05,-0.05,0.05
6.49,-0.001977695484,-0.1133136044,-0.004327070279,0.01334756251,-0.01653256177,0.0117913163,-0.2479228647,0.7647589987,-0.9472460139,0.6755926589,0.004279246763,0.245182779,0.2154189454,-0.5173561992,0.8583517251,-0.7579707637,0.05,-0.05,0.05,-0.05
6.502,-0.001008686441,-0.0577934759,0.001475842137,-0.01514594399,0.03289860642,-0.02140186537,0.0845595257,-0.8677986672,1.8849513,-1.22623656,-0.002173360804,-0.1245244015,-0.5256350398,-0.4508923713,1.417973046,-1.069558338,-0.03194289198,0.05,-0.05,0.05
6.514,-0.004038024361,-0.2313617534,0.01917422387,-0.03916003487,0.03367579241,-0.01149584289,1.098602103,-2.243704723,1.929480777,-0.6586632793,0.002194138535,0.1257148777,0.5727003598,-5.90158483,12.73291435,-9.394533524,-0.05,0.05,-0.05,0.05
6.526,0.0003308419698,0.01895584855,0.005485089431,-0.02228637968,0.03599532773,-0.02796715299,0.3142724747,-1.276915496,2.062380361,-1.602399831,-0.008773115513,-0.5026624921,0.3858470147,-0.5123869138,1.406982368,-1.540861367,-0.05,0.05,-0.05,0.05
6.538,-0.008083027345,-0.4631233525,0.0245260645,-0.03091431126,0.0321069368,-0.02871985686,1.405239984,-1.771259562,1.839591972,-1.645526586,-0.003001166818,-0.1719541923,7.32462469,-20.78732144,33.64994347,-21.81016837,-0.05,0.05,-0.05,0.05
6.55,0.001436473282,0.08230385643,-0.01098081004,0.041051456,-0.0588792605,0.01950493494,-0.6291540709,2.352075171,-3.373533127,1.117550452,-0.009303679598,-0.5330615749,0.1235992209,-0.11972594,1.106531654,-1.413332149,0.05,-0.05,0.05,-0.05
6.562,0.0017361715,0.09947529946,-0.005126049387,0.02796746105,-0.05739769688,0.02672704779,-0.2937009955,1.602417482,-3.288645785,1.531347037,-0.007829237434,-0.4485822618,-3.060823549,6.26122957,-10.10575778,6.97037873,0.05,-0.05,0.05,-0.05
6.574,0.006235732227,0.3572811388,-0.009160923528,0.01193711732,-0.03258064538,0.0185124823,-0.5248822546,0.6839464418,-1.866733474,1.060687104,-0.0112919693,-0.646982183,-0.7681226073,0.006177475639,0.3440503715,0.3511859619,0.05,-0.05,0.05,-0.05
6.586,0.002089429156,0.1197154722,0.004358585604,-0.02620311476,0.03339393261,-0.02295410532,0.2497285597,-1.501327886,1.9133314,-1.315173357,-0.01140470187,-0.6534412837,0.8824102305,-7.761351938,19.48331562,-14.65094378,-0.05,0.05,-0.05,0.05
6.598,-0.006228252729,-0.3568525951,0.01201349934,-0.01487318603,0.02164764792,-0.02285760566,0.6883228095,-0.8521707875,1.240318862,-1.309644334,-0.004069644432,-0.2331734501,7.957305887,-15.1863648,18.70639271,-10.19423513,-0.05,0.05,-0.05,0.05
6.61,-0.0009203123169,-0.05273001159,-0.005357100947,0.002005801523,0.008372882495,-0.009581493045,-0.3069392747,0.1149239618,0.4797308293,-0.5489791129,-0.004559909974,-0.2612635964,-2.937381511,2.114390031,0.8477818993,-0.8492893662,0.05,-0.04624202354,-0.05,0.05
6.622,-0.003375064428,-0.1933769473,0.003956724289,-0.01648051072,0.01799344644,-0.003125448235,0.2267036024,-0.9442637083,1.03094854,-0.179074993,0.002344211781,0.1343134413,2.051485099,-7.974952152,15.03815255,-10.12491052,-0.05,0.05,-0.05,0.05
6.634,-0.003228116959,-0.1849574775,-0.002853230362,0.007249231486,-0.0171826257,0.01701378358,-0.1634780577,0.4153503689,-0.9844919333,0.9748179929,0.004227159012,0.2421983707,-1.443492697,7.690744729,-14.80600934,9.778799579,0.05,-0.05,0.05,-0.05
6.646,-0.001730207077,-0.0991335632,-0.003316315691,-0.00189782372,0.005031244241,-0.0004693970377,-0.1900108926,-0.1087372894,0.2882690607,-0.02689446918,-0.0006522922067,-0.03737359045,2.982240306,-9.064423099,15.14020259,-9.92459102,0.05,0.05,-0.05,0.02025132585
6.658,-0.0005600219965,-0.03208689684,-0.009780202633,0.01926894476,-0.01988838917,0.00598766824,-0.5603643336,1.10402921,-1.139520761,0.3430681193,-0.0044119788,-0.2527877645,-4.659390319,12.51674772,-17.9949893,10.14499805,0.05,-0.05,0.05,-0.05
6.67,-0.00185930758,-0.1065304771,-0.002729434739,0.02675009709,-0.0599507692,0.03460885554,-0.156385091,1.532667665,-3.434926054,1.982941356,-0.001321251314,-0.07570212396,0.3300157526,2.480750647,-8.147632481,6.121420623,0.05,-0.05,0.05,-0.05
6.682,0.005237209668,0.3000700104,-0.007264185461,0.0122208768,-0.03893974191,0.02259351887,-0.4162071685,0.7002046623,-2.231082867,1.294513276,-0.01138953171,-0.6525720974,-1.77878796,3.010595277,-4.34413036,2.565969963,0.05,-0.05,0.05,-0.05
6.694,0.006530751007,0.3741844698,-0.01566148343,0.0337912772,-0.05380916801,0.01831064777,-0.8973369013,1.936097568,-3.083038226,1.049122837,-0.01736872648,-0.9951547227,-0.2781421524,5.00199073,-8.515531467,4.481369054,0.05,-0.05,0.05,-0.05
6.706,-9.537261655e-05,-0.005464448409,-0.003311332975,0.03577966372,-0.05985925857,0.01181715942,-0.189725404,2.050023724,-3.429682881,0.6770733606,-0.0155737684,-0.8923112006,-1.062627203,5.621904602,-8.695922514,4.538869642,0.05,-0.05,0.05,-0.05
6.718,0.005569831321,0.3191278273,-0.009904564554,0.0174122793,-0.01364359536,-0.01901053466,-0.5674897469,0.9976501155,-0.7817204313,-1.089223402,-0.02514641527,-1.440783465,-7.848459135,17.06560993,-25.01355916,15.86653799,0.05,-0.05,0.05,0.05
6.73,0.0008841899859,0.05066035448,0.02127723643,-0.0468974304,0.01835862852,-0.002127495879,1.219095847,-2.687024832,1.051871932,-0.1218965348,-0.00938906133,-0.5379535878,-0.6563991181,2.04770739,-9.95507084,10.22765799,-0.05,0.05,-0.05,0.03657725134
6.742,0.008445065975,0.4838666381,0.006068124078,-0.06041007547,0.05872837967,-0.01764865348,0.3476778992,-3.461242365,3.364888293,-1.011193358,-0.0132622252,-0.7598695309,3.443278495,-16.6118874,33.16532541,-22.30757639,-0.05,0.05,-0.05,0.05
6.754,0.01035060993,0.5930462647,-0.03446873032,0.05325271347,-0.0837091325,0.05945102722,-1.974912772,3.051155729,-4.796179999,3.406292947,-0.005474122129,-0.3136440945,-0.4068728598,8.109172612,-13.20686949,7.375109423,0.05,-0.05,0.05,-0.05
6.766,-0.004125096924,-0.2363506438,-0.000615230388,0.003258782603,0.00269584782,-0.006891712416,-0.03525010466,0.1867144895,0.1544607023,-0.3948660351,-0.001552312382,-0.08894094797,-4.943671033,13.50255386,-18.91375725,10.71187373,0.01847873957,-0.05,-0.04039489478,0.05
6.778,-0.00733089955,-0.4200296043,0.01632884512,-0.04093184069,0.07146466673,-0.05106482432,0.9355739096,-2.345221719,4.094623788,-2.925798915,-0.004203153161,-0.2408229368,-0.8425158873,-4.440908202,12.37768646,-9.240594705,-0.05,0.05,-0.05,0.05
6.79,-0.001994642819,-0.1142846152,-0.002288897256,-0.001758691872,0.01480383226,-0.0160122,-0.1311441525,-0.1007656217,0.8481971093,-0.9174314807,-0.005255956865,-0.3011441457,6.822559867,-16.4324072,23.24930174,-13.8569626,0.04353317976,0.05,-0.05,0.05
6.802,-0.003350182136,-0.191951297,0.01119604156,-0.01919227321,0.004434329231,0.003675331035,0.6414859284,-1.099636254,0.2540683499,0.2105809566,0.0001134286162,0.006498980985,3.635187053,-13.65216496,21.86003739,-13.30918637,-0.05,0.05,-0.05,-0.05
6.814,0.004310540803,0.2469757954,-0.008196204821,-0.006773029644,0.02359901031,-0.02271232669,-0.4696079443,-0.3880660131,1.352123692,-1.301320462,-0.01408255084,-0.806870728,2.637103127,-3.814789161,3.74710573,-2.156018527,0.05,0.05,-0.05,0.05
6.826,-0.0005804267113,-0.03325600087,0.00758949687,-0.01632240913,0.01353300435,-0.01420833334,0.4348461393,-0.9352051546,0.7753840335,-0.8140775343,-0.009408241247,-0.5390525161,-3.864972389,4.989989769,-1.788991838,-1.072663421,-0.05,0.05,-0.05,0.05
6.838,0.0002267738499,0.01299318451,0.001853524535,0.00716476849,-0.02277078567,0.003749637201,0.1061991331,0.4105109957,-1.304669915,0.2148383863,-0.01000285544,-0.5731213999,0.2996601775,6.549784168,-17.80638492,13.21413634,-0.04107719995,-0.05,0.05,-0.05
6.85,0.007929272051,0.4543138232,-0.01418779069,0.0243972367,-0.05361833733,0.0313296237,-0.8129005273,1.397858695,-3.072104433,1.795055212,-0.01207926762,-0.692091054,-2.103954994,3.936319697,-5.904807135,4.195565311,0.05,-0.05,0.05,-0.05
6.862,0.007582448062,0.4344422723,-0.009822308786,0.007061688646,-0.03125445725,0.0238566234,-0.5627768385,0.4046049557,-1.790748491,1.366883834,-0.01015845398,-0.5820365396,-0.435882674,2.765138858,-5.652641711,4.191753963,0.05,-0.05,0.05,-0.05
6.874,0.003867855588,0.221611801,-0.01147125205,0.02837606067,-0.05893392593,0.0374431178,-0.6572543281,1.625828516,-3.376665226,2.145332621,-0.004585999511,-0.2627584168,-0.1694451502,5.20630891,-9.513898999,5.881686827,0.05,-0.05,0.05,-0.05
6.886,-0.0001479759405,-0.008478396863,-0.005294664271,0.0196300195,-0.03204771317,0.01320189495,-0.3033619166,1.124717269,-1.836198708,0.7564128623,-0.004510462991,-0.2584304931,-2.547055512,4.90405387,-4.495902055,1.721890593,0.05,-0.05,0.05,-0.05
6.898,0.0006483055346,0.03714517097,-0.009824278754,0.03667567347,-0.07251777049,0.04726439308,-0.5628897093,2.101361301,-4.154962189,2.708050245,0.001598017307,0.09155964727,0.0975080383,3.898135872,-10.57774923,8.299330239,0.05,-0.05,0.05,-0.05
6.91,0.001137918033,0.0651979007,-0.006036636266,0.004900842962,-0.006873610881,0.005326944575,-0.3458737805,0.2807976178,-0.3938288935,0.3052114418,-0.00268245961,-0.1536936144,-8.093127916,17.14858257,-22.50378574,13.22371372,0.05,-0.05,0.05,-0.05
6.922,-0.004453262358,-0.2551531382,0.00903782923,-0.01803137391,0.01806705126,-0.005571817106,0.5178294708,-1.033121624,1.035165785,-0.3192416044,0.003501689469,0.2006320277,1.09372218,-5.652463536,11.38198533,-7.728623355,-0.05,0.05,-0.05,0.05
6.934,-0.005051117524,-0.289407716,0.001727911618,0.002159037038,0.004037848112,-0.004438343382,0.0990020431,0.1237037101,0.2313516551,-0.2542983438,0.003486453386,0.1997590645,0.2454390003,3.281183576,-7.997755862,5.713905962,-0.0382594946,-0.05,-0.05,0.05
6.946,0.002286321996,0.130996601,-0.01142327527,-0.0007316849622,0.01926521627,-0.009269904328,-0.6545054614,-0.04192246026,1.103815584,-0.5311263945,-0.00215964829,-0.1237387322,-6.36747107,10.89501386,-12.22341169,6.802704771,0.05,0.005202055308,-0.05,0.05
6.958,-0.004345472859,-0.2489772548,0.007332533905,-0.02276341312,0.0304738259,-0.008493647997,0.4201232459,-1.304247499,1.746021609,-0.4866501829,0.00654929868,0.3752471731,0.1515211385,2.485882775,-6.979402973,5.381021078,-0.05,0.05,-0.05,0.05
6.97,0.0007192025184,0.04120726892,-0.01024676627,0.006949977853,-0.002768189263,0.01004305247,-0.5870964607,0.3982043987,-0.1586055617,0.57542452,0.003978074793,0.2279268962,-4.89499106,10.92672126,-14.09283541,7.881441543,0.05,-0.05,0.05,-0.05
6.982,-0.006827885591,-0.3912090274,0.004902430141,0.00111149079,0.001372423952,0.000739754333,0.2808885564,0.06368373121,0.07863410018,0.04238480116,0.008126099216,0.465591189,-1.227521487,0.9120297986,2.625585533,-3.446299519,-0.05,-0.02536482717,-0.03281891249,-0.01282829581
6.994,-0.00361028867,-0.2068543036,0.000373691342,0.01021988638,-0.02297202351,0.01946413272,0.02141093674,0.5855563565,-1.316199994,1.115212657,0.007085686921,0.4059799555,1.099714132,-2.290708654,0.536978609,0.9245884,-0.009320923657,-0.05,0.05,-0.05
7.006,-0.001757230383,-0.1006818846,0.0003426536338,0.00331794739,-0.008162690656,0.006147430421,0.01963260705,0.1901043821,-0.4676877241,0.352221818,0.001645340788,0.09427108301,2.403999225,1.092288382,-5.638217765,3.447532485,-0.009942379169,-0.05,0.05,-0.05
7.018,-0.000112188846,-0.006427947386,-0.003265686402,0.009154799612,-0.006011198494,-0.004646899753,-0.187110048,0.5245313801,-0.3444163035,-0.2662477436,-0.004768985036,-0.2732427151,-2.037480423,5.379531584,-9.077251354,5.831748634,0.05,-0.05,0.05,0.05
7.03,0.001610181894,0.09225662677,0.006708167117,-0.01610551975,-0.008306730422,0.01810658632,0.3843496641,-0.9227783085,-0.4759405948,1.037430978,0.000402503269,0.02306173856,4.205697392,-10.80120447,13.63820203,-6.968758689,-0.05,0.05,0.05,-0.05
7.042,0.006044983849,0.3463520618,-0.01145782605,0.01348311694,-0.03462849391,0.02985838388,-0.6564850753,0.7725256954,-1.984066552,1.710759379,-0.002744819141,-0.1572665523,2.845537258,-5.244609601,7.691316117,-4.995614259,0.05,-0.05,0.05,-0.05
7.054,0.001797379558,0.1029822628,-0.004228383937,0.007929194717,-0.02165263144,0.01689072456,-0.2422685538,0.4543093922,-1.240604397,0.9677672301,-0.001061096098,-0.06079632805,3.117365127,-6.368844001,9.942018914,-6.638229409,0.05,-0.05,0.05,-0.05
7.066,0.0001556772987,0.008919652184,-0.0006463913405,-0.001578798756,0.002623546189,-0.003227186132,-0.03703549572,-0.09045850542,0.150318124,-0.1849041451,-0.002828830039,-0.1620800222,2.871114258,-6.757639976,10.89624182,-7.203635592,0.01134949523,0.04149121261,-0.05,0.05
7.078,-0.000152716033,-0.008749984154,0.001214109017,-0.002209285756,-0.006296587581,0.007133158376,0.06956332255,-0.1265827496,-0.3607678937,0.4086998695,-0.0001586059439,-0.009087451191,-1.250714691,2.978578254,-6.571753552,5.287096089,-0.02545968369,0.04562570838,0.05,-0.05
7.09,-0.003443449369,-0.1972951158,0.008464892101,-0.008501290789,-0.001383116918,0.004450698569,0.4850025914,-0.4870880826,-0.07924676198,0.2550062439,0.003031182962,0.1736739907,4.92962704,-8.089742928,7.922257841,-3.608433259,-0.05,0.05,0.02250631436,-0.05
7.102,-0.00409692494,-0.234736508,0.009044861842,-0.01748311136,0.032047842,-0.02500923905,0.5182324098,-1.001708494,1.836206089,-1.432923846,-0.001399646571,-0.08019384133,6.533245511,-16.92531209,27.40679651,-17.87406482,-0.05,0.05,-0.05,0.05
7.114,-0.003055848114,-0.1750871997,0.003259359997,-0.0002487383679,0.001721452885,-0.003665021113,0.1867475717,-0.01425165869,0.09863198492,-0.2099902416,0.0010670534,0.06113765635,5.233277032,-12.7088328,17.36940475,-9.789607534,-0.05,0.01818107689,-0.05,0.05
7.126,0.004496241438,0.2576156581,-0.008649476277,0.001845889102,-0.01075390456,0.01762335815,-0.4955784857,0.105761655,-0.6161533445,1.009744043,6.586641323e-05,0.00377386749,-4.044009933,8.955056866,-14.94308323,10.50954271,0.05,-0.04956461711,0.05,-0.05
7.138,-0.003038905365,-0.1741164518,0.0005926527682,0.01381588866,-0.02544467714,0.01504193664,0.03395650233,0.7915921103,-1.457872611,0.8618394852,0.004005800928,0.2295154867,3.442435605,-0.8923026216,1.035906049,-2.748594199,-0.0164807965,-0.05,0.05,-0.05
7.15,-0.004639083823,-0.2657999239,0.003788103223,0.004754191951,0.01225003936,-0.02414564391,0.217042327,0.2723951338,0.7018755542,-1.38344349,-0.00335330938,-0.1921304749,1.185574366,-7.915598107,13.88775802,-8.36297612,-0.05,-0.05,-0.05,0.05
7.162,0.005092779107,0.2917947488,-0.005609030474,-0.00069797568,-0.0200847261,0.02760727186,-0.3213737733,-0.03999106067,-1.150770038,1.581780162,0.001215539605,0.0696452892,-4.506383098,7.00747695,-11.21167165,8.480334839,0.05,0.008347988009,0.05,-0.05
7.174,0.002357162255,0.1350554489,-0.00572160512,0.004124715435,0.001356301055,-0.003862595664,-0.3278238254,0.2363287861,0.07771032618,-0.2213104295,-0.004103184294,-0.2350951426,2.331524479,-2.116010376,6.057170339,-6.690966944,0.05,-0.05,-0.03589579354,0.05
7.186,0.0007539378548,0.04319745709,-0.003646761245,0.01579617854,-0.01160585452,-0.008670636934,-0.2089440283,0.9050543625,-0.6649664814,-0.496790902,-0.008127074159,-0.4656470491,-2.889362849,6.345043485,-9.543308993,5.690814414,0.05,-0.05,0.05,0.05
7.198,0.006456939084,0.3699553581,-0.007666228992,0.003218188497,-0.01129687507,0.00898015686,-0.439242566,0.1843886185,-0.6472632631,0.5145250874,-0.006764758703,-0.3875921231,-6.359435519,9.613135128,-10.43468137,6.266404876,0.05,-0.05,0.05,-0.05
7.21,0.001562006155,0.08949636023,0.00541352226,-0.02330733708,0.02856980851,-0.01340296519,0.3101719778,-1.335412046,1.636929449,-0.7679333384,-0.002726971496,-0.1562439575,0.5053450866,-0.2653545988,0.4097346923,-0.3036084301,-0.05,0.05,-0.05,0.05
7.222,-0.001414338627,-0.08103563411,0.002388816285,-0.002078232811,0.005102544275,-0.004249072219,0.1368690912,-0.1190739689,0.2923542517,-0.243453905,0.00116405553,0.06669546901,-0.07732324156,-1.918983652,4.974717684,-3.468452699,-0.05,0.0476401055,-0.05,0.05
7.234,0.001491775506,0.08547244045,-0.01316808366,0.02906320602,-0.03138382073,0.01778099794,-0.7544756181,1.665199044,-1.798160473,1.018776137,0.002292299567,0.1313390905,-5.702680306,16.40398268,-26.55737565,17.12916266,0.05,-0.05,0.05,-0.05
7.246,-0.001249130265,-0.07156989222,-0.003125537932,0.009364300298,-0.008482978755,0.007501650858,-0.1790801322,0.5365348852,-0.4860388803,0.4298129335,0.00525743447,0.3012288062,-2.628492253,4.163699644,-4.419841489,2.387140789,0.05,-0.05,0.05,-0.05
7.258,-0.0008374029245,-0.04797965333,0.002446905247,-0.007025782003,0.007835010785,0.001690372838,0.1401973435,-0.4025476566,0.4489130504,0.09685122942,0.004946506867,0.2834139668,-2.866910102,3.974835026,-3.278496812,1.21775599,-0.05,0.05,-0.05,-0.03840595843
7.27,-0.003999807757,-0.2291721033,0.002833656394,0.01498833649,-0.02183861048,0.009912485468,0.162356552,0.8587684226,-1.251260211,0.5679435818,0.005895867873,0.3378083457,1.524349215,6.419183594,-18.60816418,13.55468633,-0.05,-0.05,0.05,-0.05
7.282,0.002559744249,0.1466625421,-0.01220716013,0.03006616542,-0.03130099234,0.01210979541,-0.6994187554,1.722664385,-1.793414755,0.6938401679,-0.001332191638,-0.07632895838,-3.526936506,11.65303162,-20.65054013,13.70763253,0.05,-0.05,0.05,-0.05
7.294,0.0008315508148,0.04764435214,0.005329143855,-0.0146534654,0.02065601193,-0.01282535847,0.3053374513,-0.8395817226,1.183502305,-0.7348389111,-0.001493668082,-0.08558087709,-5.077554294,12.095722,-19.40261269,12.74262962,-0.05,0.05,-0.05,0.05
7.306,-0.001449176031,-0.08303167037,0.01896415729,-0.0481635486,0.06399241367,-0.03600402931,1.086566175,-2.759568061,3.666495224,-2.062878925,-0.001211006953,-0.06938558737,5.010846404,-19.61098638,35.87691403,-23.99045249,-0.05,0.05,-0.05,0.05
7.318,0.01040812853,0.5963418373,-0.03157975981,0.06160157051,-0.07905027538,0.04454920709,-1.809386955,3.529510001,-4.529247149,2.552481547,-0.004479257597,-0.2566425557,-1.264775244,9.65103631,-18.75057525,12.3309459,0.05,-0.05,0.05,-0.05
7.33,-0.003161882871,-0.1811625438,0.02768755379,-0.07601681914,0.1224066373,-0.08081109917,1.586379977,-4.355442909,7.013383703,-4.630134921,-0.006733727215,-0.3858141498,-0.3692519716,-2.217458167,5.382769585,-3.768070504,-0.05,0.05,-0.05,0.05
7.342,0.006491223592,0.3719197157,-0.01956908515,0.03881647571,-0.04017891079,0.01626985523,-1.121225988,2.224020234,-2.302082014,0.9321940381,-0.004661665005,-0.2670937303,3.19256709,-7.082591623,11.33660975,-7.467542822,0.05,-0.05,0.05,-0.05
7.354,0.002651473858,0.1519182616,-0.002105006288,0.01806246793,-0.04785320924,0.03634039819,-0.1206079761,1.03490318,-2.741786926,2.082151442,0.004444650581,0.2546597197,-3.719479464,8.651378778,-14.34537545,9.834234687,0.05,-0.05,0.05,-0.05
7.366,0.008945572761,0.5125435645,-0.01804614305,0.01611667082,-0.006669639507,0.002565856602,-1.033967833,0.9234172179,-0.3821421946,0.1470127541,-0.006033255134,-0.3456800559,-6.206385164,16.43812158,-23.40792836,13.79535297,0.05,-0.05,0.05,-0.05
7.378,-0.00157543171,-0.09026558787,0.00511311289,0.00563807548,-0.02277679354,0.02058533084,0.2929597888,0.3230379296,-1.305014141,1.179452577,0.008559725674,0.4904361549,2.42258481,-0.9194990552,-3.102438328,3.276826502,-0.05,-0.05,0.05,-0.05
7.39,0.001158112797,0.06635497549,-0.00682312058,0.01301091351,0.002095270281,-0.007410830975,-0.3909360123,0.7454704316,0.120050144,-0.4246093376,0.0008722322343,0.04997522578,2.93063734,-8.329132332,15.94901909,-11.39999133,0.05,-0.05,-0.05,0.05
7.402,-0.0002591126207,-0.01484605958,0.008269985736,-0.02229245052,0.03239391583,-0.01466765996,0.4738352793,-1.27726333,1.856034659,-0.840395011,0.003703791081,0.2122115971,0.3114933594,-9.447333131,20.26162804,-13.63648836,-0.05,0.05,-0.05,0.05
7.414,0.001884718743,0.1079864295,0.008465898073,-0.03438093961,0.04523306108,-0.01595359559,0.4850602294,-1.969882735,2.591663494,-0.9140736951,0.003364423958,0.1927672933,6.918696621,-17.37975732,25.38807075,-15.28936759,-0.05,0.05,-0.05,0.05
7.426,0.002972326421,0.1703017593,-0.001705482891,-0.005896798914,0.007221863671,0.005099667378,-0.09771697168,-0.3378616904,0.4137823086,0.2921894177,0.004719249243,0.2703930641,4.008682385,-10.4656846,18.29680273,-12.48382569,0.03351194122,0.05,-0.05,-0.05
7.438,-0.004711094647,-0.2699258401,0.007639034046,-0.003472462086,0.02721330703,-0.02837585716,0.4376844104,-0.1989574221,1.559207639,-1.625816855,0.003004021827,0.1721177722,3.15240729,-5.129528102,6.575349382,-4.36092676,-0.05,0.05,-0.05,0.05
7.45,-0.0009346135349,-0.05354941103,0.00875280306,-0.01977213861,0.03664752013,-0.02390602964,0.5014986743,-1.132860094,2.099748233,-1.369714603,0.001722154937,0.09867220954,-1.096691202,-2.104023529,2.942888853,-0.3970065338,-0.05,0.05,-0.05,0.05
7.462,0.001074771269,0.06157985765,0.01272881058,-0.03705129784,0.03618094717,-0.005033175487,0.7293071243,-2.122882992,2.073015572,-0.288379713,0.006825284419,0.3910599912,4.135099154,-15.90182488,27.55399906,-17.45148975,-0.05,0.05,-0.05,0.05
7.474,0.007866698513,0.4507286235,-0.01807728624,0.01047447061,0.004880583608,0.003422727912,-1.035752207,0.6001429584,0.2796368423,0.1961078638,0.000700495887,0.04013545789,2.734444256,-8.323719932,17.0276893,-12.30711706,0.05,-0.05,-0.05,-0.05
7.486,-0.006469473113,-0.3706735051,0.008003442361,0.0185844258,-0.03620242639,0.02432371648,0.4585634689,1.064809163,-2.07424624,1.393646296,0.01470915825,0.8427726881,2.882008822,-3.987660197,4.983217391,-3.598913364,-0.05,-0.05,0.05,-0.05
7.498,-0.002160555559,-0.1237907149,0.00314446732,-0.001582335072,0.02253193701,-0.02098270121,0.1801647063,-0.09066112138,1.290984895,-1.202220222,0.003111368053,0.1782682579,2.200280503,-5.240904763,5.123490511,-1.753326784,-0.05,0.04005227634,-0.05,0.05
7.51,0.004111341326,0.2355625061,0.00337751443,-0.02129855951,0.01653444892,0.00691027458,0.1935173221,-1.22031757,0.9473541396,0.3959295687,0.005523678416,0.3164834606,-3.792996161,4.888184503,-6.66358019,4.867566224,-0.05,0.05,-0.05,-0.05
7.522,0.005969614815,0.3420337342,-0.00737387009,0.008579371778,-0.02345263953,0.02653474755,-0.4224916348,0.4915617938,-1.343737264,1.520329045,0.004287609709,0.2456619405,-1.018852231,11.83890947,-24.4742958,16.21367571,0.05,-0.05,0.05,-0.05
7.534,0.00668208874,0.3828554832,-0.01591833742,0.03304310051,-0.03558492135,0.01471909302,-0.9120535511,1.893230201,-2.038865808,0.8433419081,-0.003741065248,-0.2143472496,-9.225199608,20.16018742,-24.19825299,11.89078858,0.05,-0.05,0.05,-0.05
7.546,-0.002889023114,-0.1655288313,0.01405276587,-0.004740207063,0.005397003642,-0.01634025621,0.8051641749,-0.2715938588,0.3092255307,-0.936227717,-0.001630693759,-0.09343187007,1.958895685,2.808239251,-13.5642616,10.99912052,-0.05,0.05,-0.05,0.05
7.558,0.004651445066,0.2665081709,0.01522850683,-0.04387270117,0.05904302093,-0.04245889817,0.8725291695,-2.513720613,3.382915909,-2.432715668,-0.01206007158,-0.6909912024,0.838862845,-15.58770002,33.86261771,-23.46479342,-0.05,0.05,-0.05,0.05
7.57,0.01742166921,0.998188118,-0.03756553898,0.06984508062,-0.09135795214,0.04295303191,-2.152346839,4.001828339,-5.234425082,2.461027446,-0.01612537859,-0.923916136,0.518237533,6.88453366,-17.04899853,12.0728455,0.05,-0.05,0.05,-0.05
7.582,0.003414030649,0.1956095473,0.02388848696,-0.06335850864,0.09128108348,-0.06914206378,1.368709482,-3.630175141,5.230020833,-3.961548441,-0.01733100197,-0.9929932678,-1.005029062,0.4147647153,1.441564554,-1.815695761,-0.05,0.05,-0.05,0.05
7.594,0.008451326376,0.4842253326,-0.02059248781,0.08701158601,-0.147519728,0.07340562797,-1.179862641,4.985396647,-8.452257807,4.205832675,-0.007695001785,-0.4408911256,3.090157118,-2.708840286,2.150415054,-1.782900365,0.05,-0.05,0.05,-0.05
7.606,-0.0009807122955,-0.05619067545,0.02994004063,-0.04982563231,0.0784007726,-0.08007199181,1.715437967,-2.854798443,4.49203338,-4.587787188,-0.02155681089,-1.235114284,-3.750638139,6.459035867,-6.820943764,2.915863094,-0.05,0.05,-0.05,0.05
7.618,0.004697578667,0.2691514316,-0.006524049036,0.06954646656,-0.1184983099,0.04142831385,-0.3738004751,3.984719014,-6.789453038,2.373667536,-0.01404757855,-0.8048669631,5.058656115,-8.876880083,10.66490108,-6.376397386,0.05,-0.05,0.05,-0.05
7.63,0.008030946183,0.4601393218,0.003177472863,0.01190456172,-0.01523823095,-0.02797498677,0.1820557845,0.6820811433,-0.8730863206,-1.602848674,-0.02813118314,-1.611798066,-8.939500254,19.17261608,-27.28817588,16.45977631,-0.05,-0.05,0.05,0.05
7.642,0.009635811866,0.5520913521,0.02182935008,-0.06158688932,0.07782958735,-0.06841835301,1.250729629,-3.528668831,4.459306876,-3.920082869,-0.0303463049,-1.738715194,3.376353673,-10.48519486,12.46172841,-5.212745645,-0.05,0.05,-0.05,0.05
7.654,0.01782198544,1.021124548,-0.01222346005,0.03117905872,-0.0967145038,0.06023685069,-0.700352672,1.786428474,-5.541332885,3.451317316,-0.01752205443,-1.003939768,2.30339055,-4.109768031,4.664315004,-2.162648327,0.05,-0.05,0.05,-0.05
7.666,0.01761558179,1.00929849,-0.006188994247,0.003579573667,-0.05305348306,0.03762573396,-0.3546032498,0.2050944636,-3.039740668,2.155795757,-0.01803716969,-1.033453697,-8.245032181,21.18904531,-32.6590977,20.77996048,0.05,-0.05,0.05,-0.05
7.678,0.01303478365,0.7468380903,0.007956221967,-0.0426339843,0.04514276061,-0.03374762842,0.4558579396,-2.442747364,2.586489659,-1.933596677,-0.02328263014,-1.333996443,-2.470452131,2.76019926,2.188849077,-3.90631498,-0.05,0.05,-0.05,0.05
7.69,0.005539078063,0.3173657954,0.01178733532,-0.02675885423,0.04620745893,-0.05338642404,0.6753645655,-1.533169412,2.647492379,-3.058816781,-0.02215048402,-1.269129248,8.88891225,-19.5334107,28.51128311,-17.72070639,-0.05,0.05,-0.05,0.05
7.702,0.005163045934,0.2958207414,-0.005806462619,0.04992761434,-0.08765597333,0.03323029204,-0.3326858019,2.860641583,-5.022317321,1.903955486,-0.01030452958,-0.5904060545,1.497065194,-0.18339067,-1.585218105,1.31707434,0.05,-0.05,0.05,-0.05
7.714,0.00858700613,0.4919992099,-0.008404664845,0.009315643628,0.01361943562,-0.03548778657,-0.4815518239,0.5337470633,0.7803361806,-2.033300395,-0.02095737216,-1.200768975,-8.537157969,16.77463147,-21.24331776,12.62777927,0.05,-0.05,-0.05,0.05
7.726,0.0002368207226,0.01356882791,0.02378649203,-0.05138301107,0.06167952881,-0.03994297978,1.362865603,-2.944029673,3.533976683,-2.288564162,-0.005859970012,-0.3357515498,3.684260949,-9.554515292,10.00922925,-3.142656706,-0.05,0.05,-0.05,0.05
7.738,0.006457462669,0.3699853573,-0.001867357353,0.003497906856,-0.0381665756,0.04135350556,-0.1069916952,0.2004153,-2.1867837,2.369381336,0.004817479463,0.2760212411,3.464356332,-10.84004548,17.51199766,-10.28902813,0.03761750544,-0.05,0.05,-0.05
7.75,0.0111623652,0.6395564155,-0.02269995324,0.02526269642,-0.04296901235,0.04388704181,-1.300611516,1.447445884,-2.461943057,2.514542271,0.003480772646,0.1994335821,-3.690989411,9.68940602,-13.42355345,8.224055519,0.05,-0.05,0.05,-0.05
7.762,0.004200772448,0.2406865319,-0.005376781804,-0.01847156629,0.04003271138,-0.01112983458,-0.3080669047,-1.05834279,2.293705405,-0.6376925482,0.005054528705,0.2896031622,-4.762428766,12.66292386,-18.44022459,11.33294817,0.05,0.05,-0.05,0.05
7.774,-0.007704620568,-0.4414422413,0.0219995023,-0.04683074682,0.06445537473,-0.02270176974,1.260478633,-2.683204144,3.693020939,-1.300715594,0.01692236047,0.9695798343,2.943861629,-8.644443513,14.06045625,-8.800793,-0.05,0.05,-0.05,0.05
7.786,-0.002193383841,-0.1256716369,-0.004790072692,-0.0005352158808,0.03105230273,-0.01512312705,-0.2744509488,-0.0306656111,1.779165891,-0.8664913527,0.01060388712,0.6075579782,4.248654848,-13.88485957,25.87274519,-17.87272321,0.05,0.02565960895,-0.05,0.05
7.798,-0.008478019562,-0.4857547395,0.008131537389,0.01572635063,-0.03668492401,0.03668295324,0.4659027734,0.9010535185,-2.101891318,2.101778401,0.02385591726,1.366843375,6.267658068,-9.941336874,8.232011758,-3.101395637,-0.05,-0.05,0.05,-0.05
7.81,0.0001104302765,0.006327188776,-0.01410560165,0.04592643604,-0.06083058638,0.04150777018,-0.8081914422,2.631390953,-3.485335865,2.378220048,0.01249801819,0.7160836947,-3.917561577,7.949369718,-7.487608182,2.206435867,0.05,-0.05,0.05,-0.05
7.822,-0.002483558183,-0.1422974021,-0.001924479671,0.02481068303,-0.02439089984,0.007709443661,-0.1102645629,1.421547424,-1.397495619,0.4417185841,0.006204747182,0.3555058265,-1.354500067,5.093902464,-11.08392769,7.90932659,0.04369305283,-0.05,0.05,-0.05
7.834,0.004115551009,0.2358037032,-0.0105020446,0.03262923715,-0.05232857772,0.0337422837,-0.6017228319,1.869517577,-2.998206651,1.933290447,0.003540898532,0.2028785416,-0.2765981779,2.666372793,-7.600659671,5.994671711,0.05,-0.05,0.05,-0.05
7.846,0.008591846443,0.4922765394,-0.01071618759,0.01653579299,-0.03567681204,0.02823821351,-0.6139923211,0.9474311492,-2.044130756,1.617930455,-0.001618993124,-0.09276147307,-5.93292012,9.456767571,-8.489197834,3.157543536,0.05,-0.05,0.05,-0.05
7.858,0.003105482534,0.1779310425,-0.0001331182961,0.01687633142,-0.03514974347,0.01653042624,-0.007627116542,0.9669425638,-2.013931952,0.9471236572,-0.001876104112,-0.1074928475,2.002110961,4.192790265,-13.88999758,10.11731314,0.0009264915527,-0.05,0.05,-0.05
7.87,0.005259939359,0.3013723258,-0.00042701956,0.008884959787,-0.02043406209,0.005266434659,-0.02446641856,0.509070697,-1.170785516,0.301744479,-0.006709687208,-0.3844367589,-2.867250968,-1.44763254,9.54571759,-7.881723454,0.01226168129,-0.05,0.05,-0.05
7.882,0.005990665582,0.3432398543,-0.007699242194,0.02266411231,-0.02555821547,0.001576451052,-0.4411340831,1.298557982,-1.464377878,0.0903239919,-0.009016894306,-0.5166299881,3.958121491,-4.565882814,1.960956638,0.2720024788,0.05,-0.05,0.05,-0.03495392563
7.894,0.001515815194,0.08684981311,0.01090524223,-0.01447798859,0.009041139707,-0.00782804201,0.6248243542,-0.8295276423,0.5180191472,-0.448513769,-0.002359648669,-0.1351979099,-1.304535143,-1.093810479,4.860606962,-3.183303117,-0.05,0.05,-0.05,0.05
7.906,0.004016295701,0.2301167929,-0.003771585992,0.002968635714,-0.002997804456,0.004866593816,-0.2160959594,0.1700902973,-0.1717615431,0.2788352862,0.001065839081,0.06106808097,1.459975756,-1.66874846,0.9001250386,0.5173078441,0.05,-0.05,0.05,-0.05
7.918,0.0001377469469,0.007892318696,-0.002063883313,-0.0008639183156,0.0152357348,-0.0057838236,-0.1182518032,-0.04949887333,0.8729433018,-0.3313886817,0.006524109571,0.3738039435,3.484587761,-10.07679851,18.8325086,-12.72171998,0.04192084512,0.02908300145,-0.05,0.05
7.93,-0.005112812471,-0.292942576,0.003522248853,0.009201998509,-0.009633491453,0.01219807625,0.2018099937,0.5272356777,-0.5519584022,0.6988982874,0.01528883216,0.8759855565,-2.482903175,7.150520341,-12.23511476,8.234278116,-0.05,-0.05,0.05,-0.05
7.942,-0.002136945721,-0.1224379708,-0.005858652098,0.02190285549,-0.02754527848,0.02746646847,-0.3356760389,1.254941179,-1.578228203,1.573712722,0.01596539338,0.9147496591,3.749151091,-3.352542452,-0.3680840472,1.832416162,0.05,-0.05,0.05,-0.05
7.954,-0.004023927345,-0.230554054,-0.0005099322918,0.002017190734,0.02821417393,-0.02144326088,-0.02921696816,0.1155765155,1.616553089,-1.228608348,0.008278171491,0.4743042885,1.873150328,-8.640229274,19.54530079,-14.93648753,0.009345360091,-0.03573796688,-0.05,0.05
7.966,-0.007511785091,-0.4303935823,0.01043221597,0.01446613935,-0.03659827802,0.02947846826,0.5977219462,0.8288487307,-2.096926868,1.688991818,0.01777854557,1.018635627,4.496213063,-9.086714062,8.475334859,-3.392830423,-0.05,-0.05,0.05,-0.05
7.978,0.006049117255,0.3465888885,-0.02040823822,0.04517104429,-0.05688951553,0.03364612932,-1.169305917,2.588110194,-3.259529138,1.927781207,0.001519419856,0.08705634503,-3.946957639,7.494711337,-7.471073438,2.691377899,0.05,-0.05,0.05,-0.05
7.99,0.002636402948,0.151054762,-0.006725819422,0.02988441336,-0.04478633884,0.02126558432,-0.3853610666,1.712250759,-2.566068195,1.21842823,-0.0003621605851,-0.02075027303,-3.816342917,15.42334515,-29.0295753,19.17128622,0.05,-0.05,0.05,-0.05
8.002,0.003069299158,0.1758578878,0.01226103387,-0.03480469245,0.05222561864,-0.04066715797,0.7025054931,-1.994161985,2.992307531,-2.330056516,-0.01098519791,-0.6294054774,-4.252189292,4.745380844,-3.614627111,1.286965043,-0.05,0.05,-0.05,0.05
8.012,0.008338808781,0.4777785493,-0.01298697866,0.0400168312,-0.06762649812,0.03044203634,-0.7440990658,2.292795537,-3.874712926,1.744200202,-0.01015460924,-0.5818162521,4.704308881,-9.338214726,12.78154721,-8.286991363,0.05,-0.05,0.05,-0.05
8.022,0.006172650522,0.3536668233,0.01124173506,-0.03307445744,0.04009478854,-0.03527246824,0.6441039736,-1.895026821,2.297262164,-2.020963563,-0.01701040208,-0.9746242471,-4.509698747,10.67214465,-16.95421794,10.90548726,-0.05,0.05,-0.05,0.05
8.032,0.006164200917,0.3531826966,0.01240284629,-0.03315727073,0.03408777878,-0.03014873796,0.7106307464,-1.899771673,1.953085857,-1.727395443,-0.01681538362,-0.9634505122,5.258055617,-17.46376513,29.63840519,-19.22302378,-0.05,0.05,-0.05,0.05
8.042,0.01237591118,0.7090874784,-0.02014092215,0.04974040776,-0.08666389562,0.04204192032,-1.153989835,2.849915436,-4.965475455,2.408824597,-0.0150224897,-0.8607252575,-1.720776843,8.911141904,-15.84013086,10.06020261,0.05,-0.05,0.05,-0.05
8.052,0.0009429975562,0.05402978006,0.02313375993,-0.04025035056,0.03771157215,-0.03401054018,1.325466808,-2.306175211,2.160713923,-1.948660412,-0.01341555867,-0.7686548918,0.1790723231,-0.1047212691,-0.5815916781,0.6039602784,-0.05,0.05,-0.05,0.05
8.062,0.004800170933,0.2750295354,-0.0003055312244,0.02284963833,-0.05883588665,0.02669411057,-0.01750564967,1.30918784,-3.371047989,1.529459874,-0.009597668979,-0.5499059256,3.651385668,-9.519523579,15.25724589,-9.706459438,0.00307030127,-0.05,0.05,-0.05
8.072,0.006519103838,0.3735171361,-0.005205972874,0.01700391269,-0.03576232042,0.01151019462,-0.298280274,0.9742524326,-2.049030026,0.6594855734,-0.01245418598,-0.7135722937,-1.619519176,5.826016625,-11.54871392,8.68469188,0.05,-0.05,0.05,-0.05
8.082,0.00699952328,0.4010431426,-0.005623105883,0.005581132813,-0.02020921399,0.01075889239,-0.3221802348,0.3197753551,-1.157902669,0.6164391261,-0.009492294666,-0.5438684222,-4.989164702,8.295622038,-8.992427396,5.364539556,0.05,-0.05,0.05,-0.05
8.092,0.003149533289,0.1804549649,-0.006398150713,0.01648513524,-0.0341007839,0.0225066774,-0.3665870325,0.9445286742,-1.953830996,1.289537626,-0.001507121975,-0.08635172836,-1.249404292,9.228527366,-17.39790382,11.77889914,0.05,-0.05,0.05,-0.05
8.102,-0.002837193472,-0.1625592116,0.004443547363,-0.01295754612,0.03310745239,-0.02524636881,0.25459651,-0.7424127057,1.896917292,-1.446510381,-0.0006529151783,-0.0374092841,-5.222609767,9.968189617,-9.93458694,4.752885096,-0.05,0.05,-0.05,0.05
8.112,-0.006503967453,-0.3726498851,0.0005968902008,-0.005686201826,0.05291242311,-0.04739372347,0.03419928934,-0.3257953661,3.031658528,-2.715460331,0.0004293880135,0.02460212095,5.828380797,-11.51374136,15.62085334,-9.003235631,-0.01895996521,0.05,-0.05,0.05
8.122,-0.0115297652,-0.6606068845,0.008509499175,0.01499250791,-0.02862900537,0.02391508468,0.4875583885,0.8590074275,-1.640321179,1.370233419,0.01878808639,1.076478055,3.609389313,-7.905594829,7.610372487,-2.382630025,-0.05,-0.05,0.05,-0.05
8.132,-0.002928573494,-0.1677949012,-0.008917254104,0.01566787111,-0.01691542613,0.02311374617,-0.510921025,0.8977028886,-0.9691825258,1.324320104,0.01294893705,0.7419194421,-2.244433469,1.62731244,0.8052140065,-1.03760774,0.05,-0.05,0.05,-0.05
8.142,-0.007727895803,-0.442775814,0.004063900892,-0.002589108643,0.006318644508,0.007024444499,0.2328443695,-0.1483449979,0.3620316626,0.4024710232,0.01481788126,0.8490020573,4.207583929,-6.205365624,6.385402959,-3.707881967,-0.05,0.05,-0.05,-0.05
8.152,-0.006802211982,-0.3897380379,-6.441474449e-05,0.008221433723,0.008160007732,-0.01047407478,-0.003690692998,0.4710534539,0.4675340038,-0.6001202794,0.005842951926,0.3347764853,0.0308798267,2.723466761,-7.22587096,4.781916589,0.001386244552,-0.05,-0.05,0.05
8.162,-0.002393015874,-0.1371097099,0.001948344213,0.001735442365,-0.01305840504,0.01298660913,0.1116319004,0.09943352313,-0.748191496,0.7440778932,0.003611990665,0.2069518207,-4.194541441,7.367518341,-10.1438125,5.828803712,-0.03866903124,-0.04554725038,0.05,-0.05
8.172,0.00191340744,0.1096301708,-0.01046601096,0.02500901281,-0.03659405889,0.01764169473,-0.5996582561,1.432910884,-2.09668513,1.010794651,-0.004409362311,-0.2526378508,-2.193253298,13.130601,-25.03870186,15.89962468,0.05,-0.05,0.05,-0.05
8.182,-0.003479873402,-0.1993820592,0.01251141232,-0.01013444977,-0.001021612761,-0.007012757721,0.7168511218,-0.5806611997,-0.05853409951,-0.4018014202,-0.005657407934,-0.3241455976,-2.907657693,6.94827734,-10.67717406,6.160666857,-0.05,0.05,0.0331526548,0.05
8.192,0.003467242098,0.1986583388,0.000918924514,-0.01208319336,0.01712035721,-0.02235498614,0.05265049634,-0.6923159827,0.9809242117,-1.280846357,-0.01639889779,-0.9395876318,-0.4846067029,1.335756248,-4.098222386,3.339654372,-0.0197317326,0.05,-0.05,0.05
8.202,0.002685789611,0.1538844094,0.008114015995,-0.02025653511,0.005654093221,-0.006676592634,0.4648988714,-1.160613969,0.3239556785,-0.3825405794,-0.01316501853,-0.7542999989,-1.625959288,3.27542005,-5.930112569,4.372557333,-0.05,0.05,-0.05,0.05
8.212,0.005186081784,0.2971405984,-0.0001854675657,-0.01251641157,0.004611090963,-0.008140373298,-0.01062650875,-0.7171375577,0.2641960511,-0.4664090336,-0.01623116147,-0.9299770489,-2.690685551,2.856205819,0.462481874,-1.808878607,0.006770971996,0.05,-0.05,0.05
8.222,0.001940660078,0.1111916319,-0.002378030478,0.006147253254,-0.01182246472,-0.006941695264,-0.1362511099,0.352211667,-0.6773773318,-0.3977298413,-0.01499493721,-0.859146616,-2.087241407,8.811331839,-14.13557814,8.328586744,0.05,-0.05,0.05,0.05
8.232,0.001378624041,0.07898933906,-0.001227308301,-0.0001255295144,-0.006918907113,-0.003456277246,-0.07031958581,-0.007192311381,-0.3964241764,-0.198030099,-0.01172802217,-0.6719661726,-1.57762834,-1.039416681,4.85101937,-3.058232621,0.02857841096,0.003801065998,0.05,0.05
8.242,-0.002459573499,-0.1409231809,0.005781954546,-0.01114761219,-0.00298539701,0.006312129203,0.3312815928,-0.6387111301,-0.1710506489,0.3616583631,-0.002038925451,-0.1168218231,3.991044789,-6.393974817,6.841739881,-2.924260872,-0.05,0.05,0.05,-0.05
8.252,-0.001851645849,-0.1060914923,-0.008840550516,0.005338477016,0.009232292762,-0.008986692813,-0.5065262332,0.305872202,0.5289714105,-0.5148995699,-0.003256473551,-0.1865821906,2.687100577,-7.627915443,14.85479472,-10.03077335,0.05,-0.05,-0.05,0.05
8.262,-0.00986748435,-0.5653652077,0.00561890899,0.008145455021,-0.03267766774,0.03328900843,0.3219397706,0.4667001949,-1.872292446,1.907319687,0.0143757047,0.8236672066,4.41619319,-8.441334921,9.482733351,-4.319868945,-0.05,-0.05,0.05,-0.05
8.272,-0.002924930495,-0.1675861727,-0.01847365591,0.03367931091,-0.04111198058,0.03420628699,-1.058462516,1.929682372,-2.355542974,1.959875877,0.008299961413,0.4755527591,-7.352203849,20.1275658,-30.38903796,18.78432383,0.05,-0.05,0.05,-0.05
8.282,-0.01037874083,-0.5946580462,0.00866931485,-0.03734473193,0.07872546842,-0.04389210386,0.4967151522,-2.139695527,4.51063708,-2.514832305,0.006157947483,0.3528244013,2.84864265,-9.556642328,16.56524572,-10.73982756,-0.05,0.05,-0.05,0.05
8.292,-0.006817006332,-0.3905856917,-0.01673326186,0.03724594959,-0.03679728279,0.02754544285,-0.9587452818,2.134035715,-2.108329001,1.57823762,0.0112608478,0.6451990525,1.859690763,-2.088702155,1.832448944,-1.05355595,0.05,-0.05,0.05,-0.05
8.302,-0.01131233748,-0.6481491942,0.00531490385,-0.01362344271,0.03490489951,-0.01740609363,0.3045215591,-0.7805657696,1.999903426,-0.997295703,0.009190267019,0.5265635128,-4.810599894,12.32600413,-19.26501254,12.0182843,-0.05,0.05,-0.05,0.05
8.312,-0.01192095083,-0.6830201705,0.005176350943,-0.001336082824,0.007230776512,-0.0002233494562,0.2965830623,-0.07655190688,0.4142929767,-0.0127969812,0.01084769518,0.621527151,7.535197936,-19.25568068,29.08475014,-18.23984845,-0.05,0.0486495028,-0.05,0.02315353649
8.322,-0.009180569733,-0.5260078992,0.002635566484,-0.008034329684,0.02675684128,-0.01752597896,0.1510068362,-0.4603331821,1.533054079,-1.004164626,0.003832099122,0.2195631064,3.264949952,-9.537699724,15.49670744,-10.2068536,-0.05,0.05,-0.05,0.05
8.332,-0.007840207415,-0.4492107954,0.001629957703,-0.005713653273,0.02192561776,-0.01726556269,0.09338969715,-0.3273682181,1.256245361,-0.9892438729,0.000576359506,0.03302296718,-0.2751415162,0.2008636392,-0.3827692652,0.01218893014,-0.03558392794,0.05,-0.05,0.05
8.342,-0.004815891432,-0.2759302536,-0.005320168552,0.01233151581,-0.01087494096,0.001982744159,-0.3048232043,0.7065438108,-0.6230882195,0.1136028721,-0.001880849546,-0.1077647409,-4.153012224,10.48676176,-16.52239006,10.21879305,0.05,-0.05,0.05,-0.05
8.352,-0.002615871311,-0.1498783859,-0.006170157867,0.01375658681,-0.02222473688,0.01038193878,-0.3535240047,0.7881943645,-1.273383624,0.5948412754,-0.004256369156,-0.2438719887,0.07872605718,0.1029221939,-1.33318902,1.035040463,0.05,-0.05,0.05,-0.05
8.362,-0.002978480226,-0.1706543463,0.004528126325,-0.009910865832,-0.001074606185,0.0003203479218,0.2594425275,-0.5678507835,-0.06157039903,0.0183545839,-0.00613699777,-0.3516240711,4.477310708,-11.14623709,15.43244839,-9.285565122,-0.05,0.05,0.008208887676,0.002237910842
8.372,0.002952334614,0.1691563131,-0.009028622533,0.005814102202,-0.01304340488,0.002121314315,-0.517301966,0.3331235179,-0.7473320499,0.1215423573,-0.01413661089,-0.8099681407,2.84118033,-7.69899544,12.25255289,-8.157773649,0.05,-0.05,0.05,-0.03851114128
8.382,0.005543963248,0.3176456959,-0.01775083934,0.03264117017,-0.05979335894,0.02994593686,-1.017048177,1.870201289,-3.42590711,1.715775796,-0.01495709125,-0.8569782025,-5.967359009,20.77205474,-35.7240304,22.80079066,0.05,-0.05,0.05,-0.05
8.392,-0.006511403804,-0.3730759567,0.02961976484,-0.0582095302,0.0582971508,-0.04354125273,1.697087516,-3.335160408,3.340180699,-2.494730016,-0.01383386728,-0.7926222097,6.411883321,-20.89341106,36.50615238,-24.58508679,-0.05,0.05,-0.05,0.05
8.402,0.00708204026,0.4057710172,-0.02066162855,0.03629915265,-0.04675709558,0.005801080684,-1.183824114,2.079788247,-2.678984239,0.3323774398,-0.02531849079,-1.450642666,-10.99811283,27.97768631,-40.63631689,24.04055142,0.05,-0.05,0.05,-0.05
8.412,-0.001472425608,-0.08436377301,0.004788511815,-0.01114264059,0.03190982342,-0.05201411779,0.2743615172,-0.6384262786,1.828298207,-2.980189425,-0.02645842315,-1.515955979,9.701272372,-22.71268582,32.60597734,-19.78678007,-0.05,0.05,-0.05,0.05
8.422,0.002699703349,0.1546816079,-0.01204715367,0.0435263794,-0.07945300785,0.02957674607,-0.6902510603,2.493877837,-4.552322019,1.694622722,-0.01839703604,-1.054072521,-2.378823916,10.64382012,-23.14726147,17.30405124,0.05,-0.05,0.05,-0.05
8.432,-0.0004881487508,-0.02796886319,0.02096137545,-0.06090142812,0.06469596509,-0.04486912158,1.200998346,-3.489394797,3.706805751,-2.570811297,-0.02011320916,-1.152401997,-0.6057935525,-6.648664566,14.40658697,-8.987632707,-0.05,0.05,-0.05,0.05
8.442,0.0122910456,0.7042250387,-0.02427645359,0.02044482486,-0.04780967761,0.03130604156,-1.390938332,1.171402178,-2.739292747,1.793704054,-0.02033526478,-1.165124847,1.369703958,-3.037672338,3.62646062,-1.36000087,0.05,-0.05,0.05,-0.05
8.452,0.006179016787,0.3540315834,-0.003144901072,-0.03243341889,0.03711319017,-0.02088494054,-0.1801895584,-1.858298018,2.126429161,-1.196618948,-0.01935007034,-1.108677364,-3.890947313,11.13401629,-17.20433226,10.86311428,0.05,0.05,-0.05,0.05
8.462,-0.00304280098,-0.1743396541,0.01568530497,-0.04200382034,0.032908433,-0.01527847074,0.8987017752,-2.406641629,1.885514321,-0.875391891,-0.008688553115,-0.4978174235,3.852354314,-13.23085889,24.88335143,-17.07746668,-0.05,0.05,-0.05,0.05
8.472,0.003844544628,0.2202761814,-0.01869587649,0.02090727667,-0.01998717093,0.002395282256,-1.071194817,1.197898714,-1.145180539,0.137239564,-0.01538048849,-0.8812370774,0.6146223676,-2.620590783,7.859068476,-6.492546221,0.05,-0.05,0.05,-0.04620366342
8.482,-0.006246179606,-0.3578797295,0.0004150992631,0.0208542509,-0.04059192635,0.01480881354,0.02378343586,1.194860562,-2.325746062,0.8484825154,-0.004513762644,-0.2586195492,2.459923838,3.591145045,-14.04763839,10.98224695,-0.01159210763,-0.05,0.05,-0.05
8.492,-0.004524826675,-0.2592534715,0.005074074491,-0.00406941613,-0.01340738165,0.008452798506,0.2907230533,-0.2331603693,-0.7681863828,0.4843096795,-0.003949924781,-0.2263140193,-5.818435566,11.81065139,-17.75162829,11.9865251,-0.05,0.05,0.05,-0.05
8.502,0.0009636231604,0.05521154013,-0.01168722511,-0.005024867107,0.03147387077,-0.02791851655,-0.669628673,-0.2879036778,1.80331996,-1.599613169,-0.01315673799,-0.7538255592,-0.4375548453,3.608159602,-6.190864987,4.000888117,0.05,0.05,-0.05,0.05
8.512,-0.009891379494,-0.5667342986,0.01908241538,-0.04151417302,0.05268747805,-0.03023877464,1.093341864,-2.378586904,3.018770126,-1.732554164,1.694577504e-05,0.0009709213902,2.193539818,-5.455390096,6.882509856,-3.376981268,-0.05,0.05,-0.05,0.05
8.522,-0.003776130553,-0.2163563436,-0.003981456469,0.0006373941371,-0.002082389726,0.00545584285,-0.228120652,0.03651999394,-0.1193121426,0.312596769,2.939079194e-05,0.001683968335,2.846872352,-10.38966462,18.63054238,-12.06578777,0.05,-0.003633006397,0.0271820316,-0.05
8.532,-0.0003649131704,-0.02090798455,-0.02193755401,0.03605623657,-0.03631203028,0.02029372905,-1.256929258,2.06587018,-2.08052608,1.162745025,-0.001899618663,-0.1088401321,-5.460470876,19.94844695,-33.59664937,21.30811061,0.05,-0.05,0.05,-0.05
8.542,-0.01170949513,-0.6709046511,0.0175445333,-0.03366014113,0.05138196085,-0.03236818104,1.005227712,-1.928584025,2.9439695,-1.854560164,0.00289817198,0.1660530227,3.848282241,-9.403657651,13.59951548,-8.366877469,-0.05,0.05,-0.05,0.05
8.552,-0.004823321004,-0.2763559368,-0.01663859578,0.06630422674,-0.1115089972,0.07013657132,-0.9533213149,3.798952356,-6.388994917,4.018529526,0.008293205084,0.4751656499,0.1810969842,1.718545831,-3.875067031,2.411720423,0.05,-0.05,0.05,-0.05
8.562,-0.00817977932,-0.4686668324,0.01776943534,-0.04843256606,0.08093973436,-0.05562502971,1.01811365,-2.774981626,4.637505174,-3.187079438,-0.005348426062,-0.3064422404,-1.858966427,-0.3914272909,3.96523556,-3.339950413,-0.05,0.05,-0.05,0.05
8.572,0.001719324104,0.09851001476,-0.02274878615,0.06212451758,-0.1042532203,0.06474054979,-1.303409435,3.559472662,-5.973269525,3.709360266,-0.0001369390972,-0.007846032319,2.235360175,-1.612067063,-2.295856482,2.760062364,0.05,-0.05,0.05,-0.05
8.582,-0.003738304078,-0.2141890462,0.02275803175,-0.06864858615,0.0903286956,-0.05410318732,1.303939169,-3.933274256,5.175453027,-3.099884292,-0.009665046119,-0.5537663514,-1.467018462,-0.6788295283,3.066175033,-2.311219234,-0.05,0.05,-0.05,0.05
8.592,0.008765032695,0.5021993807,-0.03095340387,0.07435493307,-0.1374233035,0.0886401614,-1.773499403,4.260223851,-7.873775295,5.078707143,-0.005381612872,-0.3083437045,0.2347799937,3.70004632,-8.594848961,5.640471379,0.05,-0.05,0.05,-0.05
8.602,-0.002079198251,-0.1191292845,0.02638699939,-0.07200715668,0.08962395666,-0.05950776675,1.511863699,-4.125706173,5.13507446,-3.409543883,-0.01550396739,-0.8883118973,1.693755594,-9.969114495,20.7150429,-15.0307259,-0.05,0.05,-0.05,0.05
8.612,0.01120163454,0.641806383,-0.03340700106,0.07115394345,-0.09976605062,0.04086847795,-1.914080167,4.076820655,-5.716173639,2.341591302,-0.02115063028,-1.211841849,-4.023935423,14.81684196,-22.97083538,13.0672317,0.05,-0.05,0.05,-0.05
8.622,-0.003424152166,-0.1961894675,0.02004777842,-0.0316984064,0.0559602366,-0.06943442629,1.148653092,-1.816184904,3.206285378,-3.978299579,-0.02512481767,-1.439546013,7.746560446,-17.85015435,25.3208992,-15.90352137,-0.05,0.05,-0.05,0.05
8.632,0.005240512325,0.3002592387,-0.01380012288,0.07030836452,-0.1166485682,0.03662548769,-0.7906887975,4.028372551,-6.683470645,2.098485867,-0.02351483888,-1.347301024,-3.81638197,12.973365,-22.20248418,13.80819856,0.05,-0.05,0.05,-0.05
8.642,-0.002108686101,-0.1208188139,0.03007080616,-0.03853115159,0.04892526441,-0.07405861401,1.72293028,-2.207672366,2.803211162,-4.24324602,-0.03359369503,-1.924776943,3.917264686,-17.1808338,31.0860831,-20.80412551,-0.05,0.05,-0.05,0.05
8.652,0.01592004904,0.9121516194,-0.02865053651,0.0698619774,-0.08589329442,-0.0004320934032,-1.641554823,4.002796453,-4.921323259,-0.02475712836,-0.04511394694,-2.584838757,-6.064238574,16.29247102,-26.61625366,17.25648341,0.05,-0.05,0.05,-0.007750428542
8.662,0.006502268101,0.3725525195,0.01965998166,-0.03612948792,0.04218875514,-0.06737547085,1.126433974,-2.070067174,2.417237613,-3.860330122,-0.04165622198,-2.38672571,9.018815805,-24.84702336,34.78606003,-19.58825712,-0.05,0.05,-0.05,0.05
8.672,0.01730139766,0.9912970654,-0.008137203248,0.02267297474,-0.07949605659,0.02963796592,-0.4662274031,1.299065761,-4.554788531,1.698130361,-0.03532231918,-2.023819812,-8.798244676,20.45232095,-33.01300964,22.43945083,0.05,-0.05,0.05,-0.05
8.682,0.01326196649,0.7598547077,0.02064886347,-0.06380649481,0.04273725933,-0.03422329274,1.183092728,-3.655842858,2.448664588,-1.960850235,-0.03464366475,-1.984935777,5.086755938,-20.01944385,35.64068905,-22.9105902,-0.05,0.05,-0.05,0.05
8.692,0.02693552656,1.543291991,-0.03369353831,0.03268594889,-0.06546202141,0.02747243684,-1.930497542,1.872766921,-3.750697545,1.574054684,-0.03899717397,-2.234373482,-8.574298419,21.29291486,-30.37454209,18.69739583,0.05,-0.05,0.05,-0.05
8.702,0.01747506431,1.001247432,-0.008602503694,-0.02535379337,0.03945896044,-0.04156234376,-0.4928871549,-1.452665354,2.260831897,-2.381346884,-0.03605968038,-2.066067496,5.180344324,-10.76269494,16.05591786,-9.915814738,0.05,0.05,-0.05,0.05
8.712,0.006088706602,0.348857191,0.007260010436,0.01363456941,-0.07537650009,0.04257342827,0.4159679572,0.7812032829,-4.318755329,2.439277759,-0.01190849197,-0.68230633,3.878193257,-3.717069948,0.9340486962,0.5544610406,-0.05,-0.05,0.05,-0.05
8.722,0.01128511189,0.6465892825,-0.004771308119,-0.004874907907,0.008145994746,-0.02458722639,-0.273375818,-0.2793116486,0.4667311189,-1.408744302,-0.02608744767,-1.49470065,-7.735404453,14.08439615,-14.38690227,6.961353088,0.05,0.05,-0.05,0.05
8.732,0.005747037651,0.3292810021,-0.0009773162541,-0.002263606017,0.02463725278,-0.0442955993,-0.05599609661,-0.1296950712,1.411610603,-2.537950891,-0.02289926879,-1.312031456,7.742756146,-17.90804658,26.60500003,-16.14381019,0.01375820145,0.05,-0.05,0.05
8.742,0.002176714777,0.12471657,0.002316295355,0.01884144135,-0.04023647456,0.01180342348,0.132713948,1.079535069,-2.305380175,0.6762863491,-0.007275314381,-0.4168448087,2.279822527,-3.29629857,0.7794072281,1.86988166,-0.05,-0.05,0.05,-0.05
8.752,0.007684293298,0.4402775745,-0.01097471349,0.01657865527,-0.02939668808,0.01978016315,-0.6288047645,0.9498869772,-1.684306159,1.133319867,-0.004012583147,-0.2299040793,-1.508512667,1.61337118,-2.056052094,2.745044444,0.05,-0.05,0.05,-0.05
8.762,0.002672967975,0.1531497837,-0.003718590987,0.003268101703,-0.006576240025,0.01255922625,-0.2130595693,0.1872484346,-0.3767907985,0.7195906582,0.005532496944,0.316988725,0.6950500403,1.316114793,-2.838117398,2.322330154,0.05,-0.05,0.05,-0.05
8.772,1.802477476e-05,0.001032743521,-0.0003621292284,-0.01335308616,0.03859062871,-0.01762998368,-0.02074847643,-0.7650754805,2.211080154,-1.010123658,0.007245429636,0.4151325389,3.596432236,-11.28500192,20.60090824,-13.56455719,0.00437041079,0.05,-0.05,0.05
8.782,-0.004507812543,-0.2582786335,-0.001145245615,0.0185399177,-0.02100283644,0.02295268241,-0.06561774026,1.062259037,-1.203373886,1.315091831,0.01934451805,1.108359241,4.479741323,-7.191532328,8.60346789,-4.704883808,0.02071566221,-0.05,0.05,-0.05
8.792,-0.004048851835,-0.231982122,-0.005732754589,0.0309483776,-0.04058876698,0.03897237578,-0.328462643,1.773211419,-2.325565043,2.23295265,0.02359923181,1.352136383,-3.280529649,6.689843725,-8.785453519,5.547182558,0.05,-0.05,0.05,-0.05
8.802,-0.001828102073,-0.1047425333,-0.01077368316,0.02367228866,-0.01094976955,0.01891639112,-0.6172865747,1.356322232,-0.6273755817,1.083829375,0.02086522708,1.19548945,-4.401638609,12.95813457,-20.50167203,13.07109124,0.05,-0.05,0.05,-0.05
8.812,-0.005962211073,-0.3416095311,0.002726192911,0.007757970929,-0.001195560218,0.01688907635,0.1561993479,0.4444989918,-0.06850055464,0.9676727947,0.02617767997,1.49987058,-3.268911321,10.3413594,-17.88158928,11.74343574,-0.05,-0.05,0.04418391407,-0.05
8.822,-0.00137150267,-0.07858131456,-0.008672420681,0.02126784626,-0.007488930655,0.01582514703,-0.4968931032,1.21855783,-0.4290841196,0.9067141347,0.02093164195,1.199294742,-1.046287101,6.32404005,-12.93680644,8.719978841,0.05,-0.05,0.05,-0.05
8.832,-0.002535828313,-0.1452922599,0.002005416614,0.00605972868,0.004712219527,0.006414052778,0.1149019082,0.3471968783,0.269990291,0.3674981538,0.0191914176,1.099587231,-1.342913675,-0.2346015709,4.328766295,-4.510440435,-0.04277625184,-0.05,-0.05,-0.05
8.842,0.001651068709,0.09459926873,0.003769475849,-0.003399864776,0.01044966629,0.0006284416466,0.2159750571,-0.1947979026,0.5987217756,0.03600705402,0.01144771901,0.6559059841,-1.022526217,0.4207588132,0.433782605,-1.284123486,-0.05,0.05,-0.05,-0.01254159274
8.852,0.002844938282,0.1630029565,0.009300067935,-0.004132544659,-0.0002689465472,0.0005390133151,0.5328546419,-0.2367773676,-0.01540950207,0.03088318806,0.005437590044,0.3115509602,0.9510808276,-1.226066689,0.1204627353,-0.3790779684,-0.05,0.05,0.005796361303,-0.01147921496
8.862,0.007144366772,0.4093420634,0.005930066053,-0.006323288725,0.007470397596,-0.0100268424,0.339767757,-0.3622977566,0.4280222535,-0.5744957514,-0.002949667476,-0.1690034974,4.044333466,-7.75624569,6.508735762,-2.083689176,-0.05,0.05,-0.05,0.05
8.872,0.01362482825,0.7806451556,-0.008634238175,0.006748489813,0.0001838251291,-0.007242425407,-0.4947054067,0.3866599844,0.01053240406,-0.4149604092,-0.008944348639,-0.5124734275,-0.1485182515,-1.835383177,5.073140705,-3.755083032,0.05,-0.05,-0.009117293544,0.05
8.882,0.009870546886,0.5655406781,0.006418466683,-0.01467902628,0.009491612594,-0.003594916604,0.3677510519,-0.8410462532,0.5438293424,-0.2059735491,-0.002363863607,-0.135439408,-2.219484847,4.097020241,-4.718067256,2.631962385,-0.05,0.05,-0.05,0.05
8.892,0.007640879854,0.4377901674,0.01427399582,-0.03825775802,0.05659063429,-0.03642635148,0.8178397172,-2.192008068,3.242404505,-2.087076203,-0.003819479387,-0.2188400488,1.805346913,-5.822803563,10.40558019,-6.893010888,-0.05,0.05,-0.05,0.05
8.902,0.007600890706,0.435498958,0.0006214547185,0.02417220963,-0.05862590822,0.04163522446,0.03560673253,1.384965594,-3.359017111,2.385522641,0.00780298059,0.4470778554,4.205904172,-6.426841301,5.995639123,-2.521776299,-0.01787790798,-0.05,0.05,-0.05
8.912,0.01152570622,0.6603743226,-0.007400863335,0.00459288869,0.01283652234,-0.01268256912,-0.4240382338,0.2631531377,0.7354785534,-0.726657684,-0.002654021431,-0.1520642267,-7.902964703,16.46327372,-20.24920508,11.30326108,0.05,-0.05,-0.05,0.05
8.922,0.003718199907,0.2130371621,0.01705608024,-0.03874106524,0.0648400374,-0.03841387712,0.9772414126,-2.219699532,3.715060486,-2.200953034,0.004741175277,0.2716493333,7.28276035,-22.33061592,36.38345424,-22.69905882,-0.05,0.05,-0.05,0.05
8.932,0.012826282,0.7348918252,-0.0230102596,0.04868002432,-0.05797759392,0.04005422423,-1.318390761,2.78915994,-3.321871438,2.294938,0.007746395028,0.4438357416,-8.585434127,26.40250879,-42.9267992,27.55756313,0.05,-0.05,0.05,-0.05
8.942,0.0001232883654,0.007063903003,0.01102666908,0.003955255557,-0.01331706054,0.0183330344,0.6317816004,0.2266194503,-0.7630113644,1.050405497,0.0199978985,1.145795183,9.895847022,-22.70795122,33.00251134,-20.07168166,-0.05,-0.05,0.05,-0.05
8.952,0.002590039615,0.1483983387,0.02230082106,-0.07383465302,0.1373196241,-0.0790167219,1.277742927,-4.230414,7.867834903,-4.527324676,0.006769070199,0.3878391536,-5.797562662,9.960138943,-11.8344339,7.0510449,-0.05,0.05,-0.05,0.05
8.962,0.01415509277,0.8110270744,-0.04081940836,0.08856592875,-0.1012260393,0.06823027837,-2.338779821,5.074453926,-5.799824829,3.909306985,0.01475075944,0.8451562607,0.8229526827,0.7180903243,-1.536871068,0.8599934194,0.05,-0.05,0.05,-0.05
8.972,0.000686210696,0.03931697674,0.0186640271,-0.06345733141,0.1374878563,-0.08223931249,1.069369981,-3.635837269,7.877473898,-4.711965516,0.01045523947,0.5990410952,1.557475209,-5.590685511,9.569056454,-6.029167566,-0.05,0.05,-0.05,0.05
8.982,0.006967735544,0.3992218394,-0.023293292,0.06786630873,-0.08406082238,0.06460780428,-1.334607323,3.888453061,-4.816330345,3.701754509,0.02511999863,1.439269903,-0.519617338,8.773887597,-20.31190357,14.92844962,0.05,-0.05,0.05,-0.05
8.992,-0.007064411171,-0.4047609448,0.03991654372,-0.07377861211,0.09790380275,-0.03260515846,2.287049488,-4.227203092,5.609474696,-1.86813797,0.03143657591,1.801183122,3.327843063,-12.57620015,20.25195822,-12.03591711,-0.05,0.05,-0.05,0.05
9.002,0.006930156542,0.3970687212,-0.01169490612,0.02544637174,-0.03694612745,0.05392585837,-0.6700687625,1.457969705,-2.116857172,3.089724091,0.03073119653,1.760767861,-4.697610551,9.981663844,-12.06321026,6.668711543,0.05,-0.05,0.05,-0.05
9.012,0.003422049677,0.1960690038,-0.006462901095,0.006852103267,0.02223999888,0.004096160762,-0.3702969562,0.392596598,1.274258072,0.2346927239,0.02672536181,1.531250438,-4.186247714,11.38219313,-14.60625351,7.625289889,0.05,-0.05,-0.05,-0.05
9.022,-0.006388178691,-0.3660156778,0.01334701469,0.008426293678,0.0002415093933,0.01298156521,0.764727611,0.4827910647,0.01383746895,0.7437888983,0.03499638298,2.005145043,-0.09924121212,4.640526724,-10.08598556,6.33440702,-0.05,-0.05,0.004772778906,-0.05
9.032,0.0007740893459,0.04435205249,-0.0002737228865,0.01863595359,-0.001659438206,0.008274801472,-0.01568316615,1.067761488,-0.09507880559,0.4741112006,0.02497759397,1.431110717,-1.758309696,-0.3967892625,2.893260201,-2.155300699,0.007780213198,-0.05,0.03361438034,-0.05
9.042,0.004254561289,0.2437684056,-0.001503209766,0.0184818591,-0.0239377027,0.03311405399,-0.08612757529,1.058932524,-1.371529336,1.897295536,0.02615500062,1.498571149,3.156982591,-3.513340482,-1.840398961,3.747433804,0.02991363225,-0.05,0.05,-0.05
9.052,0.007841047755,0.4492589433,-0.009084372053,0.0248524027,-0.01547509809,0.01625267882,-0.5204961782,1.423937786,-0.8866578079,0.931209902,0.01654561138,0.9479937016,-6.709287483,13.04066199,-11.22680346,2.569866831,0.05,-0.05,0.05,-0.05
9.062,0.003117632351,0.1786271758,0.002113768347,0.01472819813,0.01542992331,-0.02264652798,0.1211100051,0.8438635924,0.884069484,-1.297550474,0.009625361803,0.5514926076,-0.7346714722,7.28046371,-15.11357057,9.567334588,-0.04576823216,-0.05,-0.05,0.05
9.072,0.002435671153,0.1395536773,0.01677559074,-0.009630375022,0.02059751442,-0.01763748488,0.961170548,-0.5517798439,1.180150645,-1.010553445,0.01010524526,0.5789879041,0.03754461929,-3.189677533,5.134266302,-3.075052771,-0.05,0.05,-0.05,0.05
9.082,0.01235666419,0.7079847067,0.001665509096,-0.01129621043,0.02118126611,-0.007921478522,0.09542664194,-0.6472251824,1.213597153,-0.4538672868,0.003629086245,0.2079313253,1.415591856,-7.736649976,11.44941129,-5.844564424,-0.03805679197,0.05,-0.05,0.05
9.092,0.01210909908,0.6938002709,0.004586570777,-0.01829682149,0.02423501273,-0.005827966205,0.262791148,-1.04833065,1.388563946,-0.3339178667,0.004696795812,0.2691065773,-0.37991725,1.004576828,-0.9713763311,0.243982596,-0.05,0.05,-0.05,0.05
9.102,0.01165259298,0.6676443983,-0.002311054358,0.008984509196,-0.01559632694,0.01558491061,-0.1324136609,0.5147744579,-0.8936037097,0.8929496021,0.006662038506,0.3817066893,-3.914344795,11.27327074,-17.20950008,10.43278734,0.05,-0.05,0.05,-0.05
9.112,0.00979917633,0.5614514464,-0.002945952393,0.01787492856,-0.02354106019,0.01597189089,-0.1687906387,1.024157965,-1.348803394,0.9151219391,0.007359806867,0.4216858715,0.1721646337,0.7754840002,-0.757911338,0.002833042854,0.05,-0.05,0.05,-0.05
9.122,0.007313415143,0.4190278215,0.006010892086,-0.007658102289,0.02147954707,-0.0140331576,0.3443987477,-0.4387769402,1.230687393,-0.8040407037,0.005799179271,0.3322684969,2.393868422,-9.899141439,18.00872056,-11.72757443,-0.05,0.05,-0.05,0.05
9.132,0.00713221993,0.4086461005,0.004815199274,-0.008315250839,0.02201077283,-0.01064145967,0.2758905959,-0.4764287786,1.261124387,-0.6097107271,0.007869261595,0.4508754773,3.524528201,-4.501501826,1.106154916,1.590498825,-0.05,0.05,-0.05,0.05
9.142,0.01144532002,0.6557685323,-0.00799882311,0.005811754861,0.0009785436491,0.01014329429,-0.4582988053,0.3329890251,0.05606642116,0.5811679533,0.008934769693,0.5119245943,-5.629331405,10.34380755,-12.49907364,7.380097683,0.05,-0.05,-0.009028886638,-0.05
9.152,0.004614052969,0.2643657615,0.005979723572,-0.002767465785,-9.386281386e-05,0.01319607373,0.3426129233,-0.1585641094,-0.005377943087,0.7560793306,0.0163144687,0.9347502015,3.829822988,-4.541759706,3.288227225,-1.380406986,-0.05,0.05,-0.00122324532,-0.05
9.162,0.00303155274,0.1736951774,0.001751589671,0.007333613659,0.01695186544,-0.01695097804,0.1003586956,0.4201851112,0.9712703447,-0.9712195005,0.009086090728,0.520594651,0.6599587317,1.757644272,-4.845771599,3.093437159,-0.03919493148,-0.05,-0.05,0.05
9.172,0.005668402523,0.3247755411,-0.001688414671,0.01303100759,-0.007387494812,0.006010393797,-0.09673903474,0.746621738,-0.4232722739,0.3443701978,0.009965491908,0.5709806271,-4.84956118,10.75593582,-16.61465107,10.82884919,0.04199468395,-0.05,0.05,-0.05
9.182,0.006376913374,0.3653702227,-0.002016128463,0.009502035453,-0.007290437961,0.01010373431,-0.1155156519,0.5444265283,-0.417711326,0.5789013334,0.01029920334,0.5901008839,0.5671933237,-0.8339310927,0.2931824066,0.2662233533,0.04378763285,-0.05,0.05,-0.05
9.192,0.005078178211,0.2909581791,0.004991864779,-0.01479624812,0.02982424784,-0.01034864576,0.2860127837,-0.8477625697,1.708803528,-0.5929337258,0.00967121874,0.5541200166,2.863641912,-9.793024821,16.59733982,-10.45081952,-0.05,0.05,-0.05,0.05
9.202,0.004713975666,0.2700909104,0.0007223640538,-0.004244535766,0.0153367967,7.515150272e-05,0.04138841156,-0.2431939854,0.8787337223,0.00430586393,0.01188977649,0.6812340124,0.6957560239,1.190168172,-3.935959107,3.001742936,-0.01658776521,0.05,-0.05,-0.004655075996
9.212,0.002032388392,0.1164472772,-0.0006423937217,0.01349363606,-0.00953454764,0.01081200146,-0.03680644904,0.7731283966,-0.5462893393,0.6194820515,0.01412869616,0.8095146598,-4.112441078,11.21968522,-16.3637424,9.624524621,0.01824510296,-0.05,0.05,-0.05
9.222,-0.0009403189312,-0.05387630615,0.003164414605,0.009222022764,0.002670465672,-0.0004188763788,0.1813076015,0.5283829829,0.1530064123,-0.02399984864,0.01463802666,0.8386971481,1.655769183,-2.271957793,1.99381646,-0.7363912091,-0.05,-0.05,-0.05,0.009951671542
9.232,0.001995475013,0.1143322963,-0.0007247968528,0.004844159361,-0.0009122450188,0.01247398994,-0.04152780067,0.2775498867,-0.05226778946,0.7147069772,0.01568110743,0.8984612737,1.568966685,-4.713667396,5.252689283,-1.850834934,0.01437656408,-0.05,0.01481670113,-0.05
9.242,0.003374714963,0.1933569245,-0.001917992734,-0.004129489006,0.007278528838,0.01535530168,-0.1098928888,-0.2366022916,0.4170289835,0.8797939796,0.01658634878,0.9503277827,1.80363677,-6.135640232,10.58944737,-6.6173583,0.04039220337,0.05,-0.05,-0.05
9.252,-0.005549242491,-0.3179481742,0.0073993566,0.006565590842,0.01066933936,-0.009302857773,0.4239519043,0.3761806453,0.6113081158,-0.5330144878,0.01533142903,0.8784261775,2.865729152,-2.84858009,5.625811705,-5.909131585,-0.05,-0.05,-0.05,0.05
9.262,-0.004806405327,-0.2753867399,0.01165811004,-0.004758581279,0.02360330909,-0.02122051234,0.6679605024,-0.2726466238,1.352369993,-1.215845796,0.009282325512,0.5318380759,-2.031988353,0.8571644717,0.9828277939,-1.360030476,-0.05,0.05,-0.05,0.05
9.272,-0.0007380512514,-0.04228722177,0.01018086293,-0.02138558756,0.04522746113,-0.030690105,0.5833204777,-1.22530391,2.591342641,-1.758413489,0.003332631501,0.1909457197,0.5588178454,-4.028778851,5.791592495,-3.040806779,-0.05,0.05,-0.05,0.05
9.282,0.002349754929,0.1346310403,0.001691339571,-0.002511317781,0.00377697598,0.001021380386,0.09690661916,-0.1438879099,0.216404783,0.05852078538,0.003978378157,0.2279442777,5.947271057,-15.07310341,21.70817131,-13.03994141,-0.04315674163,0.05,-0.05,-0.009430427076
9.292,0.002435931332,0.1395685845,-0.003084181089,0.01456874687,-0.02124207377,0.01234394194,-0.1767105596,0.8347277086,-1.217081175,0.7072557755,0.002586433951,0.1481917494,3.401668353,-7.191316599,10.62052476,-7.042533374,0.05,-0.05,0.05,-0.05
9.302,0.003107602616,0.1780525143,-0.004745888554,0.01832904236,-0.02846538454,0.01479998282,-0.2719193842,1.05017677,-1.630946396,0.8479765526,-8.224790856e-05,-0.004712458034,-1.393755204,5.777528135,-11.59652541,8.045578529,0.05,-0.05,0.05,-0.05
9.312,0.004284211742,0.2454672513,-0.007791641269,0.02440950428,-0.04717872169,0.03122109739,-0.4464281602,1.398561575,-2.703141635,1.788837112,0.0006602387103,0.03782889157,-6.633487652,17.57224807,-28.03834,18.01521926,0.05,-0.05,0.05,-0.05
9.322,-0.0004507119595,-0.02582389305,0.01336953496,-0.04201412069,0.06768584858,-0.04408715571,0.7660179275,-2.407231795,3.878113457,-2.526007953,-0.005045892852,-0.2891083643,-0.4550501701,-3.955165049,11.5494324,-8.865127231,-0.05,0.05,-0.05,0.05
9.332,0.005773215504,0.3307808826,-0.02170888338,0.04386619853,-0.05430313151,0.0285626233,-1.243827396,2.513348039,-3.11134025,1.636517767,-0.003583193066,-0.2053018399,2.760937726,-3.99502904,3.921294315,-1.984858681,0.05,-0.05,0.05,-0.05
9.342,-0.0007327292546,-0.04198229382,0.01128056471,-0.04072784888,0.06613025069,-0.04333956324,0.6463287482,-2.33353385,3.788984262,-2.483174059,-0.006656596727,-0.3813948984,-3.680518353,8.286630279,-13.10428342,8.502534294,-0.05,0.05,-0.05,0.05
9.352,-0.0004021898848,-0.02304378296,-0.01192487347,0.06774792872,-0.1411152201,0.09504263946,-0.6832449211,3.881670386,-8.085306539,5.445542115,0.009750474567,0.5586610409,4.371151496,-5.244839247,3.003107858,-0.8279885515,0.05,-0.05,0.05,-0.05
9.362,-0.005069915794,-0.2904847775,0.02945539893,-0.07193129976,0.08877705987,-0.0520915218,1.687670042,-4.121359891,5.086550848,-2.984624347,-0.005790362754,-0.3317633477,-2.301220924,-1.112183528,6.468505659,-5.181162348,-0.05,0.05,-0.05,0.05
9.372,0.009100355292,0.5214119503,-0.03454266945,0.07353524005,-0.1121017584,0.06491569424,-1.979149173,4.213258901,-6.422957631,3.719395304,-0.008193493532,-0.4694525989,-1.104099786,4.473764812,-6.312487963,3.203197572,0.05,-0.05,0.05,-0.05
9.382,-0.003591678434,-0.2057880157,0.01478931382,-0.04172825728,0.06830401881,-0.05499224958,0.8473652638,-2.390853028,3.913532001,-3.150823807,-0.01362717423,-0.7807795702,1.291547215,-2.461900242,3.736227546,-2.856082235,-0.05,0.05,-0.05,0.05
9.392,-0.004804505149,-0.2752778677,0.006880081802,0.01101893562,-0.04067583416,0.01852319802,0.39419965,0.6313385056,-2.330553625,1.06130107,-0.004253618716,-0.2437144001,5.810613132,-10.20993224,10.98438984,-5.632068559,-0.05,-0.05,0.05,-0.05
9.402,0.0009152443415,0.05243963799,-0.006187178678,0.02306815614,-0.05849877957,0.03344250845,-0.3544992253,1.321707988,-3.351733176,1.916114591,-0.008175293653,-0.4684098226,-4.591574289,7.518974261,-9.30191769,5.681801941,0.05,-0.05,0.05,-0.05
9.412,0.003438056839,0.1969861466,-0.01025742867,0.009212171873,-0.02504964334,0.01294991467,-0.5877073716,0.5278185685,-1.435238842,0.7419754555,-0.01314498547,-0.7531521894,-2.881851181,7.580040296,-12.04123736,7.991874109,0.05,-0.05,0.05,-0.05
9.422,0.002544594394,0.1457945193,-0.01140191875,0.01323525078,-0.0376122702,0.02641556977,-0.6532818227,0.7583240107,-2.15502434,1.513500661,-0.009363368392,-0.5364814909,-4.327980457,14.77271056,-26.02896711,17.41461231,0.05,-0.05,0.05,-0.05
9.432,-0.004768339595,-0.2732057341,0.01500323515,-0.04379139592,0.03945367032,-0.01831870808,0.8596220534,-2.509062165,2.260528796,-1.049584659,-0.007653198531,-0.4384959756,-1.400070099,1.444556668,-0.02549285538,-0.7674997001,-0.05,0.05,-0.05,0.05
9.442,-0.001544705382,-0.08850509899,-0.008538607004,0.006390136598,-0.004164580238,-0.007656849623,-0.4892261442,0.3661278576,-0.2386128711,-0.4387051678,-0.01396990027,-0.8004163255,4.530728092,-12.47793368,22.81430683,-16.19463643,0.05,-0.05,0.05,0.05
9.452,-0.0007992930631,-0.04579611911,-0.01414491744,0.02102486221,-0.02851995987,0.007978022035,-0.8104440712,1.20463587,-1.634073332,0.4571069915,-0.01366199306,-0.7827745422,-6.744263884,20.42020283,-33.60096059,21.43723372,0.05,-0.05,0.05,-0.05
9.462,-0.008844305823,-0.5067413964,0.01864353826,-0.04866697835,0.06174933663,-0.04461509113,1.068196057,-2.788412461,3.537976376,-2.556256424,-0.01288919459,-0.7384964515,3.361439317,-9.531140563,13.92649442,-8.394416633,-0.05,0.05,-0.05,0.05
9.472,-0.0005995584265,-0.03435216741,-0.01725000216,0.04490162884,-0.09111443102,0.05327348834,-0.9883523205,2.572673826,-5.22047235,3.052346042,-0.01018931601,-0.5838048036,-0.07993356428,0.9615229567,-2.522613392,1.715186442,0.05,-0.05,0.05,-0.05
9.482,-0.000395876968,-0.02268207947,0.001406422637,-0.04706706105,0.08730029564,-0.07135969685,0.08058208133,-2.696743952,5.001938491,-4.088609457,-0.02972003962,-1.702832837,-4.109726417,3.950469316,0.4349931402,-2.495458078,-0.0268315716,0.05,-0.05,0.05
9.492,0.002891867659,0.1656918118,-0.02791454219,0.05485612398,-0.0812833604,0.03120220277,-1.599385455,3.143024385,-4.657193496,1.78775453,-0.02313957584,-1.325800035,3.858950111,-4.15387066,1.914514616,-0.5189479028,0.05,-0.05,0.05,-0.05
9.502,-0.006112738825,-0.350234136,0.01373827193,-0.02778456654,0.01420747537,-0.02271292261,0.7871449994,-1.591938398,0.8140283764,-1.301354606,-0.02255174185,-1.292119628,-3.142268026,9.173196893,-16.69652646,11.02973577,-0.05,0.05,-0.05,0.05
9.512,-0.003884862863,-0.2225862461,0.0131405387,-0.02784550625,0.00225911132,-0.01300057873,0.7528974082,-1.595429986,0.1294375441,-0.7448782926,-0.02544643496,-1.457973327,4.961153223,-17.78257129,29.39321975,-18.78854108,-0.05,0.05,-0.05,0.05
9.522,0.006274064675,0.3594774262,-0.0176520682,0.0195305772,-0.05101336703,0.0144896754,-1.011389007,1.119019645,-2.92285063,0.8301972467,-0.03464518263,-1.985022745,-0.5369820615,0.5295503743,0.9194977249,-1.45894211,0.05,-0.05,0.05,-0.05
9.532,0.00206799026,0.1184871139,-0.00800750036,0.01297332249,-0.05303708629,0.01684102046,-0.4587959751,0.7433166249,-3.038801202,0.9649193952,-0.0312302437,-1.789361157,-4.014846266,15.69814996,-28.13716271,18.39034183,0.05,-0.05,0.05,-0.05
9.542,-0.002375623106,-0.1361131777,0.01362721748,-0.04848878492,0.0470804051,-0.04854364525,0.780782048,-2.77820273,2.69750851,-2.781345995,-0.03632480759,-2.081258166,-1.647351938,-2.119625732,8.995000644,-7.248378816,-0.05,0.05,-0.05,0.05
9.552,0.003348152663,0.1918350168,-0.01369584938,0.00553723506,-0.01704593329,-0.01338275243,-0.7847143664,0.3172601991,-0.9766600355,-0.7667752322,-0.03858730004,-2.210889435,4.142616826,-10.2640835,15.54556784,-9.526783622,0.05,-0.05,0.05,0.05
9.562,0.002278958884,0.1305747257,-0.01194661803,0.01734881978,-0.07210204627,0.03967144138,-0.6844907928,0.9940141529,-4.131142945,2.273006158,-0.02702840314,-1.548613427,-3.200398719,9.863114177,-16.837281,11.36599177,0.05,-0.05,0.05,-0.05
9.572,0.0006540404445,0.0374737571,-0.004518138232,-0.0196338058,0.002306213697,-0.009422041679,-0.2588702519,-1.124934208,0.1321363115,-0.5398432226,-0.03126777201,-1.791511371,-4.780558156,8.430877148,-8.863283626,4.571659556,0.05,0.05,-0.04187341771,0.05
9.582,-0.005624668207,-0.3222697494,0.008416566352,-0.04324690271,0.04575151475,-0.04009850486,0.4822337299,-2.477865002,2.621368701,-2.297475093,-0.02917732647,-1.671737664,1.69094662,-5.437549547,10.0373916,-6.735421939,-0.05,0.05,-0.05,0.05
9.592,-0.00354641011,-0.2031943317,-0.01071349939,0.009674220615,-0.03483146217,0.01180320953,-0.6138382987,0.5542920113,-1.995695777,0.6762740907,-0.02406753141,-1.378967973,3.522370976,-8.359023667,12.06530959,-7.033209778,0.05,-0.05,0.05,-0.05
9.602,-0.001707428435,-0.09782844314,-0.01805269499,0.01716792136,-0.04020281296,0.01645368909,-1.034343232,0.9836494371,-2.303451507,0.9427269421,-0.0246338975,-1.41141836,-4.586057237,10.49244423,-13.14286934,7.16332722,0.05,-0.05,0.05,-0.05
9.612,-0.007166812151,-0.4106280888,-0.008223044528,0.009718430012,-0.02994312534,0.007158223264,-0.4711457462,0.5568250232,-1.715614707,0.4101359818,-0.02128951659,-1.219799449,-0.3016721033,6.954443072,-14.88465093,10.08876194,0.05,-0.05,0.05,-0.05
9.622,-0.009890903867,-0.5667070472,-0.001590090836,0.005590492893,-0.03296311766,0.01025315664,-0.09110549392,0.3203116482,-1.888647522,0.5874626019,-0.01870955897,-1.071978765,-4.673312214,8.029247851,-7.522729311,3.078863779,0.0396553106,-0.05,0.05,-0.05
9.632,-0.009865755626,-0.5652661591,-0.005529761729,0.01188749846,-0.03283227903,0.006752461489,-0.3168320088,0.6811034908,-1.88115102,0.3868875447,-0.01972208081,-1.129991994,1.238664061,-0.5498841778,-0.9560892238,0.9880433958,0.05,-0.05,0.05,-0.05
9.642,-0.008157918319,-0.4674142893,-0.01300675007,0.02593750313,-0.0540758664,0.02261236525,-0.7452318844,1.48610946,-3.098318918,1.295593093,-0.0185327481,-1.061848249,-1.421495453,3.530793419,-5.50207424,3.748403529,0.05,-0.05,0.05,-0.05
9.652,-0.007318865039,-0.4193400776,-0.009351962914,-0.0003705202399,-0.009241494306,-0.002138535208,-0.5358280051,-0.02122924597,-0.5294986201,-0.1225290418,-0.02110251267,-1.209084913,-6.031628454,14.01983084,-21.22008475,13.67271218,0.05,-0.005868385566,0.05,0.03337506239
9.662,-0.0098862223,-0.5664388131,0.004483223785,-0.03776268208,0.03475510116,-0.01892314795,0.2568698015,-2.163642306,1.991320613,-1.084216513,-0.01744750508,-0.9996684042,-0.2408340549,-0.5834018497,0.5751117103,0.3293785152,-0.05,0.05,-0.05,0.05
9.672,-0.01162209329,-0.6658968945,0.004554954944,-0.02989124801,0.02521920146,-0.01611380606,0.2609796941,-1.712642355,1.444953806,-0.9232530789,-0.01623089766,-0.9299619337,6.628847425,-17.01277594,27.05097778,-17.56017906,-0.05,0.05,-0.05,0.05
9.682,-0.00849363589,-0.4866494892,-0.009576995182,0.0004588178699,-0.008576208553,-0.00184778743,-0.5487214043,0.02628832751,-0.4913805543,-0.1058704212,-0.01954217329,-1.119684052,2.094636426,-5.713149684,9.968629273,-6.950675302,0.05,-0.004380843454,0.05,0.04760199876
9.692,-0.01157053642,-0.6629429037,-0.0009403058809,-0.003056302221,-0.0193181313,0.007840488403,-0.05387555843,-0.1751132182,-1.106847392,0.4492268948,-0.015474251,-0.8866092735,2.414876405,-5.16957264,8.002287023,-5.477733289,0.01827185298,0.05,0.05,-0.05
9.702,-0.01312918627,-0.752246962,-0.001132935561,0.003249080552,-0.0153901795,-0.005112489277,-0.06491242612,0.1861586029,-0.8817923313,-0.2929240584,-0.01838652379,-1.053470213,3.829234964,-7.045870925,8.744189319,-5.174357455,0.02109534738,-0.05,0.05,0.05
9.712,-0.01069576792,-0.6128223603,-0.002445905023,0.001926838935,-0.02984821119,0.01435404495,-0.1401400349,0.1103997388,-1.710176527,0.8224261947,-0.01601323233,-0.9174906288,-1.090351589,-1.76466381,5.851559143,-4.105946632,0.05,-0.04062579277,0.05,-0.05
9.722,-0.006902713318,-0.3954963403,-0.01723638964,0.02813012687,-0.06034711042,0.03242093704,-0.9875723807,1.611737547,-3.457634733,1.85758286,-0.01703243615,-0.9758867064,-0.2988581363,3.433915767,-7.053026372,4.855035062,0.05,-0.05,0.05,-0.05
9.732,-0.008676502606,-0.4971269803,-0.007169231149,0.005051228638,-0.03422777723,0.02072996932,-0.4107666872,0.2894140823,-1.961107177,1.187739752,-0.01561581042,-0.8947200306,-5.694150523,14.6687411,-23.41065647,15.18037141,0.05,-0.05,0.05,-0.05
9.742,-0.007906628422,-0.4530164388,-0.007183128136,-0.005886444806,-0.006468788149,0.0004423881956,-0.4115629259,-0.3372684437,-0.3706342595,0.02534697651,-0.0190959729,-1.094118653,-3.912025974,9.390832273,-12.88082581,7.404487715,0.05,0.05,0.05,-0.01713702802
9.752,-0.01113362503,-0.6379097247,-0.007570584584,0.0156451595,-0.03853833735,0.01530916239,-0.4337625451,0.8964016089,-2.208084079,0.8771503929,-0.01515460004,-0.8682946227,-1.069561292,10.43417487,-21.17802448,14.07583356,0.05,-0.05,0.05,-0.05
9.762,-0.01488511367,-0.8528541911,0.00396899438,-0.001331105401,-0.01149759247,-0.007089048448,0.2274066269,-0.07626672155,-0.6587635234,-0.4061725568,-0.01594875194,-0.9137961748,-5.063294855,11.38083305,-14.45721867,7.642558214,-0.05,0.01790348576,0.05,0.05
9.772,-0.01359645343,-0.7790193978,0.002490486431,-0.01084564184,0.01653919985,-0.02795134047,0.1426943614,-0.6214095033,0.947626348,-1.601493841,-0.01976729602,-1.132582635,-0.2714610377,1.756986516,-4.995023717,4.09176387,-0.05,0.05,-0.05,0.05
9.782,-0.0122406122,-0.7013354179,0.006512647344,-0.02497870285,0.02194204987,-0.02126344239,0.3731472063,-1.431174251,1.257186851,-1.218305507,-0.01778744803,-1.019145701,-0.8731230374,-0.8970629939,1.520614263,-0.1842463859,-0.05,0.05,-0.05,0.05
9.792,-0.009466160206,-0.542371028,0.002151517171,-0.02777435355,0.027713873,-0.02048308405,0.1232728534,-1.591353237,1.587887957,-1.173594267,-0.01839204744,-1.053786695,0.9842410003,-3.16166724,4.414449648,-2.247908002,-0.04831761876,0.05,-0.05,0.05
9.802,-0.01259161806,-0.7214465723,0.009042434386,-0.01641658298,-0.02086345527,0.02000335086,0.5180933268,-0.940600919,-1.195387933,1.146107581,-0.008234253009,-0.4717879448,7.124695989,-15.68669595,20.68554394,-11.82840722,-0.05,0.05,0.05,-0.05
9.812,-0.003568256169,-0.2044460187,-0.02254674707,0.03516927208,-0.06851190302,0.03988101306,-1.291833449,2.015050859,-3.925442889,2.285013731,-0.01600836496,-0.9172117489,-8.032516801,23.36513943,-36.23347378,22.25135111,0.05,-0.05,0.05,-0.05
9.822,-0.01355500632,-0.7766446536,0.01352777425,-0.03975653681,0.04692118794,-0.03749592702,0.7750843705,-2.277881767,2.688386039,-2.148358367,-0.01680350164,-0.9627697251,10.51237627,-27.10699955,42.39071331,-27.11924095,-0.05,0.05,-0.05,0.05
9.832,-0.004901652314,-0.2808439902,-0.01617392014,0.01979829309,-0.02855182395,0.002986234905,-0.9266973623,1.134358636,-1.63589901,0.1710986567,-0.0219412161,-1.25713908,-10.25939289,26.03081739,-38.75141415,23.52756198,0.05,-0.05,0.05,-0.05
9.842,-0.01031512758,-0.5910132754,0.006903233336,-0.0321315244,0.05260781469,-0.05164908608,0.3955261351,-1.841000737,3.014205751,-2.959274648,-0.02426956245,-1.390543499,9.209036366,-22.62223657,32.18024883,-19.11839016,-0.05,0.05,-0.05,0.05
9.852,-0.003312829689,-0.1898111594,-0.01458180064,0.02436939968,-0.05495401106,0.02539481822,-0.8354756345,1.396263751,-3.148632901,1.455015905,-0.01977159381,-1.132828879,-2.873530333,8.968017671,-16.31171665,11.15626926,0.05,-0.05,0.05,-0.05
9.862,-0.00465108903,-0.2664877716,0.001657305766,-0.02468566205,0.02056733604,-0.02184042521,0.09495662578,-1.41438425,1.178421551,-1.251364187,-0.02430144545,-1.392370261,-3.425682184,6.910696213,-9.02968133,5.064745513,-0.03303504468,0.05,-0.05,0.05
9.872,-0.00472443233,-0.2706900331,0.004413780244,-0.03054920193,0.0332106524,-0.0338730933,0.2528909797,-1.750340338,1.902830217,-1.940785285,-0.02679786259,-1.535404426,2.233640544,-5.347073421,7.882723668,-5.126045023,-0.05,0.05,-0.05,0.05
9.882,-0.006242154142,-0.3576490874,0.01127345531,-0.03104340333,0.02010131124,-0.02548356348,0.6459214097,-1.778655992,1.151720297,-1.460100634,-0.02515220026,-1.44111492,7.042372879,-17.13285504,25.0955149,-15.68096131,-0.05,0.05,-0.05,0.05
9.892,0.0003362387728,0.01926506259,-0.01019255994,0.01896921371,-0.05219821112,0.01501052191,-0.5839906667,1.086855886,-2.990737195,0.8600395535,-0.02841103544,-1.627832422,-0.6234123988,-0.126341675,2.664649093,-2.904878296,0.05,-0.05,0.05,-0.05
9.902,0.000394931642,0.02262791628,-0.008852266847,0.01211736125,-0.02866778951,-0.007297409194,-0.5071975295,0.6942736586,-1.642543347,-0.4181107482,-0.0327001043,-1.873577966,-1.505083124,6.07285721,-10.81651323,7.128237518,0.05,-0.05,0.05,0.05
9.912,-0.003141621754,-0.1800016673,0.009141367266,-0.01835763109,-0.0224391829,0.01137677441,0.5237617633,-1.051814783,-1.285670476,0.6518411584,-0.0202786723,-1.161882337,-3.128236719,4.959955268,-8.565973219,7.359444826,-0.05,0.05,0.05,-0.05
9.922,0.00378089241,0.2166291779,-0.02329246114,0.01752305712,-0.02016081544,0.0005431959986,-1.334559718,1.003997217,-1.155129636,0.03112283817,-0.02538702346,-1.454569299,-1.116199162,6.607464754,-11.37212065,7.893502277,0.05,-0.05,0.05,-0.01984381425
9.932,-0.005750679756,-0.3294896794,-0.003281463494,0.005881007592,-0.0397574429,0.03289586133,-0.1880140088,0.3369569143,-2.277933683,1.884794018,-0.004262037473,-0.2441967594,-2.485783821,6.296370918,-9.408687612,6.676849234,0.05,-0.05,0.05,-0.05
9.942,-0.005690986035,-0.3260694811,-0.01497934737,0.02060008723,-0.02374555048,0.01285703707,-0.8582533843,1.180298056,-1.360519825,0.736653961,-0.005267773553,-0.301821192,-2.249966845,9.937606888,-15.78975076,9.690790231,0.05,-0.05,0.05,-0.05
9.952,-0.01326853716,-0.7602311793,0.001121455193,0.006726626896,-0.008928516915,0.004020290974,0.06425464945,0.3854073315,-0.5115663366,0.2303457052,0.002939856148,0.1684413496,0.6437264244,-0.8835940913,1.51496953,-0.9282033348,-0.02531574066,-0.05,0.05,-0.05
9.962,-0.01060486511,-0.6076140129,-0.004936119857,0.002648845039,0.01331012281,-0.01007014757,-0.282818835,0.1517676413,0.7626138619,-0.5769769546,0.0009527004259,0.05458571355,2.929273678,-8.457578079,13.11081926,-7.638306703,0.05,-0.04981701277,-0.05,0.05
9.972,-0.01256944236,-0.7201759979,0.006254326823,-0.00804840508,-0.004710340174,0.01719354833,0.3583465306,-0.4611396429,-0.2698826121,0.9851177539,0.01068912989,0.6124420296,4.204844892,-10.73249768,15.02706476,-8.564876031,-0.05,0.05,0.05,-0.05
9.982,-0.004419453952,-0.2532160592,-0.02288354398,0.03620145154,-0.03658825505,0.02681469157,-1.31113049,2.074190385,-2.096352594,1.536368656,0.003544344085,0.2030759572,-1.790003418,5.768924571,-7.954926479,4.403667069,0.05,-0.05,0.05,-0.05
9.992,-0.00976466253,-0.5594739513,-0.005417089115,0.008995511532,-0.0008374843556,0.00392537519,-0.3103763435,0.5154048454,-0.04798431898,0.2249074314,0.006666313252,0.3819516143,-3.402673274,12.10182198,-20.97132704,13.58136614,0.05,-0.05,0.03939598286,-0.05
10.002,-0.01098780234,-0.6295547001,-0.0005915817338,0.008316352284,-0.003273006426,0.002738758285,-0.03389513658,0.4764918868,-0.1875294545,0.1569192908,0.007190522409,0.4119865865,0.8601380226,-2.909027756,6.737539385,-5.559194315,0.01215466012,-0.05,0.05,-0.05
10.012,-0.007218811618,-0.4136074388,-0.01432851741,0.04142057093,-0.04244754217,0.01916429639,-0.8209635743,2.3732239,-2.432065017,1.098033301,0.00380880775,0.218228609,-0.6854984698,6.958041425,-15.59327299,11.05048301,0.05,-0.05,0.05,-0.05
10.022,-0.01136832111,-0.6513568196,0.02111494567,-0.04928085751,0.07290033998,-0.041698031,1.209797271,-2.823585146,4.176881806,-2.38912119,0.003036397138,0.1739727409,-1.463799365,1.21847062,-2.911051309,2.880255253,-0.05,0.05,-0.05,0.05
10.032,-0.003677747834,-0.210719429,-0.003356123908,0.01397953103,-0.04381683683,0.04182863991,-0.1922917355,0.8009681276,-2.510519822,2.39660453,0.008635210205,0.4947610999,4.186780443,-10.30022224,13.64851414,-7.50058891,0.05,-0.05,0.05,-0.05
10.042,0.001444565031,0.08276747953,-0.008154954357,-0.0007187872393,-0.002635688639,0.01057444577,-0.4672444668,-0.04118347518,-0.1510138351,0.6058711131,-0.0009349844695,-0.05357066401,-7.993742711,18.52800971,-26.21900822,15.54940254,0.05,-0.002714690443,0.05,-0.05
10.052,-0.002652345436,-0.1519681993,-0.0005487188983,-0.003049391475,0.01179539271,-0.009914221522,-0.03143927701,-0.1747172616,0.6758262198,-0.5680430504,-0.001716939188,-0.09837336916,1.004193456,4.057531823,-9.384848817,5.67186647,0.01106762231,0.05,-0.05,0.05
10.062,-0.007932280027,-0.4544861674,0.01714987808,-0.01665546716,0.01601912204,-0.01534427043,0.9826156331,-0.9542879739,0.9178280845,-0.8791619351,0.001169262538,0.06699380855,0.006966830451,-2.225886902,5.190330165,-4.083833407,-0.05,0.05,-0.05,0.05
10.072,0.002381688449,0.1364606963,-0.003857227093,-0.002613140378,0.01170571923,-0.01274827269,-0.221002833,-0.1497219149,0.6706883079,-0.730422221,-0.007512920929,-0.4304586611,-2.998028765,2.445357725,-2.701402126,2.503064656,0.05,0.05,-0.05,0.05
10.082,0.003025161094,0.173328963,-0.001106053986,-0.001818395858,-0.009449382357,0.009751007537,-0.06337222532,-0.1041864081,-0.5414097281,0.5586915779,-0.002622824664,-0.1502767836,-2.59071839,7.127958402,-11.42069895,7.268582643,0.02692390608,0.03287675046,0.05,-0.05
10.092,0.001652781558,0.09469740775,-0.004444316948,0.01611105576,-0.02130514071,0.006531662592,-0.2546406039,0.9230954986,-1.220694644,0.3742366997,-0.003106739301,-0.17800305,1.121290409,0.3381850898,-0.5169685365,-0.465403445,0.05,-0.05,0.05,-0.05
10.102,-0.001957071604,-0.1121319431,0.005611387737,0.002503118694,0.006784856674,-0.01877011879,0.3215088345,0.1434181368,0.388743652,-1.075448587,-0.003870755683,-0.2217779642,3.619598994,-9.534308537,16.04326048,-10.86942732,-0.05,-0.04553430273,-0.05,0.05
10.112,0.002489615942,0.1426444861,0.00580750568,-0.01404182373,0.01945465231,-0.01582537953,0.3327455649,-0.8045372363,1.114669469,-0.9067274562,-0.00460504527,-0.2638496584,1.788068059,-10.73103663,18.20407945,-10.61814861,-0.05,0.05,-0.05,0.05
10.122,0.006862097152,0.3931692054,0.002478267186,-0.02883308053,0.04016198388,-0.01876338639,0.1419942503,-1.652013825,2.301112173,-1.075062849,-0.004956215852,-0.2839702507,1.910385732,-3.621181736,2.923494285,-0.413828597,-0.05,0.05,-0.05,0.05
10.132,0.003080765161,0.1765148414,0.009057320668,-0.02316689244,0.02064467192,-0.00459328266,0.518946248,-1.327365161,1.182852571,-0.2631757105,0.001941817495,0.111257947,2.313279189,-8.808698984,18.32465943,-13.2530533,-0.05,0.05,-0.05,0.05
10.142,0.00282681085,0.1619643312,0.0002942971001,-0.002907934076,0.02004374491,-0.01838800537,0.01686198176,-0.1666123496,1.148421989,-1.053555101,-0.0009578974409,-0.05488348057,0.9973294639,0.835217214,-1.477640029,0.3537388433,-0.007471865665,0.05,-0.05,0.05
10.152,-0.002497614136,-0.1431027488,0.00630271637,0.01461631878,-0.01521411959,0.001181647541,0.3611190475,0.8374533784,-0.8717048417,0.067703417,0.006886563102,0.3945710011,-1.724597251,6.721825754,-12.31353521,8.306194015,-0.05,-0.05,0.05,-0.03430243993
10.162,0.005315370852,0.3045483164,-0.002781962542,0.002396924092,-0.0003335395951,0.005538324665,-0.1593947124,0.1373336343,-0.0191104111,0.3173226289,0.00481974662,0.2761511396,1.126637733,-5.011719053,5.039901768,-0.8318456371,0.05,-0.04772061097,0.002297969323,-0.05
10.172,0.008602833022,0.492906024,-0.00459103055,-0.006117316527,0.0005138546775,0.01802328657,-0.2630466741,-0.3504964189,0.0294417043,1.032658254,0.007828794174,0.4485568649,0.9012139337,-4.888488465,9.605384279,-6.114411684,0.05,0.05,-0.02091018718,-0.05
10.182,0.0005615720021,0.03217570561,0.005309310476,0.002221060615,0.003893283258,-0.001700260801,0.3042010824,0.1272573993,0.2230686991,-0.09741776795,0.009723393548,0.5571094128,3.260152021,-1.367175513,0.220792533,-1.182868543,-0.05,-0.04749615802,-0.05,0.03858860616
10.192,-0.00112792434,-0.06462530427,0.01142467895,-0.0002444677669,0.006008784193,-0.008343095188,0.6545858859,-0.01400697127,0.3442779743,-0.4780241424,0.008845900184,0.5068327465,-0.9084584763,-0.8918857549,3.051373311,-2.204798953,-0.05,0.006270176626,-0.05,0.05
10.202,0.007776866045,0.4455816022,-0.005562727543,0.01146838738,-0.01237468731,0.01254263835,-0.3187208108,0.6570901947,-0.7090173554,0.7186402415,0.006073610883,0.34799227,-0.5908241841,3.651231522,-11.57100898,10.22934448,0.05,-0.05,0.05,-0.05
10.212,0.010054923,0.5761046513,-0.008732393142,0.005483134947,0.002426015108,0.005941314253,-0.5003292721,0.314160491,0.1390004267,0.3404122315,0.005118071166,0.2932438771,-0.5455920157,1.077053821,0.9954655667,-1.906035185,0.05,-0.05,-0.05,-0.05
10.222,0.00353368986,0.2024655151,0.006971897171,-0.002208871027,0.01039517108,-0.008913530326,0.3994602831,-0.1265589874,0.59559943,-0.5107076682,0.006244666895,0.3577930575,1.384106657,-2.943339766,5.046722963,-4.036673549,-0.05,0.05,-0.05,0.05
10.232,0.007060921783,0.4045610177,9.237909068e-05,0.01120139067,-0.01510714516,0.008980122819,0.005292932011,0.6417924098,-0.8655756582,0.514523137,0.005166747414,0.2960328206,-1.29655709,4.716019922,-12.1085783,9.862970913,-0.0007357829052,-0.05,0.05,-0.05
10.242,0.01363652134,0.7813151198,-0.01000408277,0.0107557862,-0.01891617098,0.02189945236,-0.5731917208,0.6162611548,-1.083816762,1.254746194,0.003734984811,0.2139988662,-3.412571641,7.009461909,-9.131514403,5.510308498,0.05,-0.05,0.05,-0.05
10.252,0.01300273336,0.7450017435,-0.009312098885,0.004437531856,-0.001146885512,0.01018196589,-0.5335439645,0.2542518468,-0.06571169941,0.5833836729,0.004160513353,0.2383798557,-3.97791126,13.64773904,-22.76926354,14.68663816,0.05,-0.05,0.0480007448,-0.05
10.262,0.006763402024,0.3875143911,0.001190588729,0.0006400862599,0.008185008924,-0.002184803999,0.0682157093,0.03667424121,0.4689664666,-0.1251800482,0.007830879913,0.4486763689,1.648113721,-2.820108115,6.411021511,-5.495991974,-0.02784106576,-0.0112617896,-0.05,0.05
10.272,0.004329736312,0.2480756171,0.002932413992,0.01491814826,-0.02138576692,0.01598657049,0.1680149455,0.8547469334,-1.225314186,0.9159630179,0.01245136582,0.7134107109,2.750018592,-3.530490228,2.021778904,-0.2756273211,-0.05,-0.05,0.05,-0.05
10.282,0.006063474,0.3474114694,0.003361617735,-0.002886848984,0.01286006364,-0.003568445341,0.1926065086,-0.1654042629,0.7368273706,-0.2044568574,0.009766387046,0.5595727588,2.579616008,-9.24906547,16.04942861,-10.1583067,-0.05,0.05,-0.05,0.05
10.292,0.005388039478,0.3087119219,0.009164618456,-0.02358679953,0.04118999289,-0.0151626078,0.5250939584,-1.351424066,2.36001275,-0.8687534335,0.011605204,0.6649292098,0.1316748227,-1.926089546,3.118508576,-1.35076134,-0.05,0.05,-0.05,0.05
10.302,0.005735556036,0.328623154,0.002135595547,-0.01554367327,0.05273599613,-0.03027791124,0.1223606116,-0.8905868763,3.021550007,-1.734796526,0.009050007171,0.5185272154,6.067496242,-17.07845851,29.4239735,-19.58930488,-0.05,0.05,-0.05,0.05
10.312,0.004377843294,0.2508319441,-0.009973975554,0.04137492078,-0.04103524496,0.02731854988,-0.5714667042,2.370608338,-2.351146347,1.565237611,0.01768425015,1.013232897,1.807771293,2.624240399,-9.538046296,7.293844992,0.05,-0.05,0.05,-0.05
10.322,0.000497357828,0.02849650445,0.008013885329,0.006385089664,-0.005403543673,0.01223236608,0.4591618069,0.3658386896,-0.3096002469,0.7008629497,0.0212277974,1.216263199,-2.043926943,2.46371892,-2.586534857,1.658286305,-0.05,-0.05,0.05,-0.05
10.332,0.003472962674,0.1989861036,0.006268561887,-0.0113798189,0.02978812948,-0.00749008098,0.3591621398,-0.6520155948,1.706734099,-0.4291500283,0.01718679149,0.9847306155,3.124207198,-7.340275749,9.501256402,-5.204975418,-0.05,0.05,-0.05,0.05
10.342,0.003357993737,0.1923988688,0.004912039825,-0.009264896426,0.0379517219,-0.01956497671,0.2814391507,-0.5308394629,2.17447349,-1.120990592,0.01403388859,0.8040825864,-0.05045558332,-0.3932030811,2.542443285,-2.659160035,-0.05,0.05,-0.05,0.05
10.352,-0.001826292851,-0.1046388725,0.02005612508,-0.01878524299,0.02836293496,-0.009451344037,1.14913132,-1.07631514,1.625076468,-0.5415221241,0.02018247301,1.156370523,5.426885343,-16.12617699,25.09738286,-15.58529849,-0.05,0.05,-0.05,0.05
10.362,0.007076384587,0.4054469711,-0.006201045042,0.02539609796,-0.02992778168,0.02610280296,-0.3552937095,1.455089229,-1.71473558,1.495580443,0.0153700742,0.8806403824,0.3746551108,-3.209046664,6.620392443,-4.535219972,0.05,-0.05,0.05,-0.05
10.372,0.005202594451,0.2980867046,0.002562593562,0.007245147934,-0.008448215019,0.01457278291,0.1468257957,0.4151163986,-0.484047065,0.8349589564,0.01593230939,0.9128540857,3.439747664,-5.056671776,3.97827359,-1.480670261,-0.05,-0.05,0.05,-0.05
10.382,0.009281771258,0.5318063195,-0.01245801917,0.03573779548,-0.0426642005,0.03266461936,-0.7137919198,2.04762485,-2.444478625,1.871544829,0.01328019516,0.760899134,-1.801470919,4.167260994,-3.779010266,0.9888612902,0.05,-0.05,0.05,-0.05
10.392,0.007613474676,0.4362199663,-0.007284038542,0.01194932469,0.02105079492,-0.02018860894,-0.4173446663,0.6846458726,1.206121704,-1.156722087,0.005527472122,0.3167008239,-5.669802559,13.98541509,-18.93366069,10.60217082,0.05,-0.05,-0.05,0.05
10.402,-0.0007401752879,-0.0424089201,0.01848763134,-0.01482828446,0.025969163,-0.0143716532,1.059263249,-0.8495981172,1.487923437,-0.8234350728,0.01525685667,0.874153496,2.260768761,-5.240056515,6.20083022,-3.202267809,-0.05,0.05,-0.05,0.05
10.412,0.003390791853,0.1942780624,0.005453040819,0.002831276338,0.01596663039,-0.01506546845,0.3124362244,0.1622201848,0.9148205344,-0.8631877588,0.009185479094,0.5262891849,4.542346106,-14.20568702,25.03969747,-16.93113913,-0.05,-0.04808239242,-0.05,0.05
10.422,0.006390465682,0.3661467127,-0.005737404415,0.03991546493,-0.06214539804,0.04238966026,-0.3287290583,2.286987678,-3.560669024,2.428748628,0.01442232273,0.8263382231,0.5467235001,2.467903994,-9.016756577,7.501783359,0.05,-0.05,0.05,-0.05
10.432,0.007167881998,0.4106893865,0.009706053008,-0.03736387591,0.07371544398,-0.04206821182,0.5561158731,-2.140792396,4.223583825,-2.410330989,0.003989409253,0.2285763129,-4.225081066,4.825961369,-2.657680466,0.7664624646,-0.05,0.05,-0.05,0.05
10.442,0.009892702593,0.5668101065,-0.01475049814,0.02819585899,-0.01741053423,0.01220582961,-0.8451412889,1.61550372,-0.9975501303,0.6993425219,0.00824065623,0.4721548224,4.79562119,-11.13628808,17.37536517,-11.03076745,0.05,-0.05,0.05,-0.05
10.452,0.007678640219,0.439953677,-0.01209342107,0.02367577661,-0.005936602093,0.004152297076,-0.6929019869,1.356522076,-0.3401422446,0.2379090978,0.009798050523,0.5613869424,-5.886824892,18.56967708,-30.01140629,19.01938908,0.05,-0.05,0.05,-0.05
10.462,-0.0001736312395,-0.009948337213,0.01160189658,-0.01066610766,0.02268244999,-0.005574192453,0.6647397086,-0.611122953,1.299608653,-0.3193777018,0.01804404645,1.033847707,-0.3997741986,1.83435171,-6.148550753,5.508042449,-0.05,0.05,-0.05,0.05
10.472,0.003661641367,0.2097965964,0.008695315184,-0.02766757432,0.04815162297,-0.01354417077,0.4982048616,-1.585235238,2.758884773,-0.7760238223,0.01563519306,0.8958305745,0.09934111074,-5.064453646,10.65016182,-6.878610882,-0.05,0.05,-0.05,0.05
10.482,0.005568733029,0.3190648998,-0.001439006086,-0.01105800594,0.03159347222,-0.003507657722,-0.08244897542,-0.6335770701,1.810172618,-0.2009739835,0.01558880247,0.8931725894,4.532585918,-9.461433613,13.21320658,-8.080341519,0.02712554797,0.05,-0.05,0.05
10.492,0.0004124162217,0.0236297089,0.006998524805,-0.00366406498,0.01313502374,0.001692682863,0.4009859341,-0.2099354592,0.7525814243,0.0969835841,0.01816216643,1.040615483,0.941972451,-2.223556977,5.667979173,-5.361225754,-0.05,0.05,-0.05,-0.03187779723
10.502,-0.001232716876,-0.07062947433,0.005866127023,0.01841065621,-0.01401519206,0.00333570081,0.3361043205,1.054852899,-0.8030113543,0.1911215781,0.01359729198,0.7790674434,0.935811671,1.88444921,-7.888847516,5.847008364,-0.05,-0.05,0.05,-0.05
10.512,0.007530969566,0.4314927718,0.003387703314,-0.01271457677,0.02305033147,-0.01056803388,0.1941011021,-0.7284915872,1.32068671,-0.6055037392,0.003155424134,0.1807924855,0.2919915777,-9.609292662,17.4980959,-10.65889913,-0.05,0.05,-0.05,0.05
10.522,0.01249861768,0.7161180426,-0.004701267635,-0.00377330115,0.002472350835,0.004834762316,-0.2693627938,-0.2161942307,0.1416552683,0.2770114757,-0.001167455634,-0.06689028059,1.117143698,-0.7526516026,1.364498132,-2.093160731,0.05,0.05,-0.05,-0.05
10.532,0.008383244344,0.4803245196,-0.005953408477,0.03278208157,-0.03956066079,0.006643134217,-0.3411051795,1.878274918,-2.266658898,0.3806235533,-0.006088853484,-0.3488656067,-0.007152550198,3.494374725,-4.00486004,0.06462983491,0.05,-0.05,0.05,-0.05
10.542,0.006980445183,0.3999500481,-0.0008995384952,0.02774585264,-0.02492171784,-0.01481683247,-0.05153975928,1.589720255,-1.427909251,-0.8489419661,-0.01289223616,-0.7386707206,-2.248389683,5.585551803,-9.215233646,5.802936686,0.02203823658,-0.05,0.05,0.05
10.552,0.00985257013,0.5645106858,0.01091820799,-0.01629999689,-0.00919817013,0.009740956316,0.6255672378,-0.9339210279,-0.5270163277,0.5581156853,-0.004839002713,-0.2772544325,-2.468126017,3.217199456,-9.90322118,10.28969626,-0.05,0.05,0.05,-0.05
10.562,0.02331544686,1.335876702,-0.03273982585,0.01852783134,-0.007696979004,0.007059072259,-1.875853843,1.061566539,-0.441004412,0.4044550477,-0.01484990126,-0.8508366682,-4.584476405,11.49555923,-15.41395729,9.457543932,0.05,-0.05,0.05,-0.05
10.572,0.01258345775,0.7209790206,-0.01697803263,0.01792200369,-0.02692629667,0.02790945475,-0.9727696143,1.026855172,-1.542763157,1.599093965,0.00192712913,0.1104163657,0.4023592589,9.571651357,-23.13794998,17.00655427,0.05,-0.05,0.05,-0.05
10.582,0.00177918782,0.1019399531,0.01081429674,-0.02330291382,0.02102067414,0.0023026892,0.6196135619,-1.335158612,1.20439591,0.1319343727,0.01083474626,0.6207852327,-3.287354836,6.923175521,-6.688799386,2.666178431,-0.05,0.05,-0.05,-0.05
10.592,-0.002199280251,-0.1260094764,0.0009905487778,0.00969279492,0.01855800943,-0.02360178317,0.05675426437,0.5553562406,1.063295617,-1.352282564,0.005639569964,0.3231235572,1.227384349,4.764753233,-8.781153967,4.317739672,-0.02301945746,-0.05,-0.05,0.05
10.602,-0.004634117654,-0.2655153833,0.008819693844,-0.004581644492,0.03448053034,-0.03184398375,0.5053312338,-0.2625088926,1.975588864,-1.824525872,0.006874595944,0.3938853335,-1.657600345,-0.9088406298,4.563018949,-3.258509693,-0.05,0.05,-0.05,0.05
10.612,-0.00344243843,-0.1972371933,0.01351152438,-0.02356001667,0.04629191575,-0.02805952282,0.7741533218,-1.34988952,2.652331398,-1.607692233,0.008183900644,0.4689029669,5.15561867,-17.82108627,27.61786011,-16.3495273,-0.05,0.05,-0.05,0.05
10.622,0.005364445356,0.3073600783,-0.01513997008,0.0393655383,-0.06595683518,0.05303527998,-0.8674563873,2.255479203,-3.779048286,3.038697708,0.01130401302,0.6476722378,-0.3192599558,4.197663289,-10.44000931,7.833560136,0.05,-0.05,0.05,-0.05
10.632,0.0009486000014,0.05435077653,0.01207239124,-0.04359071224,0.06563080901,-0.02872524801,0.6916970668,-2.497563837,3.760368362,-1.645835476,0.005387240003,0.3086661154,-3.127169172,4.053426864,-2.95001217,1.073484011,-0.05,0.05,-0.05,0.05
10.642,0.002275971998,0.1304035898,-0.008264711341,0.02139921062,-0.03306481541,0.03063453302,-0.4735330787,1.226084453,-1.894474374,1.755229449,0.01070421689,0.6133064506,4.976043093,-10.88125687,16.2399665,-10.27496575,0.05,-0.05,0.05,-0.05
10.652,0.003334141986,0.1910322641,-0.01336988118,0.02881392163,-0.03880971873,0.03258404988,-0.7660377643,1.650916101,-2.223633087,1.866928538,0.009218371602,0.5281737868,-8.577253139,21.93425011,-33.29211854,20.70453403,0.05,-0.05,0.05,-0.05
10.662,-0.003472111448,-0.198937332,0.01171648651,-0.03037151526,0.05333870666,-0.02678950473,0.6713052277,-1.740159642,3.056082776,-1.534925556,0.007894173179,0.4523028059,2.786053838,-8.551225525,14.03362225,-9.021994198,-0.05,0.05,-0.05,0.05
10.672,-0.002366641818,-0.1355985878,-0.0008128455583,0.02064371814,-0.04048164828,0.03406127388,-0.04657261988,1.182797923,-2.319427594,1.951567238,0.01341049819,0.7683649473,4.024000708,-6.77880591,7.388905072,-4.13358394,0.01385860157,-0.05,0.05,-0.05
10.682,-8.375039541e-05,-0.00479854419,-0.005223849321,0.01723991869,-0.01216411244,0.002702907937,-0.2993045189,0.9877745804,-0.6969523042,0.1548652172,0.002554864873,0.1463829745,-1.742925463,3.252127906,-2.050573932,-0.4804011525,0.05,-0.05,0.05,-0.05
10.692,-0.0009580122492,-0.0548900586,0.002577840367,0.01340368382,-0.0301432547,0.0173882373,0.1476993733,0.767974513,-1.727081275,0.9962726106,0.003226506789,0.1848652216,2.37779232,-2.895969772,-1.339377175,2.589834135,-0.05,-0.05,0.05,-0.05
10.702,0.009289558595,0.532252501,-0.01790525502,0.0245184047,-0.02962784145,0.01348080077,-1.025895544,1.40480111,-1.697550271,0.7723929886,-0.009533891005,-0.5462517169,-6.234781357,16.76100539,-26.41810956,16.38806287,0.05,-0.05,0.05,-0.05
10.712,0.002688010177,0.1540116384,0.007005295221,-0.01627063184,0.01356712763,-0.01244628361,0.4013738504,-0.9322385345,0.777339153,-0.7131195213,-0.008144492601,-0.4666450523,0.04496657963,3.220042933,-8.137618036,5.554183934,-0.05,0.05,-0.05,0.05
10.722,0.001919593499,0.1099846059,0.0131126492,-0.02687032967,0.02155647946,-0.01774840492,0.7512994577,-1.539556484,1.235095294,-1.016908695,-0.009949605932,-0.5700704277,-0.08823515113,-2.612795303,5.738576194,-4.129514071,-0.05,0.05,-0.05,0.05
10.732,0.004372302613,0.2505144865,0.006736854132,-0.02660483229,0.03388923474,-0.02890745115,0.385993309,-1.524344605,1.941710121,-1.656274947,-0.01488619456,-0.8529161214,6.03225698,-15.31060376,21.66256319,-12.50725658,-0.05,0.05,-0.05,0.05
10.742,0.005926154326,0.3395436316,-0.004858199921,0.01518398108,-0.05211385602,0.03522223475,-0.2783543515,0.8699780323,-2.985904004,2.018085396,-0.006565840104,-0.3761949269,2.65180499,-4.615661879,4.512923309,-1.804334983,0.05,-0.05,0.05,-0.05
10.752,0.008016566166,0.4593154075,-0.008003146744,-0.01000378898,0.01840927733,-0.01609372486,-0.4585465313,-0.5731748879,1.054773895,-0.922102511,-0.01569138325,-0.899050035,-7.398513176,15.68205182,-19.97656017,11.38826018,0.05,0.05,-0.05,0.05
10.762,0.001213554471,0.0695315494,-0.002702425502,0.003547272309,-0.001966690403,-0.007566807745,-0.1548375757,0.2032437321,-0.1126830597,-0.4335461482,-0.008688651341,-0.4978230515,7.809642281,-18.71234912,29.32063082,-18.84628243,0.05,-0.05,0.01394655805,0.05
10.772,-0.00177462151,-0.1016783227,0.008361130628,-0.007785409853,-0.01720132994,0.01664459799,0.479057497,-0.4460711264,-0.9855636074,0.9536652166,1.898883002e-05,0.001087979818,-6.955713282,19.52853769,-33.2250177,22.28140655,-0.05,0.05,0.05,-0.05
10.782,-0.003727933832,-0.2135948749,0.01169895487,-0.03138875575,0.045269577,-0.03013767181,0.6703007386,-1.798443229,2.593755703,-1.726761399,-0.004557895693,-0.2611481867,8.980980709,-23.37623861,37.97661852,-24.54445877,-0.05,0.05,-0.05,0.05
10.792,0.001352748344,0.07750677087,-0.01957095046,0.0440449373,-0.05672499999,0.0296387798,-1.121332863,2.523589016,-3.250103092,1.698176993,-0.002612233355,-0.1496699463,-5.213473739,19.6484195,-35.01787321,23.27110876,0.05,-0.05,0.05,-0.05
10.802,-0.01286764086,-0.7372615138,0.02844893068,-0.04412123679,0.05066000634,-0.02959983629,1.63000366,-2.527960655,2.902604553,-1.695945694,0.005387863938,0.3087018643,5.864404112,-19.52307587,34.20328111,-22.55773775,-0.05,0.05,-0.05,0.05
10.812,-0.001294070664,-0.07414478742,-0.01957844722,0.04639376907,-0.05364678549,0.0262539791,-1.121762395,2.658167164,-3.073734393,1.504242198,-0.0005774845351,-0.03308742659,-5.435942548,14.4569771,-22.33236836,14.26375284,0.05,-0.05,0.05,-0.05
10.822,-0.009198533908,-0.5270371707,0.01288305722,-0.02544481581,0.03687152119,-0.02079757458,0.7381448058,-1.457880556,2.112582548,-1.191613248,0.003512188016,0.2012335502,2.206352151,-3.359530305,0.152243791,2.062931342,-0.05,0.05,-0.05,0.05
10.832,-0.007550502623,-0.4326119335,0.009033999305,-0.01407600159,0.006994114858,0.003117573965,0.5176100323,-0.8064954834,0.4007332628,0.1786238305,0.00506968654,0.2904716422,4.735149187,-14.79499061,23.83238025,-15.06479438,-0.05,0.05,-0.05,-0.05
10.842,-0.0007895436182,-0.04523751707,-0.01911654586,0.04401876589,-0.05909430835,0.03230512244,-1.095297397,2.522089505,-3.385854462,1.850947173,-0.00188696588,-0.108115181,0.5634678421,2.943723197,-7.17676053,4.601005784,0.05,-0.05,0.05,-0.05
10.852,-0.004624815951,-0.264982435,-0.003095340224,0.01859940965,-0.03581951795,0.01884022648,-0.177349931,1.065667674,-2.052307203,1.079465463,-0.001475222037,-0.08452399658,-5.294463519,14.570778,-23.74985056,15.03209714,0.05,-0.05,0.05,-0.05
10.862,-0.002487231113,-0.1425078454,0.002438925472,-0.01617175075,0.02356241766,-0.01974152673,0.1397401361,-0.9265730654,1.350027087,-1.131106163,-0.009911934345,-0.5679120048,-3.789143554,6.150810145,-7.701344563,4.481673627,-0.04986721682,0.05,-0.05,0.05
10.872,-0.002071422278,-0.1186837541,0.004989721573,-0.02947163028,0.04742504397,-0.0369376509,0.2858899871,-1.688600031,2.717254863,-2.116371502,-0.01399451564,-0.8018266826,3.128753495,-6.904795664,9.285787063,-5.673110556,-0.05,0.05,-0.05,0.05
10.882,-0.003183739304,-0.1824148252,0.005288422616,-0.01490523858,0.01221790005,-0.0139479499,0.3030042962,-0.8540072634,0.7000341077,-0.7991586622,-0.01134686581,-0.6501275218,2.685999577,-6.537696433,9.986282749,-6.40042566,-0.05,0.05,-0.05,0.05
10.892,-0.0007918845175,-0.04537164071,0.0005005751842,-0.01682456615,0.01864139353,-0.01567973989,0.02868084538,-0.9639766325,1.068073173,-0.8983829198,-0.01336233733,-0.7656055336,0.07025463973,-0.7294240892,-0.507145791,1.43952222,-0.01108290869,0.05,-0.05,0.05
10.902,-0.000685287674,-0.03926409147,-0.004122236871,-0.005056720722,0.00422678551,-0.007843858648,-0.2361867749,-0.2897287556,0.2421769706,-0.4494199956,-0.01279603073,-0.7331585554,-1.757834912,0.8778812248,4.750252591,-5.344921985,0.05,0.05,-0.05,0.05
10.912,-0.003465092121,-0.1985351542,-0.004887994798,0.01419925507,-0.02671368313,0.008144053047,-0.2800614722,0.8135573878,-1.530581299,0.4666198677,-0.009258369809,-0.5304655152,-3.460683437,11.50557673,-19.90554384,13.05551734,0.05,-0.05,0.05,-0.05
10.922,-0.001556996334,-0.08920931864,-0.01000616654,0.02013702193,-0.03819866158,0.01939398373,-0.5733111118,1.153766368,-2.188622092,1.111193416,-0.008673822461,-0.4969734193,-6.334113077,14.62154136,-21.87358408,14.01029304,0.05,-0.05,0.05,-0.05
10.932,-0.001865641616,-0.1068933907,0.0002459179986,-0.02667153995,0.04066441952,-0.02689936308,0.01409006343,-1.528166672,2.329899615,-1.541219976,-0.01266056551,-0.7253969701,-2.683094883,4.119394149,-5.349273776,3.659846777,-0.002727101087,0.05,-0.05,0.05
10.942,-0.00616243083,-0.3530812781,0.007351341927,-0.02625712273,0.02760319979,-0.01428640424,0.4212008662,-1.504422314,1.581546849,-0.8185506673,-0.005588985252,-0.3202252667,1.385148646,-2.547720184,3.137464991,-1.611511726,-0.05,0.05,-0.05,0.05
10.952,-0.005510470933,-0.3157267276,-0.002298541855,-0.009585995354,0.02722494984,-0.02480798203,-0.1316967473,-0.5492370762,1.559874723,-1.421392669,-0.009467569404,-0.5424517691,1.168732397,-1.81308699,3.980473025,-3.472707876,0.04939918841,0.05,-0.05,0.05
10.962,-0.0122147858,-0.699855674,0.01820328601,-0.02658575611,0.02348832765,-0.01773908033,1.042971462,-1.52325162,1.345782042,-1.016374436,-0.002633222786,-0.1508725522,1.637781521,-9.415291899,18.82441878,-13.15717831,-0.05,0.05,-0.05,0.05
10.972,-0.004644420994,-0.2661057213,-0.002707637086,-0.005203725945,0.01302605219,-0.01560364995,-0.1551361775,-0.2981515344,0.7463378145,-0.8940232874,-0.01048896079,-0.6009731847,3.215206739,-9.337714621,12.65753814,-6.537469145,0.05,0.05,-0.05,0.05
10.982,-0.005732183503,-0.3284299221,0.01017853515,-0.03526711288,0.0313577194,-0.01193492819,0.5831871057,-2.020656724,1.796664977,-0.6838210143,-0.005665786523,-0.3246256554,1.023184709,-9.924098716,19.79113573,-12.95190922,-0.05,0.05,-0.05,0.05
10.992,0.001764313427,0.1010877131,-0.02207461657,0.02714415474,-0.04179491507,0.02828619932,-1.264782364,1.555245505,-2.394672239,1.62067984,-0.008439177583,-0.483529258,2.001469289,-4.20503521,7.399650453,-5.212852293,0.05,-0.05,0.05,-0.05
11.002,-0.007797457158,-0.4467613861,0.001290463205,0.01382054541,-0.05028281132,0.03677983927,0.07393809526,0.7918589226,-2.880992871,2.107329561,0.001608036564,0.09213370842,2.112556373,0.7401446269,-5.811424031,4.40814627,-0.03050274688,-0.05,0.05,-0.05
11.012,-0.003604722441,-0.2065353822,-0.005547388682,0.001196450509,-0.001800139945,-0.003582226113,-0.3178419588,0.06855156457,-0.1031404214,-0.2052464375,-0.009733304231,-0.5576772531,-1.042519307,-0.4579181665,4.362845385,-4.02707242,0.05,-0.02586399304,0.0352402334,0.05
11.022,-0.006908886344,-0.3958500286,0.006812336588,-0.01466493742,0.001896787737,0.001392006981,0.3903181351,-0.840239021,0.108677932,0.07975612509,-0.004563806114,-0.2614868288,1.816591383,-7.176027392,12.61066567,-8.139019036,-0.05,0.05,-0.05,-0.02248513456
11.032,-0.003450602008,-0.1977049318,-0.00473542463,-0.009931831542,0.03156850636,-0.03191372217,-0.2713198455,-0.5690520302,1.80874218,-1.828521589,-0.01501247198,-0.8601512845,1.010827815,-1.874882435,4.034838734,-3.487322703,0.05,0.05,-0.05,0.05
11.042,-0.01048804934,-0.6009209628,0.01892804925,-0.02873941154,0.02031633702,-0.01684467901,1.084497336,-1.646646987,1.164040367,-0.9651290148,-0.006339704282,-0.3632382987,1.999922983,-8.044047403,13.0468701,-8.090506494,-0.05,0.05,-0.05,0.05
11.052,-0.002990043029,-0.1713168461,0.00442658279,-0.02749204285,0.03860470557,-0.03164865276,0.2536245115,-1.575178026,2.211886699,-1.81333423,-0.01610940725,-0.9230010458,4.331626928,-15.81542223,27.44446635,-17.82361912,-0.05,0.05,-0.05,0.05
11.062,5.794188415e-05,0.003319825419,-0.01396796793,0.03620162475,-0.07646016421,0.04511906927,-0.8003056107,2.074200309,-4.38084471,2.585132245,-0.009107438118,-0.5218177663,1.691839093,3.178857788,-11.82900211,9.251692977,0.05,-0.05,0.05,-0.05
11.072,-0.006704200128,-0.3841223724,0.02224469949,-0.05001961163,0.03978613951,-0.02220450789,1.274527397,-2.86591264,2.279577877,-1.272224588,-0.01019328052,-0.584031953,-2.7326471,4.078431391,-4.624142763,2.589562949,-0.05,0.05,-0.05,0.05
11.082,0.0003747610218,0.02147222487,-0.00715756474,-0.00746063621,0.0230532615,-0.02936521132,-0.4100982512,-0.4274629673,1.320854588,-1.682502673,-0.02093015078,-1.199209304,0.4943001922,-0.8377220724,4.213626053,-4.255720464,0.05,0.05,-0.05,0.05
11.092,-0.01140247624,-0.6533137644,0.02058156465,-0.01987185938,0.00520256052,-0.01310677356,1.17923679,-1.138573673,0.2980847605,-0.7509628079,-0.007194507764,-0.4122149305,0.8686226692,-0.4297644682,-1.572223612,1.635125468,-0.05,0.05,-0.05,0.05
11.102,-0.002066082061,-0.1183777822,-0.0003136989465,-0.01789327542,0.0395495175,-0.04180291139,-0.01797362567,-1.025209163,2.266020434,-2.395130394,-0.02046036826,-1.172292749,-3.645532359,0.4208209725,6.575596559,-5.656886017,0.01054690918,0.05,-0.05,0.05
11.112,-0.004572063392,-0.261959936,0.004060455454,-0.009573445546,0.00156158226,-0.006758432368,0.2326469604,-0.5485180252,0.08947207288,-0.3872296508,-0.0107098402,-0.6136286427,7.485239578,-15.85289012,19.31531172,-9.982135149,-0.05,0.05,-0.05,0.05
11.122,-0.002156602325,-0.1235642113,0.001685968542,-0.01893569024,0.01659370377,-0.01081344839,0.09659888187,-1.084935133,0.9507491923,-0.6195649547,-0.01146946632,-0.6571520133,1.544975955,-9.026864956,18.9890648,-13.21494899,-0.03863628389,0.05,-0.05,0.05
11.132,-0.003791703451,-0.2172486049,0.00232684046,-0.01437071708,0.008637320316,-0.004490151951,0.133318138,-0.8233814372,0.4948820004,-0.2572667562,-0.007896708254,-0.452448055,0.02237899667,1.250947033,-3.604772576,3.070263297,-0.05,0.05,-0.05,0.05
11.142,-0.00230296168,-0.1319499846,-0.0005432046523,-0.02170345751,0.03128143604,-0.01920439662,-0.03112333399,-1.243516516,1.792294262,-1.100330875,-0.01016962275,-0.5826764627,-2.627969862,1.542353192,2.837682974,-3.11358882,0.01457847221,0.05,-0.05,0.05
11.152,-0.006187061564,-0.3544925152,0.001135876753,-0.0006276434703,-0.008634182734,0.004733783601,0.065080944,-0.03596132188,-0.4947022302,0.2712258215,-0.00339216585,-0.1943567866,7.42393429,-15.38818653,21.91643449,-13.64590225,-0.03241322286,0.02919634287,0.05,-0.05
11.162,-0.001795330106,-0.1028648379,-0.02062400014,0.03629755611,-0.02678897858,0.0001151355823,-1.181668165,2.079696772,-1.53489541,0.006596782939,-0.01100028703,-0.6302700203,-7.266726814,21.70075316,-32.67221178,19.39866663,0.05,-0.05,0.05,-0.02193164944
11.172,-0.01117796675,-0.6404503185,0.0101814228,-0.02147464376,0.05840761029,-0.05657231502,0.5833525556,-1.230406454,3.346509561,-3.241354888,-0.009457925699,-0.5418992255,4.174435142,-10.70492579,16.05412781,-9.958755975,-0.05,0.05,-0.05,0.05
11.182,-0.00662802955,-0.3797581197,-0.01065065127,0.04102231027,-0.05004164382,0.01520517253,-0.6102373666,2.350405244,-2.867174991,0.871192213,-0.004464812283,-0.2558149001,2.071585198,-3.631705471,3.556513749,-1.59881586,0.05,-0.05,0.05,-0.05
11.192,-0.00548436996,-0.314231252,0.004027586918,-0.008364825808,0.0002331885139,0.0008479608446,0.230763732,-0.4792692151,0.01336071768,0.04858457759,-0.003256089532,-0.1865601879,-5.329194606,12.72931727,-22.60920717,16.18311363,-0.05,0.05,0.01747905987,-0.03483825221
11.202,-0.003097618929,-0.1774804912,0.004807752575,-0.03549798691,0.05210520471,-0.0284234059,0.2754639315,-2.033884831,2.985408321,-1.628541198,-0.007008435525,-0.4015537766,2.046317279,-7.096739307,11.30029743,-6.633640387,-0.05,0.05,-0.05,0.05
11.212,-0.002839084522,-0.1626675608,-0.004314317748,-0.005170750381,0.008543002244,-0.002625877456,-0.2471921985,-0.2962621737,0.489477973,-0.1504516957,-0.003567943341,-0.204428095,4.581097715,-10.78198576,17.55554231,-11.65445638,0.05,0.05,-0.05,0.05
11.222,-0.005807101058,-0.3327223819,0.002068333321,-0.007690076742,0.01215941648,-0.009017292334,0.1185067699,-0.4406089414,0.6966832458,-0.5166527934,-0.002479619272,-0.1420717191,-2.185662672,3.159904025,-2.059366488,0.2743361899,-0.04331767039,0.05,-0.05,0.05
11.232,-0.00571355455,-0.3273625617,0.00421503633,-0.01454078713,0.02532570976,-0.01918042018,0.2415037922,-0.8331257335,1.451056282,-1.098957126,-0.004180461227,-0.2395227847,0.4835708964,-0.3492622732,-1.853709772,2.127762075,-0.05,0.05,-0.05,0.05
11.242,-0.002314941241,-0.1326363629,-0.002885916421,0.006498255338,-0.02527153839,0.02044897941,-0.1653508309,0.3723226051,-1.447952492,1.171640215,-0.001210220067,-0.06934050211,-4.216889757,10.37033513,-16.69190207,10.82359353,0.05,-0.05,0.05,-0.05
11.252,0.001416104882,0.08113683308,-0.00885899351,0.004067592886,-0.005620447523,0.00158692275,-0.5075829388,0.2330559051,-0.3220279221,0.090923976,-0.008824925397,-0.5056309797,-3.064036868,4.689421536,-1.948531918,-1.102986241,0.05,-0.05,0.05,-0.03380931427
11.262,-0.006881918739,-0.3943048987,0.01007019556,-0.005323888177,0.0006752425134,-0.01048547269,0.5769797044,-0.3050363232,0.03868854617,-0.6007733311,-0.00506392279,-0.2901414037,5.764583621,-9.765052144,12.23123626,-7.740734849,-0.05,0.05,-0.02708657155,0.05
11.272,-0.00132010537,-0.07563646623,0.001014873722,-0.004764204326,-4.489324743e-05,-0.003277904287,0.05814798101,-0.2729688006,-0.002572193606,-0.1878100813,-0.007072128139,-0.4052030945,-2.679882121,0.2855642751,0.9292421942,0.9163152574,-0.01964733976,0.05,5.840924915e-05,0.05
11.282,0.000357894375,0.0205058372,-0.00353190844,-0.009641880877,0.01160478575,-0.002306564016,-0.2023634473,-0.5524390808,0.6649052458,-0.1321563833,-0.00387556758,-0.2220536656,3.04709698,-6.395481923,9.77373031,-5.975551044,0.05,0.05,-0.05,0.05
11.292,-0.004185470981,-0.2398098225,-0.004242045228,0.01312905376,-0.01000894753,0.0008589245543,-0.2430512881,0.7522393696,-0.5734704508,0.04921275188,-0.0002630144419,-0.01506961747,-1.785160006,6.175937637,-7.800961798,3.618813209,0.05,-0.05,0.05,-0.0225151534
11.302,-0.004041045735,-0.2315348654,-0.0009464090552,0.007979545921,-0.01553123292,0.01163459934,-0.05422524456,0.4571943037,-0.8898740971,0.6666134385,0.003136503283,0.1797084005,-4.153505469,7.986218989,-11.59820331,7.758445628,0.02497450468,-0.05,0.05,-0.05
11.312,0.001888197602,0.1081857535,-0.01634517956,0.02493329666,-0.03429652677,0.0274109104,-0.9365098043,1.428572668,-1.965046236,1.570529478,0.001702500726,0.09754610622,-5.051035939,15.93016859,-27.05369314,17.8858186,0.05,-0.05,0.05,-0.05
11.322,-0.003710201742,-0.2125789009,0.004507001727,-0.01806430575,0.02644135186,-0.009049995287,0.2582321772,-1.035008479,1.514977866,-0.5185265346,0.00383405255,0.2196750296,-1.933352693,3.123732637,-2.185514256,0.368605703,-0.05,0.05,-0.05,0.05
11.332,-0.003447777364,-0.1975430916,-0.002166438871,0.009070872523,-0.01251084908,0.01066911089,-0.1241278039,0.5197227121,-0.7168188505,0.6112950254,0.005062695464,0.2900710831,-0.7366094849,6.899648097,-14.23085182,9.437138456,0.04839826465,-0.05,0.05,-0.05
11.342,-0.001752125298,-0.1003893848,-0.002913408289,0.008797009434,-0.01206837851,0.008599299126,-0.166925999,0.5040315129,-0.6914671541,0.4927035467,0.002414521762,0.1383419065,-0.5057363589,0.605914368,-0.3378199224,-0.1285953279,0.05,-0.05,0.05,-0.05
11.352,-0.001951427622,-0.1118085667,0.00375635292,-0.01225344756,0.02424070618,-0.01689802053,0.2152231687,-0.7020708294,1.388890157,-0.9681852583,-0.001154408978,-0.06614276225,4.78491977,-11.46898825,17.47112503,-11.16193526,-0.05,0.05,-0.05,0.05
11.362,-0.0006919319374,-0.03964477972,0.003681598664,-0.01260229195,0.02009799022,-0.01256829659,0.2109400653,-0.7220581409,1.151530016,-0.7201103505,-0.001390999663,-0.07969840998,-0.4939232929,0.5875991993,-1.539452526,1.37093946,-0.05,0.05,-0.05,0.05
11.372,0.002171910652,0.1244413139,-0.002817035688,0.007117957789,-0.02192077243,0.01785748,-0.1614042557,0.4078289401,-1.255967744,1.023158237,0.0002376296694,0.01361517714,-2.309129674,8.312798995,-14.58110789,9.324939785,0.05,-0.05,0.05,-0.05
11.382,0.002656213331,0.1521898133,-0.002177103303,0.006287882315,-0.01852259532,0.01282231508,-0.1247388308,0.3602691187,-1.061266537,0.7346645376,-0.001589501227,-0.09107171186,0.1534118757,0.132303792,0.1031624665,-0.4531350088,0.0477428608,-0.05,0.05,-0.05
11.392,0.0007369956561,0.04222674061,0.006114007447,-0.01381395244,0.01873835772,-0.01477656594,0.3503068226,-0.7914811733,1.073628812,-0.846634864,-0.003738153213,-0.2141804023,3.425669698,-9.902911827,16.88064594,-11.20217802,-0.05,0.05,-0.05,0.05
11.402,-4.204599837e-05,-0.002409058252,0.004854204658,-0.00513845457,0.008128141255,-0.009785826828,0.2781254398,-0.2944117601,0.4657081892,-0.5606865763,-0.001941935485,-0.1112647074,0.1272371648,1.621015718,-3.80933709,2.82361387,-0.05,0.05,-0.05,0.05
11.412,-0.004327361999,-0.247939579,0.0196359694,-0.03741254618,0.0569272246,-0.03900876587,1.125058173,-2.143580997,3.261689709,-2.235037648,0.0001418819501,0.008129236927,0.651260903,-4.746810642,9.663330029,-6.358050356,-0.05,0.05,-0.05,0.05
11.422,-0.001500749286,-0.08598660022,0.004929882007,-0.000452468522,-0.00503305722,0.006958673371,0.2824614325,-0.02592453667,-0.2883729368,0.3987026151,0.006403029636,0.3668665742,4.956476716,-11.59555025,15.62009974,-8.389177576,-0.05,0.02154985773,0.05,-0.05
11.432,0.004182497123,0.239639433,-0.0168199821,0.02645976402,-0.02029989692,0.01487696925,-0.9637139857,1.516032805,-1.163098418,0.85238755,0.004216854252,0.2416079515,-1.898126321,6.533213527,-10.1771672,6.580420514,0.05,-0.05,0.05,-0.05
11.442,-1.306758936e-05,-0.0007487177189,-0.008834121621,0.01991729238,-0.01675320645,0.01685408014,-0.5061578846,1.141176793,-0.9598880229,0.9656676597,0.01118404445,0.6407985449,-4.95456239,15.20843011,-25.14091091,16.45687193,0.05,-0.05,0.05,-0.05
11.452,-0.004584067212,-0.2626477043,0.00982517241,-0.02022677566,0.03351174383,-0.007700062572,0.5629409121,-1.158908878,1.920081486,-0.4411810874,0.01541007801,0.882932432,-2.17184592,4.886553363,-8.063666845,5.741437555,-0.05,0.05,-0.05,0.05
11.462,-0.002671259387,-0.1530518889,0.009260702442,-0.03249217321,0.05315321519,-0.01456132186,0.5305991653,-1.861664392,3.045454898,-0.8343022869,0.01536042256,0.8800873842,-0.01693306988,-3.802872023,7.505530627,-4.439680995,-0.05,0.05,-0.05,0.05
11.472,0.001162556909,0.06660960435,-0.002818872173,-0.01442379238,0.02988509366,0.003514643593,-0.1615094785,-0.8264224279,1.712289737,0.2013742444,0.0161570727,0.9257320752,5.683114948,-15.26804844,23.60907116,-14.44790556,0.05,0.05,-0.05,-0.05
11.482,0.0005011340798,0.02871286774,-0.0147031224,0.03964263199,-0.05215855769,0.04795105774,-0.8424268594,2.271355502,-2.988465221,2.747393231,0.02073200963,1.187856653,-0.4970753926,6.978087455,-12.87803328,7.756429671,0.05,-0.05,0.05,-0.05
11.492,-0.01043870465,-0.5980937198,0.02866658539,-0.05916332848,0.104424296,-0.05656030843,1.642474356,-3.389809024,5.983071442,-3.240666961,0.01736724452,0.9950698127,-1.106109497,0.1282290439,2.535119367,-2.495499624,-0.05,0.05,-0.05,0.05
11.502,0.001687896364,0.09670933792,-0.03293960836,0.09585129045,-0.1163447118,0.0743261399,-1.887300538,5.491874404,-6.666060955,4.258574124,0.0208931102,1.197087035,-1.351719884,5.227022933,-7.270878359,3.926116506,0.05,-0.05,0.05,-0.05
11.512,-0.01175781673,-0.6736732747,0.02532386589,-0.0424753998,0.08994764726,-0.05348947782,1.450950636,-2.433661142,5.153620565,-3.064721327,0.01930663553,1.106188733,3.900493062,-9.369516352,11.47649319,-5.84422788,-0.05,0.05,-0.05,0.05
11.522,-0.002117675378,-0.1213338615,-0.009493009344,0.04388252127,-0.06082381889,0.0523408578,-0.5439093703,2.514283263,-3.484948116,2.998910248,0.02590655084,1.484336025,-0.737537786,0.6636840945,-1.565692484,1.784135322,0.05,-0.05,0.05,-0.05
11.532,-0.0004529085794,-0.0259497501,0.00140823665,-0.01157480804,0.02854397289,0.002227659583,0.0806860166,-0.6631876492,1.635449177,0.1276354923,0.02060506109,1.180583037,-5.185306305,10.69225696,-15.76506077,10.33994238,-0.0257959,0.05,-0.05,-0.05
11.542,0.0002559601327,0.01466543533,0.0001026705596,-0.02418285561,0.07522398556,-0.03765058713,0.005882589745,-1.385575563,4.310016891,-2.157219739,0.01349321337,0.7731041784,3.739848521,-7.78967107,11.98161622,-8.034909956,-0.005998600833,0.05,-0.05,0.05
11.552,-0.005745242224,-0.3291781317,0.007840942568,0.01636946971,-0.0356736683,0.04139254636,0.4492529165,0.9379015274,-2.043950633,2.37161821,0.02992929034,1.71482202,5.681428101,-7.879272231,5.207689521,-1.503934263,-0.05,-0.05,0.05,-0.05
11.562,0.001044131578,0.0598243327,-0.007798600216,0.02973385894,-0.02187058481,0.01475032766,-0.4468268785,1.703624626,-1.253092205,0.8451315215,0.01481500158,0.8488370638,-7.412747706,15.20625366,-15.99453707,6.215513211,0.05,-0.05,0.05,-0.05
11.572,-0.003522002763,-0.2017958937,0.00876046871,0.007330031252,0.01866408348,-0.02663326587,0.5019378837,0.4199798544,1.069373212,-1.525973729,0.008121317567,0.4653172207,0.3898367251,4.102844148,-11.49409599,7.880736881,-0.05,-0.05,-0.05,0.05
11.582,0.002816625044,0.1613807275,0.01606163547,-0.02991038768,0.04842343358,-0.03323661867,0.9202639248,-1.713738978,2.774458374,-1.904317975,0.001338062701,0.07666534552,-1.484558281,-3.493711258,6.338514251,-3.347182435,-0.05,0.05,-0.05,0.05
11.592,0.01445806992,0.8283863862,-0.00431891591,-0.009998054256,0.01256248796,-0.004756419694,-0.2474556537,-0.5728463122,0.7197775405,-0.2725227741,-0.006510901897,-0.3730471995,5.428104675,-15.29826738,22.25797899,-13.36446648,0.05,0.05,-0.05,0.05
11.602,0.01247665104,0.7148594472,0.006734847822,-0.0158830716,-0.0005237895824,0.004019816903,0.3858783559,-0.9100329682,-0.03001093242,0.230318543,-0.005652196454,-0.3238470018,4.740861194,-10.42978845,15.32238713,-10.29720252,-0.05,0.05,-0.003799016318,-0.05
11.612,0.014801407,0.8480581519,-0.005293908267,0.01411862868,-0.02093861476,-0.002475785397,-0.3033186008,0.8089378358,-1.199694254,-0.1418520542,-0.01458967974,-0.8359270736,2.496767009,-4.010305385,5.769108326,-4.402628934,0.05,-0.05,0.05,0.05
11.622,0.01494754923,0.856431485,0.0003818310379,-0.002616066919,-0.003160623904,-0.009114874699,0.02187730696,-0.1498895934,-0.1810904103,-0.5222438511,-0.01450973448,-0.8313465478,-0.3124367439,-4.344197803,10.48266056,-7.090309119,-0.00808784609,0.05,0.05,0.05
11.632,0.01110701321,0.6363849798,0.01075239938,-0.01881093117,0.008209212292,-0.006931472615,0.6160671039,-1.077786965,0.4703532175,-0.3971441266,-0.006780792117,-0.3885107701,6.049249809,-13.27467431,17.14709444,-9.163013314,-0.05,0.05,-0.05,0.05
11.642,0.01275545864,0.7308339459,0.003978314132,-0.01780340638,0.02000632393,-0.0127706695,0.2279406093,-1.020060046,1.146277925,-0.7317054641,-0.00658943782,-0.3775469764,2.871931359,-11.94056152,23.21540355,-15.4899115,-0.05,0.05,-0.05,0.05
11.652,0.01200249001,0.6876920214,-0.0103020528,0.02503678549,-0.03185125828,0.01648238142,-0.5902641459,1.434502141,-1.824942672,0.944370892,-0.0006341441695,-0.03633378452,3.390206444,-5.934971545,8.789470988,-5.476059021,0.05,-0.05,0.05,-0.05
11.662,0.008247064679,0.4725219995,-0.009334812808,0.03660547721,-0.0479579507,0.02680729844,-0.5348453764,2.097339351,-2.747788169,1.535945061,0.006120012136,0.350650866,-1.039122079,4.860469427,-7.671749234,4.875087275,0.05,-0.05,0.05,-0.05
11.672,0.004169676178,0.2389048469,-0.001522601481,0.02314266209,-0.02427609623,0.01313109199,-0.08723863877,1.325976865,-1.390917857,0.7523561513,0.01047505637,0.6001765203,-5.647281719,15.41729769,-23.53818181,14.92166058,0.03914451431,-0.05,0.05,-0.05
11.682,0.002842780869,0.1628793459,0.002150995341,-0.00343614658,0.03743228926,-0.02718288868,0.1232429548,-0.1968766968,2.144712192,-1.557464797,0.008964249341,0.5136136537,-3.775363308,6.789214136,-7.313593926,4.209630259,-0.0435465342,0.05,-0.05,0.05
11.692,-0.001664320965,-0.09535856702,0.0103075837,-0.01450869074,0.04668346776,-0.02434574419,0.5905810428,-0.8312867457,2.674765676,-1.394908391,0.01813661653,1.039151582,6.734096681,-11.32272978,9.086463465,-2.006735921,-0.05,0.05,-0.05,0.05
11.702,0.001338630368,0.07669787044,0.008985638455,-0.01978074941,0.01864368592,0.0216756306,0.5148391597,-1.133353457,1.068204518,1.241922152,0.02952420556,1.691612372,1.66915129,-12.09756434,20.56071444,-11.19348957,-0.05,0.05,-0.05,-0.05
11.712,0.01008910978,0.5780634097,-0.03151828055,0.04246150096,-0.019086342,0.02925887831,-1.805864453,2.432864797,-1.093566843,1.67641024,0.02111575672,1.209843741,-2.640984321,10.39363917,-13.48537924,6.421126049,0.05,-0.05,0.05,-0.05
11.722,-0.007243464967,-0.4150199716,0.01328835025,-0.006859548499,0.02824191971,-0.001160056607,0.761366386,-0.3930231783,1.618142805,-0.0664663476,0.03351066485,1.920019665,2.325338519,3.444823411,-13.29003074,10.1647299,-0.05,0.05,-0.05,0.01535651546
11.732,-0.004041569393,-0.2315648688,0.01097857851,-0.01960513847,0.05751914064,-0.02164432343,0.6290262135,-1.123291691,3.295604,-1.240128383,0.02724825725,1.561210139,2.036667356,-16.03917848,32.42182312,-21.87128399,-0.05,0.05,-0.05,0.05
11.742,0.005027936358,0.288079533,-0.02271668859,0.04647226102,-0.02976531551,0.03091415431,-1.301570381,2.662664421,-1.705426955,1.771250569,0.02490441122,1.426917654,-0.3785550885,8.984679033,-21.04003584,15.03930156,0.05,-0.05,0.05,-0.05
11.752,-0.006546071663,-0.3750622787,0.02829280782,-0.04550646722,0.05782729987,-0.006634311073,1.621058479,-2.607328512,3.313260223,-0.3801180245,0.0339793294,1.946872165,0.3371279539,0.1408653695,-4.27620169,4.339002414,-0.05,0.05,-0.05,0.05
11.762,0.0007923798053,0.04540001861,0.005541836278,-0.000616947437,-0.006590253986,0.03226884549,0.3175238295,-0.03534848432,-0.3775937393,1.848868656,0.03060348035,1.753450262,3.886727413,-12.19687586,20.76095332,-13.71472765,-0.05,0.02576971947,0.05,-0.05
11.772,0.006415665779,0.3675905719,-0.01835222473,0.03280645818,-0.01183658193,0.0169508562,-1.051505022,1.879671595,-0.6781861883,0.9712125195,0.01956850773,1.121192904,-2.783619245,13.72281338,-24.695318,15.76915038,0.05,-0.05,0.05,-0.05
11.782,-0.004111268675,-0.2355583435,0.0157310461,-0.01598704952,0.03733211525,-0.01132128218,0.9013225487,-0.9159904644,2.138972644,-0.6486616873,0.02575482965,1.475643041,-1.140458688,4.491499613,-8.51568301,5.545291089,-0.05,0.05,-0.05,0.05
11.792,-0.0003082976526,-0.01766415433,0.006458831718,-0.00724995673,0.03597122397,-0.01487576953,0.370063798,-0.4153919223,2.060999317,-0.8523188111,0.02030432942,1.163352382,-0.3542956244,-1.947622567,5.378524631,-4.083234715,-0.05,0.05,-0.05,0.05
11.802,-0.001503321983,-0.08613400486,0.01412476678,-0.01362340495,0.02394173234,-0.0008840251453,0.8092895231,-0.7805636061,1.371760217,-0.05065090981,0.02355906902,1.349835224,2.490343868,-6.694139522,9.823062936,-6.248450752,-0.05,0.05,-0.05,0.02569700395
11.812,0.003041594705,0.1742705396,0.00149953195,-0.003017005781,0.04475148635,-0.03421277196,0.08591685197,-0.172861698,2.564071295,-1.960247439,0.009021240565,0.5168790103,0.3213028356,-1.411965464,4.829377634,-4.908380592,-0.03331100573,0.05,-0.05,0.05
11.822,-0.002459472027,-0.140917367,0.0204281159,-0.01352087827,0.02770952867,-0.02056853104,1.170444825,-0.7746892602,1.587639045,-1.178490019,0.01404823526,0.80490459,5.177768288,-12.97309654,15.93334691,-8.337628656,-0.05,0.05,-0.05,0.05
11.832,0.00789167508,0.4521596754,0.001722938909,-0.003287427205,0.01777408744,-0.01127730018,0.09871712784,-0.1883557043,1.018380195,-0.6461417048,0.004932298966,0.282599914,-3.130743872,-0.9765352785,8.778132503,-7.430653903,-0.03477391212,0.05,-0.05,0.05
11.842,0.007717025924,0.4421530158,0.008064490021,-0.02022143332,0.03563791231,-0.01953579451,0.4620612421,-1.158602785,2.041901966,-1.119318575,0.003945174505,0.2260418486,6.436530694,-11.41499573,10.3987957,-4.174019615,-0.05,0.05,-0.05,0.05
11.852,0.01073363153,0.6149917856,0.005389318199,-0.01291939149,-0.0006035065015,0.01502782972,0.3087851872,-0.7402266063,-0.03457837544,0.8610312181,0.006894249925,0.3950114236,1.205817015,-9.67150551,18.24001565,-11.61997602,-0.05,0.05,-0.004962872617,-0.05
11.862,0.01748110919,1.001593778,-0.02218946684,0.0319835019,-0.03574234574,0.0251273242,-1.271362799,1.832519673,-2.047885561,1.439689627,-0.0008209864814,-0.04703906042,1.382554022,0.1359594793,-2.01087588,1.29022028,0.05,-0.05,0.05,-0.05
11.872,0.01070469435,0.6133338074,0.005369490987,-0.02748989085,0.04749337528,-0.02666742679,0.3076491717,-1.575054725,2.721169958,-1.527931005,-0.001294451367,-0.07416660011,-3.662785542,10.15681824,-16.22526047,10.22516383,-0.05,0.05,-0.05,0.05
11.882,0.007325347315,0.4197114846,0.01351732149,-0.03631094044,0.05568088632,-0.03206005252,0.7744854715,-2.080463637,3.190279786,-1.836905701,0.000827214844,0.04739591931,6.358628065,-19.20924371,31.89279164,-20.60663071,-0.05,0.05,-0.05,0.05
11.892,0.01518240505,0.8698877322,-0.02314316464,0.04486908734,-0.05057463505,0.02805430399,-1.326005658,2.570809335,-2.897713139,1.607393216,-0.0007944083596,-0.04551624622,-3.735392703,10.86881894,-15.94837686,9.407421179,0.05,-0.05,0.05,-0.05
11.902,0.007220525663,0.4137056464,0.00585834596,-0.02698174744,0.07123163269,-0.05468824201,0.3356584984,-1.545940252,4.081271921,-3.133405456,-0.004580010798,-0.2624152889,-0.9232700499,1.860876544,-1.482708172,0.2902909491,-0.05,0.05,-0.05,0.05
11.912,0.002386756484,0.1367510733,0.003075691829,0.02244943691,-0.02147130388,0.001821073546,0.1762241609,1.286257988,-1.230215093,0.1043398284,0.005874898411,0.336606884,6.337878925,-12.09038985,16.60852037,-10.48399037,-0.05,-0.05,0.05,-0.02957962764
11.922,0.007068470137,0.4049935065,-0.009771385371,0.04048408713,-0.04317948404,0.01480635342,-0.5598591418,2.31956733,-2.474002197,0.8483415608,0.002339571141,0.1340475522,-5.491522151,16.15750259,-28.28205927,19.04202512,0.05,-0.05,0.05,-0.05
11.932,-0.0002194761775,-0.01257505868,0.03222332089,-0.06633198481,0.09883127187,-0.06278760496,1.846260289,-3.800542776,5.662614762,-3.59746477,0.001935002992,0.1108675048,3.490617802,-12.11698321,18.57070525,-10.85184414,-0.05,0.05,-0.05,0.05
11.942,0.01413695281,0.8099877313,-0.02188408911,0.05299148401,-0.08912674555,0.06354587254,-1.253865944,3.036188384,-5.106586362,3.640910302,0.005526521893,0.3166463799,-4.898577339,13.27053671,-21.86309216,14.60828267,0.05,-0.05,0.05,-0.05
11.952,0.00381219963,0.2184229494,0.0284692674,-0.07821144701,0.09890067098,-0.04384204253,1.631168868,-4.481185823,5.666591038,-2.511964002,0.005316448835,0.3046100802,4.911074252,-15.36428437,23.54656497,-13.86323155,-0.05,0.05,-0.05,0.05
11.962,0.01468441196,0.8413548301,-0.01738612983,0.02440133779,-0.06115591037,0.06521620082,-0.9961518614,1.39809367,-3.503975557,3.736613063,0.0110754984,0.6345793145,-8.500030941,21.42139328,-31.1826749,19.15166203,0.05,-0.05,0.05,-0.05
11.972,0.006232926805,0.3571204,0.0093394256,-0.04936657126,0.07370596721,-0.02535816769,0.5351096699,-2.828496182,4.223040846,-1.452915985,0.008320653856,0.4767383488,3.601669648,-13.35174194,26.66509759,-18.82213862,-0.05,0.05,-0.05,0.05
11.982,0.009213905292,0.5279178861,-0.0276556918,0.05014611671,-0.04717639743,0.035081732,-1.58455442,2.873160846,-2.703008465,2.010035182,0.01039575948,0.5956331428,-1.734778306,9.742407773,-15.09578468,8.561425983,0.05,-0.05,0.05,-0.05
11.992,-0.004241853621,-0.2430403098,0.01348214469,-0.03808845976,0.0995217173,-0.06510611969,0.7724699896,-2.182307992,5.702174371,-3.730305879,0.009809282546,0.5620304899,-0.3852283544,0.00870320333,2.083895184,-2.086472207,-0.05,0.05,-0.05,0.05
12.002,-0.005000034169,-0.2864808553,-0.00883257273,0.06154724257,-0.07995313252,0.05357586394,-0.5060691396,3.52639724,-4.580977052,3.069670888,0.02633740126,1.509021935,4.277535597,-3.552006891,-0.4237900443,1.864213241,0.05,-0.05,0.05,-0.05
12.012,-0.009984902134,-0.5720927511,0.01647765114,-0.01356233546,0.04316590726,-0.02468077068,0.9440998668,-0.7770645824,2.473224305,-1.414103995,0.02140045227,1.226155594,-4.786924738,8.767355867,-9.979754965,5.24165615,-0.05,0.05,-0.05,0.05
12.022,-0.007697940557,-0.4410595049,0.007828039355,-0.01192787877,0.06502274132,-0.04556571017,0.4485136169,-0.6834171121,3.72552865,-2.610722883,0.01535719173,0.8799022714,5.210263999,-11.90917905,15.80698261,-8.931199011,-0.05,0.05,-0.05,0.05
12.032,-0.006352955111,-0.3639975153,0.003596744837,0.01877304381,-0.02570816699,0.02947742356,0.2060782991,1.075616179,-1.472969468,1.688931961,0.02613904522,1.497656972,4.167088864,-8.248691055,6.883923751,-1.884236423,-0.05,-0.05,0.05,-0.05
12.042,0.00138650619,0.07944095296,-0.008455938132,0.01351666065,-0.009212564198,0.02160953137,-0.4844895668,0.7744476082,-0.527841047,1.238134945,0.01745768968,1.000251939,-1.679372045,3.005721966,-4.168797438,2.544531509,0.05,-0.05,0.05,-0.05
12.052,-0.003818520511,-0.2187851093,0.004674118265,-0.001319451276,0.01517693015,-0.003068356547,0.2678072495,-0.07559898939,0.8695740433,-0.1758038802,0.01546324059,0.8859784232,3.435852579,-6.04431903,9.021236639,-6.799852785,-0.05,0.0350722471,-0.05,0.05
12.062,-0.0009743065571,-0.05582365368,0.001035129293,0.007320030521,-0.0006980913376,0.001146510543,0.05930853976,0.4194068548,-0.03999768736,0.06569021527,0.00880357902,0.5044079224,-0.8878871179,2.601061588,-7.747952144,6.081159295,-0.02188495734,-0.05,0.02310596157,-0.03130439124
12.072,0.006532460708,0.3742824284,-0.007999982995,0.01311605356,-0.02408485607,0.02089326638,-0.4583652618,0.7514945127,-1.379960603,1.197095984,0.001924480874,0.1102646319,-3.290368179,9.789194526,-17.15951316,10.87933261,0.05,-0.05,0.05,-0.05
12.082,0.007468994437,0.4279418585,-0.009328231267,0.02246951265,-0.03785221971,0.02019898398,-0.5344682819,1.287408243,-2.168772435,1.157316532,-0.004511954353,-0.2585159418,-5.599602018,14.53228613,-19.96450536,10.41252733,0.05,-0.05,0.05,-0.05
12.092,0.002864462193,0.1641215942,0.008892317629,-0.01216081301,0.018577965,-0.02691524197,0.5094922702,-0.6967632611,1.064438986,-1.54212977,-0.01160577236,-0.6649617742,-1.865592359,6.191723794,-10.29974536,5.876519699,-0.05,0.05,-0.05,0.05
12.102,0.002312202201,0.1324794275,0.01037047199,-0.008004348815,0.01242933949,-0.03079564652,0.5941842767,-0.4586154049,0.7121486951,-1.764460573,-0.01600018385,-0.9167430062,-0.1319119465,-1.671251815,4.626958877,-4.042993817,-0.05,0.05,-0.05,0.05
12.112,0.005197136102,0.2977739642,0.009182246178,-0.01232324334,-0.004475206094,-0.005898790442,0.5261039525,-0.7060698333,-0.2564104216,-0.3379757965,-0.0135149937,-0.774352099,0.9800793112,-4.941266447,3.869913882,0.6025610827,-0.05,0.05,0.05,0.05
12.122,0.01455945818,0.8341955056,-0.01908445527,0.006906665555,-0.01358204536,0.01062863313,-1.093458741,0.3957227868,-0.7781938761,0.6089758203,-0.01513120194,-0.8669540103,-3.415255912,8.241732047,-10.97955567,6.973066478,0.05,-0.05,0.05,-0.05
12.132,0.004516456891,0.2587739182,-0.003546707142,0.0009401006945,-0.01981252219,0.02136830556,-0.2032113504,0.05386380211,-1.135173903,1.224313724,-0.001050823074,-0.06020772714,-0.6176172755,11.42423178,-24.47963999,17.14474219,0.05,-0.03210644705,0.05,-0.05
12.142,0.002702115574,0.1548198182,-0.007667395919,0.0004363515345,0.01228299114,-0.009163885636,-0.439309426,0.02500110131,0.7037635523,-0.5250519709,-0.004111938877,-0.2355967432,-6.46490466,9.704468879,-5.248277688,0.09632118218,0.05,-0.01930420264,-0.05,0.05
12.152,-0.005071541327,-0.2905779137,0.003798725815,-0.005033396236,0.0222132253,-0.01930822425,0.2176509567,-0.2883923609,1.272724059,-1.106279759,0.001670330631,0.09570289552,0.8909344385,2.455355626,-7.484384374,5.708015868,-0.05,0.05,-0.05,0.05
12.162,-0.00838035916,-0.4801592107,0.01540414875,-0.02507934905,0.03636203039,-0.02071882823,0.8825927103,-1.436940853,2.083390876,-1.187101414,0.005968001867,0.3419413191,0.0724772526,-3.457158563,6.278950557,-3.620168517,-0.05,0.05,-0.05,0.05
12.172,-0.003589931388,-0.2056879173,-0.001567562372,0.004538778332,-0.006163596721,0.008628501494,-0.08981470805,0.2600528426,-0.3531480787,0.4943767191,0.005436120733,0.311466775,4.679070132,-13.46843075,21.0207386,-12.94379192,0.02980730206,-0.05,0.05,-0.05
12.182,0.001961262552,0.1123720667,-0.009316094554,-0.0125900568,0.03737392719,-0.01888944102,-0.5337728995,-0.7213571186,2.141368292,-1.082285248,-0.003421665186,-0.196046974,-8.060872901,17.83797767,-25.84370273,16.14383208,0.05,0.05,-0.05,0.05
12.192,-0.003119646726,-0.178742591,-0.006369437221,0.01967195844,-0.0420518367,0.03803344743,-0.3649418707,1.127120193,-2.409392764,2.179156018,0.009284131947,0.531941577,7.638470693,-16.50635532,22.49298354,-13.30016795,0.05,-0.05,0.05,-0.05
12.202,-0.005987079906,-0.3430344102,0.01356553525,-0.03227184286,0.02272579812,0.004527986812,0.7772479166,-1.849040393,1.302092318,0.259434534,0.008547477319,0.4897343759,-5.832526036,14.87702456,-24.45090494,16.12983524,-0.05,0.05,-0.05,-0.05
12.212,-0.00408371688,-0.2339797419,0.005964375805,-0.02636831524,0.0367030384,-0.01545372091,0.3417335611,-1.510793176,2.102929196,-0.8854329861,0.0008453780545,0.04843659462,6.925939539,-20.36092628,33.98537918,-22.40056808,-0.05,0.05,-0.05,0.05
12.222,0.00146097653,0.08370778916,-0.0197340657,0.03378724904,-0.04219113095,0.02541627203,-1.130678677,1.935866771,-2.417373736,1.456245118,-0.002721675581,-0.155940524,-1.260485559,6.920896821,-11.9852967,7.117843182,0.05,-0.05,0.05,-0.05
12.232,-0.004383693877,-0.2511671579,-0.004310623238,0.02356159757,-0.04450861751,0.02622777242,-0.2469805186,1.349980099,-2.550155935,1.502740666,0.0009701292395,0.05558431101,-4.470322321,13.82299387,-23.11113578,14.60322376,0.05,-0.05,0.05,-0.05
12.242,-0.0034377145,-0.196966532,0.00387440888,-0.01414102023,0.01889447664,-0.0154679384,0.2219872769,-0.810220777,1.082573768,-0.8862475879,-0.006840073105,-0.3919073205,-3.762925136,6.08116567,-7.425097378,4.225823481,-0.05,0.05,-0.05,0.05
12.252,-0.003181907439,-0.1823098671,0.005169202596,-0.02469021721,0.04248339757,-0.03411508143,0.2961734922,-1.414645241,2.43411938,-1.954650184,-0.01115269847,-0.6390025527,1.727685177,-5.057620199,8.368182375,-5.600092518,-0.05,0.05,-0.05,0.05
12.262,-0.00375650937,-0.2152321326,0.006530993171,-0.02115807235,0.03043386277,-0.02701725762,0.3741983447,-1.212268248,1.743731891,-1.547974835,-0.01121047403,-0.642312848,6.352441735,-15.99807732,23.20440645,-14.14845257,-0.05,0.05,-0.05,0.05
12.272,-0.001590067258,-0.09110414302,-0.003004394384,0.01288105612,-0.03752467833,0.01931566894,-0.1721391182,0.7380301516,-2.150005696,1.106706309,-0.008332347654,-0.477408354,3.680617265,-5.892721067,6.445539717,-3.638240865,0.05,-0.05,0.05,-0.05
12.282,0.0001385180611,0.00793650029,-0.006258233159,0.008159279126,-0.01834156854,0.002577989847,-0.3585703472,0.4674922578,-1.050894467,0.1477079379,-0.01386253273,-0.7942646187,-4.763769029,4.713103888,0.932200752,-3.116807028,0.05,-0.05,0.05,-0.05
12.292,-0.005432392172,-0.3112531441,0.002530000485,0.003614374729,-0.01006066562,-0.006786281516,0.1449583499,0.2070884175,-0.5764336791,-0.3888252894,-0.01070257192,-0.613212201,4.798422342,-5.768165671,1.48298955,1.663126043,-0.05,-0.05,0.05,0.05
12.302,0.0007953234012,0.04556867424,-0.007244694251,-0.01099257071,0.01658418401,-0.01129502166,-0.4150904044,-0.6298279075,0.9502037507,-0.6471570707,-0.01294810261,-0.741871632,-4.914015245,-0.353059703,12.46158995,-10.42118064,0.05,0.05,-0.05,0.05
12.312,-0.002959930567,-0.1695915291,-0.004783307687,-0.003792388401,-0.006634674554,0.01234524974,-0.2740633426,-0.2172878497,-0.3801388504,0.7073307071,-0.002865120903,-0.1641593356,3.40102924,-1.572181706,-5.06580711,5.838420092,0.05,0.05,0.05,-0.05
12.322,-0.005800618738,-0.3323509723,-0.006958969319,0.005286528376,0.004731438598,-0.008670838971,-0.3987195717,0.3028957642,0.2710914627,-0.4968024779,-0.005611841316,-0.3215348227,-1.096024296,4.436990106,-4.089431773,0.5730937478,0.05,-0.05,-0.05,0.05
12.332,-0.009858885872,-0.5648725512,0.003173870926,0.006360997746,-0.01949610858,0.00979770806,0.1818494088,0.3644583244,-1.117044738,0.5613673207,-0.0001635318441,-0.009369684481,-4.12962427,11.13434412,-18.57021909,12.09063225,-0.05,-0.05,0.05,-0.05
12.342,-0.005410562156,-0.3100023763,-0.003524703193,-0.001824748127,0.003103967564,-0.00404634125,-0.201950617,-0.1045503663,0.1778442412,-0.2318382761,-0.006291825006,-0.3604950183,1.255920915,-4.334115061,6.571350989,-3.811521827,0.05,0.04447857385,-0.05,0.05
12.352,-0.004348735066,-0.2491641655,-0.005076442072,-0.005804901375,0.01683827545,-0.01607057565,-0.2908587057,-0.3325963493,0.9647621173,-0.9207761588,-0.01011364365,-0.5794690965,-1.634307294,-1.351599132,9.794522016,-9.027194116,0.05,0.05,-0.05,0.05
12.362,-0.01045464224,-0.5990068768,0.0100864907,-0.01042919025,-0.001522869804,-0.000954964732,0.5779133471,-0.5975485853,-0.0872540125,-0.05471544873,-0.002820534091,-0.1616046994,1.420810126,0.1355403626,-5.686462412,5.41664251,-0.05,0.05,0.03918959809,0.01559258159
12.372,-0.00351494229,-0.2013913584,-0.01309220229,0.01737157184,-0.01335846573,-0.001939113064,-0.7501279357,0.9953177498,-0.765383707,-0.1111029946,-0.01101820924,-0.6312968875,-3.071902567,9.510925582,-14.36833919,8.503772744,0.05,-0.05,0.05,0.03415671466
12.382,-0.009397239528,-0.538422164,0.01241768196,-0.02290292495,0.00176287513,0.009231417039,0.7114807678,-1.312240938,0.1010053048,0.5289212352,0.0005090491824,0.02916636972,-1.82918822,6.513216379,-15.62211876,12.5374108,-0.05,0.05,-0.02316113411,-0.05
12.392,-0.003645074912,-0.2088474085,0.001637095782,-0.03382624143,0.04181459641,-0.01724604581,0.09379867897,-1.938100871,2.395799897,-0.988125638,-0.007620595039,-0.4366279331,-0.6385059983,-3.292408525,8.617242404,-5.933542613,-0.03537760121,0.05,-0.05,0.05
12.402,-0.004348074462,-0.2491263157,-0.001785069418,-0.02360483125,0.0328055565,-0.01388637505,-0.1022769438,-1.352457207,1.879619932,-0.7956306828,-0.006470719216,-0.3707449015,3.755958553,-10.73474619,19.65073399,-13.65835156,0.03551556865,0.05,-0.05,0.05
12.412,-0.009122687517,-0.5226914925,-0.002245658759,0.01819132357,-0.04564683878,0.03184007085,-0.1286667691,1.042286065,-2.61537121,1.824301679,0.002138896889,0.1225497646,3.869485202,-5.262872692,5.717320917,-3.672933616,0.04553500749,-0.05,0.05,-0.05
12.422,-0.007542213781,-0.4321370178,-0.006176041968,0.00877174744,0.006803616936,-0.01987944572,-0.3538611389,0.5025841072,0.3898185359,-1.139008339,-0.01048012331,-0.6004668345,-7.951507764,18.04992695,-22.82461873,11.96586122,0.05,-0.05,-0.05,0.05
12.432,-0.01439806407,-0.8249483041,0.01633515519,-0.01959748805,0.03291019158,-0.03743783787,0.9359354502,-1.122853355,1.885615081,-2.145030104,-0.007789979146,-0.4463329276,8.343655062,-22.17462165,34.35141252,-21.91940513,-0.05,0.05,-0.05,0.05
12.442,-0.006330844162,-0.3627306512,-0.009710341652,0.04155881801,-0.06650006458,0.02560326013,-0.5563615943,2.381144874,-3.810173038,1.466958747,-0.009048328089,-0.5184310112,-3.305943279,11.46927085,-22.28673112,15.6432061,0.05,-0.05,0.05,-0.05
12.452,-0.006951268326,-0.3982783374,0.01664020787,-0.04803983649,0.05644025653,-0.03855679312,0.953413681,-2.752479879,3.233788494,-2.209141517,-0.01351616521,-0.7744192216,-0.9763819193,-3.839691334,7.280984152,-3.622312055,-0.05,0.05,-0.05,0.05
12.462,0.002921740611,0.1674034058,-0.01477351924,-0.004164661839,0.008009127402,-0.00619575712,-0.8464603013,-0.2386175465,0.4588891977,-0.3549907339,-0.0171248108,-0.9811793839,3.234028383,-10.80775172,19.08816575,-12.28816839,0.05,0.05,-0.05,0.05
12.472,-0.005291674809,-0.3031906331,-0.00182489624,-0.002014603841,-0.002455600427,-0.002743574942,-0.1045588526,-0.1154282975,-0.1406955406,-0.1571952649,-0.00903867545,-0.5178779557,0.1605527968,4.190182859,-6.568051205,3.059433984,0.03998716449,0.04013110165,0.05,0.05
12.482,-0.008329743824,-0.4772591656,0.00314999123,-0.006083807978,0.006540532265,-0.01024515739,0.180481203,-0.3485765205,0.3747448945,-0.5870042787,-0.006638441869,-0.3803547017,1.035688406,-5.772167892,9.422961209,-5.059120422,-0.05,0.05,-0.05,0.05
12.492,-0.005918037768,-0.3390785871,0.0009569340813,-0.01398507735,0.009793365712,-0.0002535185814,0.05482828413,-0.8012859085,0.5611185225,-0.01452554474,-0.003488296141,-0.1998646466,-0.7227773942,-1.573605147,4.657292528,-3.001890077,-0.02032977239,0.05,-0.05,0.008579298869
12.502,-0.006331332044,-0.3627586048,-0.004564598276,-3.807808298e-05,0.00508794732,-0.005104121506,-0.2615322164,-0.002181713447,0.2915179078,-0.2924446204,-0.004618850545,-0.2646406424,0.7673619628,1.909794111,-4.445384929,2.609291419,0.05,-0.001072076285,-0.05,0.05
12.512,-0.01040098381,-0.5959324752,0.008166822632,-0.002682009405,-0.0184675646,0.01488518526,0.4679244688,-0.1536678195,-1.058113509,0.8528582924,0.001902433883,0.1090014323,-3.765216132,9.443959728,-14.63678706,9.013397385,-0.05,0.04956024718,0.05,-0.05
12.522,-0.004956636767,-0.2839943673,-0.006817737805,-0.004016536153,0.03909554683,-0.04322848266,-0.3906276021,-0.2301305698,2.240009831,-2.476809611,-0.01496720979,-0.857557952,-3.255089026,6.856710849,-6.747657104,2.341612305,0.05,0.05,-0.05,0.05
12.532,-0.01223667984,-0.7011101098,0.01694273806,-0.02692716385,0.03881661258,-0.0344850234,0.9707473842,-1.542812843,2.224028076,-1.975846297,-0.005652836616,-0.3238836804,6.721801369,-16.67640872,20.91331408,-10.69625286,-0.05,0.05,-0.05,0.05
12.542,-0.004059573795,-0.2325964451,-0.0008203044725,0.01110022455,-0.05455186945,0.04547535511,-0.04699998419,0.6359960185,-3.125591884,2.60554592,0.001203405738,0.0689500698,0.2998144808,-3.095024133,3.007272436,-0.1785981492,0.01774688391,-0.05,0.05,-0.05
12.552,0.006486507707,0.3716495154,-0.02104632181,0.0001742477995,-0.002564839261,0.01239310075,-1.205865414,0.009983663499,-0.1469544648,0.7100723679,-0.01104381252,-0.6327638472,-6.28731862,14.58744199,-21.1620507,13.35645923,0.05,-0.01842089358,0.05,-0.05
12.562,0.0002902901162,0.01663239849,-0.01432095068,0.009771476594,-0.01555870558,0.01498474532,-0.8205300326,0.5598643684,-0.8914481644,0.8585626638,-0.005123434348,-0.2935511648,0.001331774348,7.176013707,-12.42320244,6.61971545,0.05,-0.05,0.05,-0.05
12.572,-0.007862925,-0.4505124172,-0.002301057391,0.02273515488,-0.03818127497,0.01717205156,-0.1318408769,1.302628421,-2.187625912,0.9838860801,-0.0005751259203,-0.03295228792,-6.118800955,18.76937486,-28.54747122,16.67408616,0.05,-0.05,0.05,-0.05
12.582,-0.01228938333,-0.7041297976,0.020548272,-0.03586528749,0.06106245411,-0.05295102595,1.177329262,-2.054929604,3.498620907,-3.033870308,-0.00720558732,-0.4128497423,0.6921316099,-4.989340809,8.929972817,-5.715269014,-0.05,0.05,-0.05,0.05
12.592,-0.004950925564,-0.2836671395,-0.002791809278,0.0198423318,-0.03755560297,0.01622793277,-0.1599588888,1.136881868,-2.151777547,0.9297920578,-0.004277147681,-0.2450625105,3.360193714,-8.028645084,9.550210337,-4.649965,0.05,-0.05,0.05,-0.05
12.602,-0.001109879364,-0.06359140334,-0.004608389137,0.01769708509,-0.05451501442,0.03872780407,-0.2640412479,1.013968285,-3.123480246,2.218939723,-0.002698514397,-0.1546134859,-2.286152816,4.789565202,-8.59474074,6.329161215,0.05,-0.05,0.05,-0.05
12.612,0.004618123604,0.2645989918,-0.008685746663,-0.01090086266,0.01049521234,-0.004398434385,-0.4976566257,-0.6245734236,0.601331372,-0.2520117267,-0.01348983137,-0.772910404,-6.491889151,12.46907018,-15.5770598,8.814029114,0.05,0.05,-0.05,0.05
12.622,-0.001371075669,-0.07855684925,0.008436609952,-0.03450464132,0.04085126737,-0.02548473906,0.4833821436,-1.976970321,2.340605208,-1.46016799,-0.01070150306,-0.6131509595,9.300411136,-23.19174577,35.52059382,-22.466638,-0.05,0.05,-0.05,0.05
12.632,0.00448857299,0.2571762884,-0.01449349467,0.01988883112,-0.03760876543,0.02068346885,-0.8304160749,1.139546082,-2.154823532,1.185075471,-0.01152996014,-0.6606180537,-2.859608627,8.71290969,-13.52312126,8.166676229,0.05,-0.05,0.05,-0.05
12.642,-0.0001176986325,-0.006743634898,3.915098175e-05,0.0008981250709,-0.01549493288,0.004661281578,0.002243186018,0.05145877604,-0.8877942579,0.2670717615,-0.00989637525,-0.5670205343,0.280762501,0.236136032,0.02421386264,-0.6339024447,-0.001142084099,-0.01999488759,0.05,-0.05
12.652,-0.0001611467112,-0.009233026432,-0.000367264423,0.0006219956406,-4.145818396e-06,-0.01497031187,-0.0210427014,0.03563772508,-0.0002375378967,-0.8577356884,-0.01471972648,-0.8433782026,4.5771018,-10.12743504,15.70716761,-10.55859018,0.003502715505,-0.003556469058,-0.0156159596,0.05
12.662,-0.00206926321,-0.1185600487,0.004619296205,0.01131619044,-0.03776090497,0.01232562738,0.2646661769,0.6483699525,-2.163540485,0.7062064285,-0.009499790945,-0.5442979274,4.01640277,-7.659451487,9.479339375,-5.557468648,-0.05,-0.05,0.05,-0.05
12.672,0.004772297893,0.2734325278,-0.01266048691,0.03315617192,-0.05840295702,0.02256490785,-0.7253924662,1.899708716,-3.346242949,1.292873985,-0.01534236416,-0.879052714,-2.261781524,5.564680148,-8.060026364,4.833427483,0.05,-0.05,0.05,-0.05
12.682,0.003989813689,0.2285994854,-0.009293420654,0.02635199494,-0.0460521895,0.01309902139,-0.5324737807,1.509858092,-2.638596096,0.7505186415,-0.01589459382,-0.9106931432,-5.026381829,15.35435955,-24.76241588,15.56540097,0.05,-0.05,0.05,-0.05
12.692,-0.001521660146,-0.08718470424,0.01118119478,-0.01151119374,0.003593840703,-0.01736561548,0.6406352709,-0.6595428185,0.2059119045,-0.9949764754,-0.01410177373,-0.8079721185,-2.086573902,5.343917162,-8.482236586,5.374824856,-0.05,0.05,-0.05,0.05
12.702,-0.001845420733,-0.1057348194,0.01346793238,-0.02101293653,0.02464014993,-0.03264975046,0.7716556841,-1.203952578,1.411776598,-1.870692903,-0.01555460467,-0.8912131999,1.315334895,-6.49767776,12.73714808,-8.538571152,-0.05,0.05,-0.05,0.05
12.712,0.000351930781,0.02016414843,0.003777446288,0.0004786686603,-0.01070072417,-0.005437642708,0.2164317296,0.02742569402,-0.6131063325,-0.3115539777,-0.01188225193,-0.6808028865,5.505461036,-13.22126977,18.30240859,-10.26932807,-0.05,0.002690559247,0.05,0.05
12.722,0.005324700136,0.305082845,-0.01439593599,0.03773314322,-0.08145326689,0.05469962748,-0.8248263746,2.161949855,-4.66692842,3.134057796,-0.003416432176,-0.1957471447,-2.445970046,7.043271065,-12.78806538,9.595709527,0.05,-0.05,0.05,-0.05
12.732,0.0005869315531,0.03362870085,0.01726035297,-0.06377961529,0.06912804793,-0.02519250945,0.9889453783,-3.654302775,3.960745393,-1.443424467,-0.00258372383,-0.1480364709,-1.414139515,-0.629687016,1.719888349,0.2100188561,-0.05,0.05,-0.05,0.05
12.742,0.008017725583,0.4593818372,-0.01957765814,0.01146945755,-0.03261108306,0.04407351431,-1.121717184,0.6571515111,-1.868477425,2.525226358,0.003354230661,0.1921832604,2.418181444,-7.258014525,13.1895258,-8.225780033,0.05,-0.05,0.05,-0.05
12.752,0.003119687175,0.1787449085,-0.012778373,-0.008971058312,0.02653387044,-0.001413406316,-0.732146842,-0.514003779,1.52027879,-0.08098221665,0.003371032808,0.1931459525,-4.168252769,14.56655617,-22.20580783,13.3965245,0.05,0.05,-0.05,0.01769841445
12.762,-0.0119305888,-0.6835723855,0.01257061554,-0.008537461141,0.01061639777,0.003720950769,0.7202432163,-0.4891604911,0.6082747858,0.2131947748,0.01837050294,1.052552286,9.526420169,-20.02467883,29.98000832,-19.26610453,-0.05,0.05,-0.05,-0.05
12.772,-0.009553342698,-0.5473662169,-0.0118269403,0.05439554156,-0.04843772811,0.01971861329,-0.677633764,3.116634956,-2.77527739,1.129793319,0.01384948643,0.793517121,-3.884039133,12.72572878,-19.52913522,11.66290206,0.05,-0.05,0.05,-0.05
12.782,-0.01707734968,-0.978460062,0.02138229416,-0.0236420781,0.06932848447,-0.05494860506,1.225115211,-1.354591294,3.97222956,-3.14832316,0.01212009546,0.6944303173,0.6902693225,-2.382617522,2.286717518,-0.6629295307,-0.05,0.05,-0.05,0.05
12.792,-0.01077208562,-0.6171950428,0.0008561899645,0.02214345598,-0.00562915312,-0.003914747606,0.04905607143,1.268726572,-0.322526716,-0.2242985157,0.01345574522,0.7709574114,3.855979933,-11.38983458,17.84432411,-11.00170773,-0.02269215915,-0.05,0.05,0.05
12.802,-0.003103644669,-0.1778257406,-0.01280712937,0.03294624868,-0.0353087044,0.02985745724,-0.7337944608,1.887681,-2.023039742,1.710706287,0.01468787216,0.8415530847,-2.054152158,4.551177194,-8.953007084,7.138103095,0.05,-0.05,0.05,-0.05
12.812,-0.0005260196709,-0.03013870708,-0.00866163043,0.004125802202,-0.001351135161,0.02101223702,-0.4962748674,0.2363910533,-0.07741434227,1.203912499,0.01512527363,0.866614343,-4.882651959,10.37352135,-14.62734645,9.128283423,0.05,-0.05,0.04435231999,-0.05
12.822,-0.00547205535,-0.3135256768,0.001275293166,0.005556572606,-0.004515827224,0.01354440554,0.07306891605,0.3183681589,-0.2587378409,0.7760372734,0.01586044409,0.9087365074,1.721605582,2.018390467,-3.898490067,0.4423855652,-0.02977805523,-0.05,0.05,-0.05
12.832,-0.005986621436,-0.3430081418,0.006703193052,-0.001805828134,0.02067366445,-0.01981306107,0.3840646711,-0.1034663306,1.18451372,-1.135204779,0.005757968297,0.329907282,2.908364969,-9.980138872,17.8958832,-12.80054823,-0.05,0.04970835783,-0.05,0.05
12.842,-0.003287747058,-0.1883740305,0.01254604463,-0.01415583901,0.01726600501,-0.01306560129,0.7188354066,-0.8110698309,0.9892692161,-0.7486038106,0.002590609335,0.1484309813,4.121633361,-11.10929184,12.06948546,-5.220618037,-0.05,0.05,-0.05,0.05
12.852,0.006806532184,0.3899855672,0.001133615473,-0.01630897731,0.003884188788,0.009035504285,0.06495138219,-0.9344355682,0.2225476244,0.5176962613,-0.002255668766,-0.1292403003,-0.6291622494,-7.21069886,16.35862363,-11.03730173,-0.02431037816,0.05,-0.05,-0.05
12.862,0.009214144565,0.5279315954,-0.01238752598,0.01181758781,-0.01182221836,0.003289942116,-0.7097529571,0.6770979056,-0.6773632167,0.1884997981,-0.009102214413,-0.5215184701,3.953302252,-7.741275928,12.48278514,-8.992570937,0.05,-0.05,0.05,-0.05
12.872,0.007299352887,0.4182221136,-0.01443319893,0.03657835039,-0.04516524905,0.01373695374,-0.8269613837,2.095785099,-2.587778151,0.7870694726,-0.009283143854,-0.5318849635,-5.436703872,20.64963218,-34.3862695,21.04873382,0.05,-0.05,0.05,-0.05
12.882,-0.002951987461,-0.1691364227,0.01919918705,-0.01779002408,0.03075618652,-0.04113365164,1.100032388,-1.019293297,1.762199682,-2.356784635,-0.008968302145,-0.5138458623,1.838025042,-6.336750443,11.79145393,-8.514022037,-0.05,0.05,-0.05,0.05
12.892,0.00194550141,0.1114690198,0.001654135767,0.02180826216,-0.02359069567,-0.01137398484,0.09477499821,1.24952138,-1.351647298,-0.6516813274,-0.01150228258,-0.6590322464,4.052180761,-10.31936168,15.594001,-9.761516083,-0.04044316764,-0.05,0.05,0.05
12.902,0.005595519419,0.3205996469,-0.0002957602341,0.01555570762,-0.03499378205,0.0119301403,-0.01694581316,0.891276394,-2.004996021,0.6835466883,-0.007803694364,-0.4471187517,0.5614956939,-1.672273442,-0.5717766188,2.470939814,0.005945229456,-0.05,0.05,-0.05
12.912,0.01147865197,0.6576783126,-0.01056141468,0.008654529109,-0.02705311608,0.0231292319,-0.6051244871,0.4958679916,-1.550029374,1.325207371,-0.005830769752,-0.3340784981,-1.152618233,1.088879253,-2.279679034,3.025699574,0.05,-0.05,0.05,-0.05
12.922,0.006316218796,0.3618926795,-0.001437764068,-0.002789579824,-0.01049024067,0.01549166894,-0.08237781305,-0.1598311505,-0.6010465164,0.8876072479,0.0007740843782,0.04435176786,1.92839178,-2.306733282,4.173104616,-3.29179063,0.02970241772,0.05,0.05,-0.05
12.932,-0.001226056201,-0.07024784575,0.004065186977,0.004823516628,0.004564975836,-0.01129379142,0.2329180567,0.2763671452,0.261553849,-0.647086583,0.002159888023,0.1237524679,4.851663503,-9.49827939,16.09326071,-11.45395664,-0.05,-0.05,-0.05,0.05
12.942,-0.0003553368157,-0.02035929984,0.005841634598,-0.008435998321,0.02205989744,-0.01662076366,0.3347010079,-0.4833470998,1.26393902,-0.95229961,0.002844770056,0.1629933179,0.9600514281,-9.748975394,18.53736605,-11.41976628,-0.05,0.05,-0.05,0.05
12.952,0.002588436785,0.1483065033,0.00282269744,-0.01625413393,0.02543020096,-0.006567526376,0.1617286502,-0.9312932741,1.457043187,-0.3762915432,0.005431238092,0.3111870202,2.442629429,-3.004189125,-0.1616580909,2.217572121,-0.05,0.05,-0.05,0.05
12.962,0.003218097327,0.1843833949,-0.004583080434,0.001459391595,0.003673886295,0.007226826684,-0.2625911661,0.08361697904,0.2104981791,0.4140666683,0.00777702414,0.4455906604,-4.073461817,6.9248856,-3.601964062,-0.5947646435,0.05,-0.03903150068,-0.05,-0.05
12.972,-0.002460327891,-0.1409664044,0.001460815437,0.01615592142,-0.01336672833,0.0049787528,0.0836985592,0.9256661114,-0.7658571193,0.2852615227,0.009228761325,0.5287690741,0.4171388044,1.712403522,-4.54635837,2.953165396,-0.03255507842,-0.05,0.05,-0.05
12.982,0.001816752384,0.104092244,0.004268051627,-0.01319311026,0.02504890478,-0.01210692779,0.2445413449,-0.7559095366,1.435196525,-0.6936758653,0.004016918353,0.2301524683,2.64771581,-11.45639633,18.1818246,-10.71527066,-0.05,0.05,-0.05,0.05
12.992,0.004955628061,0.2839365727,-0.00179529022,-0.0007792433842,-0.002409093885,0.008671164289,-0.1028625526,-0.04464735713,-0.1380309121,0.4968211173,0.0036875368,0.2112802954,0.7694487954,1.817030394,-3.880187288,1.625059788,0.03872693605,0.01532632406,0.05,-0.05
13.002,0.001605830781,0.09200732635,0.002626450484,0.006423142259,-0.003997729129,-0.004279768538,0.1504845278,0.3680189427,-0.2290530067,-0.2452126745,0.0007720950757,0.04423778922,1.416265345,-1.362450249,0.243440329,0.03204763251,-0.05,-0.05,0.05,0.05
13.012,0.007381192919,0.422911202,-0.005553472691,-0.005129171601,0.02292275657,-0.01685045204,-0.3181905468,-0.2938798852,1.313377206,-0.9654597847,-0.004610339762,-0.2641530105,-4.061481692,4.02762236,-1.455213906,0.2116588229,0.05,0.05,-0.05,0.05
13.022,0.003612866449,0.2070019995,-0.0006174575785,0.0002108495323,0.004562385257,-0.001760613142,-0.03537771328,0.01208078831,0.2614054197,-0.1008757024,0.002395164069,0.1372327924,-0.01918725603,5.798128494,-13.21297282,9.342103775,0.01360325398,-0.01043681821,-0.05,0.02939138534
13.032,-0.001100347742,-0.0630452816,0.02005995848,-0.03929891387,0.04406212943,-0.01815916846,1.149350958,-2.251661904,2.524574053,-1.040443712,0.006664005582,0.3818193945,0.1318958215,-6.826768817,15.81303635,-11.29501262,-0.05,0.05,-0.05,0.05
13.042,0.00695116489,0.3982724109,-0.02009944992,0.0523502219,-0.07028677363,0.04189112241,-1.151613651,2.999446771,-4.027135485,2.400184513,0.00385512076,0.220882149,1.24644396,-1.239591107,2.910881065,-2.840336274,0.05,-0.05,0.05,-0.05
13.052,-0.0002418844264,-0.01385895676,0.006546473039,-0.01382195639,0.04724146215,-0.04157353667,0.3750852758,-0.7919397659,2.706736399,-2.381988191,-0.001607557877,-0.09210628168,-4.083024703,10.04078551,-13.50643217,7.468011784,-0.05,0.05,-0.05,0.05
13.062,-0.003639094938,-0.2085047812,0.01111028771,-0.001396161328,0.008239092197,-0.01114502954,0.6365725949,-0.07999415163,0.4720652099,-0.6385631553,0.006808189036,0.3900804979,8.127173837,-18.91692248,26.58764647,-15.71338804,-0.05,0.0496324717,-0.05,0.05
13.072,0.0008172582637,0.04682544928,-0.001833824745,0.02348534731,-0.03666508536,0.02345264303,-0.1050704183,1.345611281,-2.100754646,1.343737464,0.008439080233,0.4835236803,0.8711427254,-4.299991259,7.419964989,-4.408554728,0.03947300167,-0.05,0.05,-0.05
13.082,0.002060043415,0.1180317933,0.0008702058627,0.006067304488,-0.01494800754,0.01614184959,0.04985912324,0.3476309402,-0.8564577442,0.9248598548,0.008131352396,0.465892174,2.860121338,-4.921659738,3.974996407,-1.101910487,-0.02200465032,-0.05,0.05,-0.05
13.092,0.004985895214,0.2856707529,-0.009736458412,0.02635292505,-0.04489019523,0.03689167259,-0.5578579744,1.509911383,-2.572018728,2.113737139,0.008617943994,0.4937718189,-1.462741794,3.508357587,-3.479047434,1.293690504,0.05,-0.05,0.05,-0.05
13.102,0.002927565019,0.1677371198,-0.003043503412,-0.000419731968,0.01790049431,-0.01116391727,-0.1743799004,-0.02404887029,1.025622775,-0.6396453426,0.003273341654,0.1875486617,-5.559885312,13.88116822,-19.32715482,11.24599918,0.05,-0.004647064927,-0.05,0.05
13.112,-0.007078403935,-0.4055626712,0.0252393164,-0.03422241871,0.04305478441,-0.02159533843,1.446106308,-1.960800157,2.466857435,-1.237321749,0.01247634368,0.7148418364,7.557395851,-21.40111569,33.76325365,-21.16493085,-0.05,0.05,-0.05,0.05
13.122,0.002835424463,0.1624578549,-0.009252428429,0.03044156364,-0.04385385574,0.03221836742,-0.5301250992,1.744173118,-2.512640849,1.845976476,0.009553646886,0.5473836455,-4.980334029,10.51256185,-14.24585888,8.624748879,0.05,-0.05,0.05,-0.05
13.132,-0.0001940343337,-0.0111173484,0.009760311203,-0.03374232588,0.06624248756,-0.0381355976,0.5592246387,-1.933292864,3.795414962,-2.185008792,0.00412487528,0.2363379445,-2.253345885,3.700040931,-4.553631869,2.79862471,-0.05,0.05,-0.05,0.05
13.142,-0.001111168002,-0.06366523685,-0.0008848877184,0.02375975728,-0.04510977246,0.03761530143,-0.0507003316,1.361333814,-2.584599577,2.155198017,0.01538039853,0.881231923,5.90771142,-11.61287966,14.85539575,-8.512329676,0.01355981838,-0.05,0.05,-0.05
13.152,0.001469211552,0.08417962114,-0.00631922617,0.02627720583,-0.04334549871,0.03563614086,-0.3620649893,1.505572991,-2.483514137,2.04180047,0.01224862181,0.7017943346,-8.459418686,21.21170168,-31.98352037,19.81817915,0.05,-0.05,0.05,-0.05
13.162,-0.004442301897,-0.25452515,0.01900032933,-0.03836256431,0.06053650695,-0.03215057299,1.08863868,-2.198013026,3.468486355,-1.842092141,0.009023698991,0.5170198678,2.639768893,-8.850118277,15.03270619,-9.804941746,-0.05,0.05,-0.05,0.05
13.172,0.003581302558,0.2051935218,-0.02076515425,0.06205721204,-0.08545312492,0.05477703809,-1.189755699,3.555616339,-4.896103404,3.138493097,0.01061597097,0.6082503319,0.1925842708,1.342291442,-1.980252793,0.7461913922,0.05,-0.05,0.05,-0.05
13.182,-0.003339564064,-0.1913429263,0.02095040089,-0.06730956644,0.1354083982,-0.09147120495,1.20036955,-3.856554078,7.758329728,-5.24091399,-0.002421972289,-0.1387687902,-1.026307916,-2.138008855,6.898255959,-5.292011922,-0.05,0.05,-0.05,0.05
13.192,0.00466773197,0.2674413418,-0.02888935861,0.08675688801,-0.1175547106,0.06863627958,-1.655238321,4.970803526,-6.735388782,3.932569141,0.008949098325,0.5127455645,-0.2079520652,10.08167668,-23.46216411,16.57506752,0.05,-0.05,0.05,-0.05
13.202,-0.01142575852,-0.6546477409,0.03885656321,-0.047277538,0.04474387189,-0.02214606878,2.226317078,-2.708803393,2.563635018,-1.268876274,0.01417682832,0.8122724294,6.100767769,-22.06069283,38.32396521,-25.19899328,-0.05,0.05,-0.05,0.05
13.212,0.006084168298,0.3485971653,-0.02072266161,0.05698878094,-0.07349683487,0.03842879368,-1.187321051,3.265216627,-4.211058446,2.20180769,0.001198078136,0.06864482072,-13.08326223,31.09079299,-44.39539164,26.44145827,0.05,-0.05,0.05,-0.05
13.222,0.003214127299,0.1841559291,-0.01935747096,0.05817164042,-0.05165606038,0.009638076795,-1.109101388,3.332989484,-2.959674246,0.552221123,-0.003203814119,-0.1835650274,6.599893157,-16.78822902,28.5393624,-19.63825649,0.05,-0.05,0.05,-0.05
13.232,-0.00128975513,-0.07389752554,0.01545923174,-0.04742028443,0.1188921242,-0.101289668,0.885748733,-2.716982161,6.812016934,-5.803470484,-0.01435859647,-0.8226869777,-3.87775241,7.579607002,-10.56329614,6.267284317,-0.05,0.05,-0.05,0.05
13.242,0.004543871151,0.2603446396,-0.02047930213,0.07789790429,-0.1100909596,0.0527041358,-1.17337758,4.463221149,-6.30774735,3.019724544,3.177831846e-05,0.001820763528,3.514696603,-3.474246492,-0.895932944,2.54581119,0.05,-0.05,0.05,-0.05
13.252,-0.005627453634,-0.3224293427,0.04513018891,-0.09629629614,0.1302116475,-0.08327806976,2.585769353,-5.517371352,7.460577846,-4.771481923,-0.004232529481,-0.2425060759,0.8394959204,-6.505886876,9.472427882,-4.760254122,-0.05,0.05,-0.05,0.05
13.262,0.0127701448,0.7316754005,-0.02247317396,0.05773740529,-0.1191933883,0.08504936528,-1.28761802,3.308109643,-6.829278096,4.872969681,0.001120208307,0.06418320819,-6.131148718,16.17861517,-26.70649846,17.85335706,0.05,-0.05,0.05,-0.05
13.272,0.003402275575,0.1949360312,0.02389848081,-0.06056460287,0.04581993346,-0.007086325818,1.369282087,-3.470096132,2.625288805,-0.4060165616,0.002067485582,0.1184581981,6.792323954,-23.93423987,41.12773908,-26.30440435,-0.05,0.05,-0.05,0.05
13.282,0.01554176315,0.8904774346,-0.01884167657,8.325224957e-06,-0.009082625418,0.02283005809,-1.079548547,0.0004770002535,-0.5203961034,1.308065975,-0.005085918672,-0.2914016749,-10.43701134,24.28646715,-34.83363357,21.67031192,0.05,-0.0244696221,0.05,-0.05
13.292,0.009287014879,0.5321067569,-0.005813836176,-0.03469529457,0.06337782406,-0.02671538251,-0.3331082757,-1.987893948,3.631281833,-1.530678666,-0.0038466892,-0.2203990563,4.600315071,-9.739439248,14.60009818,-9.01243096,0.05,0.05,-0.05,0.05
13.302,-0.001063188761,-0.06091622884,0.007005478968,0.002379053176,-0.04382545454,0.05305023077,0.4013843783,0.1363097062,-2.51101358,3.039554325,0.01860930837,1.066234829,4.949310313,-5.889610122,3.603117721,-0.8112397119,-0.05,-0.04644955975,0.05,-0.05
13.312,0.004797750478,0.2748908536,-0.009786443955,0.002405419184,-0.001471638961,0.01659106561,-0.5607219351,0.1378203672,-0.08431870144,0.9505980371,0.007738401877,0.4433777678,-8.88828799,18.50454202,-23.29568384,13.22661699,0.05,-0.05,0.05,-0.05
13.322,-0.0003129768272,-0.01793225129,-0.007028077722,0.01283910647,-0.006547151654,0.01166705399,-0.4026791915,0.7356266136,-0.3751241576,0.6684729532,0.01093093109,0.6262962176,-0.06676037665,8.397504567,-17.06248174,10.9076556,0.05,-0.05,0.05,-0.05
13.332,-0.004341785255,-0.2487659707,-0.000601538997,0.01822203217,-0.02157993222,0.01838192686,-0.03446564574,1.044045538,-1.236439038,1.053206828,0.01442248781,0.8263476818,-2.41302876,3.624717726,-2.868905414,0.9140915353,0.01564688669,-0.05,0.05,-0.05
13.342,-0.002805240113,-0.160728419,0.000904097495,0.005913080774,-0.004615372132,0.009387957294,0.05180097073,0.3387945722,-0.2644413441,0.5378903312,0.01158976343,0.6640445301,3.148269955,-6.205967244,6.270757795,-2.895789163,-0.02303841484,-0.05,0.05,-0.05
13.352,0.005377682777,0.3081185267,-0.01718505445,0.03104205463,-0.04773220183,0.04184403559,-0.9846310909,1.778578718,-2.734853712,2.397486637,0.007968833945,0.4565805527,-2.581022565,5.890385383,-10.01386623,6.827997243,0.05,-0.05,0.05,-0.05
13.362,0.00260748258,0.149397747,-0.0009031250114,-0.009275470178,0.01169703629,0.002793212904,-0.05174525152,-0.5314452942,0.6701908123,0.1600393107,0.004311654007,0.2470395773,-3.710375644,10.4670875,-15.8915702,9.281491795,0.02357912589,0.05,-0.05,-0.05
13.372,-0.005402245702,-0.3095258786,0.01696091686,-0.02798809459,0.05581498556,-0.04518646295,0.9717889525,-1.603599697,3.197963106,-2.588993618,-0.0003986551272,-0.02284125627,2.65082045,-5.416900734,10.33811809,-8.505531652,-0.05,0.05,-0.05,0.05
13.382,-0.002443444782,-0.1399990735,-0.00367998221,0.03923457173,-0.04118558161,0.003605710687,-0.2108474493,2.247975371,-2.359760003,0.2065920045,-0.002025281398,-0.1160400765,2.922686494,-6.152232175,9.137109858,-6.368757644,0.05,-0.05,0.05,-0.05
13.392,-0.0003005184068,-0.01721843638,-0.0001131582481,0.03358828589,-0.05458095226,0.01758222576,-0.006483490031,1.924467022,-3.127258206,1.00738733,-0.003523598866,-0.2018873437,-6.971010658,19.15723539,-32.54516808,21.27019545,0.009460492115,-0.05,0.05,-0.05
13.402,-0.0005637521977,-0.03230062162,0.01926640625,-0.02878842699,0.03201712369,-0.0326416342,1.103883764,-1.649455365,1.834446059,-1.870227876,-0.01014653126,-0.5813534181,1.567917905,-7.706845182,12.8377853,-8.038074791,-0.05,0.05,-0.05,0.05
13.412,0.006062442475,0.3473523674,0.008832285553,-0.02019911899,0.008446833674,-0.01045869285,0.5060526856,-1.157324268,0.4839679198,-0.5992389594,-0.01337869261,-0.7665426221,5.813193365,-14.99525968,20.3909836,-11.52786035,-0.05,0.05,-0.05,0.05
13.422,0.01056520474,0.6053416412,-0.003188205988,-0.01252807164,0.01733836398,-0.02251640315,-0.1826707473,-0.7178056305,0.9934150797,-1.290094871,-0.0208943168,-1.197156169,0.4387851494,-5.410824895,15.73753497,-12.84547165,0.05,0.05,-0.05,0.05
13.432,0.0009058644275,0.0519022085,0.01582225502,-0.01421970212,-0.003466349213,-0.0083413007,0.906548435,-0.8147289176,-0.1986071802,-0.4779213257,-0.01020509702,-0.5847089885,5.267257179,-10.18649868,10.24202112,-4.133241072,-0.05,0.05,0.05,0.05
13.442,0.009424430163,0.5399800727,-0.01026956646,0.003097217795,0.003939705216,-0.0132157484,-0.5884028153,0.1774575079,0.2257284814,-0.7572066065,-0.01644839185,-0.9424234326,-6.232187874,4.061171672,6.303277263,-6.928938683,0.05,-0.05,-0.05,0.05
13.452,0.003406025875,0.1951509076,0.006159004759,-0.02717052142,0.02612714316,-0.008219783546,0.3528849787,-1.556756205,1.496975034,-0.4709589057,-0.003104157049,-0.1778550979,2.329882187,-3.669337341,0.3974218994,2.854550416,-0.05,0.05,-0.05,0.05
13.462,0.003504694778,0.2008042193,-0.005053830213,-0.01256543699,0.02365584806,-0.005198112503,-0.2895631416,-0.7199465074,1.355380255,-0.2978299079,0.0008384683531,0.04804069789,-0.3325858581,-0.4896466911,7.083986171,-6.833411335,0.05,0.05,-0.05,0.05
13.472,-0.007411245489,-0.4246330875,0.004680705971,0.01476655382,-0.02445857308,0.01868907176,0.2681846973,0.8460612121,-1.40137301,1.070804935,0.01367775847,0.7836778337,-0.9165535023,7.884603592,-15.63217479,10.48322672,-0.05,-0.05,0.05,-0.05
13.482,-0.003230560946,-0.1850975077,-0.004993110822,0.01668873805,-0.01582932979,0.01405470532,-0.2860841767,0.9561942559,-0.9069537892,0.805275297,0.009921002766,0.568431587,-2.095325053,6.585049832,-13.55857679,10.16374681,0.05,-0.05,0.05,-0.05
13.492,0.0009617284253,0.05510297981,-0.01070616124,0.01943019324,-0.03499200395,0.03754062822,-0.6134178539,1.113268068,-2.004894143,2.150919557,0.01127265628,0.6458756285,-6.69673484,14.69819484,-20.87495732,12.73214651,0.05,-0.05,0.05,-0.05
13.502,-0.0004188538183,-0.02399855602,0.002302610242,-0.03001365732,0.05348311229,-0.02090929764,0.1319298487,-1.719655892,3.064356609,-1.198014507,0.004862767571,0.2786160586,-2.439868717,3.925180757,-4.486159677,2.503130353,-0.04821755661,0.05,-0.05,0.05
13.512,-0.0006693050934,-0.03834835706,-0.002995737469,-0.007845350075,0.02520793526,-0.01048313397,-0.1716431135,-0.4495054481,1.4443083,-0.6006393325,0.003883713744,0.2225204063,6.801804746,-16.48928769,25.93564877,-17.10918277,0.05,0.05,-0.05,0.05
13.522,-0.003954495277,-0.2265758895,0.004420742967,0.0009083055899,-0.003735751214,0.004514148467,0.2532899143,0.05204207681,-0.2140427779,0.2586416552,0.00610744581,0.3499308685,3.283014295,-7.138380776,10.23074472,-6.832145633,-0.05,-0.0128443422,0.05,-0.05
13.532,0.001464985177,0.08393746772,-0.01482855495,0.03619698724,-0.03416776853,0.01005230985,-0.8496136148,2.0739346,-1.957668932,0.5759549288,-0.002747026394,-0.1573930186,-0.7130347125,4.904415693,-7.948905428,4.087324745,0.05,-0.05,0.05,-0.05
13.542,-0.002511819995,-0.1439166846,0.003740405424,0.008424372781,-0.0173879739,0.005623394985,0.2143094444,0.4826810054,-0.996257519,0.3221967992,0.0004001992857,0.02292973004,-0.714669135,-0.03487427744,-0.6004355326,0.957125098,-0.05,-0.05,0.05,-0.05
13.552,0.0008690939625,0.04979541605,0.004315739868,-0.01360583151,0.01559012587,-0.0103932995,0.2472736799,-0.7795567224,0.8932484143,-0.5954921963,-0.004093265271,-0.2345268244,5.138834979,-12.90791794,18.0664025,-10.50242004,-0.05,0.05,-0.05,0.05
13.562,0.00236821334,0.1356886294,-0.0008344289138,-0.004334476073,0.001451791542,-0.0003523690688,-0.04780925507,-0.2483471854,0.08318152807,-0.02018926047,-0.004069482514,-0.2331641729,-1.255575265,2.807815132,-3.410816041,1.825897291,0.01961301137,0.05,-0.02852859788,0.005926222222
13.572,-0.0001688477046,-0.009674260854,0.001752635094,-0.004718230858,0.01290157642,-0.01523373162,0.1004185939,-0.2703347149,0.739205878,-0.8728285279,-0.00529775096,-0.3035387709,-3.648990726,9.016210062,-12.3242352,6.906407685,-0.03490898135,0.05,-0.05,0.05
13.582,-0.005050213573,-0.2893559234,0.01359289377,-0.02117813717,0.04072772657,-0.03808974331,0.7788154441,-1.213417878,2.333526842,-2.182381535,-0.004947260143,-0.2834571263,8.617935477,-20.89631033,31.07454014,-19.29108632,-0.05,0.05,-0.05,0.05
13.592,0.001111806079,0.06370179598,-0.01447808618,0.05431784556,-0.08113553458,0.03959948899,-0.8295332335,3.112183303,-4.6487237,2.26888359,-0.0016962862,-0.09719004013,-3.163776088,10.51722171,-17.53957705,11.15407563,0.05,-0.05,0.05,-0.05
13.602,-0.006189006494,-0.3546039515,0.02089282198,-0.03808147985,0.06173083853,-0.05040328775,1.197070522,-2.181908073,3.536916514,-2.887895662,-0.005861107093,-0.3358166997,-0.1201288655,-3.506111514,7.612627345,-5.030597553,-0.05,0.05,-0.05,0.05
13.612,-0.0004222115518,-0.02419093998,0.0007862900651,0.005287896162,-0.01273102575,0.004028301833,0.0450511022,0.3029741326,-0.7294340446,0.2308046936,-0.002628537694,-0.1506041161,4.57681855,-11.19785227,14.57237876,-7.643103734,-0.02187519998,-0.05,0.05,-0.05
13.622,0.006625711383,0.3796252985,-0.01539270641,0.02312331853,-0.04558477095,0.03537610446,-0.8819371126,1.32486856,-2.611814985,2.026901481,-0.002478054369,-0.1419820568,-6.451672351,19.86299353,-34.56729211,23.28071584,0.05,-0.05,0.05,-0.05
13.632,-0.002722350595,-0.1559791994,0.02444228317,-0.06207343729,0.05806374731,-0.01732980223,1.400439667,-3.556545976,3.326807664,-0.9929245274,0.003102790967,0.1777768271,4.037674859,-13.71258282,23.30880337,-15.06144404,-0.05,0.05,-0.05,0.05
13.642,0.009430777362,0.5403437404,-0.02702723647,0.04594294308,-0.07834641487,0.05792617919,-1.548546582,2.632336737,-4.488918912,3.318925591,-0.001504529079,-0.08620316639,-4.539304389,10.84746145,-12.50676826,5.801720235,0.05,-0.05,0.05,-0.05
13.652,-0.001178959934,-0.06754942846,0.009539016555,-0.04422580595,0.086366778,-0.060822639,0.5465453893,-2.533952027,4.94845187,-3.484880514,-0.009142650398,-0.5238352814,1.816815305,-2.357974321,4.306366108,-3.742431801,-0.05,0.05,-0.05,0.05
13.662,-0.003841542785,-0.2201041884,-0.002971097555,0.0405187298,-0.07598350064,0.04435793849,-0.1702313504,2.321552209,-4.353533899,2.541522663,0.005922070095,0.3393096224,4.522651079,-4.604359283,1.227892897,0.5240272432,0.05,-0.05,0.05,-0.05
13.672,-0.007817479373,-0.4479085745,0.02478266765,-0.02888577999,0.01246556171,-0.003892011918,1.419942261,-1.655033281,0.7142240755,-0.2229958567,0.004470437454,0.2561371987,-4.523410299,10.52660731,-17.14644906,11.34746735,-0.05,0.05,-0.05,0.05
13.682,-0.0006787871338,-0.03889163795,0.007011691027,-0.01002752379,-0.006606415868,0.009000829934,0.4017403031,-0.5745347924,-0.3785197469,0.5157095673,-0.0006214187009,-0.03560466887,5.92684862,-18.18750423,29.1931988,-18.26482493,-0.05,0.05,0.05,-0.05
13.692,0.01117857916,0.640485407,-0.02645905414,0.006319246052,0.0378232616,-0.03900429878,-1.515992132,0.3620661285,2.167113257,-2.234781703,-0.02132084527,-1.22159445,-6.761658486,17.58113643,-24.39586671,13.90423508,0.05,-0.05,-0.05,0.05
13.702,-0.00225112041,-0.1289796987,0.009651376316,-0.02596694665,0.04348256066,-0.03391593503,0.5529831294,-1.48779645,2.491367208,-1.943239936,-0.006748944704,-0.3866860477,10.73143819,-23.66741937,32.8723524,-19.81488462,-0.05,0.05,-0.05,0.05
13.712,0.001835079372,0.1051423031,-0.007311133443,0.02970748996,-0.06273290571,0.03872818519,-0.4188970898,1.702113795,-3.594330734,2.21896156,-0.001608363998,-0.09215246901,-4.077700302,10.58282908,-16.9215496,10.82805417,0.05,-0.05,0.05,-0.05
13.722,0.002436543373,0.1396036519,0.004850050808,-0.02729273612,0.03818736487,-0.02650767668,0.2778874417,-1.563758591,2.187974838,-1.518777999,-0.01076299713,-0.6166743103,-3.444295451,4.591141045,-4.375881842,2.254247629,-0.05,0.05,-0.05,0.05
13.732,0.003484851139,0.1996672625,0.005060547389,-0.03348056159,0.04107295153,-0.02239778289,0.2899480074,-1.918294875,2.353306775,-1.28329843,-0.00974484556,-0.5583385226,1.453027235,-4.088568089,5.075622467,-2.342146818,-0.05,0.05,-0.05,0.05
13.742,3.318591939e-05,0.00190141312,0.01194990763,-0.02539338838,-0.0007804201509,0.01464301009,0.6846792728,-1.454933982,-0.0447147809,0.8389826778,0.0004191091912,0.02401318781,6.944497037,-15.92709384,21.70710269,-12.50771884,-0.05,0.05,-0.004537859365,-0.05
13.752,0.006775160731,0.3881881154,-0.01676401575,0.02751539686,-0.05378688393,0.03792219725,-0.96050735,1.576516112,-3.081761442,2.172781852,-0.005113305569,-0.2929708285,-3.358077833,8.625745103,-11.17672015,6.004437014,0.05,-0.05,0.05,-0.05
13.762,0.001283699074,0.07355053913,0.0007048123907,-0.02483637101,0.0570846852,-0.0455324547,0.04038277533,-1.423019238,3.270711537,-2.608817485,-0.01257932813,-0.7207424108,-2.892141725,6.43788983,-6.218480799,2.21186671,-0.01261373087,0.05,-0.05,0.05
13.772,-0.007641602577,-0.4378315764,0.01193714575,0.005080917879,-0.02149420301,0.006804470576,0.6839480709,0.2911151505,-1.231527117,0.3898674458,0.002328331193,0.1334035507,8.124032092,-15.29235816,19.39304089,-11.42886842,-0.05,-0.05,0.05,-0.05
13.782,-0.004570001704,-0.26184181,0.009118542951,-0.002704654374,-0.005932098361,-0.002707087002,0.5224540264,-0.1549652807,-0.3398841997,-0.15510466,-0.002225296787,-0.127500114,-7.793597878,19.41605245,-29.80100589,18.70976991,-0.05,0.04008634379,0.05,0.04084614413
13.792,-0.002990890092,-0.1713653793,0.004639144738,-0.009135939369,0.02013869463,-0.02105505881,0.2658034141,-0.5234507677,1.153862207,-1.206366007,-0.005413158804,-0.3101511533,7.74502832,-21.50866849,34.519469,-21.81876387,-0.05,0.05,-0.05,0.05
13.802,0.00131277727,0.07521659703,-0.01668301696,0.04113742822,-0.05415150822,0.02697866097,-0.9558664611,2.357001017,-3.102652875,1.545763411,-0.002718435981,-0.1557549086,-1.06979246,6.107651204,-11.62601306,7.90149504,0.05,-0.05,0.05,-0.05
13.812,-0.003687093811,-0.211254914,0.01137712981,-0.03170458819,0.03898466932,-0.0185330262,0.651861521,-1.816539095,2.233657018,-1.061864183,0.0001241847441,0.007115261714,-2.532481465,4.620905195,-8.923052252,7.35054098,-0.05,0.05,-0.05,0.05
13.822,0.000879424868,0.05038733334,-0.002557572902,-0.01824359746,0.02730775308,-0.007043419743,-0.1465381331,-1.045281138,1.564618999,-0.4035582246,-0.0005368370269,-0.03075849593,2.425602841,-6.973446606,12.89721102,-8.902948364,0.05,0.05,-0.05,0.05
13.832,-0.004646317943,-0.2662144084,0.008251302677,-0.02069527116,0.02488955569,-0.009277629837,0.4727648189,-1.185751693,1.426066495,-0.5315690335,0.003167957369,0.1815105869,0.1946835163,-1.942915241,6.645142279,-6.116355647,-0.05,0.05,-0.05,0.05
13.842,-0.00450163164,-0.2579244939,-0.001642244372,0.004692378179,0.02229419526,-0.03144400125,-0.09409367142,0.2688534655,1.277363296,-1.801608562,-0.006099672182,-0.3494854725,5.410751486,-14.57040644,26.46191502,-19.11745636,0.03071862469,-0.05,-0.05,0.05
13.852,-0.003861746908,-0.2212617994,-0.008637814532,0.0513820014,-0.0712233901,0.02605744904,-0.4949103169,2.943971823,-4.080799655,1.492981855,-0.002421754182,-0.1387562936,-2.224102963,10.92716326,-22.56824988,15.58087164,0.05,-0.05,0.05,-0.05
13.862,-0.006953034399,-0.3983795259,0.02910180343,-0.05675826103,0.07560953291,-0.05729084121,1.667410513,-3.252008809,4.332107127,-3.282523406,-0.009337765901,-0.5350145762,0.9891335621,-8.821894253,14.92791761,-8.95149817,-0.05,0.05,-0.05,0.05
13.872,0.007306995858,0.4186600236,-0.01515652203,0.03066395577,-0.05736988566,0.02914638002,-0.8684047446,1.756915249,-3.287052319,1.669964563,-0.01271607191,-0.7285772525,0.2413543817,-0.4617111516,-0.1907767959,0.4040544912,0.05,-0.05,0.05,-0.05
13.882,0.005227846757,0.2995335551,0.003980148161,-0.02316980316,0.01991295753,-0.01766704764,0.2280456915,-1.327531933,1.140928424,-1.012247266,-0.01694374511,-0.970805084,-4.452276938,11.53025206,-18.40108388,11.65137268,-0.05,0.05,-0.05,0.05
13.892,0.002335185344,0.1337962646,0.01056486148,-0.01984836528,-0.0001202886599,-0.003443783557,0.6053219737,-1.137227561,-0.006892032533,-0.1973142634,-0.01284757602,-0.736111883,8.407343392,-20.25099537,29.76236301,-18.46445017,-0.05,0.05,-0.02711601249,0.05
13.902,0.006286367053,0.3601823006,-0.004438922768,0.01271929492,-0.04712722638,0.02552214539,-0.2543315402,0.7287619176,-2.700191171,1.462311215,-0.01332470883,-0.7634495794,-1.287244211,2.652128861,-3.024214661,1.668096546,0.05,-0.05,0.05,-0.05
13.912,0.006885256505,0.3944961386,-0.01472558901,0.02515821261,-0.03148933686,0.002733231601,-0.843714101,1.441459403,-1.804206102,0.1566026352,-0.01832348166,-1.049858165,-3.008858747,12.79233773,-21.09526056,12.99158169,0.05,-0.05,0.05,-0.05
13.922,-0.003727160557,-0.2135505695,0.01658243634,-0.01821177171,0.005696881808,-0.01151496436,0.9501036162,-1.043457657,0.326407284,-0.6597588589,-0.007447417924,-0.4267056153,-1.462563067,6.088391723,-13.04664683,9.796113237,-0.05,0.05,-0.05,0.05
13.932,-0.001380051022,-0.07907109906,0.01375561409,-0.0268136804,0.01649546515,-0.00980844285,0.7881386321,-1.53631072,0.9451205342,-0.5619823789,-0.006371044012,-0.365033933,3.946800324,-17.61231853,31.08959697,-19.45712248,-0.05,0.05,-0.05,0.05
13.942,0.01033005214,0.5918683897,-0.03017861382,0.04677410277,-0.06913470128,0.04329684452,-1.729107203,2.679958679,-3.961126601,2.480726457,-0.009242367817,-0.5295486686,-2.403938106,6.536236187,-9.060347878,5.588466166,0.05,-0.05,0.05,-0.05
13.952,0.00102566168,0.05876608549,0.01063489205,-0.07039366931,0.1248423441,-0.07832278242,0.6093344301,-4.033260156,7.152939421,-4.487564872,-0.01323921558,-0.758551177,0.1884515861,-2.976234729,6.378126575,-3.955488511,-0.05,0.05,-0.05,0.05
13.962,0.003786351528,0.2169419623,-0.02435058962,0.04828037474,-0.07447781357,0.05370527122,-1.395186014,2.766261706,-4.267264385,3.077085378,0.003157242756,0.1808966848,1.273964835,3.599918142,-10.37549535,7.886378275,0.05,-0.05,0.05,-0.05
13.972,-0.007986923314,-0.4576169972,0.02402380468,-0.06639453843,0.08843713356,-0.03984792099,1.376462616,-3.804126835,5.067074505,-2.283117695,0.006218478819,0.3562925913,-0.8797807681,-0.7604276126,2.307925274,-0.9832140313,-0.05,0.05,-0.05,0.05
13.982,0.000497557737,0.02850795839,-0.02535281902,0.05738477704,-0.08781905562,0.06773472402,-1.452609529,3.287905533,-5.031661248,3.880913813,0.01194762642,0.6845485691,0.2335503204,0.9351054321,0.1031757992,-0.893671239,0.05,-0.05,0.05,-0.05
13.992,-0.01026476456,-0.5881276873,0.00968801984,-0.03023992198,0.0728975513,-0.04574044142,0.5550826487,-1.732619902,4.176722026,-2.620734246,0.006605207739,0.3784505263,-2.778745664,5.330819105,-4.225584119,0.9931054853,-0.05,0.05,-0.05,0.05
14.002,-0.0129853307,-0.7440046444,0.004228611954,0.01139983531,0.001534930897,-0.003561882833,0.2422816182,0.6531624506,0.08794506223,-0.2040808534,0.01360149533,0.7793082775,6.479019052,-14.19346104,20.45077919,-12.74198724,-0.05,-0.05,-0.05,0.05
14.012,-0.009433039977,-0.5404733786,0.0006749963228,0.01603300967,-0.02682305903,0.02594067288,0.03867444048,0.9186237871,-1.536848076,1.486291074,0.01582561984,0.906741225,-0.4043466144,-4.175119193,8.174904105,-4.758991513,-0.01444557249,-0.05,0.05,-0.05
14.022,-0.002622620729,-0.150265099,-0.01056181476,0.009348387207,-0.006548449401,0.01735240129,-0.6051474098,0.5356231322,-0.375198513,0.9942193581,0.009590524332,0.5494965675,1.501349205,-3.268445531,2.970292651,-0.8791509176,0.05,-0.05,0.05,-0.05
14.032,-0.002650843926,-0.1518821691,-0.007436837127,0.009442137767,-0.02480053946,0.03516398283,-0.4260993803,0.5409946437,-1.42096624,2.014747807,0.01236874401,0.7086768298,0.3758618468,0.4903220058,-1.602202549,0.8372668141,0.05,-0.05,0.05,-0.05
14.042,-0.002574782503,-0.1475241706,-0.01102329537,0.0155807287,-0.002105807032,-0.001458466964,-0.631588301,0.8927099964,-0.1206538554,-0.08356400158,0.0009931593369,0.05690383839,0.2242141505,0.6231599265,2.406401321,-4.332922123,0.05,-0.05,0.04392135338,0.03641919533
14.052,-0.006627398556,-0.3797219664,0.008186953194,-0.008868205303,0.01280864716,-0.01144932621,0.4690778651,-0.5081107357,0.7338814234,-0.6559980703,0.0006780688346,0.03885048244,-0.07911660815,-4.051054109,9.315176194,-7.071857563,-0.05,0.05,-0.05,0.05
14.062,-0.0001190666693,-0.006822017632,-0.0004127156881,-0.005571169202,-0.002341918041,0.005166729252,-0.02364686707,-0.3192044822,-0.1341820197,0.29603178,-0.003159073679,-0.181001589,0.1400812934,-2.705208877,3.392724986,-1.296468649,0.008939663846,0.05,0.04812947191,-0.05
14.072,-0.001739808258,-0.09968367034,0.004455142744,-0.009766935507,0.0003792203422,0.001845088145,0.2552608764,-0.5596041833,0.02172772511,0.1057157635,-0.003087484276,-0.1768998183,5.38619385,-10.83846439,14.56087573,-8.936280141,-0.05,0.05,-0.02290372326,-0.03165565904
14.082,-0.0003324373806,-0.01904725886,-0.007727899599,0.02386029874,-0.0328786022,0.009247576366,-0.4427760315,1.367094416,-1.883805142,0.5298470965,-0.007498626689,-0.4296396614,2.727058368,-5.677227518,9.976826877,-7.528214612,0.05,-0.05,0.05,-0.05
14.092,0.0003278162858,0.01878248963,-0.01349062118,0.04211435824,-0.05154712339,0.01216918224,-0.7729556568,2.412974984,-2.953432616,0.6972427824,-0.01075420409,-0.6161705065,-1.774237935,8.073809119,-15.41938194,10.35208269,0.05,-0.05,0.05,-0.05
14.102,-0.00528254762,-0.3026676837,0.01709274857,-0.02544602664,0.02176666617,-0.01995720761,0.9793423535,-1.457949932,1.247138106,-1.143463767,-0.006543819506,-0.3749332396,-2.220806961,4.766403512,-10.20142772,8.234129186,-0.05,0.05,-0.05,0.05
14.112,-0.001212405366,-0.06946571054,0.01332856023,-0.04351866697,0.05206171034,-0.03076999258,0.763670248,-2.493435947,2.982916277,-1.76299071,-0.008898388978,-0.5098401329,2.30645133,-13.83937328,27.73078524,-18.54342897,-0.05,0.05,-0.05,0.05
14.122,0.006565330531,0.3761657305,-0.03100233383,0.05701182266,-0.07704875798,0.04429182675,-1.776302883,3.26653682,-4.414568649,2.53773474,-0.006747442399,-0.3865999719,-1.891654425,9.62554977,-16.21785672,10.26095468,0.05,-0.05,0.05,-0.05
14.132,-0.005735823845,-0.3286384984,0.009134285247,-0.02679498191,0.04623919813,-0.03112014655,0.5233559935,-1.535239375,2.649310901,-1.783053055,-0.002541645075,-0.1456255358,-0.2846784752,0.4569639764,-0.5993524932,0.6591894425,-0.05,0.05,-0.05,0.05
14.142,-0.005362874726,-0.3072700878,-0.003404990622,0.01996308989,-0.03756302065,0.0273863842,-0.1950915919,1.143800797,-2.152202549,1.569124231,0.006381462823,0.3656308869,5.126048738,-12.15528135,17.40147823,-10.20347944,0.05,-0.05,0.05,-0.05
14.152,-0.003330784144,-0.1908398739,-0.005545724052,0.01387263948,-0.03149756327,0.02989761085,-0.3177465825,0.794843693,-1.80467744,1.713006919,0.006726963008,0.3854265893,-8.11503656,20.42252789,-31.9743597,20.68052047,0.05,-0.05,0.05,-0.05
14.162,-0.007261428369,-0.4160491988,0.01849059378,-0.05732901691,0.07515136954,-0.03138234081,1.059432984,-3.284710712,4.305856299,-1.79807568,0.004930605608,0.2825028918,2.552115489,-9.533859699,15.37804597,-9.236143868,-0.05,0.05,-0.05,0.05
14.172,0.001509269274,0.08647475953,-0.01885112959,0.0301046251,-0.05921253217,0.05642634954,-1.080090164,1.724867962,-3.392628187,3.232991682,0.008467312885,0.4851412921,0.5468976596,-0.1429446071,-0.5047173578,0.6006163852,0.05,-0.05,0.05,-0.05
14.182,-0.001047546669,-0.06002000298,-0.00274064485,-0.02462581667,0.03834023962,-0.008542961271,-0.157027383,-1.410955362,2.196733916,-0.4894756254,0.002430816829,0.1392755451,-5.170052081,11.11115932,-14.6697557,8.399896195,0.05,0.05,-0.05,0.05
14.192,-0.006891310269,-0.3948429937,0.007117526843,-0.02130303303,0.02744970341,-0.006686093594,0.4078042487,-1.220573884,1.572752154,-0.3830849444,0.00657810363,0.3768975752,1.961518804,-5.942700559,12.65593095,-9.948009815,-0.05,0.05,-0.05,0.05
14.202,-0.006659080217,-0.3815371919,0.001615356699,-0.01020812171,0.03643789718,-0.02857393457,0.09255312123,-0.5848822908,2.087737723,-1.637165855,-0.0007288023997,-0.0417573016,5.453814171,-13.21400215,19.83473177,-12.57613994,-0.04099166154,0.05,-0.05,0.05
14.212,-0.008224516246,-0.4712300695,0.009284695796,-0.003490996079,-0.01158323784,0.01238186097,0.5319738832,-0.2000193416,-0.6636706414,0.709428376,0.006592322844,0.3777122761,4.317268251,-9.881297944,11.04779849,-5.346431812,-0.05,0.05,0.05,-0.05
14.222,-0.00130682064,-0.07487530725,-0.001311869733,-0.01393917362,0.02860163616,-0.0191672163,-0.07516459895,-0.7986558183,1.638753039,-1.098200599,-0.005816623496,-0.3332679773,2.442905824,-8.974117178,15.78844822,-10.51949669,0.02641822829,0.05,-0.05,0.05
14.232,-0.003795130449,-0.2174449574,0.007836863031,-0.01307646408,0.001924420904,0.001821104519,0.4490191763,-0.7492262026,0.1102611958,0.104341603,-0.001494075624,-0.08560422751,0.3868154591,-0.03198733514,-0.9467897023,0.404012444,-0.05,0.05,-0.04139047018,-0.04046831185
14.242,0.0009790319278,0.05609439747,-0.00680292337,0.01548040055,-0.02587291583,0.0075368742,-0.3897787975,0.8869616168,-1.482408881,0.4318310824,-0.009658564448,-0.553394979,-1.123746883,7.866027762,-16.55068293,11.02548637,0.05,-0.05,0.05,-0.05
14.252,0.0007271894259,0.04166488501,0.002060773326,0.005861324043,-0.03319624725,0.01526969331,0.1180736141,0.33582913,-1.902004863,0.8748889814,-0.01000445656,-0.5732131375,-1.873670624,2.164662151,-2.411884852,1.184869399,-0.04346334255,-0.05,0.05,-0.05
14.262,0.006034071315,0.3457268197,-0.01161821843,0.02004029924,-0.03914505113,0.01416104963,-0.6656748817,1.148224567,-2.242846219,0.8113683773,-0.01656192069,-0.9489281564,1.051275004,0.3626502953,-2.344837338,1.604591389,0.05,-0.05,0.05,-0.05
14.272,0.003224654343,0.1847590842,-0.002385733115,0.007344828027,-0.03015715865,0.01179173901,-0.1366924386,0.4208276472,-1.727877913,0.6756168784,-0.01340632473,-0.7681258259,-4.265344063,8.276172776,-8.951639367,4.405993788,0.05,-0.05,0.05,-0.05
14.282,0.003121844133,0.1788684931,-0.006814671431,0.01251113884,-0.02702021581,0.009002502603,-0.3904519117,0.7168354526,-1.548144327,0.5158054042,-0.01232124579,-0.7059553823,-0.3634663707,3.326486658,-8.135613751,6.726737713,0.05,-0.05,0.05,-0.05
14.292,0.001875926003,0.1074826427,-0.008831523609,0.01303925436,-0.02205119774,0.01036801918,-0.5060090294,0.747094243,-1.263440564,0.5940437411,-0.007475447808,-0.4283116094,-0.4365434503,1.236459135,-1.015440074,0.8492957443,0.05,-0.05,0.05,-0.05
14.302,-0.004346246507,-0.2490215816,0.007462217741,-0.01720596545,0.01628692573,-0.006446282955,0.4275535823,-0.9858292026,0.9331721053,-0.3693448069,9.689506323e-05,0.005551678179,3.982110421,-11.14238024,17.1734281,-10.08107137,-0.05,0.05,-0.05,0.05
14.312,-0.002400802078,-0.1375558265,0.00196916984,-0.01786644956,0.02055930314,-0.002651993009,0.112825121,-1.023672154,1.1779613,-0.1519480067,0.002010030417,0.1151662596,-0.8957278856,0.1980340758,0.2973414985,0.4333546909,-0.04242600859,0.05,-0.05,0.05
14.322,-0.001061984398,-0.06084722392,-0.00372285498,-0.009737705176,0.006314109276,0.01271959783,-0.2133038781,-0.5579294087,0.3617718129,0.7287792725,0.005573146946,0.3193177986,-2.724491874,7.569780273,-12.50907622,8.4873458,0.05,0.05,-0.05,-0.05
14.332,-0.004889870763,-0.2801689571,0.004312437904,-0.02758815157,0.0551091489,-0.03020413596,0.2470844913,-1.58068465,3.157521645,-1.730569515,0.00162929927,0.09335197176,-0.761754185,-0.703443308,6.239252367,-6.141755239,-0.05,0.05,-0.05,0.05
14.342,-0.006731431647,-0.3856826235,-0.002803508802,0.006248370918,0.01909213082,-0.02111428956,-0.1606292222,0.3580052824,1.093898518,-1.209759679,0.001422703383,0.08151489934,5.637885802,-11.42676696,15.64108645,-9.566234687,0.05,-0.05,-0.05,0.05
14.352,-0.008993308805,-0.5152786384,0.009077385137,0.01001923806,-0.04199282438,0.03674826639,0.5200958574,0.5740600546,-2.406011607,2.105520568,0.0138520652,0.7936648737,0.1265726714,-3.471032506,4.644071133,-1.872111693,-0.05,-0.05,0.05,-0.05
14.362,0.00727433344,0.4167886049,-0.02795011575,0.01602559211,0.01286983677,-0.009312582702,-1.601423669,0.9181987923,0.7373873301,-0.5335716852,-0.008367269563,-0.479409232,-7.787283539,16.19802222,-20.86863556,12.04180513,0.05,-0.05,-0.05,0.05
14.372,-0.002675954707,-0.1533209109,0.006675638408,-0.03865559577,0.06112028815,-0.02705156111,0.3824859064,-2.214802492,3.501934554,-1.549940281,0.002088769678,0.1196776869,10.95550162,-26.35103774,37.46392325,-22.21696205,-0.05,0.05,-0.05,0.05
14.382,0.004005604697,0.2295042435,-0.01417909967,0.01296383595,-0.03757731126,0.04567635002,-0.8124025686,0.7427730862,-2.153021341,2.61706208,0.006883775039,0.3944112569,-9.114845055,23.32945505,-36.24855398,22.96019502,0.05,-0.05,0.05,-0.05
14.392,-0.002017244321,-0.1155795859,0.01123383054,-0.0477459265,0.05596960361,-0.01407322169,0.6436510775,-2.735640078,3.206822068,-0.806336207,0.005384285957,0.308496861,3.392965144,-12.08389247,22.74433108,-15.88944473,-0.05,0.05,-0.05,0.05
14.402,0.003000465263,0.1719139961,-0.01972481856,0.03429599628,-0.04887531855,0.03766143213,-1.130148855,1.965015841,-2.800349475,2.157841111,0.00335729129,0.1923586215,0.4068679083,2.931393873,-4.385912296,1.461248052,0.05,-0.05,0.05,-0.05
14.412,-0.00303474476,-0.1738780666,-0.001972487106,0.004848764188,0.005765847124,-0.008846864014,-0.1130151863,0.2778137238,0.3303587055,-0.5068879699,-0.000204739807,-0.01173072684,-5.186213052,13.97445992,-20.14924645,11.4243006,0.04858092937,-0.05,-0.05,0.05
14.422,-0.007442923372,-0.4264480965,0.02014570742,-0.03258956923,0.04080552803,-0.0274540787,1.154264011,-1.867244773,2.337984537,-1.57300284,0.0009075875301,0.05200093501,2.678045134,-14.20176362,27.75372794,-19.19479636,-0.05,0.05,-0.05,0.05
14.432,0.004115843853,0.2358204819,-0.02325799988,0.05821953088,-0.076688091,0.03649550712,-1.332585233,3.335733405,-4.393903953,2.091038529,-0.005231052878,-0.2997172523,-0.8682532112,6.114962462,-12.23954058,8.037086616,0.05,-0.05,0.05,-0.05
14.442,-0.005359026916,-0.3070496246,0.02339825686,-0.04653704401,0.06663429861,-0.05120315668,1.340621366,-2.666376213,3.817864081,-2.933724776,-0.007707645231,-0.4416155417,0.02466378672,-0.6492374186,0.1430991824,0.05424560423,-0.05,0.05,-0.05,0.05
14.452,0.0008110456324,0.04646949173,0.0005212767654,0.01253602125,-0.02716339353,0.005935000413,0.02986695862,0.7182611093,-1.556347806,0.3400504751,-0.008171095101,-0.4681692633,4.04424085,-10.25406482,15.86653584,-10.30475452,-0.01551232969,-0.05,0.05,-0.05
14.462,0.008814057186,0.5050082771,-0.02051858873,0.03829235242,-0.0453856852,0.0101079638,-1.175628536,2.193990181,-2.600408212,0.5791436649,-0.01750395771,-1.002902902,-7.209260787,20.82377776,-33.13423053,20.57215329,0.05,-0.05,0.05,-0.05
14.472,-0.0007237551562,-0.04146811585,0.0170808053,-0.03573850914,0.05506799441,-0.05366194413,0.9786580545,-2.04766574,3.155163666,-3.074602919,-0.01725165355,-0.9884469382,4.293240871,-10.62125607,15.57815603,-9.778890494,-0.05,0.05,-0.05,0.05
14.482,0.005712933297,0.3273269665,-0.009520928728,0.03812822835,-0.0663200972,0.02247974457,-0.5455090332,2.184586565,-3.799861667,1.287994488,-0.01523305301,-0.8727896468,1.615005441,-2.127801123,1.812113298,-1.052354476,0.05,-0.05,0.05,-0.05
14.492,0.005220332547,0.2991030226,0.004775780662,-0.008402955424,-6.087198277e-05,-0.01517498681,0.2736320758,-0.4814538812,-0.003487707703,-0.8694626987,-0.01886303356,-1.080772212,-5.161503833,12.65914511,-20.16669321,13.12126886,-0.05,0.05,0.02150587683,0.05
14.502,0.005054239893,0.2895866145,0.009127251885,-0.02999931275,0.03495886367,-0.03288251055,0.5229530115,-1.718834009,2.002995345,-1.884029074,-0.01879570775,-1.076914727,4.85756452,-14.56058286,22.80803275,-13.62657231,-0.05,0.05,-0.05,0.05
14.512,0.008660903068,0.4962331926,-0.01071990138,0.01746007536,-0.03935816578,0.01981328874,-0.6142051059,1.000388628,-2.255056788,1.135217823,-0.01280470305,-0.7336554428,1.929544435,-3.981363495,5.491813439,-2.857550917,0.05,-0.05,0.05,-0.05
14.522,0.004866191017,0.2788122076,-0.001387683846,-0.007099482385,0.007022123476,-0.009692358096,-0.07950842769,-0.4067703774,0.4023380384,-0.5553312124,-0.01115740085,-0.6392719791,1.803810489,-5.984836302,12.63025943,-9.012590259,0.02872523413,0.05,-0.05,0.05
14.532,-0.003647672315,-0.2089962287,0.01172841698,-0.008907587454,0.006993465815,-0.01258025146,0.6719887933,-0.5103671667,0.4006960754,-0.7207953141,-0.002765956124,-0.1584776122,0.3949413275,0.3799244957,0.1150266205,-0.4751239898,-0.05,0.05,-0.05,0.05
14.542,-0.0001936147481,-0.01109330792,-0.003356855172,0.01019776559,-0.0009421756342,-0.01070800631,-0.1923336338,0.5842889286,-0.0539826874,-0.6135235686,-0.00480927153,-0.2755509612,-3.092849141,6.136080647,-8.874852891,6.083940031,0.05,-0.05,0.02960271684,0.05
14.552,0.002721924086,0.1559547623,-0.0006509533411,-0.01412556785,0.01278663778,0.002731498679,-0.0372968791,-0.8093354212,0.7326203787,0.1565033461,0.0007416152618,0.04249142452,0.7136077797,-7.225752209,13.12959546,-7.460455411,0.01360736572,0.05,-0.05,-0.05
14.562,-0.00174526145,-0.09999611522,0.004031311964,-0.01415545173,0.02654185494,-0.01453565394,0.2309771614,-0.8110476413,1.520736269,-0.8328316233,0.001882061235,0.1078341655,5.37319723,-11.66656247,19.25939181,-13.29842584,-0.05,0.05,-0.05,0.05
14.572,-0.006111649207,-0.3501717054,0.00882519713,0.008071396893,-0.02594603344,0.0186962781,0.5056465489,0.4624569768,-1.486598211,1.071217828,0.009646838677,0.5527231418,5.484766959,-9.888268264,11.30720347,-6.221079695,-0.05,-0.05,0.05,-0.05
14.582,0.0005822602466,0.03336105471,-0.004006581513,0.01670299625,-0.03232564529,0.02331122759,-0.229560211,0.9570111904,-1.852123045,1.335634956,0.003681997038,0.2109628904,-4.404851211,6.914626293,-7.875680044,4.509572532,0.05,-0.05,0.05,-0.05
14.592,0.004897151687,0.2805861233,-0.01156170183,0.008908836228,-0.00203539935,0.00163175032,-0.6624367189,0.5104387162,-0.1166197924,0.09349240654,-0.003056514633,-0.1751253885,-6.0130332,14.60073577,-21.9164834,13.73766491,0.05,-0.05,0.05,-0.04963617194
14.602,-0.001957067772,-0.1121317235,0.007155784145,-0.002900752347,-0.01679182632,0.02029646127,0.4099962306,-0.1662008669,-0.9621007787,1.16290157,0.007759666745,0.4445961549,3.451381591,-3.785873753,0.8147082625,0.9497275316,-0.05,0.05,0.05,-0.05
14.612,0.003992917709,0.2287773326,-0.01454655396,0.02241842399,-0.01445438284,0.004103840293,-0.8334561482,1.284481078,-0.8281751323,0.2351327286,-0.002478672512,-0.1420174738,0.8691613225,-2.074828378,4.280299271,-3.275785192,0.05,-0.05,0.05,-0.05
14.622,-0.001570954813,-0.09000908059,-0.003331078185,0.02839446777,-0.0448402777,0.02509528526,-0.1908567212,1.626883165,-2.569158664,1.437853931,0.005318397143,0.3047217101,1.802345961,1.831777291,-7.331838116,5.331082091,0.05,-0.05,0.05,-0.05
14.632,-0.002058780893,-0.1179594561,0.003534514659,0.01302506844,-0.02901949708,0.01739057507,0.2025127726,0.7462814494,-1.662694706,0.9964065548,0.00493066109,0.2825060707,-6.358018687,15.87893357,-24.59334143,15.54370695,-0.05,-0.05,0.05,-0.05
14.642,-0.000413233204,-0.02367651855,0.001777906205,-0.00333353852,0.01607238959,-0.01513893584,0.1018665219,-0.190997688,0.9208800903,-0.8673971298,-0.0006221785597,-0.03564820558,-3.316899097,6.815304728,-8.637957488,5.011686112,-0.03579703741,0.05,-0.05,0.05
14.652,-0.003340436005,-0.1913928848,0.0114947883,-0.02396473075,0.04626392744,-0.03286836842,0.6586028558,-1.373077929,2.650727786,-1.88321879,0.0009256165641,0.05303392257,7.192861517,-14.15965824,16.45586464,-8.469684826,-0.05,0.05,-0.05,0.05
14.662,-0.0008158099894,-0.04674246928,-0.00141972189,0.03461110892,-0.08608786824,0.06686954904,-0.0813440724,1.983070466,-4.932471518,3.831342938,0.01397306783,0.8005978136,1.915394779,-2.289694145,-0.3751426579,1.773022309,0.02931848681,-0.05,0.05,-0.05
14.672,0.003524153994,0.2019191502,0.005146178843,-0.03206018706,0.04283909815,-0.0160863286,0.2948543283,-1.836913409,2.454499522,-0.9216787368,-0.0001612386667,-0.009238295096,-6.017013566,8.979348824,-8.815413906,4.422289603,-0.05,0.05,-0.05,0.05
14.682,0.006892222305,0.3948952495,-0.006241079806,-0.02772695272,0.06662499641,-0.04003544251,-0.3575875325,-1.58863737,3.817331104,-2.293861887,-0.007378478632,-0.4227556849,2.97946892,-6.320699863,9.918086755,-6.58830224,0.05,0.05,-0.05,0.05
14.692,-0.00500535056,-0.2867854621,0.008765322421,0.03029506745,-0.08950484165,0.06827070505,0.5022159808,1.735779505,-5.128249673,3.911623264,0.01782625327,1.021369077,5.166656786,-3.441423737,-2.193020074,2.653992197,-0.05,-0.05,0.05,-0.05
14.702,-0.003531787359,-0.2023565098,0.02428596526,-0.05087775407,0.07010232962,-0.04400831971,1.391483311,-2.915080579,4.016567621,-2.521490983,-0.000497778899,-0.02852063004,-4.760093201,5.420408927,-1.583424724,-1.277377621,-0.05,0.05,-0.05,0.05
14.712,0.007578110108,0.4341937259,-0.02568589183,0.04952312611,-0.03358626913,-0.0007564936801,-1.471693195,2.837466114,-1.924351471,-0.0433438951,-0.01050552853,-0.6019224463,2.358422652,-7.028068937,15.14870699,-11.68340233,0.05,-0.05,0.05,0.02832626329
14.722,0.002079814147,0.1191645728,-0.006062549645,0.03275264616,-0.04658547249,0.01866422472,-0.3473585077,1.876588393,-2.66915096,1.069381305,-0.001231151256,-0.07053977091,-5.674633212,17.43174665,-31.68723393,21.56138895,0.05,-0.05,0.05,-0.05
14.732,-0.001814842038,-0.1039827892,0.02789398153,-0.05424256049,0.05814217505,-0.03341529139,1.598207415,-3.107869786,3.331301242,-1.914555168,-0.001621695306,-0.09291629672,1.875866277,-9.568121275,14.95192805,-8.543756363,-0.05,0.05,-0.05,0.05
14.742,0.009930746322,0.5689898517,-0.008900280866,0.02205555428,-0.0682618065,0.05489031303,-0.5099485301,1.263690175,-3.911113414,3.144983273,-0.0002162200589,-0.01238849682,1.005126459,-2.061071952,1.314581267,0.1292619265,0.05,-0.05,0.05,-0.05
14.752,0.01209458898,0.6929689036,-0.01117112756,-0.007362649403,0.02143783712,-0.01637781226,-0.6400584614,-0.4218487368,1.228297589,-0.9383795204,-0.01347375211,-0.77198913,-5.076873192,12.1035109,-14.10550931,6.67817119,0.05,0.05,-0.05,0.05
14.762,0.0007681346566,0.04401087392,0.01087321367,-0.02261324514,0.04653362397,-0.04311084658,0.6229892532,-1.295643507,2.666180259,-2.47006956,-0.008317254076,-0.4765435557,9.246628782,-19.64129203,27.72135675,-17.00838326,-0.05,0.05,-0.05,0.05
14.772,0.003814078802,0.2185306181,-0.01394605608,0.06571820421,-0.1061237031,0.05551383418,-0.7990501541,3.765375738,-6.080440295,3.180708403,0.001162279191,0.06659369225,-3.172931306,11.78072246,-20.22158142,12.99107659,0.05,-0.05,0.05,-0.05
14.782,-0.006022476103,-0.3450624629,0.0311845303,-0.04397382782,0.0585990816,-0.04797495108,1.786741972,-2.519514743,3.357480059,-2.748762219,-0.002165167006,-0.1240549314,2.550990506,-10.88165505,19.29219346,-12.57271887,-0.05,0.05,-0.05,0.05
14.792,0.005241624498,0.3003229615,-0.01174294133,0.04539286272,-0.06237595672,0.02375063623,-0.6728209772,2.600819454,-3.573879063,1.360811217,-0.004975399098,-0.2850693697,-0.6884840667,1.594156114,-1.887326923,1.023279732,0.05,-0.05,0.05,-0.05
14.802,0.003352828706,0.1921029343,-0.001953426041,0.01518108549,-0.007743012753,-0.01353996618,-0.1119230677,0.8698121271,-0.4436419515,-0.7757829167,-0.008055319479,-0.4615358088,-5.437242181,14.30229984,-21.39007457,13.04446467,0.04841261508,-0.05,0.05,0.05
14.812,0.001754881146,0.1005472832,0.003583345529,0.01134493938,-0.0239118954,0.008786490969,0.2053105753,0.6500171453,-1.370050686,0.5034288492,-0.0001971195199,-0.01129411655,-3.464896526,9.178925938,-15.46087039,10.70257416,-0.05,-0.05,0.05,-0.05
14.822,0.002361602189,0.1353098383,0.005715892991,-0.00879933237,0.004546707585,0.001068358591,0.3274965445,-0.5041646073,0.2605071553,0.06121243829,0.002531626797,0.1450515308,4.026018166,-8.222870183,8.442188394,-3.036995289,-0.05,0.05,-0.05,-0.02046689372
14.832,0.002535635515,0.1452812134,-0.001270399876,0.00144862588,0.006328237046,-0.004258509098,-0.07278855121,0.083000149,0.3625812745,-0.2439945983,0.002247953951,0.1287982739,1.483701909,-2.333399914,3.583080688,-2.270140594,0.02646509537,-0.02953636944,-0.05,0.05
14.842,0.00342828172,0.1964260735,-0.003780638704,-0.002813146919,0.01857210872,-0.009489252936,-0.2166146416,-0.1611814456,1.064103447,-0.543694144,0.002489070165,0.1426132154,0.4865540524,-5.564423397,13.21253092,-9.407769088,0.05,0.05,-0.05,0.05
14.852,-0.0007942974473,-0.04550989141,0.001625931209,0.00448786651,0.001386475031,0.0002101284291,0.09315899603,0.25713581,0.07943916768,0.01203947215,0.007710401178,0.4417734459,-1.893705728,2.594759827,0.5810072957,-2.404230532,-0.03387678086,-0.05,-0.03108345798,-0.002218594909
14.862,0.002704785322,0.1549727834,-0.008115988434,0.02305241452,-0.02591933214,0.01664876793,-0.4650118838,1.32080606,-1.48506834,0.9539041365,0.005665861874,0.3246299727,-5.783670861,13.17760726,-20.14484731,12.8076226,0.05,-0.05,0.05,-0.05
14.872,0.001891457893,0.1083725544,0.01029342711,-0.04029779196,0.07182948581,-0.04265558717,0.5897699299,-2.308893403,4.115526381,-2.443985117,-0.0008304662164,-0.04758220923,-2.484195423,2.634994842,-3.112335156,2.109721686,-0.05,0.05,-0.05,0.05
14.882,0.003750714391,0.2149001048,-0.001316831436,0.01083757317,-0.03216589743,0.02931781289,-0.07544888362,0.620947203,-1.842970167,1.679786943,0.006672657194,0.3823150954,5.945676543,-12.28736818,15.62076473,-8.958322332,0.02302461505,-0.05,0.05,-0.05
14.892,0.00407061903,0.2332292905,0.002917478105,0.003849047769,-0.03381505674,0.03376085917,0.1671591822,0.2205341923,-1.937460035,1.934354743,0.00671232831,0.3845880829,-7.257698592,18.54404176,-27.7399402,16.73228876,-0.05,-0.05,0.05,-0.05
14.902,0.003365548486,0.192831724,0.01391526272,-0.05344299368,0.09242117995,-0.06015583503,0.797285825,-3.062057982,5.295343549,-3.44667546,-0.007262386032,-0.4161040688,1.689263364,-7.762443193,16.35427687,-11.96850857,-0.05,0.05,-0.05,0.05
14.912,0.006502436725,0.3725621809,-0.02148201905,0.07082882666,-0.1048846354,0.05744063724,-1.230829027,4.058192836,-6.009446944,3.291106087,0.001902809452,0.1090229508,0.3707312338,8.366143437,-19.17007224,12.97081849,0.05,-0.05,0.05,-0.05
14.922,-0.008381668089,-0.4802342068,0.04115358263,-0.05629123276,0.06105924602,-0.04281609175,2.357926596,-3.225250061,3.498437097,-2.453181352,0.003105504136,0.1779322803,3.433677386,-11.73640211,18.98589555,-12.17605335,-0.05,0.05,-0.05,0.05
14.932,0.00660006214,0.3781557051,-0.009030459836,0.03997512709,-0.06276847923,0.02571600878,-0.5174072357,2.290406068,-3.596368946,1.473418769,-0.00610780319,-0.3499513449,-3.525215909,4.634516081,-2.403425102,-0.2561400613,0.05,-0.05,0.05,-0.05
14.942,0.007070503605,0.4051100156,-0.00670045992,0.01717664983,0.002244140198,-0.03015840119,-0.3839080742,0.9841495413,0.128579762,-1.727949105,-0.01743807109,-0.999127876,-1.696988739,8.224208967,-14.6793928,9.03586353,0.05,-0.05,-0.03469169156,0.05
14.952,0.0004275137058,0.02449473103,0.02905564101,-0.04174407675,0.03057275457,-0.02462598395,1.664765601,-2.391759417,1.751689805,-1.410964947,-0.006741665125,-0.3862689585,2.333497745,-11.93260403,17.8534877,-9.511345814,-0.05,0.05,-0.05,0.05
14.962,0.01430146201,0.8194134143,-0.008153610539,0.0163924106,-0.06266875348,0.04611633739,-0.4671674717,0.9392159436,-3.590655082,2.642271499,-0.008313616029,-0.4763351109,0.2965135756,-3.292803313,5.038727742,-2.315178197,0.05,-0.05,0.05,-0.05
14.972,0.01783148965,1.021669099,-0.01256128661,-0.01311314388,0.01667255796,-0.009170669784,-0.7197087082,-0.7513278005,0.9552672047,-0.5254406739,-0.01817254232,-1.041209978,-4.659550705,12.47367591,-18.05999314,10.9301319,0.05,0.05,-0.05,0.05
14.982,0.005772952256,0.3307657996,0.01281212378,-0.02828102119,0.01628772334,-0.005925689302,0.734080619,-1.620383155,0.9332178053,-0.3395169877,-0.005106863376,-0.292601718,9.742705494,-21.87615233,31.87703404,-19.67734155,-0.05,0.05,-0.05,0.05
14.992,0.007872785875,0.4510774037,-0.007301498801,0.0312364422,-0.06642275159,0.03966804805,-0.4183450654,1.789716305,-3.80574333,2.272811735,-0.002819760141,-0.1615603553,-3.619945679,8.748697744,-9.448628704,3.935564432,0.05,-0.05,0.05,-0.05
15.002,0.00503696865,0.2885970452,0.005410349473,-0.02316317335,0.05333611864,-0.04835927466,0.3099901905,-1.327152073,3.055934494,-2.770782338,-0.01277597989,-0.7320097268,-3.366420799,5.825517945,-5.661156306,2.691269807,-0.05,0.05,-0.05,0.05
15.012,0.001043468771,0.0597863566,0.006049636453,0.01030332728,-0.02634282833,0.01053040039,0.3466186364,0.5903371683,-1.509332884,0.603347499,0.0005405358009,0.03097042007,7.329831574,-14.97602776,19.09543341,-10.65766013,-0.05,-0.05,0.05,-0.05
15.022,0.007554315166,0.4328303761,-0.004947936064,0.007202299704,-0.01647811724,0.01038517447,-0.2834958537,0.4126613758,-0.9441265722,0.5950266668,-0.003838579127,-0.2199343833,-9.040802647,20.38885409,-30.91403645,19.98334599,0.05,-0.05,0.05,-0.05
15.032,0.006128877586,0.3511588188,0.00205919345,-0.01605945732,0.0223491246,-0.01287195119,0.1179830939,-0.9201391255,1.280510516,-0.7375084773,-0.004523090453,-0.2591539933,-1.304359434,2.961544005,-2.994915669,1.146522896,-0.04399789647,0.05,-0.05,0.05
15.042,0.004099625597,0.2348912443,-0.003890366954,0.01802493029,-0.02892838779,0.0144835944,-0.2229016072,1.032752432,-1.657474528,0.8298488312,-0.0003102300506,-0.01777487258,-2.76129234,10.61411283,-17.55762749,10.8203146,0.05,-0.05,0.05,-0.05
15.052,0.002502389403,0.1433763515,-0.001660280058,0.01145454515,-0.007265872966,-0.004531729412,-0.09512704012,0.6562970932,-0.4163038554,-0.2596489692,-0.002003337288,-0.1147827715,-1.946353463,0.6338618615,3.407428322,-3.267692468,0.03847251473,-0.05,0.05,0.05
15.062,-0.0001301765404,-0.007458566357,0.0129881702,-0.02136660181,0.01578392586,-0.001719842501,0.7441673358,-1.224216106,0.9043523358,-0.09853971675,0.005685651746,0.3257638488,3.563525496,-11.32548488,16.11075274,-8.478792689,-0.05,0.05,-0.05,0.04631532772
15.072,0.008231315895,0.4716196606,-0.01509545084,0.002173548139,0.02645425148,-0.01817480665,-0.8649056229,0.1245351349,1.51571696,-1.041339714,-0.004642457869,-0.2659932425,-1.845347987,2.852143706,0.2421659031,-1.797001937,0.05,-0.05,-0.05,0.05
15.082,-0.002686884454,-0.1539471393,0.01813126624,-0.03351490998,0.02785350201,-0.0004490483393,1.038845033,-1.920262893,1.59588811,-0.02572857464,0.01202080993,0.6887416753,1.850656049,-3.595084087,2.101169679,0.3149716128,-0.05,0.05,-0.05,0.009564091851
15.092,0.001301424958,0.07456615743,0.006082424788,-0.02767500051,0.04802215896,-0.02306360702,0.3484972696,-1.585660727,2.751467031,-1.321447343,0.003365976217,0.1928562312,4.848322681,-16.08236514,29.35155645,-20.03557682,-0.05,0.05,-0.05,0.05
15.102,0.00265885147,0.1523409676,-0.01419784475,0.03878594679,-0.04817644677,0.03049454166,-0.8134765826,2.222271055,-2.760307072,1.747208535,0.00690619693,0.3956959366,1.236060374,3.339201835,-9.506888438,6.710752943,0.05,-0.05,0.05,-0.05
15.112,-0.003761251463,-0.2155038345,0.00732576789,0.01002655099,-0.02668705239,0.02119894083,0.4197355818,0.574479055,-1.52905547,1.21460984,0.01186420732,0.6797690069,-4.717985854,11.93199218,-17.12942534,9.835064741,-0.05,-0.05,0.05,-0.05
15.122,0.003793200598,0.2173343851,-0.008265489084,0.002254703026,0.02291478853,-0.01886949961,-0.4735776401,0.1291849674,1.312920671,-1.081142689,-0.001965497133,-0.1126146904,-2.831691748,7.094775531,-10.95602966,6.989406896,0.05,-0.05,-0.05,0.05
15.132,-0.001726278771,-0.09890848782,0.01233171329,-0.0138581841,-0.003397331047,0.01500224083,0.7065551259,-0.7940154604,-0.1946527306,0.859565083,0.01007843899,0.5774520179,-1.987923182,6.147371294,-12.03637631,8.433201441,-0.05,0.05,0.05,-0.05
15.142,0.00452207147,0.2590956099,-0.01395629416,0.0146330153,0.0162969568,-0.02277686603,-0.799636753,0.8384100185,0.9337468435,-1.305018294,-0.005803188092,-0.3324981854,-2.259222788,8.535460567,-10.77624587,4.724682679,0.05,-0.05,-0.05,0.05
15.152,-0.007937952217,-0.45481116,0.02408790559,-0.0258893406,0.02873360604,-0.01914198653,1.380135328,-1.483349951,1.646314356,-1.09675504,0.007790184499,0.4463446934,2.022902862,-3.286172442,0.3158390067,1.778503829,-0.05,0.05,-0.05,0.05
15.162,0.004098882057,0.2348486426,-0.007105601905,-0.002895138897,0.03106149252,-0.02616443431,-0.407121,-0.1658792399,1.779692427,-1.499111659,-0.00510368259,-0.2924194724,-5.438920464,4.425781303,1.508425753,-2.856378535,0.05,0.05,-0.05,0.05
15.172,-0.0007802321692,-0.04470401033,0.004408894989,-0.01335780601,0.03251090223,-0.02213899254,0.2526110752,-0.7653459077,1.862737486,-1.268470835,0.001422998672,0.08153181815,8.45893299,-19.67122366,27.78963455,-16.52580489,-0.05,0.05,-0.05,0.05
15.182,-0.0001554338137,-0.008905701516,0.003770654394,-0.006230373565,0.004290189766,0.003643974791,0.2160425828,-0.3569741101,0.2458097669,0.2087843762,0.005474445387,0.3136626158,3.284524263,-7.768192056,10.37126081,-5.778082051,-0.05,0.05,-0.05,-0.05
15.192,-0.0001420390622,-0.00813823879,0.00287825548,-0.01402469963,0.03860055866,-0.02857343243,0.1649118914,-0.8035560976,2.211649098,-1.637137085,-0.00111931792,-0.06413219274,0.3667553538,-1.07537498,3.485749958,-3.220961453,-0.05,0.05,-0.05,0.05
15.202,-0.005341096838,-0.3060223068,0.01770351155,-0.02644668753,0.03787427423,-0.02515127987,1.014336494,-1.515283577,2.170036065,-1.441062186,0.003979818384,0.2280267966,3.968662486,-12.85525955,22.04320399,-14.59271672,-0.05,0.05,-0.05,0.05
15.212,0.001552954773,0.08897775425,-0.01198054453,0.03699210014,-0.04075390416,0.01586327735,-0.686434638,2.119491214,-2.335026707,0.9088988417,0.0001209288046,0.006928710123,1.16668601,-2.584704967,5.243898741,-4.129521403,0.05,-0.05,0.05,-0.05
15.222,-0.001899519289,-0.1088344383,0.003632118901,0.01286376415,-0.02593623887,0.0127525912,0.2081050837,0.7370393946,-1.486037023,0.7306696537,0.003312235388,0.1897771085,-1.608399589,2.578215828,-4.460020967,3.282100615,-0.05,-0.05,0.05,-0.05
15.232,0.0088895451,0.509333416,-0.01817608793,0.02449569092,-0.03891613429,0.0300883371,-1.041413126,1.403499706,-2.22973025,1.723934728,-0.002508194194,-0.1437089415,-3.705320036,13.24026,-25.83266693,18.4026503,0.05,-0.05,0.05,-0.05
15.242,0.001520695276,0.08712942126,0.01686828027,-0.04949400433,0.04103972961,-0.005190751263,0.9664812669,-2.835797559,2.351403299,-0.2974081399,0.003223254276,0.1846788663,-0.220021451,-0.2987989328,0.09266474021,0.266203657,-0.05,0.05,-0.05,0.05
15.252,0.003157828187,0.1809302275,0.004055903913,-0.02005171725,0.0160719372,-0.0009190374458,0.2323861763,-1.14887877,0.9208541702,-0.05265696686,-0.0008429135779,-0.04829539051,5.450715756,-14.58644122,25.16083658,-17.28414924,-0.05,0.05,-0.05,0.03750297304
15.262,0.001711427628,0.09805758005,-0.005198843974,0.01647103667,-0.02003075955,0.005728302477,-0.297871818,0.9437208853,-1.147677982,0.3282075557,-0.003030264375,-0.1736213595,3.195245959,-5.66802156,9.844195345,-7.625590704,0.05,-0.05,0.05,-0.05
15.272,0.000322771199,0.01849342745,-0.008200741278,0.03467318731,-0.03751866445,0.005906229833,-0.4698678641,1.986627295,-2.149661126,0.3384020422,-0.005139988583,-0.2944996526,-1.487426314,8.029944446,-15.22555923,10.02159308,0.05,-0.05,0.05,-0.05
15.282,-0.005331641987,-0.3054805838,0.0128327181,0.008798843478,-0.03460904575,0.01628744777,0.735260587,0.5041365959,-1.982952255,0.9332020164,0.003309963602,0.1896469447,-3.87645791,11.82734055,-22.39760171,15.76328802,-0.05,-0.05,0.05,-0.05
15.292,0.006739068925,0.3861202072,-0.0105591416,0.003398664941,0.002680270583,-0.005034498455,-0.6049942491,0.1947291571,0.1535681924,-0.2884555134,-0.009514704534,-0.5451524131,-5.884029208,8.861049377,-10.19127439,6.358859977,0.05,-0.05,-0.04877467844,0.05
15.302,0.002914102574,0.1669657786,0.007787777695,-0.03415394944,0.03102697621,-0.007013025541,0.4462067937,-1.956877157,1.777714788,-0.4018167651,-0.002352221073,-0.13477234,0.2897436282,-0.4331144089,-0.5827958538,1.071965841,-0.05,0.05,-0.05,0.05
15.312,0.002998281006,0.1717888475,-0.00395513457,-0.01113790409,0.02599484419,-0.01660578402,-0.2266125183,-0.6381548971,1.489394861,-0.9514413398,-0.00570397849,-0.3268138939,-0.02689660396,1.601982021,0.827845953,-2.539946222,0.05,0.05,-0.05,0.05
15.322,-0.005331683753,-0.3054829768,0.004529267854,0.01207095752,-0.02203294721,0.009947107311,0.2595079323,0.6916149207,-1.262394885,0.5699272673,0.00451438548,0.2586552351,-2.486777933,7.12288441,-10.50150496,6.324561079,-0.05,-0.05,0.05,-0.05
15.332,-0.000569807131,-0.03264754374,-0.0126611116,0.02718678625,-0.01794647495,0.002693232596,-0.7254282585,1.557688111,-1.028257272,0.154310861,-0.0007275677013,-0.04168655859,-0.557960672,6.959363865,-16.11857209,11.96998649,0.05,-0.05,0.05,-0.05
15.342,-0.004576128714,-0.2621928618,0.003852671822,0.002912383991,-0.01651930269,0.01864026073,0.2207418353,0.166867311,-0.9464863249,1.068008269,0.008886013852,0.5091310904,-1.281418678,0.6521169928,-1.361212223,1.917723536,-0.05,-0.05,0.05,-0.05
15.352,0.001411339928,0.08086382136,-0.0098928276,0.001093199689,0.0124198067,-0.003549763859,-0.5668172689,0.06263572837,0.7116025065,-0.2033864874,7.041493372e-05,0.004034478517,2.668224836,-6.523916635,10.27384911,-6.722437655,0.05,-0.01752647653,-0.05,0.05
15.362,-0.001301445187,-0.07456731649,-0.002523344857,-0.0006852517689,0.004670309305,-0.00011568343,-0.1445770106,-0.03926203426,0.2675890122,-0.006628172299,0.001346029249,0.07712179505,-3.70496785,4.635534854,0.3027582274,-3.414897966,0.05,0.01044000406,-0.05,0.005959933426
15.372,-0.006232310275,-0.3570850754,0.01094925585,-0.0005995983386,-0.01456862499,0.007268029981,0.6273461492,-0.0343544542,-0.8347207254,0.4164274433,0.003049062502,0.1746984128,2.712578302,-0.9136517374,-7.050717806,6.813195041,-0.05,0.01410481519,0.05,-0.05
15.382,0.00353833934,0.2027319106,-0.01016784273,0.010989794,-0.002408779863,-0.0104664579,-0.582574475,0.6296688141,-0.1380129199,-0.5996838641,-0.01205328649,-0.6906024449,-0.9731915284,-2.377945471,8.345191137,-6.747469345,0.05,-0.05,0.04464796585,0.05
15.392,-0.0009565938974,-0.05480879303,0.007267574256,-0.007034158253,-0.01561899625,0.01324213673,0.4164013322,-0.4030275803,-0.8949025652,0.7587185466,-0.002143443509,-0.1228102667,2.794561778,-5.759776829,4.424644932,-0.6451079026,-0.05,0.05,0.05,-0.05
15.402,0.00555885619,0.3184989986,-0.01118032808,-0.002501316149,0.01887208483,-0.01896678435,-0.6405856127,-0.1433148586,1.081290811,-1.086716694,-0.01377634375,-0.7893263539,-1.043507441,2.54911515,-1.354170322,-0.3930214927,0.05,0.05,-0.05,0.05
15.412,-0.00260248148,-0.1491112051,0.0008243740817,0.01486511248,-0.03191858652,0.01383491592,0.04723315562,0.8517082071,-1.828800295,0.7926822919,-0.002394184039,-0.1371766408,-1.874074041,9.649031731,-18.28218133,11.99516631,-0.01626215576,-0.05,0.05,-0.05
15.422,0.002098958883,0.1202614854,-0.002925310063,-0.01292327735,0.03440523639,-0.03179575137,-0.1676079204,-0.7404492495,1.971274838,-1.82176236,-0.01323910239,-0.7585446916,-5.014879814,7.75406648,-8.440959803,4.706924614,0.05,0.05,-0.05,0.05
15.432,-0.001746768269,-0.1000824496,0.01120607085,-0.03487353177,0.04549416571,-0.02857589985,0.6420605646,-1.998106187,2.606623688,-1.637278457,-0.00674919506,-0.386700392,3.769413246,-14.09743928,24.67753033,-15.8706723,-0.05,0.05,-0.05,0.05
15.442,0.005099680457,0.2921901671,-0.01278210762,0.007659514684,-0.01161470697,0.008989710029,-0.7323608199,0.4388578645,-0.6654736898,0.5150724437,-0.00774758988,-0.4439042015,2.393240593,-5.002310319,5.984284203,-2.886320687,0.05,-0.05,0.05,-0.05
15.452,0.002228021143,0.1276562082,-0.005481152629,0.008548812849,-0.03986451913,0.03803212338,-0.3140469125,0.4898108961,-2.284068698,2.179080155,0.001235264471,0.07077544076,-0.1011287758,3.397904396,-8.490682373,6.516671858,0.05,-0.05,0.05,-0.05
15.462,0.004554354161,0.2609452719,-0.01983634626,0.02756126676,-0.03284860696,0.01939659651,-1.136538921,1.579144264,-1.882086542,1.111343117,-0.005727089935,-0.3281380822,-5.165314385,15.0505966,-19.94130418,10.33224907,0.05,-0.05,0.05,-0.05
15.472,-0.005888045867,-0.3373601778,0.005540817761,-0.005526665112,0.01738957349,-0.01978602399,0.3174654728,-0.3166545857,0.9963491683,-1.133655668,-0.002382297858,-0.1364956128,-0.4582316655,5.370136584,-10.93054069,7.18110939,-0.05,0.05,-0.05,0.05
15.482,-0.00795366572,-0.4557114774,0.01543483345,-0.02511800853,0.03935842854,-0.03137227755,0.884350814,-1.439155878,2.255071843,-1.797499098,-0.0016970241,-0.09723231865,2.769044262,-12.87871543,22.15631312,-13.67828675,-0.05,0.05,-0.05,0.05
15.492,0.002424433153,0.1389097874,-0.01945805198,0.03480165777,-0.03930342781,0.01981621434,-1.114864256,1.99398811,-2.251920534,1.135385447,-0.004143607679,-0.237411232,0.9470640753,-3.060502512,5.128815698,-3.022896494,0.05,-0.05,0.05,-0.05
15.502,-0.001732163719,-0.09924567051,-0.003371264741,0.01319279517,-0.03920013408,0.0344525359,-0.1931592413,0.755891483,-2.246002239,1.973984901,0.005073932251,0.2907149035,-3.628510605,7.530850094,-11.06369433,7.288182966,0.05,-0.05,0.05,-0.05
15.512,0.002077349161,0.1190233395,-0.01129427187,0.006792583213,-0.009734593169,0.01318056043,-0.6471141107,0.3891863501,-0.5577511039,0.7551904844,-0.001055721391,-0.06048838006,-5.413613088,13.58309541,-19.78049986,11.99001492,0.05,-0.05,0.05,-0.05
15.522,-0.005369951254,-0.307675543,0.004683399322,-0.002270149266,-0.008939304515,0.0122712588,0.268339015,-0.1300699718,-0.5121844205,0.7030913386,0.005745204341,0.3291759612,3.062112059,-3.577200892,3.189571497,-1.90785015,-0.05,0.05,0.05,-0.05
15.532,-0.004811473276,-0.275677112,0.0003009782914,-4.346126575e-05,0.0102009906,-0.01022417147,0.01724478582,-0.0024901471,0.5844737081,-0.5858018741,0.0002343361573,0.0134264728,-1.330852443,2.959683672,-3.757477419,1.979423082,-0.005290669968,-0.002003535825,-0.05,0.05
15.542,-0.00381759832,-0.2187322716,0.0002926937983,0.004427162137,-0.01183790825,0.00961199481,0.01677011933,0.2536577057,-0.6782621808,0.5507267353,0.002493942499,0.1428923795,-3.891477147,9.483828244,-15.53338614,10.27001925,-0.002547786416,-0.05,0.05,-0.05
15.552,0.0001165808771,0.006679592227,-0.006239161715,0.004186683207,-0.008318701503,0.009549955188,-0.357477634,0.2398792779,-0.4766264871,0.5471721268,-0.0008212248238,-0.04705271643,0.7345784747,-1.097611301,0.7583422226,-0.1346005922,0.05,-0.05,0.05,-0.05
15.562,-0.001287194637,-0.0737508201,-0.0006797914372,-0.009393938642,0.01333740207,-0.004454138838,-0.0389491803,-0.5382330372,0.7641768481,-0.2552033568,-0.001190466851,-0.06820872619,3.317491432,-7.749411495,12.7398632,-8.558532879,0.01163792019,0.05,-0.05,0.05
15.572,-0.005630133988,-0.3225829156,0.008052524982,-0.01026339318,0.009013482817,-0.005311068626,0.4613756959,-0.5880491129,0.5164345241,-0.304301817,0.001491545988,0.08545929008,0.161069572,0.09826146028,0.01919990265,-0.4490099555,-0.05,0.05,-0.05,0.05
15.582,-0.0018383302,-0.1053285618,-0.004899237191,0.01522406578,-0.02095987275,0.008549126553,-0.2807056139,0.8722747161,-1.200912248,0.48982887,-0.002085917614,-0.1195142757,-2.699164141,7.686249817,-12.95285921,8.357448089,0.05,-0.05,0.05,-0.05
15.592,0.001365076239,0.07821310718,-0.01164181703,0.03014000668,-0.05113348848,0.0296706955,-0.6670269814,1.726895177,-2.929733082,1.700005627,-0.002964603337,-0.1698592591,-6.743281904,18.22565164,-29.33253157,18.68316719,0.05,-0.05,0.05,-0.05
15.602,-0.005658312918,-0.3241974494,0.02269558019,-0.05358896983,0.07147231288,-0.04636411601,1.300360958,-3.070421799,4.09506188,-2.656468168,-0.00578519277,-0.3314671294,2.261364282,-9.177171964,16.00667644,-10.39754875,-0.05,0.05,-0.05,0.05
15.612,0.003539440731,0.2027950157,-0.01649434837,0.03688233664,-0.056262767,0.02928354593,-0.9450565473,2.113202228,-3.223619093,1.677823591,-0.006591232795,-0.3776498209,0.4192142722,0.08367000654,0.1902292165,-0.5923909318,0.05,-0.05,0.05,-0.05
15.622,0.001073178057,0.06148857332,-0.002076797028,-0.007274920268,0.02334407134,-0.02675154695,-0.1189917046,-0.4168222276,1.337516765,-1.532750736,-0.0127591929,-0.7310479032,-5.402672351,12.81793335,-18.23943259,10.73228764,0.05,0.05,-0.05,0.05
15.632,-0.006023989027,-0.3451491471,0.0151560221,-0.01598340914,0.01859800647,-0.02465010446,0.8683761008,-0.9157818861,1.065587278,-1.41234695,-0.006879485026,-0.3941654572,6.720718594,-18.97590979,30.60420024,-19.79073375,-0.05,0.05,-0.05,0.05
15.642,0.001505271339,0.08624569473,-0.01039203053,0.03840072021,-0.06235431384,0.02572574244,-0.5954194897,2.200199198,-3.572639017,1.473976467,-0.008619881721,-0.4938828425,-0.9044794703,3.46434068,-7.407655302,5.464509421,0.05,-0.05,0.05,-0.05
15.652,0.0006833576503,0.03915350926,0.000410536079,0.01239298106,-0.04000512312,0.02018749187,0.02352198466,0.7100655104,-2.292124714,1.156658083,-0.007014114112,-0.4018791357,-5.5067929,14.33098169,-23.81302688,15.81419008,-0.003525000838,-0.05,0.05,-0.05
15.662,0.002611627091,0.14963521,0.003168619707,-0.01701135202,0.01161220572,-0.008752092201,0.1815485361,-0.9746786746,0.6653303783,-0.501457945,-0.0109826188,-0.6292577052,-3.437265723,6.297103458,-8.462523266,5.486026174,-0.05,0.05,-0.05,0.05
15.672,0.00160128346,0.09174678407,0.004950887388,-0.02421996758,0.02430881266,-0.01421374178,0.2836649522,-1.387701923,1.39279237,-0.8143874153,-0.009174009323,-0.5256320154,2.400740644,-5.505726351,7.732045973,-4.405366952,-0.05,0.05,-0.05,0.05
15.682,-0.002534763442,-0.1452312473,0.01155465187,-0.02122664217,0.006558253978,0.001249180173,0.6620327857,-1.216197009,0.3757602739,0.07157275178,-0.001864556149,-0.106831198,6.874053979,-16.40795342,24.17957636,-14.74760177,-0.05,0.05,-0.05,-0.01273436204
15.692,-0.0001481937858,-0.008490878479,-0.001140400598,-0.001481078124,0.0007672377058,-0.004815803527,-0.06534014121,-0.08485952566,0.04395948242,-0.2759252171,-0.006670044544,-0.3821654015,2.032355426,-6.015488595,11.94888014,-8.656219867,0.02305645773,0.03859920733,-0.02882810967,0.05
15.702,-0.0004773111981,-0.02734791717,-0.0006407212466,-0.002096060511,0.001135045463,-0.004414722613,-0.03671062328,-0.1200954209,0.06503331456,-0.2529449734,-0.006016458908,-0.344717703,-2.732067281,4.867086154,-6.681670363,4.408099845,0.01682793471,0.04124624508,-0.01828932981,0.05
15.712,-0.001285979014,-0.07368117007,0.006864000846,-0.03133143913,0.0508130312,-0.03434069509,0.3932782791,-1.795159228,2.911372232,-1.967576894,-0.007995102183,-0.4580856118,-0.2507717547,-1.521339276,4.899042575,-3.790622046,-0.05,0.05,-0.05,0.05
15.722,-0.004952114216,-0.2837352442,0.0072508029,-0.01075333652,0.01684264788,-0.01579040828,0.4154404042,-0.616120798,0.9650126394,-0.9047237513,-0.002450294016,-0.1403915057,6.807893058,-15.34612767,23.07250208,-14.64818362,-0.05,0.05,-0.05,0.05
15.732,-0.00309988869,-0.1776105389,-0.007911211522,0.03657300504,-0.05528881009,0.02717548288,-0.453279031,2.095478833,-3.167815473,1.557040475,0.0005484663078,0.03142480464,1.748426149,-3.597324257,5.568376714,-3.728771969,0.05,-0.05,0.05,-0.05
15.742,-0.0002126808311,-0.01218571401,-0.002512130278,-0.01050456282,0.03018485107,-0.02474640929,-0.1439344625,-0.6018671154,1.729464572,-1.41786481,-0.007578251316,-0.4342018165,-6.277609005,12.80052216,-18.35354459,11.75023546,0.05,0.05,-0.05,0.05
15.752,-0.005329322917,-0.3053477108,0.01330693067,-0.02674851748,0.02810048605,-0.01370937783,0.7624309659,-1.53257716,1.610039253,-0.7854894895,0.000949521408,0.05440356924,9.273718286,-22.48535487,32.21484817,-19.21598395,-0.05,0.05,-0.05,0.05
15.762,0.001295890331,0.0742490467,-0.009600042695,0.03103439677,-0.07754477583,0.06183257309,-0.5500419296,1.778139954,-4.442988378,3.542745475,0.005722151332,0.3278551211,-3.466470931,8.959023664,-15.39768962,10.54960815,0.05,-0.05,0.05,-0.05
15.772,0.001043441878,0.05978481579,0.0122483594,-0.06232600021,0.08403437644,-0.04000599752,0.7017792997,-3.571016766,4.814815104,-2.292174813,-0.00604926188,-0.3465971749,-2.286383801,-1.400083947,8.023375479,-6.468557261,-0.05,0.05,-0.05,0.05
15.782,0.009704292464,0.5560150014,-0.03470510432,0.05553132015,-0.08095298307,0.05647004976,-1.988456005,3.181710275,-4.638264269,3.23549552,-0.003656717484,-0.2095144787,1.044250673,0.6129974123,-1.571912221,0.6717426549,0.05,-0.05,0.05,-0.05
15.792,-0.0006470822519,-0.03707508203,0.002480362912,-0.02193544195,0.03746249473,-0.02284427964,0.1421143265,-1.256808245,2.146442838,-1.308880809,-0.004836863947,-0.2771318903,-2.45079029,7.110209381,-10.51901836,5.927169034,-0.05,0.05,-0.05,0.05
15.802,-0.001206759471,-0.06914222459,0.004500192869,-0.02240185572,0.04137090465,-0.0308825068,0.2578420584,-1.283531786,2.370378231,-1.7694373,-0.007413265008,-0.4247487973,2.392371486,-5.12322652,7.298172517,-4.871515427,-0.05,0.05,-0.05,0.05
15.812,-0.002959129311,-0.1695456206,0.009516001882,-0.01480006297,0.01597144038,-0.0166953132,0.5452267457,-0.8479811449,0.9150961266,-0.9565709838,-0.006007933905,-0.3442292564,6.940624194,-16.08629366,23.37457273,-14.82415957,-0.05,0.05,-0.05,0.05
15.822,-0.001791001842,-0.1026168466,0.001962034,0.02447624391,-0.05786681817,0.02732527206,0.1124162674,1.402385474,-3.315524455,1.565622763,-0.004103268212,-0.2350999508,3.763370936,-5.10683365,5.453142731,-3.614899129,-0.04692811893,-0.05,0.05,-0.05
15.832,0.005387176422,0.3086624725,-0.01165009998,0.01536670377,-0.00423488689,-0.01911449469,-0.6675015597,0.880447271,-0.2426411455,-1.095179873,-0.01963277779,-1.124875307,-8.249792571,17.28626569,-22.40213521,12.63882198,0.05,-0.05,0.05,0.05
15.842,-0.0002888741448,-0.01655126931,0.01633741395,-0.04410955288,0.05479080013,-0.0393705044,0.9360648677,-2.527291216,3.139281604,-2.255763739,-0.0123518432,-0.7077084844,3.364395345,-7.252848469,5.766025927,-0.7717897848,-0.05,0.05,-0.05,0.05
15.852,0.007602738627,0.4356048361,-0.009752940672,0.009956055013,-0.04215940742,0.03542970135,-0.5588023383,0.5704399328,-2.415556112,2.029972357,-0.006526591729,-0.3739461607,2.234562617,-7.379348542,11.90941543,-6.95214655,0.05,-0.05,0.05,-0.05
15.862,0.009346830277,0.5355339267,-0.02027427163,0.02493499449,-0.04743636172,0.03513944277,-1.161630197,1.428669946,-2.717903322,2.013341765,-0.007636196091,-0.4375218076,-5.610859271,19.04451556,-30.87164963,19.37671564,0.05,-0.05,0.05,-0.05
15.872,-0.004309253661,-0.2469020476,0.02413712804,-0.05989391579,0.07211708812,-0.03907708864,1.382955566,-3.431668593,4.13200478,-2.238952255,-0.002716788264,-0.1556605014,4.423756517,-11.20536332,17.22532098,-10.76099239,-0.05,0.05,-0.05,0.05
15.882,0.005418415345,0.3104523309,-0.02171145434,0.04230287799,-0.06140570889,0.03743605937,-1.243974701,2.42377637,-3.518287958,2.144928203,-0.003378225877,-0.193558085,-3.49201473,6.334774936,-4.340888249,0.782031589,0.05,-0.05,0.05,-0.05
15.892,-0.0008657852161,-0.04960583885,0.0008218130603,-0.01833672104,0.04703203495,-0.03577544881,0.04708641991,-1.050616726,2.694737104,-2.049782227,-0.006258321838,-0.3585754282,-2.442962149,6.643398287,-10.77409728,7.1228571,-0.01563692518,0.05,-0.05,0.05
15.902,-0.007721300465,-0.442397929,0.01876232502,-0.02823643387,0.02438445726,-0.007549492556,1.075002037,-1.61782849,1.397126487,-0.4325540609,0.007360855854,0.421745974,3.093662792,-7.750310571,11.7091616,-7.194541963,-0.05,0.05,-0.05,0.05
15.912,-0.003250992225,-0.1862681337,0.006026490419,-0.0247993608,0.04989007301,-0.03203390495,0.3452924663,-1.420898709,2.858490623,-1.835407555,-0.0009167023316,-0.05252317467,3.614780712,-14.90164203,28.29202626,-19.15208543,-0.05,0.05,-0.05,0.05
15.922,-0.0001939904312,-0.01111483297,-0.01708239442,0.04273987264,-0.05073557965,0.02851730302,-0.9787491042,2.448814319,-2.906934585,1.633921106,0.003439201587,0.1970517358,1.589545744,2.766024417,-9.620186687,7.343960497,0.05,-0.05,0.05,-0.05
15.932,-0.006922609642,-0.3966363157,0.007418853125,0.008586460762,-0.0294448672,0.02438122936,0.4250689729,0.4919679626,-1.687066619,1.396941542,0.01094167605,0.6269118584,-4.42801601,11.16983247,-16.44023661,9.752931671,-0.05,-0.05,0.05,-0.05
15.942,0.002707774047,0.1551440248,-0.00982104487,-0.01806793682,0.07193256239,-0.05417307133,-0.5627044215,-1.035216524,4.121432235,-3.10388835,-0.01012949062,-0.5803770613,-4.851761982,5.653320399,-3.062488079,0.5933470646,0.05,0.05,-0.05,0.05
15.952,-0.004137407955,-0.237056014,0.007124374597,-0.01346079271,0.01457703167,-0.002562601375,0.4081965961,-0.7712466114,0.8352023927,-0.1468262433,0.005678012181,0.325326134,9.272359786,-17.95845143,20.58848546,-10.5587611,-0.05,0.05,-0.05,0.05
15.962,0.001269650247,0.07274560063,-0.005861732716,-0.00236984623,0.009424449854,-0.0004474519375,-0.3358525453,-0.1357821871,0.5399812009,-0.02563710756,0.0007454189699,0.04270936094,-3.349562789,-0.8354811912,11.91916432,-10.76287255,0.05,0.05,-0.05,0.02060681517
15.972,-0.005975760068,-0.3423858313,0.007384511097,0.001521094857,-0.01392780092,0.01434497239,0.4231013196,0.08715231552,-0.7980042108,0.8219063753,0.009322777423,0.5341557997,3.784330055,0.1631331122,-10.58833117,9.678039061,-0.05,-0.03362721996,0.05,-0.05
15.982,-0.0007545149547,-0.04323052248,-0.005310353163,0.01172388803,-0.01200687408,0.007766170208,-0.304260824,0.6717293034,-0.6879432102,0.4449687759,0.002172830987,0.1244940452,-2.570411738,2.414680585,1.223905052,-2.499935637,0.05,-0.05,0.05,-0.05
15.992,-0.004939071692,-0.2829879627,0.004105663944,0.01600687508,-0.03599256161,0.02287319867,0.2352372161,0.9171263853,-2.062221874,1.310537748,0.006993176087,0.4006794752,4.124505574,-3.266403469,-2.082396637,2.98118791,-0.05,-0.05,0.05,-0.05
16.004,0.004440920181,0.2544459835,-0.0220682696,0.05231788609,-0.06768446358,0.03433454982,-1.264418709,2.997594066,-3.878034102,1.967224796,-0.003100297269,-0.1776339488,-3.570790895,8.510082081,-11.20549489,6.082953906,0.05,-0.05,0.05,-0.05
16.016,0.001099715361,0.06300904885,-0.000767227437,-0.00718744938,0.02275165183,-0.02133674628,-0.04395889407,-0.4118105149,1.303573627,-1.22250551,-0.006539771268,-0.3747012926,-4.737089387,11.60181022,-18.70649537,12.31457054,0.021616093,0.05,-0.05,0.05
16.028,-0.003903775567,-0.2236698642,0.01981570675,-0.03752994196,0.03783843865,-0.01947324988,1.135356365,-2.15030728,2.167982838,-1.115735031,0.0006509535685,0.03729689213,1.868950838,-8.151897259,13.07224189,-7.725077145,-0.05,0.05,-0.05,0.05
16.04,0.004822665276,0.2763183663,-0.00718377399,-0.01151639104,0.03762116025,-0.02861302982,-0.4115999306,-0.6598406021,2.155533703,-1.639405848,-0.009692034605,-0.5553126778,1.180183502,-3.143750974,6.853756651,-5.180314691,0.05,0.05,-0.05,0.05
16.052,-0.007050205924,-0.4039470442,0.02194759772,-0.03515144346,0.04896776617,-0.03518545949,1.25750472,-2.014029354,2.805646334,-2.015978329,0.0005784609408,0.03314337052,1.404788019,-4.530540956,7.746945734,-5.187408788,-0.05,0.05,-0.05,0.05
16.064,-0.0007295237743,-0.04179863332,0.001579775463,-0.009566309783,0.03771543115,-0.03700661787,0.09051446663,-0.5481091761,2.160935027,-2.120323018,-0.007277721036,-0.4169826998,0.04378654099,-2.519771606,6.570510917,-4.968216075,-0.03479884673,0.05,-0.05,0.05
16.076,-0.00662260143,-0.3794471113,0.02562906116,-0.03817371662,0.02748914184,-0.008103600459,1.468437037,-2.187192851,1.57501181,-0.4643021052,0.006840885919,0.3919538913,1.327302501,-4.533034366,3.69892343,-0.1408761757,-0.05,0.05,-0.05,0.05
16.088,0.001696879969,0.09722406055,0.0002196857241,-0.01531502722,0.02843953016,-0.01540158374,0.01258706481,-0.8774864226,1.62946505,-0.8824457461,-0.002057395068,-0.1178800542,1.481482022,-4.249793257,8.845546767,-6.471654563,-0.006314567951,0.05,-0.05,0.05
16.1,-0.007108521669,-0.4072882902,0.02090080874,-0.03991656845,0.06175379271,-0.03958799344,1.197528129,-2.287050905,3.538231691,-2.268224943,0.003150039553,0.1804839717,1.059990324,-5.119130974,10.1444889,-6.963925678,-0.05,0.05,-0.05,0.05
16.112,-0.004245171093,-0.243230387,0.001459570312,0.02221699691,-0.04567997037,0.03274845856,0.0836272188,1.272940156,-2.617269511,1.876348461,0.01074505541,0.6156463256,5.967741922,-12.58482089,16.56768767,-9.426095001,-0.03807828879,-0.05,0.05,-0.05
16.124,0.003869997025,0.2217344962,-0.02238234206,0.04900436801,-0.06260307271,0.03989473474,-1.282413735,2.807743465,-3.586891851,2.285799925,0.003913687985,0.2242378039,-3.648153879,7.651707091,-8.053952169,3.579984512,0.05,-0.05,0.05,-0.05
16.136,-0.001163747868,-0.06667784125,-0.007354721837,0.02897929495,-0.04435740066,0.03078223843,-0.4213945207,1.660391294,-2.541491848,1.763692346,0.008049410877,0.4611972708,-4.303414592,15.12443347,-28.0273705,19.09012211,0.05,-0.05,0.05,-0.05
16.148,0.0004559955841,0.02612662244,0.004410834247,-0.02813026266,0.04957111665,-0.02583681351,0.2527221865,-1.611745327,2.84021577,-1.48034037,1.487473322e-05,0.0008522594347,-4.884209621,6.655510416,-5.631639787,2.470239917,-0.05,0.05,-0.05,0.05
16.16,-0.001335162072,-0.07649915171,0.007292583559,-0.02349268862,0.03714251245,-0.0189453223,0.4178342597,-1.346031907,2.128109204,-1.085487009,0.00199708509,0.114424547,5.520282162,-11.20470263,15.80208696,-10.18475274,-0.05,0.05,-0.05,0.05
16.172,-0.0003736942608,-0.02141110397,0.001662422482,-0.008049128464,0.03166498053,-0.03044901827,0.095249792,-0.4611810897,1.814269743,-1.744600237,-0.00517074372,-0.2962617921,2.300406587,-3.265321832,5.056855083,-4.323690518,-0.03887370119,0.05,-0.05,0.05
16.184,-0.002967724085,-0.1700380648,0.01251825368,-0.00517852679,-0.002258176748,-0.0070377944,0.7172431028,-0.2967077292,-0.1293839971,-0.4032359162,-0.001956244257,-0.1120845396,-2.570702623,4.56310454,-6.724780242,4.177152476,-0.05,0.05,0.05,0.05
16.196,0.003564759723,0.2042456871,-0.002678709561,0.01107437383,-0.02858018917,0.01752160531,-0.1534787524,0.6345148814,-1.637524217,1.003914035,-0.002662919591,-0.1525740537,1.920215722,-1.630620785,-1.694858854,2.750943422,0.05,-0.05,0.05,-0.05
16.208,0.001456481482,0.08345024189,0.0004874268492,0.01055440979,-0.02960651556,0.01879024549,0.02792750128,0.6047231362,-1.696328388,1.076601763,0.0002255665688,0.01292401239,2.903440872,-6.281002006,9.852466443,-6.436368958,-0.01362683156,-0.05,0.05,-0.05
16.22,0.004360176386,0.2498197048,-0.01235357872,0.02555374153,-0.02742003683,0.009902264298,-0.7078079223,1.46412154,-1.571052385,0.5673579519,-0.004317609724,-0.2473808148,2.078387188,-4.784641841,8.425553354,-5.816076396,0.05,-0.05,0.05,-0.05
16.232,-0.0007514797761,-0.04305661956,-0.00265301228,0.02010059029,-0.02159990506,0.00371439793,-0.1520064067,1.151678989,-1.237583398,0.2128193248,-0.0004379291195,-0.02509149027,3.317615508,-6.192116903,8.810455239,-5.65851345,0.05,-0.05,0.05,-0.05
16.244,-0.001721234731,-0.09861948565,-0.000557248775,0.0185052043,-0.01755580155,-0.000966304444,-0.03192800295,1.060270105,-1.005873335,-0.05536516636,-0.0005741504688,-0.03289639867,2.293883407,-5.807574452,9.152361079,-5.902086419,0.009965589644,-0.05,0.05,0.02716078419
16.256,0.002791503156,0.1599413494,-0.0002438953433,-0.004856805286,0.0004748049521,0.005263843211,-0.01397417381,-0.2782744448,0.02720431985,0.301596,0.000637947534,0.03655170125,-0.6421019166,0.136465556,-2.165539073,3.074927398,0.006007799468,0.05,-0.008280169873,-0.05
16.268,-0.00303563403,-0.173929018,0.009466310518,-0.01208634835,0.01940953639,-0.01396126973,0.5423796403,-0.6924967503,1.112084517,-0.7999218321,0.002828228827,0.1620455753,5.516550026,-11.71238168,18.67797154,-12.73621214,-0.05,0.05,-0.05,0.05
16.28,-0.0008172782774,-0.04682659598,0.00390038046,-0.009206601021,0.02268962858,-0.01651273909,0.2234753388,-0.5274993822,1.300019956,-0.9461102578,0.0008706689296,0.04988565502,-1.315292136,0.8029632654,-1.750182341,2.263655115,-0.05,0.05,-0.05,0.05
16.292,0.001047407932,0.06001205392,-0.001425425665,0.0004429500522,-0.00400178121,0.01122520798,-0.08167087463,0.02537916853,-0.2292851739,0.6431570416,0.00624095116,0.3575801616,1.394453063,-3.125122417,4.478498682,-2.483909008,0.02996491157,-0.006619778731,0.05,-0.05
16.304,-0.001361139617,-0.07798755541,0.004160591841,-0.01252959552,0.02293624649,-0.008044052684,0.2383843528,-0.7178929421,1.314150122,-0.460890269,0.006523190129,0.3737512633,4.726676146,-7.684868291,8.251668339,-4.421988565,-0.05,0.05,-0.05,0.05
16.316,0.0006920646949,0.03965238617,-0.006455897365,0.01851560623,-0.01529767917,0.006271028813,-0.369895672,1.060866092,-0.8764924528,0.3593034842,0.003033058507,0.1737814515,-4.601611913,11.13787076,-15.40209185,8.548406876,0.05,-0.05,0.05,-0.05
16.328,-0.001306689105,-0.07486777086,9.002168297e-05,0.01280910854,-0.007153840614,-0.004378050679,0.005157862499,0.7339078588,-0.4098848745,-0.2508438264,0.001367238932,0.07833702042,3.004225214,-6.52280193,7.732330157,-4.120707224,-0.004984702239,-0.05,0.05,0.05
16.34,0.003670630521,0.210311637,0.004083931864,-0.0217748896,0.0246473677,-0.006473224126,0.2339920596,-1.247609274,1.412190146,-0.3708884223,0.0004831858401,0.02768450936,0.4410544216,-8.656018924,18.32194618,-12.15897777,-0.05,0.05,-0.05,0.05
16.352,0.0023765319,0.1361652477,-0.001400966857,0.004680968641,-0.01177448067,0.011831977,-0.08026948815,0.2681997471,-0.6746280482,0.6779223454,0.003337498118,0.1912245563,-0.1153797677,5.920829308,-10.20856476,5.36823787,0.03093665063,-0.05,0.05,-0.05
16.364,-0.002485652868,-0.1424174187,0.007112899676,0.001933726514,0.007189126495,-0.01634267195,0.4075391315,0.110794368,0.4119066066,-0.9363661287,-0.0001069192641,-0.006126022579,3.806078168,-5.396363653,3.14983375,-0.4884732731,-0.05,-0.03714561966,-0.05,0.05
16.376,0.008318282066,0.4766024552,-0.01568759005,0.02529108187,-0.03216441329,0.01931728588,-0.8988327005,1.44907225,-1.842885132,1.106798952,-0.003243635596,-0.1858466299,-6.09627824,13.88688247,-19.93413951,12.36753288,0.05,-0.05,0.05,-0.05
16.388,0.006284042802,0.3600491308,-0.006227555099,-0.007209412333,0.02666423783,-0.017949725,-0.3568126238,-0.4130688995,1.527748292,-1.028443486,-0.0047224546,-0.2705767175,-4.942647954,12.69807187,-19.12213206,11.98287472,0.05,0.05,-0.05,0.05
16.4,-0.00639682751,-0.3665112186,0.02625643452,-0.03686233419,0.03844706628,-0.01897134569,1.504382883,-2.112056172,2.202854632,-1.08697804,0.008869820919,0.5082033037,4.332105301,-10.00200633,14.85518726,-9.355997139,-0.05,0.05,-0.05,0.05
16.412,-2.062944003e-05,-0.001181979848,0.002219056116,-0.01116546845,0.04934906145,-0.04345900546,0.12714255,-0.6397342184,2.827492944,-2.490017595,-0.003056356348,-0.1751163194,2.506921296,-7.019580227,12.58325445,-8.591513647,-0.05,0.05,-0.05,0.05
16.424,-0.009946597645,-0.5698980655,0.02322522527,-0.002525459964,-0.01379539517,0.00797608105,1.330707386,-0.1446981973,-0.7904179202,0.4569957812,0.01488045118,0.8525870498,6.670748802,-15.48695644,20.6995903,-11.77264151,-0.05,0.05,0.05,-0.05
16.436,0.002590704033,0.1484364071,-0.01748971812,0.05832197676,-0.07286763666,0.03783854176,-1.002087033,3.341603121,-4.175008044,2.167988746,0.005803163736,0.3324967899,-3.276128389,8.430863921,-13.04539747,8.444071385,0.05,-0.05,0.05,-0.05
16.448,-0.0006401109683,-0.0366756569,0.004123906811,-0.01122708604,0.03978215663,-0.0307243325,0.2362824554,-0.6432646465,2.279349675,-1.760374581,0.001954644896,0.111992903,-4.868285687,10.56989302,-15.29895683,9.669002324,-0.05,0.05,-0.05,0.05
16.46,-0.0003716171126,-0.02129209215,0.008144299152,-0.03295459184,0.07853311151,-0.05385101866,0.4666339685,-1.888159028,4.499615841,-3.085436092,-0.0001281998456,-0.007345310087,3.84553774,-10.29539384,15.53726502,-9.471292748,-0.05,0.05,-0.05,0.05
16.472,-0.001581203907,-0.09059631042,0.005124405009,0.002463212954,-0.001671208778,0.003287193131,0.2936067795,0.1411317063,-0.09575320968,0.1883422928,0.009203602316,0.527327569,6.778874377,-13.93191265,18.28414376,-10.7069679,-0.05,-0.04025877234,0.01848244936,-0.05
16.484,0.006880190188,0.39420586,-0.02358013776,0.0632132279,-0.09120466359,0.05907558524,-1.351042374,3.621851168,-5.225642296,3.384781706,0.007504011787,0.4299482048,-4.008803533,11.79098549,-18.81638941,11.81944961,0.05,-0.05,0.05,-0.05
16.496,-0.002384875592,-0.1366433061,0.02762293717,-0.07821796524,0.1302692672,-0.08020746191,1.582677718,-4.48155929,7.463879209,-4.595549053,-0.0005332228108,-0.0305514166,0.1914677661,-4.48715337,8.78595751,-5.67489664,-0.05,0.05,-0.05,0.05
16.508,0.009004557608,0.5159231473,-0.02972538381,0.08256860955,-0.1336384959,0.09183032244,-1.703139037,4.730832847,-7.656921798,5.261489907,0.01103505224,0.6322619199,1.133813774,2.849836611,-9.184958839,7.067837963,0.05,-0.05,0.05,-0.05
16.52,-0.003195097296,-0.1830655902,0.0335943995,-0.08219369308,0.1127997623,-0.05888770696,1.924817307,-4.709351716,6.46295031,-3.374017074,0.00531276177,0.304398827,-1.251244086,-2.007534799,6.919272475,-5.212553669,-0.05,0.05,-0.05,0.05
16.532,0.01108912298,0.6353599454,-0.02586252133,0.04121522829,-0.04470927951,0.030712355,-1.48181332,2.361458633,-2.561653021,1.75968832,0.001355782445,0.07768061205,2.376748634,-6.239184635,11.29763954,-7.807890427,0.05,-0.05,0.05,-0.05
16.544,0.004381911191,0.2510650175,-0.003668546193,0.01982234156,-0.05196675028,0.04828061922,-0.2101922138,1.135736511,-2.977475466,2.766275714,0.01246766431,0.7143445454,-0.1136674174,4.69070661,-11.81553256,8.836662148,0.05,-0.05,0.05,-0.05
16.556,0.009262346987,0.5306933908,-0.0114790198,-0.0006537068174,0.01199775489,0.002208123683,-0.6576993875,-0.03745464167,0.687420719,0.1265161677,0.002073151959,0.1187828575,-8.43136238,17.29629053,-21.69672448,12.32007001,0.05,-0.002914740545,-0.05,-0.05
16.568,0.0007564331343,0.04334042608,0.007490308619,-0.02941524337,0.06900583008,-0.04452647071,0.4291630711,-1.685369299,3.953742825,-2.551178848,0.002554424614,0.1463577494,2.586964945,-3.286483947,2.380202002,-0.9485568092,-0.05,0.05,-0.05,0.05
16.58,-0.002777317651,-0.1591285798,0.0124501907,-0.01116055597,0.01595927332,-0.005889203847,0.713343381,-0.6394527539,0.9143990054,-0.3374265251,0.0113597042,0.6508631074,0.8740901599,-2.692541029,3.833253785,-2.231848211,-0.05,0.05,-0.05,0.05
16.592,0.005687029814,0.3258428063,-0.01591901216,0.03365047716,-0.03315088045,0.02219456708,-0.9120922106,1.92803032,-1.899405537,1.271655022,0.006775151626,0.3881875937,-1.181918198,8.075061106,-17.38888067,12.54457177,0.05,-0.05,0.05,-0.05
16.604,0.0003566323957,0.02043353111,0.011533114,-0.02984812893,0.03948537408,-0.009534376593,0.660798757,-1.710171814,2.262345287,-0.546279539,0.01163598256,0.6666926912,-4.858816236,11.29790684,-18.14256783,12.29597155,-0.05,0.05,-0.05,0.05
16.616,-0.001544924484,-0.08851765262,0.01906427796,-0.04911686734,0.06295451278,-0.01821283104,1.092302667,-2.814189201,3.607027883,-1.043518351,0.01468909237,0.8416229976,2.808554215,-11.42180085,21.75922299,-14.89577844,-0.05,0.05,-0.05,0.05
16.628,0.005619827938,0.3219924224,-0.01011913879,-0.004929579374,0.03665033766,-0.01584142441,-0.5797839449,-0.2824440929,2.099909666,-0.9076467602,0.00576019509,0.3300348679,4.628667571,-13.10307718,22.92371629,-15.46626425,0.05,0.05,-0.05,0.05
16.64,-0.004533818219,-0.259768649,0.01059283909,-0.004090581772,0.009990672985,-0.0005562019066,0.6069249729,-0.2343730713,0.5724233965,-0.03186802181,0.0159367284,0.9131072763,-0.4641403226,0.2632253225,2.760181676,-3.57724414,-0.05,0.05,-0.05,0.01581368609
16.652,-0.0009053922299,-0.05187515358,0.001351743669,0.01689954282,-0.02477429352,0.01999509452,0.07744920721,0.9682724793,-1.419462459,1.145634527,0.01347208749,0.7718937543,-0.9176149902,5.73842541,-16.99859845,14.00344946,-0.02882074572,-0.05,0.05,-0.05
16.664,0.01098137511,0.629186447,-0.01521704685,0.009410749914,-0.01503098296,0.0260866203,-0.8718725612,0.5391962521,-0.8612118855,1.494653245,0.005249340401,0.3007650502,-2.178889922,4.949317406,-7.504460437,4.762027544,0.05,-0.05,0.05,-0.05
16.676,0.001727686673,0.09898915468,0.001168089579,0.006703985662,0.00562961508,-0.01215749558,0.06692660297,0.3841100843,0.3225531844,-0.6965731863,0.001344194739,0.07701668537,-0.2407549255,4.946308094,-5.518377541,0.3925343048,-0.02545721581,-0.05,-0.05,0.05
16.688,0.003273183372,0.1875395928,0.0007086950049,0.01968810124,-0.02665120768,0.004212429379,0.04060523274,1.128045108,-1.527001719,0.2413544249,-0.002041982057,-0.1169969537,-5.121783929,12.24132266,-20.28696838,13.33316566,-0.01046950618,-0.05,0.05,-0.05
16.7,0.01030916566,0.5906716825,-0.006704081359,0.009663027883,-0.02014633883,0.01141398959,-0.3841155674,0.553650715,-1.154300188,0.6539734307,-0.005773402722,-0.3307916094,-3.503275483,5.727578055,-7.773546462,5.310913666,0.05,-0.05,0.05,-0.05
16.712,0.006711539383,0.3845428807,0.003435570323,-0.01458196204,0.01894794669,-0.01178426506,0.1968436797,-0.8354848821,1.085637376,-0.6751886526,-0.00398271009,-0.2281924792,3.052702639,-6.818007016,11.56654886,-7.895988759,-0.05,0.05,-0.05,0.05
16.724,0.00118719858,0.06802146806,0.0133985266,-0.03125637794,0.05842311478,-0.0440907687,0.7676790257,-1.790858539,3.347397903,-2.526214962,-0.003525505261,-0.2019965721,0.8989761207,-4.623819679,10.12236252,-7.263861714,-0.05,0.05,-0.05,0.05
16.736,-0.002743265155,-0.1571775155,0.01164950825,0.007114667281,-0.02211984582,0.01194698534,0.6674676561,0.4076404079,-1.267373809,0.684511838,0.008591315049,0.4922460928,7.573787879,-15.67371654,20.43641514,-11.66632439,-0.05,-0.05,0.05,-0.05
16.748,0.007138290937,0.4089939436,-0.01644008841,0.04182405773,-0.05769734315,0.03501564518,-0.9419476806,2.39634199,-3.305814252,2.006248686,0.002702271351,0.1548287435,-10.57484103,22.62089057,-29.45491494,16.86572782,0.05,-0.05,0.05,-0.05
16.76,-0.0005858672972,-0.03356772349,0.01212240031,-0.04078408033,0.09675647458,-0.07255364068,0.6945623752,-2.336755674,5.543737634,-4.157017399,-0.004458846122,-0.2554730643,3.170984434,-6.724529153,8.637977757,-4.853383189,-0.05,0.05,-0.05,0.05
16.772,-0.00166540258,-0.09542053904,0.0006621406042,0.03100588747,-0.05045293847,0.02893733562,0.03793786206,1.776506492,-2.890740438,1.657987201,0.01015242523,0.5816911175,5.898923217,-10.48285546,12.08695219,-6.629091295,-0.02046601651,-0.05,0.05,-0.05
16.784,0.001894949127,0.1085725874,-0.002503421449,0.02082670777,-0.03267637551,0.02026763493,-0.1434354833,1.193282456,-1.872218406,1.161249942,0.005914545743,0.3388785088,0.7714712351,-4.679786,8.863764996,-5.736362517,0.05,-0.05,0.05,-0.05
16.796,0.002527167492,0.1447960314,-0.005195787554,0.01669034822,-0.01594873435,0.008900973928,-0.2976966981,0.9562865117,-0.913795167,0.5099882396,0.004446800242,0.2547828862,2.780081026,-6.654280962,10.4572762,-6.550989903,0.05,-0.05,0.05,-0.05
16.808,0.005299956943,0.3036651644,-0.01717347918,0.04898985331,-0.07875939821,0.05671056454,-0.9839678768,2.806911834,-4.512581115,3.249276002,0.009767540452,0.5596388441,0.4606986193,3.920555824,-12.05212746,9.695797402,0.05,-0.05,0.05,-0.05
16.82,0.001651720136,0.09463659272,0.01708510951,-0.04865507959,0.04562696194,-0.004954188351,0.9789046674,-2.787730713,2.614232351,-0.2838540834,0.009102803507,0.5215522227,-4.397270467,8.333097414,-13.03570568,9.022076586,-0.05,0.05,-0.05,0.05
16.832,0.006683461814,0.3829341545,-0.001794334304,-0.03343947467,0.06188297361,-0.02654192083,-0.1028077827,-1.915940768,3.545633212,-1.520740043,0.0001072438094,0.006144617658,3.907981402,-11.42257253,22.29456138,-16.23787135,0.03556737329,0.05,-0.05,0.05
16.844,-0.004517486171,-0.2588328916,0.007984366256,0.02261398294,-0.06117658186,0.04827806663,0.4574704886,1.29568578,-3.505159946,2.766129461,0.01769983397,1.014125784,6.330427136,-7.01128447,3.919725849,-1.329572826,-0.05,-0.05,0.05,-0.05
16.856,0.001974460166,0.1131282343,-0.008805739849,0.0265935272,-0.0229983604,0.007549755291,-0.5045317288,1.523696871,-1.317708986,0.4325691145,0.002339182245,0.1340252702,-5.907935883,8.829019116,-6.570513171,1.888189448,0.05,-0.05,0.05,-0.05
16.868,0.001848576594,0.1059156369,-0.005866288751,0.02146222969,-0.03160418987,0.0224826536,-0.3361135868,1.22969518,-1.810786695,1.288161164,0.006474404667,0.3709560623,0.04768309412,2.211000701,-7.611140672,6.556522506,0.05,-0.05,0.05,-0.05
16.88,0.007868204193,0.4508148926,-0.01487627961,0.02334805242,-0.04898277401,0.0475775775,-0.8523480364,1.337744863,-2.80650622,2.72599439,0.007066576301,0.4048849976,-2.455115207,5.556373926,-9.804569929,7.181826991,0.05,-0.05,0.05,-0.05
16.892,0.008297981249,0.4754393041,-0.01681377891,0.02132956793,-0.03737693701,0.03776768783,-0.9633585691,1.222094221,-2.141540742,2.163929114,0.004906539841,0.2811240249,-5.097549331,15.55955708,-22.08273323,12.09674201,0.05,-0.05,0.05,-0.05
16.904,0.00177886768,0.1019216104,-0.00814242916,0.01737097597,-0.00570785926,-0.002836148033,-0.4665268258,0.9952836092,-0.3270362457,-0.1624993124,0.0006845395186,0.03922122533,-5.447717249,15.76285804,-22.17277536,12.16784293,0.05,-0.05,0.05,0.05
16.916,-0.004049546582,-0.2320219281,0.007185450056,0.01614326873,-0.04137919561,0.02913397489,0.4116959621,0.9249411659,-2.370853268,1.669253802,0.01108349808,0.635037662,-4.138042609,12.51620239,-22.58783801,15.30000691,-0.05,-0.05,0.05,-0.05
16.928,0.005870944281,0.336380329,-0.01429137914,0.01973893886,-0.01382797527,0.005513954691,-0.818835708,1.130957889,-0.7922846221,0.3159263322,-0.002866460855,-0.1642361091,-3.384799842,11.02493971,-17.55951046,10.62801438,0.05,-0.05,0.05,-0.05
16.94,0.0004037436095,0.02313280483,0.005336836307,-0.01126238735,0.0211236945,-0.01734956368,0.3057781963,-0.6452872622,1.210298543,-0.9940567751,-0.002151420217,-0.1232672984,1.921466142,-8.470857268,15.43172359,-10.33669784,-0.05,0.05,-0.05,0.05
16.952,-0.0002738564212,-0.01569081713,0.005662074994,-0.001282704323,-0.002484634851,-0.002940686429,0.3244130005,-0.07349354405,-0.1423590906,-0.1684889213,-0.001045950609,-0.05992855545,-0.20609635,4.816632113,-11.69711751,8.359552305,-0.05,0.02340286298,0.05,0.05
16.964,0.006449855479,0.3695494974,-0.008819477263,0.005240115951,-0.005719977613,0.004059261177,-0.5053188247,0.3002365281,-0.3277305761,0.2325785334,-0.005240077748,-0.3002343393,-0.423706192,-0.6657319167,1.837210553,-0.948076441,0.05,-0.05,0.05,-0.05
16.976,3.998653436e-05,0.002291059656,0.002510738729,0.01666735204,-0.05980710306,0.04926920614,0.1438547327,0.9549689274,-3.42669459,2.822917572,0.008640193846,0.4950466415,4.623063535,-6.19819147,4.492675539,-1.448365168,-0.05,-0.05,0.05,-0.05
16.988,0.009306511649,0.5332238395,-0.02459862045,0.03216670506,-0.03259408737,0.01898783792,-1.409397134,1.843016441,-1.867503643,1.087922975,-0.006038164845,-0.3459613616,-4.051359562,7.670693876,-7.602646535,3.347100921,0.05,-0.05,0.05,-0.05
17,-0.002045108017,-0.117176058,-0.0003172974532,0.0225371856,-0.04424417644,0.02725087543,-0.01817980492,1.291285617,-2.535004578,1.56136015,0.005226587133,0.299461384,1.872803675,9.307501339,-26.63132122,19.58450672,0.005107740295,-0.05,0.05,-0.05
17.012,-0.002014850475,-0.1154424286,0.01878880124,-0.04275797612,0.04684925239,-0.02377783878,1.076519013,-2.449851572,2.684264435,-1.362369808,-0.0008977612679,-0.05143793166,-4.961207056,6.29740609,-5.321987272,2.448225319,-0.05,0.05,-0.05,0.05
17.024,0.006684133928,0.3829726638,-0.01628275411,0.002349863124,0.0420005176,-0.04479100814,-0.9329330893,0.1346372394,2.406452396,-2.566335726,-0.01672338152,-0.9581791803,6.416984822,-19.80331361,36.04701863,-24.8382846,0.05,-0.03189367512,-0.05,0.05
17.036,0.003605544339,0.2065824735,-0.01905311327,0.05622710782,-0.07724648936,0.03549507614,-1.091662977,3.221575973,-4.425897822,2.033718056,-0.00457741867,-0.2622667708,-4.213367742,20.64470166,-40.98242923,28.04767554,0.05,-0.05,0.05,-0.05
17.048,-0.008358853945,-0.4789270526,0.04174367828,-0.06892126026,0.05937401487,-0.03166597157,2.391736587,-3.948897332,3.401880465,-1.814326525,0.0005304613193,0.03039319479,4.603647144,-22.27616403,40.50415966,-26.54786383,-0.05,0.05,-0.05,0.05
17.06,0.01689192867,0.9678362204,-0.037030785,0.04597239924,-0.05473017911,0.02622250515,-2.121707693,2.634024451,-3.135808275,1.502438873,-0.01956605973,-1.121052644,-7.417623518,16.04324968,-21.81556404,13.01440525,0.05,-0.05,0.05,-0.05
17.072,0.005745670247,0.3292026556,0.005057309519,-0.03650229258,0.04409040708,-0.02605085179,0.2897624912,-2.091427307,2.526194243,-1.49260386,-0.01340542777,-0.768074434,3.118257314,0.1235675722,-9.236755381,8.53801597,-0.05,0.05,-0.05,0.05
17.084,0.005014402163,0.2873040807,0.007252555387,-0.03860418867,0.04205058662,-0.02319158704,0.4155408144,-2.211857082,2.409321139,-1.328780058,-0.01249263371,-0.7157751865,-2.122233099,0.3888195417,5.170706828,-5.058185655,-0.05,0.05,-0.05,0.05
17.096,0.000971279867,0.05565023711,0.003539850484,-0.01286975257,0.02239698197,-0.0249422155,0.2028184928,-0.7373825059,1.28325254,-1.42908368,-0.01187513562,-0.6803951524,3.852854775,-5.51324723,7.346474041,-5.168821949,-0.05,0.05,-0.05,0.05
17.108,-0.007220624948,-0.413711335,0.01796884246,-0.01428749033,0.01870878815,-0.02915434993,1.029538836,-0.8186128958,1.071934601,-1.670421205,-0.006764209643,-0.3875606643,0.5257453899,-3.178365587,7.19891908,-5.401816927,-0.05,0.05,-0.05,0.05
17.12,-0.001003945024,-0.05752181275,0.006675312883,-0.01501774287,0.01524968528,-0.0137939274,0.3824672552,-0.8604532841,0.8737426052,-0.7903338228,-0.006886672106,-0.3945772466,-0.2695250891,-2.204150275,0.654109321,2.300237051,-0.05,0.05,-0.05,0.05
17.132,0.002423771528,0.1388718791,-0.01039428678,0.009151673554,-0.006071184319,0.001200628826,-0.5955487637,0.5243522701,-0.3478532381,0.06879096452,-0.006113168721,-0.3502587672,-1.858327305,5.687151234,-3.455912279,-0.7920742662,0.05,-0.05,0.05,-0.02562175992
17.144,-0.008692409209,-0.4980383614,0.01418625765,-0.01545987442,0.02185321038,-0.01913450136,0.8128126903,-0.8857855558,1.252096723,-1.096326171,0.001445092247,0.08279768678,2.886840577,-10.55137205,16.38649576,-9.337726472,-0.05,0.05,-0.05,0.05
17.156,-0.00143434748,-0.08218205694,-0.00603871405,0.0075710562,-0.01195628963,0.01240979505,-0.3459928287,0.4337895667,-0.6850449344,0.7110288812,0.001985847574,0.1137806848,-2.010058893,7.528911459,-14.8439371,10.80148756,0.05,-0.05,0.05,-0.05
17.168,-0.001419060729,-0.08130619065,-0.005453480689,0.00196305357,-0.00954859026,0.01808238769,-0.3124614272,0.1124746845,-0.5470939222,1.036044498,0.005043370308,0.2889638332,1.016553254,-4.245357767,8.528888627,-5.803847239,0.05,-0.03894182078,0.05,-0.05
17.18,-7.528862978e-05,-0.004313720732,-0.01412362807,0.01504404633,-0.01400183526,0.01607847184,-0.8092242796,0.8619603617,-0.8022460656,0.9212285772,0.002997054847,0.1717185937,2.812932782,-5.700799403,8.419906559,-5.401006447,0.05,-0.05,0.05,-0.05
17.192,-0.004094127423,-0.2345762221,-0.001281055946,-0.0002531944058,-0.004788626943,0.01253981927,-0.073399099,-0.01450697085,-0.2743681135,0.7184787202,0.006216941979,0.3562045369,3.077059909,-6.813524035,9.278631784,-5.587739575,0.02510617089,0.01238380096,0.05,-0.05
17.204,-0.002833844227,-0.162367314,-0.01064214176,0.02970609363,-0.04537132713,0.0311430905,-0.6097498076,1.702033791,-2.599585555,1.784367647,0.004835715255,0.277066075,2.780047933,-4.686441792,6.020022699,-3.974518823,0.05,-0.05,0.05,-0.05
17.216,-0.001526373221,-0.08745474353,-0.01506896234,0.03782117965,-0.0433384618,0.0190460525,-0.8633879435,2.16699397,-2.483110952,1.091258424,-0.001540191992,-0.08824650076,-1.267137306,7.824728969,-16.03946801,10.935991,0.05,-0.05,0.05,-0.05
17.228,-0.001664652883,-0.09537758457,0.002408397494,-0.01126888157,0.006121712749,0.00114640912,0.1379910118,-0.6456593538,0.3507483039,0.06568440418,-0.001592362208,-0.09123563397,-5.819038651,13.59915639,-22.62597274,15.35445895,-0.04716570622,0.05,-0.05,-0.0405754596
17.24,-0.001919770565,-0.109994751,0.00738266114,-0.03175379542,0.04890232012,-0.03190011463,0.4229953249,-1.819358461,2.801896551,-1.827741934,-0.007368928789,-0.4222085191,3.284391186,-9.49366995,15.40803192,-10.10873885,-0.05,0.05,-0.05,0.05
17.252,-0.003472776625,-0.1989754438,0.001262403242,0.0199759752,-0.05211227174,0.03090794086,0.0723303778,1.144539071,-2.985813232,1.770894565,3.40475603e-05,0.001950781508,6.263720481,-11.72421517,15.06708132,-9.272631121,-0.0340365918,-0.05,0.05,-0.05
17.264,0.001400371855,0.08023539705,-0.00503367824,0.008164263898,-0.01041541283,-0.00490786939,-0.2884085186,0.4677778642,-0.5967591969,-0.2812002025,-0.01219269656,-0.6985900537,0.09826029719,-3.694802578,9.655260199,-7.525642231,0.05,-0.05,0.05,0.05
17.276,2.591047238e-05,0.001484560713,0.008651417798,-0.03005977973,0.02990001675,-0.0176558014,0.4956897266,-1.722298512,1.713144767,-1.011602904,-0.009164146587,-0.5250669223,1.629941518,-9.157923939,16.42090839,-10.07639926,-0.05,0.05,-0.05,0.05
17.288,0.002183777057,0.1251212088,-0.007467692076,0.005880084985,-0.01694682308,0.01296510415,-0.4278672387,0.3369040528,-0.9709814387,0.7428457486,-0.005569326025,-0.319098876,0.8366560386,4.77967276,-12.775864,9.526267616,0.05,-0.05,0.05,-0.05
17.3,-0.002244949177,-0.1286261131,-0.001524327232,-0.003407784688,0.01428799207,-0.01485813305,-0.08733751698,-0.1952516801,0.8186416436,-0.8513083152,-0.005502252896,-0.3152558687,4.299783577,-10.2570991,18.46915581,-13.03104788,0.02923541552,0.05,-0.05,0.05
17.312,-0.007629855446,-0.4371585153,0.01241221123,-0.01706624955,0.01672920749,-0.009797119301,0.711167318,-0.9778240716,0.9585129837,-0.5613335873,0.002278049864,0.1305226427,-0.70158668,0.7862437133,-3.435309237,3.885240117,-0.05,0.05,-0.05,0.05
17.324,0.002027651001,0.1161758447,-0.01010163381,-0.00747387218,0.01871540117,-0.003629233822,-0.5787809836,-0.4282213326,1.072313499,-0.2079397809,-0.002489338647,-0.1426285983,-4.447845839,8.095856747,-10.78228429,7.020079037,0.05,0.05,-0.05,0.05
17.336,-0.003766183554,-0.2157864225,0.005020749033,-0.02627275177,0.03474771303,-0.009532074455,0.2876677296,-1.505317793,1.990897304,-0.5461476362,0.003963635835,0.2270996049,-1.033124903,1.96467877,-1.373048029,0.06091272687,-0.05,0.05,-0.05,0.05
17.348,-0.004769599992,-0.2732779495,-0.004628890174,0.02085409265,-0.03149657892,0.02024289849,-0.2652158708,1.194851494,-1.804621041,1.159832649,0.004971522042,0.2848472308,-2.504675055,12.09154021,-21.57956966,13.28757136,0.05,-0.05,0.05,-0.05
17.36,-0.003706749594,-0.2123811074,-0.0001039223041,0.00670916319,-0.004205794447,-0.005497914321,-0.005954309422,0.3844067349,-0.2409742713,-0.3150072867,-0.003098467882,-0.1775291326,-6.653439008,15.61904021,-22.4857786,13.16889224,0.008939729698,-0.05,0.05,0.05
17.372,0.0002398618027,0.01374306896,-0.001302205873,0.003530253714,-0.01879054778,0.01310307746,-0.0746109006,0.2022686384,-1.076619083,0.7507510372,-0.003459422479,-0.1982103076,0.1677528778,-2.053086903,2.026426799,-0.4791780891,0.02848077634,-0.05,0.05,-0.05
17.384,0.003186341517,0.182563921,-0.004169372331,-0.004345261197,-0.0008818544236,0.001595559968,-0.2388874378,-0.2489651275,-0.05052653662,0.09141885213,-0.007800927984,-0.4469602498,0.1392390207,1.85022011,-3.206424617,1.614518912,0.05,0.05,0.02260722194,-0.03671683821
17.396,-0.001786380428,-0.1023520591,0.003593368843,-0.005737598835,0.01000219674,-0.01511381613,0.2058848689,-0.3287401978,0.5730836593,-0.8659578766,-0.00725584938,-0.4157295463,0.8191615349,-5.090512983,8.647634422,-4.945405941,-0.05,0.05,-0.05,0.05
17.408,0.002948140434,0.1689160043,-0.003936835725,-0.007066791366,0.001750496139,0.004974770332,-0.2255640717,-0.40489732,0.1002960408,0.2850333441,-0.00427836062,-0.2451320068,1.489596856,-5.183544767,8.43897765,-4.876404804,0.05,0.05,-0.04694989271,-0.05
17.42,-0.002005956347,-0.1149328325,-0.0002974940474,0.005928296496,-0.005462767649,-0.003642612774,-0.01704515335,0.3396663689,-0.3129935307,-0.2087063384,-0.003474577974,-0.1990786535,-0.9515667008,2.971982001,-3.409786501,1.2395375,0.007496435744,-0.05,0.05,0.05
17.432,0.0006733832372,0.03858201749,-0.002270046578,0.0009038951821,-0.007967356382,0.007686708789,-0.1300640882,0.05178937906,-0.4564958946,0.4404159719,-0.001646798989,-0.09435463179,-1.291195428,4.648010064,-8.617317237,6.112189925,0.05,-0.02453370407,0.05,-0.05
17.444,-0.003633255353,-0.2081701976,0.002920922693,-0.0002575349391,0.00334098288,-0.005262727867,0.1673565426,-0.01475566509,0.1914242184,-0.3015320955,0.0007416427662,0.04249300041,3.699797569,-4.006764437,1.250662058,0.6843980585,-0.05,0.009672533096,-0.05,0.05
17.456,0.002453913834,0.140598906,-0.009560518971,0.009130012812,-0.01600687771,0.01794268784,-0.547777387,0.523111201,-0.9171265361,1.028040286,0.001505303969,0.08624756429,-0.9659706712,0.2488647854,0.2529274057,0.4089013934,0.05,-0.05,0.05,-0.05
17.468,-0.001568604077,-0.08987439336,6.955106286e-05,-0.009258284669,0.01495203311,-0.001263093782,0.003984982363,-0.5304606371,0.8566883924,-0.07236994283,0.004500205724,0.2578427949,-1.313490877,0.9203904925,4.038972799,-4.801618571,-0.0002166325058,0.05,-0.05,0.03258968177
17.48,-0.005897208632,-0.3378851655,0.008742233378,-0.005988078283,0.002167965493,0.002662623169,0.5008930761,-0.343091613,0.1242152729,0.15255707,0.007584743757,0.434573806,-0.3718251827,0.6250157388,-0.5197919658,-0.2546928324,-0.05,0.05,-0.04717544889,-0.05
17.492,-0.002312967873,-0.1325232973,0.006965778582,-0.008985341753,0.007395133128,-0.005061913512,0.3991097138,-0.5148221599,0.4237099172,-0.2900262805,0.0003136564451,0.01797119052,0.2691746379,-3.791773286,4.995267181,-2.2170048,-0.05,0.05,-0.05,0.05
17.504,0.003335053026,0.1910844628,-0.007285054084,0.01245617389,-0.02083645224,0.01240201612,-0.4174028525,0.713686193,-1.193840773,0.710583181,-0.003263316313,-0.1869742519,1.33518363,-0.5405717302,-0.5897639258,0.3535414803,0.05,-0.05,0.05,-0.05
17.516,-0.0008190210842,-0.04692645146,0.005407938308,-0.004677814821,-0.0001270723288,-0.002366783809,0.3098520409,-0.2680190466,-0.007280708135,-0.1356067233,-0.001763732651,-0.1010544371,-0.9653710727,1.773287263,-1.755994426,0.6908604029,-0.05,0.05,0.004551585661,0.05
17.528,0.003342371493,0.1915037801,-0.009201949357,0.02260042856,-0.03900173344,0.02448708158,-0.5272328615,1.294909172,-2.23463472,1.403006427,-0.001116172661,-0.06395198268,-2.053517064,10.15557879,-21.65637971,15.7862938,0.05,-0.05,0.05,-0.05
17.54,0.00749121072,0.4292147577,-0.01472002054,0.01754677406,-0.02903003031,0.02204672758,-0.8433950512,1.005356097,-1.663298216,1.263184443,-0.004156549206,-0.2381527268,-8.817205226,17.87164575,-23.59355467,13.83569726,0.05,-0.05,0.05,-0.05
17.552,0.00377491513,0.216286705,-0.002329727696,-0.008685742613,0.01547766104,-0.009449246024,-0.1334835644,-0.4976563937,0.8868046542,-0.5414019168,-0.004987055295,-0.2857372206,-2.197508575,9.97856787,-18.26555914,11.89315239,0.05,0.05,-0.05,0.05
17.564,-0.004564895673,-0.261549256,0.02706163242,-0.049653954,0.05062744262,-0.02726980133,1.550517325,-2.844962,2.90073879,-1.562444524,0.0007653197112,0.04384958943,1.210664335,-9.758814605,20.93938695,-15.06139385,-0.05,0.05,-0.05,0.05
17.576,0.005850629924,0.3352164021,-0.0121599058,0.01274303893,0.01056339089,-0.02532054607,-0.6967112818,0.7301223487,0.6052377151,-1.450760425,-0.01417402206,-0.8121116426,3.815105208,-11.22113132,21.27132084,-15.29717321,0.05,-0.05,-0.05,0.05
17.588,-0.0001788439898,-0.01024700581,0.01152844816,-0.01554211862,0.0154173821,-0.0174342222,0.6605314239,-0.8904978018,0.8833509256,-0.9989073512,-0.006030510563,-0.3455228036,2.883655886,-11.33869179,17.95954375,-10.5443793,-0.05,0.05,-0.05,0.05
17.6,0.007289607885,0.4176637661,-0.004886439535,-0.001708032246,-0.004216207122,0.00262574517,-0.2799723622,-0.09786303899,-0.2415708736,0.1504441163,-0.008184933733,-0.4689621585,-4.225215612,9.954744296,-15.56075008,10.34241727,0.05,0.02762196512,0.05,-0.05
17.612,-0.0008454301153,-0.04843957748,0.01204707359,-0.01178580213,-0.003089660182,0.003526654455,0.6902464722,-0.6752767203,-0.1770244886,0.2020624161,0.0006982657327,0.04000767946,4.096747989,-9.570206327,14.18728278,-8.751295404,-0.05,0.05,0.05,-0.05
17.624,0.003110555809,0.1782217198,-0.01394675846,0.03474134732,-0.02663150987,-0.0003220078948,-0.7990903978,1.990532576,-1.525873118,-0.01844969334,-0.006158928909,-0.3528806328,2.274502966,-3.850301832,7.262798294,-5.527452477,0.05,-0.05,0.05,0.01261162616
17.636,-0.003357687296,-0.192381311,0.01200766291,-0.003656384941,-0.01391722839,0.0122065132,0.6879884065,-0.2094954254,-0.7973984495,0.699381689,0.006640562775,0.3804762206,0.5056065175,-5.798007262,9.320768001,-4.687554853,-0.05,0.05,0.05,-0.05
17.648,0.003821827881,0.2189746076,-0.007273499066,-0.005695705763,0.02972063443,-0.01882474987,-0.4167407988,-0.3263399016,1.702866917,-1.078578718,-0.002073320268,-0.1187925009,1.685906336,-2.096421265,1.473199838,-0.06205206458,0.05,0.05,-0.05,0.05
17.66,-0.002425993017,-0.138999161,0.002432729145,0.005333172429,-0.005098329061,0.00456105106,0.1393851127,0.3055682716,-0.2921127377,0.2613289759,0.007228623573,0.4141696224,-4.979026378,9.51732267,-7.971931424,2.015134751,-0.0485410148,-0.05,0.05,-0.05
17.672,-0.004908461012,-0.2812340999,0.01652808224,-0.0192352214,0.01151938229,0.001600876301,0.9469893559,-1.102097004,0.6600119879,0.0917234556,0.01041311943,0.596627795,0.5978013179,-0.6058253124,-4.459829693,5.45588115,-0.05,0.05,-0.05,-0.04067515978
17.684,0.004483051379,0.2568599233,-0.006916467802,-0.01365184277,0.0514068099,-0.03578020864,-0.3962844142,-0.7821929733,2.945393245,-2.050054945,-0.004941709312,-0.2831390871,-2.877928294,6.225886407,-6.631095281,2.965723844,0.05,0.05,-0.05,0.05
17.696,-0.009787694466,-0.5607935841,0.03163600295,-0.03965364229,0.0334249661,-0.01212030771,1.812609449,-2.271986346,1.915109488,-0.6944424784,0.01328701904,0.7612901136,8.237934461,-21.92518149,32.53473624,-19.77650669,-0.05,0.05,-0.05,0.05
17.708,0.001928222559,0.1104790146,-0.004605263648,0.03294904168,-0.07930087654,0.06244057911,-0.2638621706,1.887841027,-4.543605538,3.577581653,0.0114834806,0.6579549725,-1.485595124,1.773147642,-1.461725,0.7769438919,0.05,-0.05,0.05,-0.05
17.72,0.008207728913,0.4702682261,-0.02190777264,0.02945769852,-0.01686938192,0.004347100244,-1.255222911,1.6878018,-0.9665443872,0.2490704971,-0.004972355799,-0.2848950015,-6.97252118,18.75678797,-25.96682998,14.5506915,0.05,-0.05,0.05,-0.05
17.732,-0.001406847595,-0.08060642959,0.002091901273,0.01327532284,-0.02461802452,0.01631828473,0.1198571141,0.7606199703,-1.410508905,0.9349688441,0.007067484322,0.4049370234,-2.338946083,10.74712674,-22.88553219,16.60836098,-0.04368288191,-0.05,0.05,-0.05
17.744,0.008312576366,0.4762755426,-0.01392677366,0.01221502262,-0.02478873,0.02964040382,-0.7979453531,0.6998692426,-1.420289608,1.698270042,0.003139922783,0.1799043234,-5.060737344,13.66871496,-23.30024002,15.9149712,0.05,-0.05,0.05,-0.05
17.756,0.0064835464,0.371479845,-0.005063378809,-0.01696844104,0.0253047664,-0.001400827771,-0.2901102359,-0.9722200564,1.449856316,-0.08026151912,0.001872118784,0.107264505,-5.403430615,12.52137955,-16.55743771,9.345203707,0.05,0.05,-0.05,0.02147300726
17.768,-0.004719734208,-0.2704208505,0.02432131498,-0.06372818863,0.1037747573,-0.06184378673,1.393508701,-3.651356244,5.945855615,-3.543387969,0.002524096967,0.1446201033,3.827949969,-10.79783554,18.5444262,-12.63578014,-0.05,0.05,-0.05,0.05
17.78,0.004323097493,0.2476952408,-0.0280284268,0.07703160327,-0.09763418813,0.05400848367,-1.605910562,4.413585756,-5.594026916,3.094458172,0.005377472005,0.3081064503,-0.238533017,3.914431829,-6.234781661,3.251072183,0.05,-0.05,0.05,-0.05
17.792,-0.005484079001,-0.3142145813,0.01465767214,-0.03119051971,0.08062128881,-0.0661420726,0.8398227509,-1.78708514,4.619259588,-3.789661608,-0.002053631367,-0.11766441,-3.416402565,6.90894525,-8.72323449,4.713182332,-0.05,0.05,-0.05,0.05
17.804,-0.006207015521,-0.3556357927,0.01718344352,-0.02003882043,0.03843042782,-0.03180985863,0.9845387912,-1.148139837,2.201901319,-1.822570646,0.003765192285,0.215729627,6.721283707,-20.42550902,31.87296364,-19.58979719,-0.05,0.05,-0.05,0.05
17.816,0.004638407485,0.2657611726,-0.01817622404,0.05048432815,-0.06998579656,0.04075686805,-1.041420925,2.892538934,-4.009890769,2.335196525,0.003079175601,0.1764237663,0.6064431941,-0.5993127073,-0.1065008989,0.4751313299,0.05,-0.05,0.05,-0.05
17.828,0.004078654751,0.2336897033,-0.01025021475,0.03123730917,-0.05395227877,0.03734879326,-0.5872940444,1.789765979,-3.091237869,2.139928224,0.00438360891,0.2511622896,-3.906844989,15.63956216,-30.01992282,20.61174528,0.05,-0.05,0.05,-0.05
17.84,-0.001249015988,-0.07156334466,0.02614918438,-0.06291504619,0.07374939598,-0.03598823332,1.498237903,-3.604766614,4.225529131,-2.061973882,0.0009953008462,0.05702653783,-1.835341521,-0.8747211746,5.513689419,-4.716398255,-0.05,0.05,-0.05,0.05
17.852,0.007021365451,0.4022946068,-0.01780575238,0.04150683829,-0.04594995402,0.01497723636,-1.020194462,2.378166655,-2.632738434,0.8581324324,-0.007271631746,-0.4166338092,3.89569043,-8.916416719,17.00166935,-13.10385643,0.05,-0.05,0.05,-0.05
17.864,0.002362537144,0.1353634073,-0.003993936282,0.03639581181,-0.04915074922,0.008433126561,-0.2288356926,2.085326409,-2.81613049,0.4831825601,-0.008315747129,-0.476457214,-8.12100085,24.07461319,-38.76647227,23.88077968,0.05,-0.05,0.05,-0.05
17.876,-0.001700302818,-0.09742017535,0.02469975264,-0.03637741236,0.05698993585,-0.06085760719,1.415191581,-2.084272198,3.265282799,-3.486884043,-0.01554533107,-0.8906818616,0.9521979263,-7.667648769,12.99850049,-7.849386994,-0.05,0.05,-0.05,0.05
17.888,0.009579671807,0.5488747637,-0.01171406163,0.03886589657,-0.06088489441,0.01697035092,-0.6711662921,2.22685184,-3.488447486,0.9723294848,-0.01676270854,-0.9604324527,4.121098602,-9.959548156,14.18188917,-8.518537007,0.05,-0.05,0.05,-0.05
17.9,0.01142707735,0.6547233042,-0.0131799512,0.0344417583,-0.05876526479,0.02040547995,-0.7551555782,1.97336739,-3.367001654,1.16914788,-0.01709797774,-0.9796419626,-1.299022145,3.66675036,-6.135446844,4.2749132,0.05,-0.05,0.05,-0.05
17.912,0.009794459637,0.5611811998,-0.007586006785,0.02002222098,-0.04130241253,0.01444799546,-0.4346461721,1.147188759,-2.366453922,0.8278091622,-0.01441820287,-0.8261021728,-0.9103901222,3.536884342,-6.319650136,4.415124799,0.05,-0.05,0.05,-0.05
17.924,0.009076807467,0.5200627593,-0.007589730173,0.01966373671,-0.04512429478,0.02267685204,-0.4348595065,1.126649123,-2.585431645,1.299287915,-0.0103734362,-0.5943541133,-2.979824187,9.987332055,-18.00096648,12.64177625,0.05,-0.05,0.05,-0.05
17.936,0.008742574861,0.5009126416,-0.0133324197,0.02318764586,-0.03527106815,0.01714314403,-0.7638913797,1.328554245,-2.020883344,0.9822298005,-0.008272697956,-0.473990678,-5.512390582,16.6525915,-25.54852568,15.93087828,0.05,-0.05,0.05,-0.05
17.948,0.002344573925,0.1343341907,-0.007058232957,0.02657826988,-0.03950692051,0.02027931199,-0.4044069592,1.522822691,-2.263579807,1.161918989,0.0002924284051,0.01675491342,-4.199935354,13.58173137,-22.58196068,14.84878617,0.05,-0.05,0.05,-0.05
17.96,0.002453545526,0.1405778035,-0.01027134825,0.02498004658,-0.0306793071,0.0185967362,-0.5885049046,1.431251241,-1.757794815,1.065514497,0.00262612743,0.1504660182,-7.360122327,17.1106599,-24.93599853,15.76251147,0.05,-0.05,0.05,-0.05
17.972,0.001208236361,0.06922684413,-0.009211233347,0.01662983697,-0.01486273527,0.01355889003,-0.5277647949,0.9528194721,-0.8515720029,0.7768671736,0.00611475838,0.3503498479,-4.240538872,12.88383606,-21.73579109,14.54742893,0.05,-0.05,0.05,-0.05
17.984,-0.00121271852,-0.06948365293,-0.007948373554,0.02078888923,-0.02385479802,0.02242266262,-0.4554082586,1.191115614,-1.366779248,1.284723933,0.01140838028,0.6536520409,-0.9590390043,2.251127203,-2.731169692,1.637041111,0.05,-0.05,0.05,-0.05
17.996,-0.003543975415,-0.203054834,0.003741887064,-0.009650187003,0.021527823,-0.005348170344,0.2143943362,-0.5529149868,1.2334534,-0.3064275889,0.01027135272,0.5885051606,2.982213577,-8.77675915,13.94991696,-8.80141534,-0.05,0.05,-0.05,0.05
18.008,-0.001312136534,-0.07517988553,-0.002695031751,0.0003592332933,0.01446440435,-0.005961874797,-0.154413945,0.02058255157,0.8287493226,-0.3415902639,0.006166731098,0.3533276653,-2.705367467,5.758662821,-6.524512076,2.786734776,0.05,-0.01366179527,-0.05,0.05
18.02,-0.001269213438,-0.07272057331,0.0007885869252,0.006909227962,-0.01551365414,0.01462421374,0.04518270259,0.3958696019,-0.8888669069,0.8379057261,0.006808374491,0.3900911237,-1.744137437,1.377110703,-0.6257883527,-0.01603076311,-0.01560477492,-0.05,0.05,-0.05
18.032,0.0007006690061,0.04014537688,0.005951231844,-0.02026347241,0.02758892179,-0.01327638452,0.3409804676,-1.161011447,1.58072878,-0.7606808002,2.96709291e-07,1.700019012e-05,1.120924734,-2.20990889,1.96751351,-0.9386139353,-0.05,0.05,-0.05,0.05
18.044,-0.0007776921719,-0.04455847921,0.003806832893,0.006155711074,-0.0211625752,0.01386420564,0.2181154581,0.3526962645,-1.212526243,0.7943604693,0.002664174405,0.1526459493,1.427609748,-1.522366137,0.9964170982,-0.5882327756,-0.05,-0.05,0.05,-0.05
18.056,-0.0002352786188,-0.01348047187,0.006872829198,-0.01409142719,0.01997764554,-0.01528001471,0.3937841064,-0.8073793056,1.144634774,-0.875480354,-0.002520967166,-0.1444407789,4.917820488,-8.572912337,8.312945441,-3.702798333,-0.05,0.05,-0.05,0.05
18.068,0.0002043650901,0.01170925714,0.01617223768,-0.03864034342,0.03641947787,-0.01598002719,0.9266009645,-2.213928597,2.086682374,-0.9155881143,-0.002028655051,-0.1162333725,0.3922086337,-6.190262589,12.42168718,-8.279221349,-0.05,0.05,-0.05,0.05
18.08,0.004145667686,0.2375292617,0.001321872366,-0.02621969498,0.0533116817,-0.04008577306,0.07573770761,-1.502277863,3.05453436,-2.296745615,-0.01167191398,-0.6687514101,2.724343588,-5.407454658,9.245029275,-6.745966124,-0.03180553563,0.05,-0.05,0.05
18.092,-0.002344366299,-0.1343222946,0.01262526689,-0.01314929323,0.002646257166,-0.002509670437,0.7233745079,-0.7533990057,0.1516193671,-0.143793524,-0.0003874396152,-0.02219865476,0.04094952847,-0.5020180013,-0.3986495712,0.9431160607,-0.05,0.05,-0.05,0.05
18.104,0.006587260636,0.377422233,-0.01104817031,-0.002050844359,0.0255709173,-0.02534911216,-0.6330135303,-0.1175047262,1.46510564,-1.452397141,-0.01287720954,-0.7378097584,-3.448242159,8.195449236,-9.847489727,4.984602525,0.05,0.03692312666,-0.05,0.05
18.116,-0.002157360116,-0.1236076295,0.005489595901,-0.002793710308,0.008787809276,-0.01535456849,0.3145306763,-0.1600678098,0.5035043827,-0.8797519705,-0.003870873617,-0.2217847213,-2.107264848,7.011756738,-12.07803272,7.783628174,-0.05,0.05,-0.05,0.05
18.128,-0.005765959599,-0.3303651499,0.02418468493,-0.04974800371,0.07790016439,-0.05853836677,1.385680375,-2.850350652,4.463350643,-3.354001356,-0.006201521173,-0.3553209898,1.723874122,-9.310454646,17.02817493,-11.085428,-0.05,0.05,-0.05,0.05
18.14,0.002494317302,0.1429138542,-0.006992761095,0.01918035153,-0.0326345781,0.0172633444,-0.4006556979,1.098953192,-1.869823591,0.9891167742,-0.003183643266,-0.1824093226,4.360064864,-9.451703621,11.36333275,-5.583149648,0.05,-0.05,0.05,-0.05
18.152,0.006362346082,0.3645355783,-0.01341876383,0.01879960627,-0.0386273887,0.03082609307,-0.7688385337,1.077138096,-2.213186346,1.766205032,-0.002420453189,-0.1386817522,-1.021504971,0.2369398855,1.985932828,-1.680813373,0.05,-0.05,0.05,-0.05
18.164,0.002181710824,0.1250028223,-0.01379922892,0.03433424503,-0.04745025936,0.02637080955,-0.7906375774,1.967207333,-2.718699598,1.51093609,-0.0005444336944,-0.03119375291,-1.335824743,13.81872435,-28.37064105,19.12620948,0.05,-0.05,0.05,-0.05
18.176,-0.004674117619,-0.2678072125,0.01217307065,-0.02144040719,0.0355315801,-0.02749784955,0.6974655721,-1.228444843,2.035809579,-1.575510725,-0.001233605983,-0.07068041639,-4.528943278,7.267305618,-6.57529222,2.682167335,-0.05,0.05,-0.05,0.05
18.188,-0.002353630408,-0.1348530889,-0.0003536045786,0.004511754668,0.002693373102,-0.007050622488,-0.02026004997,0.2585045006,0.1543189114,-0.4039709115,-0.0001990992969,-0.01140754942,-2.745745277,6.544881836,-10.49279278,7.120876304,0.01052504601,-0.05,-0.04876141546,0.05
18.2,0.003889914247,0.222875669,-0.006763671318,-0.01137424055,0.02212132645,-0.006452327618,-0.3875298206,-0.6516959789,1.267458643,-0.3696911405,-0.002468913036,-0.1414582969,-6.920904395,10.03942025,-11.24121259,6.885514327,0.05,0.05,-0.05,0.05
18.212,0.001108182917,0.06349420406,0.003137271394,-0.034058468,0.05307254244,-0.02267260731,0.1797524101,-1.951406473,3.04083269,-1.29904471,-0.0005212614788,-0.02986608276,1.116807947,-1.186088679,1.467566052,-1.216626982,-0.05,0.05,-0.05,0.05
18.224,-0.006033416006,-0.3456892732,0.01779519665,-0.03605598956,0.04210676246,-0.01836776487,1.019589664,-2.065856028,2.412539778,-1.052395406,0.005478204684,0.3138780077,2.851206925,-12.9474004,26.3283305,-18.74906919,-0.05,0.05,-0.05,0.05
18.236,0.0007266763516,0.04163548802,-0.0178244318,0.04253777625,-0.04587945754,0.02203128959,-1.021264714,2.437235049,-2.628699283,1.262299911,0.0008651764949,0.04957096169,3.160310347,-5.656030653,8.053432606,-5.258254245,0.05,-0.05,0.05,-0.05
18.248,-0.003407441173,-0.1952319981,-0.0006492874869,0.02196857352,-0.04425745874,0.02943236591,-0.03720143269,1.258706545,-2.535765598,1.686350347,0.006494193197,0.3720898615,-3.10605662,4.453352154,-3.934326482,1.578800087,0.01739038133,-0.05,0.05,-0.05
18.26,0.00407873039,0.2336940371,-0.02109101666,0.03650010105,-0.03121202707,0.01060962879,-1.20842624,2.091301742,-1.788317421,0.6078869518,-0.005193313888,-0.2975549675,-1.301152374,7.043789125,-14.16772579,9.903384954,0.05,-0.05,0.05,-0.05
18.272,-0.002662009286,-0.1525218971,0.004265774985,0.01316844172,-0.05451765905,0.04666889469,0.244410903,0.7544961335,-3.123631772,2.6739307,0.009585452353,0.5492059645,-1.476029585,3.703827835,-8.673858319,7.03598095,-0.05,-0.05,0.05,-0.05
18.284,0.01066010593,0.610779079,-0.02615610687,0.01706017373,-0.01180614113,0.01375526605,-1.498634532,0.9774759526,-0.676442059,0.7881186908,-0.007146808211,-0.4094819475,-5.369700423,15.51877082,-23.78491238,14.66332069,0.05,-0.05,0.05,-0.05
18.296,0.001120147875,0.06417974564,-0.002555796917,-0.008613386085,0.01152222309,0.0003671743813,-0.1464363766,-0.49351067,0.6601747537,0.02103754239,0.0007202144704,0.0412652495,-3.124863359,12.24261054,-21.51498788,13.92858804,0.05,0.05,-0.05,-0.02200642443
18.308,-0.01016107448,-0.5821866832,0.0299060908,-0.05280942941,0.06826412326,-0.0416345719,1.713492785,-3.025757423,3.911246155,-2.385485252,0.003726212753,0.2134962643,1.97302074,-8.428137028,15.94110595,-11.08942441,-0.05,0.05,-0.05,0.05
18.32,-0.001296475721,-0.07428258707,-0.004573290072,0.01449525694,-0.006891237174,-0.006805921522,-0.2620302196,0.8305170456,-0.3948388057,-0.3899505789,-0.003775191828,-0.2163025586,3.446489704,-10.76492439,18.94349923,-12.88139137,0.05,-0.05,0.05,0.05
18.332,-0.0004900345416,-0.02807691105,-0.001827081245,0.02125587659,-0.05683981501,0.04219934579,-0.1046840442,1.217872018,-3.256681508,2.417844412,0.004788326123,0.2743508778,2.357581936,-0.8468180745,-6.079637563,6.59611229,0.03783820546,-0.05,0.05,-0.05
18.344,0.005829345335,0.333996885,-0.01331841171,0.01450313328,-0.02160299859,0.01457085692,-0.7630887807,0.8309683268,-1.237760644,0.8348486055,-0.005847420092,-0.3350324923,-5.185345302,8.717230413,-5.205480417,-0.1476252524,0.05,-0.05,0.05,-0.05
18.356,-0.00266789263,-0.1528589879,0.01064776292,-0.01080287275,-1.151263511e-05,-0.001343702711,0.6100718769,-0.6189590149,-0.0006596254029,-0.07698849424,-0.001510325166,-0.0865352577,1.035952016,-4.528042095,8.595332183,-6.122639591,-0.05,0.05,-0.00834205421,0.03568409922
18.368,-0.001859289354,-0.1065294329,0.007281064802,-0.002765229401,-0.01046776101,0.00379562961,0.4171742835,-0.1584359741,-0.5997585267,0.2174735573,-0.002156295997,-0.12354666,3.642906244,-5.374348782,4.038194992,-1.270216201,-0.05,0.05,0.05,-0.05
18.38,0.0004277629547,0.02450901194,0.002324435344,-0.01330839592,0.03071201882,-0.02889581908,0.1331803349,-0.7625149182,1.759669059,-1.655608479,-0.009167760837,-0.5252740035,5.906003092,-14.98183829,21.52415959,-12.49279301,-0.05,0.05,-0.05,0.05
18.392,-0.003383971398,-0.1938872791,0.01032453266,-0.006289986336,-0.01389742011,0.01299262817,0.591552147,-0.3603896702,-0.7962635185,0.744422759,0.003129754387,0.1793217173,7.469038318,-15.50553339,20.15520102,-11.38273619,-0.05,0.05,0.05,-0.05
18.404,0.00174343211,0.09989130178,-0.01366474736,0.04076642989,-0.06793275962,0.04291949388,-0.7829323517,2.335744379,-3.892260417,2.459105858,0.002088416795,0.1196574682,0.2033665204,3.54737997,-8.873876413,6.689301047,0.05,-0.05,0.05,-0.05
18.416,0.0006430483631,0.03684395723,-0.001138326599,-0.01804288676,0.04466357331,-0.03054417663,-0.0652213098,-1.033781262,2.559034249,-1.75005241,-0.005061816683,-0.2900207326,-6.771790322,13.30431788,-16.3688319,9.345106985,0.03181497549,0.05,-0.05,0.05
18.428,-0.006204308049,-0.355480666,0.01391797206,-0.03418867643,0.05753137012,-0.03381964531,0.7974410583,-1.958866867,3.296304697,-1.937722941,0.003441020432,0.197155948,2.997376443,-6.309231269,6.476439589,-2.370316854,-0.05,0.05,-0.05,0.05
18.44,-0.002441129565,-0.1398664213,0.008322254611,-0.03516401738,0.04384805178,-0.009034456373,0.4768300653,-2.014749786,2.512308307,-0.5176362204,0.00797183264,0.4567523652,0.1342468395,-4.072221385,6.621958133,-3.073154474,-0.05,0.05,-0.05,0.05
18.452,-0.001653095825,-0.09471541391,-0.001487365235,-0.01493723163,0.02772659758,-0.003120846108,-0.08521975056,-0.8558403299,1.588617022,-0.1788113105,0.008181154613,0.4687456309,1.240622584,3.234997543,-6.917268868,3.867881244,0.03148141258,0.05,-0.05,0.05
18.464,-0.003980611039,-0.2280722124,-0.01008261688,0.02371855687,-0.009366268718,0.002872446382,-0.5776913938,1.358973205,-0.5366476673,0.1645790545,0.007142117654,0.4092131984,-6.957004439,14.96828501,-16.81349195,7.846195994,0.05,-0.05,0.05,-0.05
18.476,-0.01045849843,-0.5992278199,0.01485361839,-0.01216189685,0.01313351812,-0.00141491384,0.8510496443,-0.6968253603,0.7524951582,-0.08106859142,0.01441032582,0.8256508508,1.573177958,-5.276069231,6.687946291,-3.349144375,-0.05,0.05,-0.05,0.03447724886
18.488,-0.002585618059,-0.1481450022,-0.006561153609,0.01987395572,-0.02578935944,0.02153313631,-0.3759264105,1.138693785,-1.477621453,1.23375783,0.009056578974,0.518903752,1.210577567,4.084779771,-15.25848352,12.4573136,0.05,-0.05,0.05,-0.05
18.5,0.003587648864,0.2055571383,-0.01288436355,0.01423941509,-0.01430546134,0.01324511631,-0.7382196531,0.8158583872,-0.8196425589,0.7588892638,0.0002947065053,0.01688543895,-6.788394932,9.07673398,-3.997034251,-1.369908582,0.05,-0.05,0.05,-0.05
18.512,-0.004242532309,-0.2430791957,0.01578800551,-0.01348712002,-0.007763840698,0.009698861404,0.9045860829,-0.7727550547,-0.4448353048,0.5557038245,0.004235906205,0.2426995479,1.986231623,0.04609602679,-5.35522369,4.062450222,-0.05,0.05,0.05,-0.05
18.524,0.0002902625731,0.01663082039,0.006461659521,-0.0050733432,0.002418241597,-0.01214407217,0.3702258192,-0.2906811534,0.1385550373,-0.6958040814,-0.008337514252,-0.4777043782,4.948673745,-8.923980217,7.716872394,-2.734512105,-0.05,0.05,-0.05,0.05
18.536,0.00558173749,0.3198100005,-0.001246654707,-0.009806063887,0.01115623185,-0.01184442915,-0.07142805323,-0.5618460744,0.6392050003,-0.6786358011,-0.0117409159,-0.6727049284,3.40765165,-8.234023517,8.532926123,-2.838143732,0.02401875191,0.05,-0.05,0.05
18.548,0.003170739136,0.1816699704,0.001646350491,-0.01709058772,0.0269646028,-0.01958255446,0.09432893476,-0.9792185458,1.544957937,-1.121997723,-0.008062188888,-0.4619293969,2.869645838,-7.911000492,15.78711591,-11.37294197,-0.03908935665,0.05,-0.05,0.05
18.56,-0.00301782809,-0.1729088128,0.01168680947,-0.02563356716,0.04005290365,-0.02724278663,0.6696048585,-1.468695212,2.294862336,-1.560896696,-0.001136640672,-0.06512471334,-0.03695202244,-1.989280183,3.861020424,-1.927992786,-0.05,0.05,-0.05,0.05
18.572,-0.004655168136,-0.2667214871,0.01380738748,-0.03430178878,0.05433427158,-0.0301570626,0.7911050285,-1.965347727,3.113124444,-1.727872409,0.003682807673,0.2110093364,8.792827795,-23.4855357,36.38042195,-22.31261266,-0.05,0.05,-0.05,0.05
18.584,0.002822577069,0.1617217534,-0.02628413454,0.07034283126,-0.112840293,0.08253967512,-1.505969977,4.03034735,-6.465272548,4.729175027,0.01375807885,0.7882798522,-2.77463409,12.36754103,-22.51036881,15.18848658,0.05,-0.05,0.05,-0.05
18.596,-0.01067885889,-0.6118535447,0.03403036807,-0.08744597318,0.1301937961,-0.06515427784,1.949796466,-5.010285198,7.459555035,-3.733065137,0.01162391315,0.6660011649,1.305517309,-11.34218522,24.06904324,-16.46418191,-0.05,0.05,-0.05,0.05
18.608,0.008551085563,0.489941113,-0.05268903507,0.09008966195,-0.08937419523,0.06086338126,-3.018859336,5.161757408,-5.120764184,3.487214873,0.008889812911,0.5093487605,-5.415008845,17.217326,-26.28102109,16.16253885,0.05,-0.05,0.05,-0.05
18.62,-0.01160913615,-0.6651545049,0.0157798166,-0.06306660143,0.1519404262,-0.09365900632,0.9041168928,-3.61345009,8.705545158,-5.366265775,0.01099463505,0.6299461854,8.244254006,-19.30786297,28.75178642,-17.80328178,-0.05,0.05,-0.05,0.05
18.632,-0.004305638782,-0.2466949303,-0.0287062458,0.0658432657,-0.05492147391,0.0399408264,-1.64474673,3.772541234,-3.14676866,2.288440783,0.02215637239,1.269466628,-5.531491102,24.51472617,-46.51558794,31.62002474,0.05,-0.05,0.05,-0.05
18.644,-0.02103911365,-1.205452417,0.03659815591,-0.03995409257,0.03149123468,0.01181302913,2.096919871,-2.289200878,1.804314839,0.6768367122,0.03994832714,2.288870544,8.679560683,-27.10480506,41.63528905,-24.96781969,-0.05,0.05,-0.05,-0.05
18.656,0.0001711770535,0.009807722717,-0.02439886908,0.0395977813,-0.03528606097,0.04065300668,-1.397952223,2.268785746,-2.021742369,2.329245707,0.02056585793,1.178336861,-13.40683884,30.9261116,-44.0166892,26.58275417,0.05,-0.05,0.05,-0.05
18.668,-0.006783910713,-0.3886894524,-0.0004235958063,-0.018983661,0.07020068096,-0.03379879205,-0.02427025192,-1.087683655,4.022202738,-1.936528137,0.0169946321,0.9737206938,9.573289948,-20.77043221,27.87762103,-16.32190554,-0.0002541822095,0.05,-0.05,0.05
18.68,-0.006958875605,-0.3987142023,-0.003108762916,0.02977505571,-0.06088741432,0.06610423877,-0.1781189946,1.705985027,-3.488591866,3.787493889,0.03188311724,1.826768055,2.149158512,-2.15622525,-1.305463732,2.294873337,0.05,-0.05,0.05,-0.05
18.692,0.0003885441545,0.02226194021,-0.008102938168,0.0004767072052,0.003788572351,0.02177250247,-0.4642641587,0.02731331092,0.2170692061,1.247472501,0.01793484385,1.027590859,-8.907015223,19.24661295,-26.48752042,15.60347871,0.05,-0.02973417146,-0.05,-0.05
18.704,-0.006962783178,-0.3989380898,0.02184215932,-0.06362625565,0.1106317271,-0.05811149052,1.251463545,-3.645515915,6.338731045,-3.329543148,0.01073614029,0.615135527,4.122667975,-11.82142179,19.78994438,-13.5735347,-0.05,0.05,-0.05,0.05
18.716,0.002295146409,0.1315022026,-0.0250038925,0.06880763353,-0.08552653928,0.05230979359,-1.432617512,3.942387,-4.900309737,2.9971304,0.01058699535,0.6065901513,0.3119139524,3.500915996,-6.476926017,3.196544906,0.05,-0.05,0.05,-0.05
18.728,-0.007635935557,-0.4375068801,0.02244370387,-0.04105723238,0.08687380861,-0.06762242058,1.285929508,-2.352406134,4.977502583,-3.8744793,0.0006378595117,0.03654665795,-3.120197549,7.022728399,-9.457796917,4.799735664,-0.05,0.05,-0.05,0.05
18.74,-0.00300565465,-0.1722113261,-0.006444663544,0.05393377372,-0.05516268719,0.007768551064,-0.3692520215,3.090177608,-3.160589163,0.4451051889,9.497404923e-05,0.005441612184,6.526906617,-13.32462229,20.28168706,-13.98509051,0.05,-0.05,0.05,-0.05
18.752,-0.004042779085,-0.2316341791,0.008940227762,0.0285487128,-0.03723487523,-0.003404733885,0.5122373186,1.635720754,-2.133401202,-0.195076882,-0.003150668555,-0.1805200108,-8.203674767,22.90114788,-37.42202176,23.5828903,-0.05,-0.05,0.05,0.05
18.764,-0.001316487065,-0.07542915259,0.02670064879,-0.03572228848,0.03752927543,-0.03674965867,1.529834486,-2.046736364,2.15026909,-2.10560034,-0.008242022929,-0.4722331285,6.144283999,-25.02630247,41.94116505,-26.24342437,-0.05,0.05,-0.05,0.05
18.776,0.01840169555,1.054339491,-0.02768893845,0.04822233294,-0.07497402522,0.03650156154,-1.586459312,2.762936156,-4.295695218,2.091385422,-0.01793906919,-1.027832953,-3.597158057,11.32007926,-19.6715315,13.02946839,0.05,-0.05,0.05,-0.05
18.788,0.009579585485,0.5488698178,0.01510225501,-0.04828286234,0.04959768063,-0.03259340004,0.8652954731,-2.766404235,2.841737774,-1.867464263,-0.01617632675,-0.9268352507,-1.210260429,3.322991078,-6.801900871,5.110961292,-0.05,0.05,-0.05,0.05
18.8,0.009049700686,0.5185096552,0.00585747208,0.005056294885,-0.0586322261,0.04289054606,0.3356084288,0.2897043569,-3.359379099,2.45744727,-0.004827913075,-0.2766190431,7.427497881,-16.53287591,22.90839357,-13.66376447,-0.05,-0.05,0.05,-0.05
18.812,0.01693036769,0.9700386144,-0.01577144369,0.02379094959,-0.05865090033,0.03692860257,-0.90363716,1.363121002,-3.360449054,2.115853071,-0.01370279185,-0.7851121408,-7.950977542,16.98918363,-20.38556453,10.71246538,0.05,-0.05,0.05,-0.05
18.824,0.008820991532,0.5054055859,-0.00269645119,0.00759369376,-0.007096097145,-0.01292931742,-0.1544952729,0.4350866034,-0.4065764174,-0.7407953199,-0.01512817199,-0.8667804068,-0.8144452709,9.844495399,-18.23570081,11.09185872,0.05,-0.05,0.05,0.05
18.836,0.006659281509,0.381548725,0.002827639266,0.009823892131,-0.03148156239,0.01105632626,0.1620117959,0.5628675575,-1.803760657,0.6334808319,-0.007773704724,-0.4454004719,-2.346640978,2.851598607,-2.462268327,1.560079147,-0.05,-0.05,0.05,-0.05
18.848,0.008576894298,0.4914198446,-0.001509255916,-0.008211066613,0.01458317226,-0.01347130291,-0.08647399417,-0.4704594622,0.8355542227,-0.7718488011,-0.00860845317,-0.4932280348,4.645354882,-10.9986144,15.96811637,-9.144300567,0.02855827526,0.05,-0.05,0.05
18.86,0.007759368193,0.4445790491,-0.007331432502,0.01061999722,-0.01669643079,0.0123702504,-0.4200601401,0.6084810191,-0.9566350171,0.7087631397,-0.001037615666,-0.05945099843,-5.113805479,9.893483283,-10.24615794,4.952208191,0.05,-0.05,0.05,-0.05
18.872,0.002647622965,0.1516976216,-0.007912420739,0.03154232781,-0.0397492776,0.0220096092,-0.4533483141,1.807242259,-2.277465845,1.261057716,0.005890238666,0.3374858159,0.8940182536,3.558406833,-8.190184765,5.506706288,0.05,-0.05,0.05,-0.05
18.884,0.001138571188,0.06523532373,-0.01038164278,0.04280610499,-0.05213519657,0.02920524195,-0.5948243158,2.452609154,-2.987126728,1.673337104,0.009494507592,0.5439952136,-2.01776055,5.953248951,-8.748350443,5.410426538,0.05,-0.05,0.05,-0.05
18.896,0.0004116117526,0.02358361622,-0.001064723546,0.01138691026,-0.01314851647,0.01472466879,-0.06100416555,0.6524218997,-0.7533545004,0.8436613763,0.01189833904,0.68172461,-2.934376661,4.394445088,-6.414334619,4.887648615,0.02635829468,-0.05,0.05,-0.05
18.908,-0.001023596283,-0.05864774693,0.001170471812,0.006262472332,-0.001407820284,0.007137359212,0.06706309489,0.3588132339,-0.08066216059,0.4089405597,0.01316248307,0.754154728,-1.152609374,5.528939732,-10.10675478,6.53223853,-0.0245977705,-0.05,0.04107880103,-0.05
18.92,0.0009952734876,0.0570249703,0.002232108996,-0.0002428030199,0.0007665875838,0.007927487601,0.1278904249,-0.01391158829,0.04392223318,0.4542115817,0.01068338116,0.6121126514,-1.195742688,4.787632406,-9.516839826,6.318531963,-0.04791065522,0.0005540340307,-0.007348087018,-0.05
18.932,0.0004103752435,0.02351276947,0.004286166446,0.003654091458,-0.001161038402,-0.0009800148668,0.2455792477,0.2093640185,-0.06652260027,-0.05615071573,0.005799204636,0.3322699502,-0.6535919587,3.698878959,-6.361858929,3.367890942,-0.05,-0.05,0.03190470377,0.01819243613
18.944,0.004808899063,0.2755296204,-0.004105056681,0.007508611855,-0.004869159721,0.003980986228,-0.2352024225,0.4302117693,-0.2789823018,0.2280937092,0.00251538168,0.1441207541,0.471408574,-3.062109822,5.726891609,-3.572189853,0.05,-0.05,0.05,-0.05
18.956,0.003062932932,0.1754931299,-0.003734600426,0.01700466196,-0.02708466661,0.02100109531,-0.2139768426,0.9742953625,-1.551837086,1.203274127,0.00718649024,0.4117555603,3.582028313,-6.00619272,7.070936061,-3.928666964,0.05,-0.05,0.05,-0.05
18.968,0.001570143435,0.08996259207,-1.324542396e-05,0.01439088673,-0.02909635494,0.02365365008,-0.0007589068909,0.8245370732,-1.667098337,1.35525432,0.008934936445,0.5119341485,2.641360745,-6.098011973,9.395211878,-6.100426619,-0.002349961418,-0.05,0.05,-0.05
18.98,0.005154851821,0.2953512534,-0.01321339573,0.03002318446,-0.03154864343,0.01811140805,-0.7570718082,1.720201757,-1.807604118,1.037707242,0.003372553354,0.1932330734,1.773570133,-4.368194911,7.849847573,-5.507175673,0.05,-0.05,0.05,-0.05
18.992,0.001160394271,0.06648569432,0.003836726515,-0.002519532236,0.003934137456,-5.856603865e-05,0.2198282365,-0.1443585635,0.2254094723,-0.003355586838,0.005192765696,0.2975235584,3.006559187,-7.907185483,11.49024042,-6.892233282,-0.05,0.05,-0.05,0.008180686132
19.004,0.001261847539,0.07229853839,0.001413342936,0.008557145168,-0.01291316754,0.007253716797,0.08097858522,0.4902883028,-0.7398700003,0.4156073583,0.00431103736,0.2470042461,2.654951773,-3.369721501,2.170841533,-0.7572057392,-0.03374849636,-0.05,0.05,-0.05
19.016,0.003096564692,0.1774200879,0.002711426431,-0.01203216588,0.0267131185,-0.01873218114,0.1553532909,-0.6893923235,1.530548948,-1.07327492,-0.001339802086,-0.07676500491,-0.9239112559,0.6677070657,0.1990665249,-0.3837293094,-0.05,0.05,-0.05,0.05
19.028,0.002910099404,0.1667364138,-0.002997333417,0.01065239366,-0.0130265297,0.007678524731,-0.1717345546,0.6103371986,-0.7463651736,0.43994706,0.002307055276,0.1321845304,1.011315777,-0.6041159457,-0.3648863858,0.5239907794,0.05,-0.05,0.05,-0.05
19.04,0.001612942435,0.09241479412,0.001139971304,-0.002129815289,0.008383215368,-0.00515144378,0.06531554451,-0.1220294272,0.4803228594,-0.295155987,0.002241927604,0.1284529897,-1.352258212,1.942189319,-1.654181898,0.8265953003,-0.02372711049,0.04491374703,-0.05,0.05
19.052,-0.0004296531697,-0.02461731328,0.001331389699,0.008912761839,-0.01734559108,0.01488153095,0.07628301064,0.5106636372,-0.9938291622,0.8526489159,0.007780091401,0.4457664015,0.9335258675,-1.612231411,1.701929045,-0.6188132427,-0.03022409924,-0.05,0.05,-0.05
19.064,0.0009662307141,0.05536094196,0.002539069869,-0.01559844567,0.02883443006,-0.01120203618,0.1454779874,-0.8937251037,1.652091147,-0.6418293949,0.004573018079,0.2620146356,1.823281917,-2.778865184,2.253315445,-0.660257397,-0.05,0.05,-0.05,0.05
19.076,-0.0005168655146,-0.02961421256,-0.003621542324,0.009068099193,0.00617530035,-0.008376404877,-0.2074990905,0.519563812,0.3538186473,-0.4799326469,0.003245452342,0.1859507218,0.4400267984,-1.797179648,7.600647797,-7.442761528,0.05,-0.05,-0.05,0.05
19.088,1.814978404e-05,0.001039906025,0.00122714419,0.002026219899,-0.0007716698966,0.0002528215596,0.07031018295,0.1160938486,-0.04421342825,0.01448560833,0.002734515752,0.1566762116,-1.984614149,0.9972940579,-0.7275462283,0.813405092,-0.02501255803,-0.04557413184,0.01770428395,-0.006375479402
19.1,0.00115821555,0.06636086278,0.002130845898,-0.005493635039,0.00943759774,-0.006855130934,0.1220884768,-0.3147621019,0.5407345193,-0.3927700705,-0.0007803223344,-0.04470917642,2.702733747,-5.422080138,9.425557135,-7.297355247,-0.04958134351,0.05,-0.05,0.05
19.112,0.001186137515,0.06796067352,0.0009762301031,0.000977347754,0.0008190855193,-0.006094266033,0.05593386474,0.05599790142,0.04693014332,-0.3491757229,-0.003321602656,-0.1903138134,1.420281491,-4.655293644,7.78251591,-5.127315797,-0.02289734376,-0.01684635694,-0.02580239733,0.05
19.124,0.003171825016,0.1817321868,-0.0002921004314,-0.004321261389,-0.001384579554,0.003076822421,-0.01673612191,-0.2475900398,-0.07933056482,0.176288939,-0.002921118953,-0.1673677875,-4.045778653,9.292272974,-14.33434441,9.380781119,0.01047198814,0.05,0.04479509459,-0.05
19.136,-0.001579677305,-0.09050884255,0.00895354294,-0.01288119997,0.007324150647,-0.002972803414,0.5130002222,-0.7380383931,0.4196429206,-0.1703290889,0.0004236902082,0.02427566075,1.571219086,-6.15776885,11.65309761,-7.977655308,-0.05,0.05,-0.05,0.05
19.148,-0.0003324756465,-0.01904945134,0.00331805326,-0.002966019369,-0.00958176024,0.01068086333,0.190110448,-0.1699403918,-0.5489944221,0.6119683904,0.001451136981,0.08314402449,-0.1081403944,2.578996736,-9.07470678,7.970810615,-0.05,0.05,0.05,-0.05
19.16,-0.0005790431777,-0.03317673024,0.007378728124,-0.02141978818,0.01621298094,-0.0007604268289,0.4227699797,-1.227263461,0.9289353813,-0.04356924792,0.001411494059,0.08087265238,5.489322561,-12.46240472,17.31893424,-10.20333759,-0.05,0.05,-0.05,0.02693272782
19.172,0.001248815481,0.07155185645,-0.005309379338,0.002343202988,0.006126584682,-0.008164754085,-0.3042050279,0.1342556418,0.3510274451,-0.4678059498,-0.005004345753,-0.2867278909,-0.245277973,4.624800616,-6.370766945,2.289917081,0.05,-0.05,-0.05,0.05
19.184,-0.003104667433,-0.1778843407,0.003132918306,0.01461765386,-0.0293975404,0.008999143554,0.1795029965,0.8375298724,-1.684354993,0.5156129448,-0.002647824687,-0.1517091794,-4.708975987,8.278538153,-7.586102047,2.498219846,-0.05,-0.05,0.05,-0.05
19.196,-0.000941602705,-0.05394986098,0.004507392648,0.006461416093,-0.03126163649,0.01630867869,0.2582545753,0.3702118718,-1.791159832,0.9344184585,-0.00398414906,-0.2282749261,4.171385215,-5.324594565,-0.05115258,2.894523491,-0.05,-0.05,0.05,-0.05
19.208,0.01071316816,0.6138193206,-0.0227091518,0.03611868895,-0.0668805644,0.04060776137,-1.301138554,2.069448438,-3.831974072,2.326653342,-0.01286326588,-0.7370108458,-3.626586709,7.43339362,-9.076324953,4.730995638,0.05,-0.05,0.05,-0.05
19.22,0.007050805542,0.4039813997,0.001368114438,-0.04198184591,0.06779149598,-0.04967799234,0.07838718319,-2.405382587,3.884166606,-2.846339296,-0.02250022783,-1.289168093,-4.017702966,9.232612247,-13.35174812,8.05113011,-0.02608081467,0.05,-0.05,0.05
19.232,0.0005986044668,0.03429750954,-0.002016675555,0.03683120422,-0.09928888123,0.06133422302,-0.1155469979,2.110272556,-5.688833847,3.514192119,-0.003140129545,-0.17991617,7.840863344,-14.17176358,17.18209772,-10.00550993,0.03652599886,-0.05,0.05,-0.05
19.244,-0.001650522472,-0.09456797163,0.01686873112,-0.03824296299,0.05002405825,-0.04709217136,0.9665070989,-2.191160376,2.866167412,-2.698182667,-0.01844234497,-1.056668531,-7.510124121,16.36351354,-21.13823062,11.60030209,-0.05,0.05,-0.05,0.05
19.256,-0.004403969112,-0.2523288432,0.01387212644,-0.009231477732,-0.001545606509,-0.01563447153,0.7948142976,-0.5289247127,-0.08855672973,-0.8957892334,-0.01253942933,-0.7184563782,9.165044348,-22.16861196,33.02531526,-20.51204033,-0.05,0.05,0.0009780279255,0.05
19.268,0.003196256814,0.1831320257,-0.01012511274,0.02809914448,-0.05463925129,0.02328395093,-0.5801262272,1.609962386,-3.130598495,1.334072119,-0.01338126862,-0.7666902166,-0.6928291671,0.9546878539,-2.772357325,3.072547635,0.05,-0.05,0.05,-0.05
19.28,0.006240642078,0.3575624525,-0.01502700673,0.02512001417,-0.06426941973,0.04518763973,-0.8609840642,1.439270794,-3.682366502,2.589061043,-0.008988772554,-0.5150187303,-8.111996874,21.84988596,-35.9814634,24.00725884,0.05,-0.05,0.05,-0.05
19.292,-0.0009960713015,-0.05707068167,0.02122143244,-0.08118085488,0.09523868999,-0.04432748812,1.215898514,-4.651320362,5.456774983,-2.539777986,-0.009048220565,-0.5184248505,0.7540416542,-9.185458668,19.32601511,-12.76612485,-0.05,0.05,-0.05,0.05
19.304,0.0111482688,0.6387487508,-0.04027781235,0.05226136383,-0.08443414756,0.06759704633,-2.307748656,2.994355579,-4.837720302,3.873025462,-0.00485354976,-0.2780879169,0.2571720269,1.80936416,-3.372420013,2.501531067,0.05,-0.05,0.05,-0.05
19.316,-0.001009640805,-0.05784815693,0.005573583559,-0.07258667771,0.1221944082,-0.06204748589,0.3193428147,-4.158910282,7.001223868,-3.555059071,-0.006866171864,-0.3934026692,-2.80938559,4.844191874,-5.283621648,3.179950938,-0.05,0.05,-0.05,0.05
19.328,-0.00445245652,-0.255106967,-0.02204421933,0.05131598807,-0.07855662204,0.06097191699,-1.26304073,2.940189538,-4.500962895,3.493433513,0.01168706369,0.6696194245,4.979754614,-7.67673028,10.7186762,-7.143396997,0.05,-0.05,0.05,-0.05
19.34,-0.01582878576,-0.9069226188,0.02072861219,-0.05208938266,0.08827155282,-0.04854277567,1.187661994,-2.984501784,5.057587428,-2.781296172,0.008368006687,0.4794514661,-5.109043837,11.75863499,-16.56961165,10.00916754,-0.05,0.05,-0.05,0.05
19.352,-0.009441496,-0.5409578731,-0.02853046624,0.0911697451,-0.128698073,0.08418199385,-1.634675303,5.223641613,-7.373856414,4.823272959,0.01812319972,1.038382855,3.668002547,-7.737402607,11.78051349,-7.575406245,0.05,-0.05,0.05,-0.05
19.364,-0.01741956941,-0.9980678078,0.02233045746,-0.05376753359,0.08636669342,-0.04344823823,1.279440967,-3.08065275,4.948447024,-2.489400678,0.01148137906,0.6578345634,-3.692063335,7.336239165,-12.18849649,8.601727094,-0.05,0.05,-0.05,0.05
19.376,-0.009999853831,-0.5729494203,-0.01260533038,0.04596326996,-0.09057508443,0.07828781708,-0.7222322303,2.633501382,-5.189570067,4.485561506,0.02107067223,1.20726059,5.135459708,-11.93055911,15.88831681,-8.953126519,0.05,-0.05,0.05,-0.05
19.388,-0.006302115912,-0.3610846438,0.004027396359,-0.05381235774,0.08528414366,-0.03147810767,0.2307528138,-3.083220984,4.886421491,-1.803562716,0.004021074616,0.2303906046,-7.145282333,13.63356044,-18.54934929,11.45481766,-0.05,0.05,-0.05,0.05
19.4,-0.001559085052,-0.08932899341,-0.03846667242,0.07437183562,-0.09323980126,0.06342066466,-2.203977982,4.261192296,-5.342247095,3.633736419,0.006086026606,0.3487036385,4.592347389,-9.231585673,15.63521483,-11.54223446,0.05,-0.05,0.05,-0.05
19.412,-0.01084028078,-0.6211023376,0.005143358249,-0.03997102393,0.1074676796,-0.08194772714,0.2946927202,-2.290170974,6.157444475,-4.695258906,-0.009307713207,-0.5332926837,-5.022468779,11.37956763,-14.60068864,7.391727956,-0.05,0.05,-0.05,0.05
19.424,-0.01441570649,-0.8259591404,0.007271807698,0.01440228946,-0.02857841356,0.01042117327,0.4166438905,0.8251904015,-1.637422482,0.5970892461,0.003516856868,0.2015010557,8.959065352,-18.38977304,22.81081943,-13.13666564,-0.05,-0.05,0.05,-0.05
19.436,-0.004825383527,-0.2764741106,-0.005649551428,0.02442552833,-0.05716082479,0.03393227024,-0.323695453,1.399479686,-3.275074014,1.944175874,-0.00445257765,-0.2551139073,-10.22246245,26.08669615,-41.76403742,26.64716993,0.05,-0.05,0.05,-0.05
19.448,-0.006048566148,-0.3465573124,0.0200237058,-0.05405607053,0.05319787569,-0.03182953286,1.147273833,-3.097184698,3.048013756,-1.823697897,-0.0126640219,-0.7255950063,2.16360125,-11.22573851,19.3251488,-12.31124728,-0.05,0.05,-0.05,0.05
19.46,0.005018526907,0.2875404112,-0.007965191638,-0.01536704221,0.005235017196,-0.003604038471,-0.4563718639,-0.8804666621,0.299944391,-0.2064961936,-0.02170125512,-1.243390329,4.82969296,-13.50249492,21.06559196,-13.3450713,0.05,0.05,-0.05,0.05
19.472,0.000688318171,0.03943772616,-0.004340779856,0.0003984016854,-0.0119429408,-0.00710884987,-0.2487083655,0.02282673513,-0.6842801028,-0.4073070947,-0.02299416884,-1.317468828,1.075095304,-0.3973767857,3.016131851,-4.120118162,0.05,-0.008367460294,0.05,0.05
19.484,-0.0008779335418,-0.05030188664,0.002553257127,-0.01554950713,0.00180104341,-0.008400000554,0.1462908574,-0.8909211319,0.1031921861,-0.4812845797,-0.01959520714,-1.122722668,-1.282825527,-2.848307468,4.840533434,-1.107166422,-0.05,0.05,-0.04446348847,0.05
19.496,7.029219572e-05,0.004027446147,-0.005626427961,-0.003610391787,-0.02364353974,0.02248800362,-0.3223705759,-0.2068602118,-1.35467504,1.288467697,-0.01039235587,-0.5954381304,2.758065075,-2.820575258,0.6159280379,1.232297321,0.05,0.05,0.05,-0.05
19.508,-0.004096365529,-0.2347044562,-0.009840306396,0.01088410298,-0.01861875133,0.0103341929,-0.5638080256,0.6236131645,-1.066775871,0.5921056376,-0.007240761849,-0.4148650944,2.114822966,-2.713537604,3.542515773,-2.054928225,0.05,-0.05,0.05,-0.05
19.52,-0.01092146181,-0.6257536678,0.008651346084,-0.02584256312,0.03789662031,-0.02372166993,0.4956856177,-1.480669799,2.171316402,-1.35915157,-0.003016266652,-0.1728193491,5.669031895,-14.59378393,22.78947307,-14.2303397,-0.05,0.05,-0.05,0.05
19.532,-0.009001054031,-0.5157224071,-0.00339169862,0.0008826349691,0.004229823506,-0.003115669196,-0.1943300163,0.05057125858,0.242351035,-0.1785146953,-0.001394909341,-0.07992241804,4.882030666,-13.24820457,21.16341382,-13.36857425,0.05,-0.006169764746,-0.05,0.05
19.544,-0.01132644933,-0.6489577434,0.01093260245,-0.0247428944,0.01790619475,-0.0007910363154,0.6263919798,-1.417663422,1.025949386,-0.04532304231,0.00330486649,0.1893549017,3.160430475,-13.04521321,22.54997874,-14.29890778,-0.05,0.05,-0.05,0.03170170672
19.556,-0.006752137909,-0.3868690049,0.000385494873,-0.02461761082,0.04225712397,-0.02296384156,0.02208722925,-1.410485202,2.421154858,-1.315731203,-0.00493883354,-0.2829743176,5.986740712,-17.19277,28.25500886,-18.31893697,-0.01446762792,0.05,-0.05,0.05
19.568,-0.005127881853,-0.293805988,-0.01732813038,0.04801829149,-0.08647774853,0.0585995194,-0.9928287376,2.751245442,-4.954810013,3.357505143,0.002811931979,0.1611118347,2.390311212,-1.473478593,-1.125299539,1.192602186,0.05,-0.05,0.05,-0.05
19.58,-0.007815322697,-0.4477850061,0.001761785015,-0.003519024733,0.001988542625,-0.006425919112,0.1009428457,-0.2016252652,0.1139350998,-0.3681780446,-0.006194616205,-0.3549253643,-7.02881599,16.91132706,-23.64425575,13.380531,-0.03173045433,0.05,-0.02010368201,0.05
19.592,-0.01079528167,-0.6185240786,0.01256404069,-0.02577910975,0.04848202555,-0.04713194273,0.7198665054,-1.477034189,2.777815447,-2.700461399,-0.01186498624,-0.6798136353,10.00834416,-24.90371683,36.24567379,-22.06117343,-0.05,0.05,-0.05,0.05
19.604,-9.558061134e-05,-0.005476365633,-0.02409765181,0.06768807752,-0.1164361361,0.06554427812,-1.380693745,3.878241165,-6.67129918,3.755410508,-0.007301432245,-0.4183412521,-4.449757734,13.37621715,-23.09624955,15.35219981,0.05,-0.05,0.05,-0.05
19.616,-0.007857342544,-0.4501925659,0.03008584889,-0.09029943584,0.1263247796,-0.08377992179,1.723792164,-5.173776566,7.23787672,-4.800235927,-0.01766872911,-1.012343608,1.778470975,-12.23315171,24.24179873,-16.43349794,-0.05,0.05,-0.05,0.05
19.628,0.01220630477,0.699369747,-0.05024640612,0.07461150179,-0.08567545832,0.03721100772,-2.878907006,4.274924155,-4.908842169,2.132033694,-0.02409935492,-1.380791326,-4.954068027,16.29996711,-25.80892841,15.90649435,0.05,-0.05,0.05,-0.05
19.64,-0.006528366081,-0.3740478236,0.01755673729,-0.0564900428,0.08854048215,-0.06761504402,1.005926949,-3.236641037,5.072995943,-3.874056654,-0.01800786739,-1.031774799,5.730856431,-10.36879974,10.14610295,-4.479273112,-0.05,0.05,-0.05,0.05
19.652,-0.00203183897,-0.1164157976,0.001132293156,0.009908991811,-0.06019914182,0.04309769213,0.06487561901,0.56774341,-3.449156757,2.469315866,-0.006060164729,-0.3472218621,3.804110016,-9.000692074,11.02596575,-5.710636858,-0.02871455945,-0.05,0.05,-0.05
19.664,0.01219106768,0.698496726,-0.03064245698,0.01180074846,-0.001959216032,-0.006883517203,-1.755683459,0.676133082,-0.1122548098,-0.394396484,-0.02768444175,-1.58620167,-8.516625921,20.74970353,-29.47075786,17.53809999,0.05,-0.05,0.05,0.05
19.676,0.0009110163729,0.05219739323,0.005470953123,-0.03838190097,0.03196428631,-0.0125331471,0.3134625239,-2.199120935,1.831418701,-0.7180964327,-0.01347980863,-0.7723361432,2.503519543,-0.9708095133,-4.452812318,4.707747486,-0.05,0.05,-0.05,0.05
19.688,-0.0007285769526,-0.04174438443,0.001760333901,-0.03070103991,0.04788231237,-0.03534761793,0.1008597031,-1.759040014,2.743454412,-2.025269323,-0.01640601157,-0.9399952218,-1.719934981,0.7643981771,6.217518506,-6.820851236,-0.03700741085,0.05,-0.05,0.05
19.7,-0.009746158898,-0.5584137713,0.01031368768,-0.01449809566,0.02718438677,-0.03061629754,0.5909307755,-0.8306796924,1.557550631,-1.754184633,-0.007616318744,-0.4363829194,8.983675774,-18.21267923,23.54421957,-13.16705785,-0.05,0.05,-0.05,0.05
19.712,-0.008435785716,-0.4833349184,0.005651094257,0.0006186912984,-0.01438097549,0.008347356261,0.3237838506,0.03544840022,-0.8239692007,0.4782682838,0.0002361663293,0.01353133393,3.420163466,-11.73215861,19.00361797,-11.38515825,-0.05,-0.001879049958,0.05,-0.05
19.724,0.0005115895255,0.02931192066,-0.02464939648,0.04088350009,-0.0488754359,0.02895700269,-1.412306386,2.342452007,-2.800356199,1.659114042,-0.0036843296,-0.2110965364,-0.258686229,4.420443847,-10.38692391,7.880647717,0.05,-0.05,0.05,-0.05
19.736,-0.006910553304,-0.3959455384,-0.002200599038,0.009222655434,-0.02190066429,0.01994211513,-0.1260850373,0.5284192322,-1.254815632,1.142599031,0.005063507229,0.2901175938,-0.5420009795,0.4808763952,1.120636316,-1.420154027,0.04895517982,-0.05,0.05,-0.05
19.748,-0.006923312159,-0.396676567,0.0008543926425,-0.01163543388,0.02960394083,-0.0193987699,0.04895309246,-0.6666612542,1.696180867,-1.111467643,-0.0005758703109,-0.03299493836,1.322694822,-2.036115148,2.59531411,-1.739290544,-0.02011933296,0.05,-0.05,0.05
19.76,-0.007906430936,-0.4530051237,0.0109414355,-0.02547020826,0.02871350868,-0.0122203796,0.6268980761,-1.459335437,1.645162863,-0.700176175,0.001964356326,0.112549327,-2.052568532,-1.158833518,7.763173899,-6.792435065,-0.05,0.05,-0.05,0.05
19.772,-0.006534032949,-0.3743725112,0.006637553679,-0.02296657953,0.04897723956,-0.03864645911,0.3803038121,-1.315888077,2.806189119,-2.214279,-0.005998245409,-0.3436741464,6.722337087,-13.59839107,17.17175137,-10.00837356,-0.05,0.05,-0.05,0.05
19.784,-0.006393188715,-0.366302731,0.007047607601,0.008114991836,-0.03856030912,0.02509412003,0.4037981712,0.464954783,-2.20934297,1.437787168,0.001696410344,0.09719715303,5.918909507,-13.00617776,16.74144105,-9.712366308,-0.05,-0.05,0.05,-0.05
19.796,0.004926161064,0.2822482382,-0.01683014332,0.0372916732,-0.07854145071,0.05152699518,-0.964296181,2.136655485,-4.500093643,2.952279355,-0.006552925664,-0.375454984,-3.647357845,9.493168828,-15.20553831,9.679611795,0.05,-0.05,0.05,-0.05
19.808,0.003353069619,0.1921167376,0.003754841997,-0.02302543292,0.008802688999,-0.001122272065,0.2151365992,-1.319260128,0.504356928,-0.06430145281,-0.01159017399,-0.6640680536,-4.903147112,11.51625737,-17.90046104,11.35676147,-0.05,0.05,-0.05,0.01333322397
19.82,0.001331754381,0.07630390538,0.0137530639,-0.04571948788,0.05017248777,-0.03404308875,0.7879925167,-2.619533697,2.874671797,-1.950525307,-0.01583702497,-0.9073946906,3.248217057,-9.181421506,15.13573582,-10.13162796,-0.05,0.05,-0.05,0.05
19.832,0.004127674595,0.2364983335,-0.00835465474,0.02844001821,-0.0619200854,0.02851849627,-0.4786864559,1.629493013,-3.54775956,1.633989475,-0.01331622565,-0.7629635287,4.463990712,-9.075300193,13.66791509,-9.21484476,0.05,-0.05,0.05,-0.05
19.844,0.003605454902,0.2065773491,-0.006937664804,0.02205195608,-0.03905339778,0.007255601208,-0.3974989129,1.263484014,-2.237594869,0.415715327,-0.01668350529,-0.9558944409,-2.566542726,9.33730376,-16.97807699,11.60781959,0.05,-0.05,0.05,-0.05
19.856,0.006224029344,0.356610613,-0.009023369359,0.01107072227,-0.0255861076,0.008216777833,-0.5170009813,0.634305662,-1.46597598,0.4707866911,-0.01532197686,-0.8778846078,-1.308186109,1.419611431,-1.895110552,1.919946269,0.05,-0.05,0.05,-0.05
19.868,0.003259642284,0.1867637456,0.0009863819022,-0.01575819003,0.01616107696,-0.01353896782,0.05651551999,-0.9028777814,0.9259615019,-0.775725715,-0.01214969899,-0.6961264745,-1.459743066,-3.623367225,14.7343214,-11.92377991,-0.02024065878,0.05,-0.05,0.05
19.88,-0.003283766701,-0.1881459729,0.004130810642,-0.005082793805,0.01700434111,-0.02218916668,0.2366780157,-0.2912226331,0.9742769788,-1.271345601,-0.006136808731,-0.35161324,2.708592265,-0.8227095282,-3.399211943,3.535938218,-0.05,0.05,-0.05,0.05
19.892,0.0001280865281,0.00733881747,-0.002417945249,-0.005971101526,0.01357478359,-0.00759808132,-0.1385380579,-0.3421189165,0.7777778075,-0.435337992,-0.002412344506,-0.1382171589,-5.051082703,8.877117341,-12.69335549,9.044780653,0.05,0.05,-0.05,0.05
19.904,-0.002605674095,-0.1492941284,0.01071358847,-0.04680806508,0.06971813299,-0.03054639372,0.6138434028,-2.681904576,3.994554776,-1.750179439,0.003077262666,0.1763141632,-0.7586413095,-4.025449807,10.86552345,-7.343063627,-0.05,0.05,-0.05,0.05
19.916,0.001148866267,0.06582518834,-0.02318965244,0.03573917005,-0.02681470888,0.02104316389,-1.328669213,2.047703607,-1.536369648,1.205684478,0.006777972613,0.3883492244,4.36066074,-10.11507026,17.61993342,-11.97914059,0.05,-0.05,0.05,-0.05
19.928,-0.005602243074,-0.320984884,-0.01397509621,0.04113285522,-0.03550975194,0.0220119694,-0.8007140311,2.356739003,-2.034558918,1.261192945,0.01365997646,0.7826589995,-1.254410063,7.394569558,-12.99711436,8.119621605,0.05,-0.05,0.05,-0.05
19.94,-0.007974333839,-0.4568956734,-0.003046536845,0.03209742182,-0.04789500667,0.03905345669,-0.1745537033,1.839046803,-2.744181742,2.237598244,0.02020933499,1.157909602,-2.163887138,4.553317177,-8.046215802,5.857554322,0.05,-0.05,0.05,-0.05
19.952,-0.0005324110315,-0.03050490507,-0.01744631451,0.03318574347,-0.02583101705,0.02046525576,-0.9996001894,1.901403041,-1.480008257,1.172572782,0.01037366768,0.5943673759,-2.952030122,9.594359194,-15.17738812,9.028086896,0.05,-0.05,0.05,-0.05
19.964,-0.003619736326,-0.2073956144,0.0007665432956,0.01471225042,-0.03623738786,0.03659863443,0.04391969565,0.8429498562,-2.076249385,2.096947289,0.01584004029,0.9075674557,-1.380687967,3.151050009,-7.040248612,5.342783194,-0.01548326454,-0.05,0.05,-0.05
19.976,0.007419158109,0.4250864472,-0.0188122562,0.01500365106,-0.01073376611,0.01635372147,-1.077862884,0.8596458832,-0.6149994962,0.9369992197,0.001811350226,0.1037827232,-0.5482191808,0.8152739151,0.718650049,-1.58049978,0.05,-0.05,0.05,-0.05
19.988,-0.004448109282,-0.2548578887,0.01505648222,-0.0158296049,0.01283985829,-0.004989855072,0.8626728853,-0.9069695519,0.7356696898,-0.285897636,0.00707688054,0.4054753871,2.525620879,-5.986675176,11.70723582,-9.465485335,-0.05,0.05,-0.05,0.05
20,-0.002205210708,-0.1263492665,0.008398940505,-0.009351065149,0.04437807579,-0.05223389834,0.4812238433,-0.535776567,2.542676446,-2.992781922,-0.00880794719,-0.5046582002,0.4334121356,-3.700450539,9.92778956,-8.557613942,-0.05,0.05,-0.05,0.05
20.012,-0.004240475277,-0.2429613365,0.02376503056,-0.007579575671,-0.01689425358,0.0005786461777,1.361635951,-0.4342776965,-0.9679694281,0.03315398382,-0.000130152508,-0.007457189404,6.552482859,-15.7639666,18.15076102,-8.899421451,-0.05,0.05,0.05,-0.003830794459
20.024,0.0104726062,0.6000361358,-0.003002466623,0.0183958389,-0.06576005602,0.04328071233,-0.1720286656,1.054003929,-3.76777367,2.479802151,-0.007085971415,-0.4059962558,-0.3005437319,-2.36075068,3.69796292,-1.646769217,0.05,-0.05,0.05,-0.05
20.036,0.01786236797,1.023438297,-0.02312448386,0.03245885878,-0.05549559128,0.03018058368,-1.324935328,1.859755616,-3.179663162,1.729220068,-0.01598063268,-0.9156228067,-4.29088906,16.69631549,-29.13328693,18.94736792,0.05,-0.05,0.05,-0.05
20.048,0.004805526298,0.2753363752,0.02711428141,-0.06954986228,0.07916887553,-0.04764165443,1.553533889,-3.984913575,4.536042437,-2.729665728,-0.01090835977,-0.6250029763,0.2295592042,-1.325182325,1.802524537,-0.784085657,-0.05,0.05,-0.05,0.05
20.06,0.01099012573,0.6296878206,-0.005442307837,-0.005598486408,0.01870614199,-0.02256882546,-0.3118212699,-0.3207696429,1.071782987,-1.293098447,-0.01490347771,-0.8539063731,4.677888276,-14.51370714,27.32657762,-18.94095336,0.05,0.05,-0.05,0.05
20.072,0.0009737425003,0.0557913356,0.01388912173,-0.00920014395,0.005924139298,-0.01403035356,0.7957880562,-0.5271294192,0.339428179,-0.8038800441,-0.003417236483,-0.1957932281,4.859945879,-11.87456569,17.33112366,-10.34859969,-0.05,0.05,-0.05,0.05
20.084,0.007434403532,0.4259599456,-0.0008216249276,-0.01187031381,0.03382973715,-0.02990805738,-0.04707564069,-0.6801188828,1.938301161,-1.713605461,-0.008770258969,-0.5024988241,-2.894275791,1.251040561,1.379039916,-0.4584873757,0.0209700242,0.05,-0.05,0.05
20.096,0.003498030379,0.2004223773,0.01406322442,-0.03858170124,0.04226536365,-0.01332983702,0.8057634054,-2.210568647,2.421626957,-0.7637434028,0.004417049811,0.253078312,0.4582907799,-5.460798416,11.81006041,-7.760731085,-0.05,0.05,-0.05,0.05
20.108,0.004212575674,0.241362807,-0.002276033856,-0.001278982948,0.009254658268,0.0008005287616,-0.130407134,-0.07328032497,0.5302528596,0.04586691942,0.006500170226,0.3724323201,0.09384707732,4.47697896,-7.212217141,3.780976004,0.04997889776,0.02366064589,-0.05,-0.02139260876
20.12,0.000256068124,0.01467162277,-0.007553339301,0.039467241,-0.04038805004,0.01804790952,-0.4327744632,2.261306339,-2.31406481,1.034069045,0.009573761186,0.54853611,-4.957957996,14.22149944,-22.42064242,13.99722131,0.05,-0.05,0.05,-0.05
20.132,0.000320234765,0.01834810049,-0.00547378911,0.02711990412,-0.01232333,-0.002325419166,-0.3136250139,1.553856047,-0.7060747984,-0.1332367038,0.006997365847,0.4009195307,-6.535088905,15.34094158,-22.17643967,13.57839979,0.05,-0.05,0.05,0.03758082186
20.144,-0.003223506223,-0.1846933018,0.007585916551,0.0137053295,-0.02745661131,0.02485711823,0.4346410021,0.7852575374,-1.573147948,1.424207966,0.01869175298,1.070958557,-4.531276662,10.75412364,-16.43551846,10.58433191,-0.05,-0.05,0.05,-0.05
20.156,0.006589314489,0.3775399101,-0.01783084245,0.01077188915,0.03688840526,-0.02655764074,-1.021632018,0.6171837857,2.113549935,-1.521640728,0.003271811221,0.1874609743,-5.25481405,12.98624364,-17.67331016,10.45349248,0.05,-0.05,-0.05,0.05
20.168,-0.00374693824,-0.2146837472,0.01113410672,-0.01753115917,0.03324918813,-0.006147247566,0.6379373237,-1.00446143,1.905038152,-0.3522113412,0.02070488811,1.186302704,-1.072964531,3.772032208,-8.548159022,6.816642503,-0.05,0.05,-0.05,0.05
20.18,0.002479339245,0.1420556747,0.0007241047673,-0.02644028011,0.05946108289,-0.01805856241,0.04148814709,-1.514916459,3.406869095,-1.03467941,0.01568634514,0.8987613724,-3.723885667,3.274274253,-0.1113143919,-0.9581146887,-0.01220641921,0.05,-0.05,0.05
20.192,-0.001582733877,-0.09068397122,0.004609936736,-0.01929363289,0.05574130238,-0.02363565438,0.2641299188,-1.105443736,3.193741371,-1.354223242,0.01742195184,0.9982043116,5.539228706,-9.470881804,11.73472262,-7.154203078,-0.05,0.05,-0.05,0.05
20.204,-0.005176611967,-0.2965980179,0.01785120353,-0.02621955377,0.04450589953,-0.01587568865,1.022798622,-1.502269772,2.550000206,-0.9096099564,0.02026186064,1.1609191,4.802416572,-16.67293434,28.00479879,-18.23259228,-0.05,0.05,-0.05,0.05
20.216,0.0008515346529,0.04878934172,0.0009495924794,0.01808344827,-0.03413490278,0.034126901,0.05440764133,1.036105265,-1.955785863,1.955327395,0.01902503897,1.090054438,4.505803643,-7.890346551,8.197162533,-4.316639989,-0.02539683819,-0.05,0.05,-0.05
20.228,0.004918602176,0.2818151458,-0.007273627213,0.03264171994,-0.0481715904,0.03386755376,-0.4167481411,1.870232789,-2.760028822,1.940467893,0.01106405609,0.6339237182,0.5844437566,2.160340312,-5.849685647,3.614461745,0.05,-0.05,0.05,-0.05
20.24,0.005974255295,0.3422996141,-0.005955464613,0.03283367369,-0.04882388106,0.02771555064,-0.3412229874,1.881230928,-2.797402324,1.587984079,0.005769878661,0.3305896956,-1.466378939,5.354967179,-8.530628676,4.722656329,0.05,-0.05,0.05,-0.05
20.252,0.005388075097,0.3087139628,-0.002072914905,0.02977120362,-0.04410211524,0.01877584835,-0.1187692754,1.705764318,-2.526865071,1.075776867,0.002372021817,0.135906839,0.1705481804,1.791720669,-4.475817715,2.91903315,0.04543357974,-0.05,0.05,-0.05
20.264,0.008353261517,0.4786066301,-0.005953179178,0.02671897068,-0.03395517745,0.01079581356,-0.3410920416,1.530884253,-1.94548836,0.6185545534,-0.002393572386,-0.1371415957,-2.162414141,7.594544701,-14.85489153,10.64505692,0.05,-0.05,0.05,-0.05
20.276,0.007746004687,0.4438133767,0.0053364253,-0.009807896439,0.008121287958,-0.004177439329,0.3057546474,-0.5619510719,0.4653155242,-0.2393496427,-0.0005276225104,-0.03023054302,0.5619735068,-7.553589318,15.00323259,-9.407596975,-0.05,0.05,-0.05,0.05
20.288,0.008504572505,0.4872761111,-0.00155453803,0.001592457863,-0.00609934491,0.008745313379,-0.08906846824,0.0912411146,-0.3494667211,0.5010695471,0.002683888302,0.1537754724,-2.250664311,7.061147972,-11.34453667,7.345464877,0.03645050098,-0.04209522096,0.05,-0.05
20.3,0.002454942188,0.1406578263,0.005547421856,0.007465733869,-0.0120061919,0.005798419718,0.3178438595,0.4277550416,-0.6879041236,0.3322249777,0.006805383547,0.3899197552,3.661093191,-4.483033896,3.456125001,-1.556645493,-0.05,-0.05,0.05,-0.05
20.312,0.00528658662,0.3028991013,0.0006285809298,-0.0002373398254,0.007556443414,-0.003688478522,0.03601503436,-0.0135985703,0.4329523158,-0.2113342521,0.004259205997,0.2440345277,-0.2189895827,-1.378316071,0.9852053966,0.8422692359,-0.01360979087,0.00659979223,-0.05,0.05
20.324,0.007235970052,0.4145905447,-0.007288440447,0.004228050599,0.007375392777,0.001340823629,-0.4175968769,0.2422494549,0.4225788784,0.07682353504,0.005655826558,0.3240549914,0.8256676124,-2.515695773,6.527747334,-5.112519685,0.05,-0.05,-0.05,-0.02438560016
20.336,0.000356398175,0.02042011125,0.006210814612,-0.002566339948,0.01178311202,-0.00559288955,0.3558534646,-0.1470404478,0.6751225885,-0.3204489665,0.009834697138,0.5634866388,0.1924243031,-2.394051799,6.585049741,-5.250337784,-0.05,0.05,-0.05,0.05
20.348,0.0007094480745,0.04064838045,0.005080644318,-0.001615753926,0.006529513745,0.0007595541743,0.2910994766,-0.09257588068,0.3741135799,0.0435192485,0.01075395831,0.6161564243,-1.811656378,0.8914284946,0.9561566692,-0.981186378,-0.05,0.03465515787,-0.05,-0.01572900546
20.36,0.001007606414,0.05773159495,0.01004455103,-0.01357598307,0.01014414746,0.004206721597,0.5755103814,-0.7778465326,0.5812168361,0.2410273931,0.01081943702,0.619908078,-0.9299192138,-0.05271031991,0.3352027253,-0.1128637919,-0.05,0.05,-0.05,-0.05
20.372,0.001825749078,0.1046077166,0.01010813256,-0.01020763216,0.002829559061,0.003346605421,0.5791533344,-0.5848542418,0.1621217921,0.1917463663,0.006076664878,0.348167251,0.8345464006,-0.6494300907,0.06366711023,-0.5642596596,-0.05,0.05,-0.05,-0.05
20.384,0.003466766014,0.1986310612,0.008943141879,-0.006687691272,-0.003448210267,0.0009546912088,0.5124042853,-0.3831764846,-0.1975678952,0.054699777,-0.0002380684519,-0.01364031753,2.505367591,-4.747789469,0.9106149942,2.216572046,-0.05,0.05,0.05,-0.02321977864
20.396,0.009349361837,0.5356789744,-0.00379045913,-0.004376162276,0.003604850929,-0.001553886302,-0.2171773106,-0.2507356289,0.206542744,-0.08903112695,-0.006115656779,-0.3504013224,2.158237025,-3.093495986,2.050608316,-0.3432101687,0.05,0.05,-0.05,0.03452870881
20.408,0.00715263498,0.4098157967,-0.00787432557,0.02190361198,-0.03684590768,0.01967433439,-0.4511656217,1.254984523,-2.111115003,1.127256325,-0.00314228688,-0.1800397763,-1.220188099,3.124335866,-2.183021796,-0.0250875733,0.05,-0.05,0.05,-0.05
20.42,0.004765995452,0.2730714246,-0.00768365141,0.02701309253,-0.03884277398,0.01739970173,-0.440240797,1.547736193,-2.225527014,0.9969294741,-0.002113631128,-0.1211021431,-1.541499868,5.701568499,-9.111081576,5.634666224,0.05,-0.05,0.05,-0.05
20.432,0.002552720979,0.1462601383,-0.007681813908,0.03391734637,-0.0485067066,0.02257408237,-0.4401355159,1.943320799,-2.779229566,1.293399646,0.0003029082207,0.01735536262,-1.50346496,5.252336705,-8.351688938,5.204379202,0.05,-0.05,0.05,-0.05
20.444,0.001708926811,0.09791429376,-0.009548683418,0.0389947729,-0.05363247991,0.02538737654,-0.5470992598,2.23423591,-3.072914743,1.454589528,0.001200986115,0.06881143565,-1.684056818,5.161474403,-8.078471208,5.077359836,0.05,-0.05,0.05,-0.05
20.456,0.0003253218006,0.01863956616,-0.007037446609,0.03345363639,-0.04777413085,0.0239841836,-0.4032159892,1.916752175,-2.737256067,1.374192495,0.002626242537,0.1504726133,-1.326929638,3.149622861,-5.621653385,4.078742219,0.05,-0.05,0.05,-0.05
20.468,0.00284438265,0.1629711212,-0.01186666031,0.02798894675,-0.03495099929,0.01904681623,-0.6799095524,1.603648522,-2.002544749,1.091302183,0.0002181033957,0.01249640407,-2.033685398,5.0075535,-7.640590251,4.958241184,0.05,-0.05,0.05,-0.05
20.48,0.001801232245,0.1032030056,-0.01146721836,0.02956557393,-0.04095843029,0.02490278188,-0.6570232149,1.693982605,-2.346745191,1.4268243,0.002042707166,0.1170384994,-0.5749104818,4.342255297,-8.541278219,5.715538498,0.05,-0.05,0.05,-0.05
20.492,0.0002677190337,0.01533917073,-0.007046738347,0.02559798329,-0.04653951594,0.03244153071,-0.4037483666,1.466656407,-2.666517844,1.858762791,0.00445325972,0.255152987,-1.993671933,4.900563773,-8.139825864,5.424904428,0.05,-0.05,0.05,-0.05
20.504,0.001792031825,0.1026758603,-0.009757683983,0.02585062587,-0.05062587912,0.03818353469,-0.5590741101,1.48113176,-2.900649208,2.187755385,0.003650597456,0.2091638269,-1.617080271,4.746831212,-8.003799009,5.28325005,0.05,-0.05,0.05,-0.05
20.516,-0.0001207374418,-0.006917745845,-0.00461404926,0.01283360319,-0.02817848168,0.02262850323,-0.2643655491,0.7353112985,-1.614508073,1.296517732,0.002669575474,0.1529554078,-1.655144735,2.911413056,-2.054218848,0.2524264377,0.05,-0.05,0.05,-0.05
20.528,-0.004742057763,-0.271699896,0.009508800192,-0.01230287493,0.01415096211,-0.01215185349,0.5448141192,-0.7049028091,0.8107904049,-0.6962499182,-0.0007949661135,-0.04554820316,5.216797593,-10.05116917,10.40052079,-4.914365123,-0.05,0.05,-0.05,0.05
20.54,0.004849003656,0.2778274443,-0.007138981315,-0.01893047737,0.04789008486,-0.03667247387,-0.4090334994,-1.084636458,2.743899743,-2.101177977,-0.0148518477,-0.850948191,-2.705852296,0.2661295093,5.627511101,-5.292034692,0.05,0.05,-0.05,0.05
20.552,-0.002607728037,-0.1494118106,0.008211324449,-0.01942171945,0.02765322643,-0.02451425424,0.4704742352,-1.112782555,1.584413165,-1.404563306,-0.00807142281,-0.4624584617,2.491849169,-3.759613351,2.59855317,-0.8096684506,-0.05,0.05,-0.05,0.05
20.564,-0.001543576315,-0.0884404082,0.01188826997,-0.03592905812,0.04383549881,-0.0293173265,0.6811476948,-2.058583392,2.511589075,-1.679759075,-0.00952261584,-0.5456056975,-0.01496511923,-4.643555713,9.210704379,-5.83092747,-0.05,0.05,-0.05,0.05
20.576,0.001737893855,0.09957398312,0.005016546495,-0.03921741503,0.05928437113,-0.03927819173,0.2874269419,-2.246992365,3.396744257,-2.250474613,-0.01419468913,-0.8132957787,2.463209906,-6.354620231,9.42357199,-5.730001074,-0.05,0.05,-0.05,0.05
20.588,-0.002528607594,-0.1448785432,0.003326209639,0.002947355639,-0.02970937048,0.02098057856,0.1905777741,0.1688710388,-1.70222154,1.202098603,-0.002455226644,-0.1406741245,7.029909363,-14.68143736,20.08357842,-12.06426104,-0.05,-0.05,0.05,-0.05
20.6,0.005074783396,0.2907636705,-0.02117422448,0.03474812086,-0.0576211202,0.03543964402,-1.213193697,1.990920671,-3.301446998,2.03054203,-0.008607579803,-0.4931779945,-7.507132757,20.06699872,-29.51949184,17.73013829,0.05,-0.05,0.05,-0.05
20.612,-0.003786283544,-0.2169380671,0.01000804894,-0.04602128846,0.08317219479,-0.06045175344,0.5734189655,-2.636825597,4.765415734,-3.463630336,-0.01329279817,-0.7616212329,-0.6950565504,-0.6933668048,3.270331332,-2.616690877,-0.05,0.05,-0.05,0.05
20.624,-0.00675565851,-0.3870707205,0.003586402275,0.01700155963,-0.05790161996,0.04142390505,0.205485714,0.9741176121,-3.317518451,2.37341493,0.004110246994,0.2354998055,7.61025493,-13.87232045,15.14227304,-7.524138737,-0.05,-0.05,0.05,-0.05
20.636,0.0005449467204,0.03122314714,-0.01483111167,0.02564040975,-0.04216770194,0.02430332414,-0.8497601042,1.469087264,-2.416031353,1.392477902,-0.007055079716,-0.4042262919,-6.914451931,14.35257628,-16.32222063,7.983526174,0.05,-0.05,0.05,-0.05
20.648,-0.004049728007,-0.232032323,-0.007342732953,0.0121414235,-0.007056195309,-0.00589747609,-0.4207076083,0.6956523235,-0.4042902106,-0.3379004897,-0.008154980857,-0.4672459851,-5.045418475,14.95269795,-24.19354969,15.36062479,0.05,-0.05,0.05,0.05
20.66,-0.005142244183,-0.2946288889,0.003322314924,-0.01834637496,0.02213016885,-0.0124405139,0.1903546233,-1.051169855,1.267965275,-0.7127889417,-0.005334405091,-0.3056388979,-4.673399803,8.419950858,-10.87335345,6.699545452,-0.05,0.05,-0.05,0.05
20.672,-0.0053197766,-0.3048007472,0.0004266052043,-0.01040996737,0.006777588106,0.0005671683325,0.02444267772,-0.5964471953,0.3883271938,0.03249635172,-0.00263860573,-0.1511809721,0.9225508512,1.977836796,-7.266271308,5.754281057,-0.01030786534,0.05,-0.05,-0.01823198437
20.684,-0.003674512828,-0.2105340768,-0.01196199632,0.02751387614,-0.04344644253,0.02263301967,-0.6853719038,1.576428981,-2.489297792,1.296776505,-0.005261543039,-0.3014642099,-5.52327932,15.59198281,-22.80992925,12.96173793,0.05,-0.05,0.05,-0.05
20.696,-0.004851638925,-0.2779784341,-0.0102063738,0.02731792877,-0.02680194163,-0.003226901331,-0.5847821426,1.565202024,-1.535638138,-0.1848878272,-0.01291728799,-0.7401060844,-5.043388923,15.02171699,-23.13251137,13.50512122,0.05,-0.05,0.05,0.05
20.708,-0.00803223449,-0.4602131364,0.01739623332,-0.03533788986,0.03610614968,-0.03107654347,0.9967307488,-2.024711946,2.068729991,-1.780554783,-0.01291205033,-0.7398059888,-2.107635249,3.125583752,-6.306270233,4.986246195,-0.05,0.05,-0.05,0.05
20.72,-0.0002435572253,-0.01395480108,0.004757435732,-0.04013637119,0.05395948187,-0.04015111021,0.2725809887,-2.299644674,3.091650576,-2.300489158,-0.0215705638,-1.235902267,3.837238598,-9.591729757,13.3914219,-7.858319392,-0.05,0.05,-0.05,0.05
20.732,-0.002083492555,-0.1193753301,0.001457308717,0.01018354307,-0.06638545699,0.04618609166,0.08349763893,0.5834740385,-3.803606506,2.646268124,-0.008558513542,-0.4903667048,6.50789489,-11.83938253,13.36748443,-7.223538037,-0.03856868666,-0.05,0.05,-0.05
20.744,0.008921057749,0.5111389578,-0.01885066155,-0.007577341659,0.0175737904,-0.02258940309,-1.080063348,-0.434149697,1.00690402,-1.294277459,-0.0314436159,-1.801586484,-9.683536247,20.57027369,-27.25039722,15.59158231,0.05,0.05,-0.05,0.05
20.756,0.002133126505,0.1222191459,-0.01093336698,0.009634429968,-0.01465178434,-0.01060875212,-0.6264357837,0.5520121752,-0.8394854049,-0.6078367226,-0.02655947347,-1.521745736,9.430962342,-22.34222717,34.25478534,-22.2282368,0.05,-0.05,0.05,0.05
20.768,0.0006820711269,0.0390797969,0.007131064055,-0.02706591249,0.005825428682,-0.009508130848,0.4085798738,-1.550762554,0.3337724773,-0.5447757687,-0.0236175506,-1.353185972,-7.84946407,21.14218633,-35.3506613,23.21289025,-0.05,0.05,-0.05,0.05
20.78,-0.0004922003543,-0.02820100298,-0.003361495417,0.04775055853,-0.1553394521,0.103326514,-0.1925995003,2.735905473,-8.900294998,5.920173162,-0.007623875026,-0.4368158625,7.423266969,-14.06979986,16.48260453,-9.103393517,0.05,-0.05,0.05,-0.05
20.792,-0.0006761181856,-0.03873871849,0.03561691541,-0.1320702572,0.1847423149,-0.1285580882,2.040698932,-7.567068336,10.58495494,-7.365835878,-0.04026911508,-2.307250339,-5.192242748,3.802531763,3.212331304,-4.764211972,-0.05,0.05,-0.05,0.05
20.804,0.01980764556,1.134894493,-0.06346101854,0.1044465535,-0.141267979,0.05960517495,-3.636048526,5.984346701,-8.094058977,3.415124962,-0.04067726907,-2.33063584,-0.9245871585,9.566014891,-19.34536617,13.15964465,0.05,-0.05,0.05,-0.05
20.816,-0.005723974781,-0.327959597,0.03876482779,-0.1057507684,0.1243344546,-0.08746530704,2.221061026,-6.05907271,7.123839494,-5.011392947,-0.0301167931,-1.725565137,9.052753935,-21.06459939,25.99745648,-13.22970835,-0.05,0.05,-0.05,0.05
20.828,0.007387463386,0.4232704733,0.0008489818892,-0.01325651427,-0.07600903204,0.07300988465,0.04864307913,-0.7595423185,-4.354996741,4.183158253,-0.01540667978,-0.8827377275,-10.27358773,22.62327269,-33.84054476,22.01844228,-0.008404013833,0.05,0.05,-0.05
20.84,0.008196783908,0.4696411235,-0.001419069129,-0.05842351189,0.05713599835,-0.02600467592,-0.08130667191,-3.347420656,3.273651564,-1.489958178,-0.02871125859,-1.645033942,6.573029318,-22.63881427,42.85331724,-29.3531471,0.02464649151,0.05,-0.05,0.05
20.852,0.006635401482,0.3801805003,-0.03065752104,0.04572462282,-0.08001702035,0.04374995842,-1.756546566,2.619827907,-4.584637555,2.506687971,-0.02119996015,-1.214668243,-3.428790508,22.25803634,-42.19095025,27.60186094,0.05,-0.05,0.05,-0.05
20.864,-0.01823973234,-1.045059683,0.04493575582,-0.05878327074,0.02475277957,-0.01556112119,2.574629158,-3.368033319,1.418229801,-0.8915865687,-0.004655856539,-0.2667609297,6.498943755,-20.99966029,37.07149625,-25.07016058,-0.05,0.05,-0.05,0.05
20.876,-0.0006586514311,-0.03773794717,-0.02452289249,0.06663710047,-0.09995300798,0.03755851018,-1.405058241,3.818024616,-5.726885507,2.151944118,-0.02028028982,-1.161975014,-6.325755444,12.53460029,-12.99297245,5.901731287,0.05,-0.05,0.05,-0.05
20.888,-0.009460586221,-0.5420516622,0.008463709381,-0.02474483984,0.07006851743,-0.08245713444,0.4849348266,-1.417774887,4.014630326,-4.724445794,-0.02866974746,-1.642655529,0.2930230156,1.449016736,-3.958516805,2.784445318,-0.05,0.05,-0.05,0.05
20.9,-0.01234778959,-0.7074762299,0.01368390743,0.01182975008,-0.05372664136,0.01894479316,0.7840301429,0.6777947525,-3.078309798,1.085456692,-0.009268190687,-0.5310282101,5.792130587,-15.04195858,19.0078445,-9.742200495,-0.05,-0.05,0.05,-0.05
20.912,0.002740603408,0.1570250086,-0.01395795601,0.02803867862,-0.08409701231,0.05459391731,-0.7997319701,1.606497948,-4.818403875,3.128001049,-0.01542237239,-0.8836368483,-5.099742479,9.696226069,-15.52210198,10.99682641,0.05,-0.05,0.05,-0.05
20.924,0.004122496889,0.2362016728,0.002705257841,-0.05057863263,0.04592375077,-0.02302538264,0.1549998568,-2.897942183,2.631237099,-1.319257247,-0.02497500666,-1.430962475,-4.826908272,8.168309322,-9.567405884,5.330306526,-0.05,0.05,-0.05,0.05
20.936,0.00497777076,0.2852052559,-0.00864864956,-0.03068193383,0.04818386958,-0.03936773324,-0.4955311183,-1.757945316,2.760732367,-2.255604963,-0.03051444704,-1.74834903,3.725116475,-5.865240747,7.070269509,-4.252231535,0.05,0.05,-0.05,0.05
20.948,-0.005539941066,-0.3174152418,0.005733299852,-0.009579301055,0.001818792152,-0.01831025437,0.3284938842,-0.5488535212,0.1042091141,-1.049100297,-0.02033746342,-1.16525082,-1.776926434,-0.339158523,8.514730331,-8.374506325,-0.05,0.05,-0.04852815768,0.05
20.96,-0.005526349668,-0.3166365121,0.003026145816,-0.0003123387358,-0.0229349786,0.006708461138,0.1733853835,-0.01789569134,-1.314077477,0.3843665102,-0.01351271038,-0.7742212747,0.5934936915,-2.041918665,-0.5799030834,2.983666615,-0.05,0.008913370853,0.05,-0.05
20.972,-0.0006363670771,-0.03646114774,-0.01315148848,0.0008135108957,0.00107606945,-0.002619632979,-0.7535247843,0.04661074091,0.06165423793,-0.1500939136,-0.01388154112,-0.795353719,-0.6072722113,4.169904569,-5.804361515,3.560667887,0.05,-0.02206714428,-0.01786916638,0.05
20.984,-0.008754903935,-0.5016190455,-0.005433582702,0.01139313633,-0.02307652198,0.01813195656,-0.3113213564,0.6527786273,-1.322187315,1.038884585,0.001014988211,0.05815454072,-0.4988497288,1.830822632,-1.710141096,1.003401306,0.05,-0.05,0.05,-0.05
20.996,-0.01327091703,-0.7603675363,0.00338317902,-0.01070019791,0.02519677089,-0.01437359126,0.1938418792,-0.6130761801,1.44366863,-0.8235461156,0.003506160746,0.200888213,-0.2195546486,-0.3347626756,1.884137406,-1.339777757,-0.05,0.05,-0.05,0.05
21.008,-0.01351864726,-0.7745614325,0.0007960279036,0.001869434557,-0.0006566571081,0.006832639711,0.04560903925,0.1071107102,-0.03762368088,0.3914814184,0.008841445063,0.5065774869,-1.749545269,3.785701554,-5.456135609,3.49384895,-0.01576306861,-0.0449132618,0.01990259199,-0.05
21.02,-0.01416846171,-0.8117930579,0.003805131792,0.004770079391,-0.01576096111,0.01852964034,0.2180179922,0.2733054171,-0.9030365527,1.061670187,0.01134389041,0.6499570438,2.510189772,-3.522749703,1.779546164,-0.08139725115,-0.05,-0.05,0.05,-0.05
21.032,-0.008883117921,-0.5089651658,0.001732525637,-0.019615248,0.03191079632,-0.01139524577,0.09926640689,-1.123870924,1.82835395,-0.6528994889,0.002632828192,0.1508499436,-1.04047046,-0.08064811466,1.514222581,-1.159141432,-0.03707509355,0.05,-0.05,0.05
21.044,-0.007229959207,-0.4142461486,-0.002911004877,0.0007882427659,-0.004489062461,0.008333122068,-0.1667882936,0.04516298372,-0.257204333,0.4774527247,0.001721297495,0.09862308176,-3.046595335,8.737291278,-14.1714035,8.656590879,0.05,-0.02607863213,0.05,-0.05
21.056,-0.007673976146,-0.4396864452,-0.0005443543183,0.003614255459,-0.0007482758486,-0.006184042317,-0.031189205,0.2070815839,-0.04287304803,-0.3543195251,-0.003862417025,-0.2213001943,3.767252287,-8.52355729,13.43185576,-9.415752924,0.008208542716,-0.05,0.003030212904,0.05
21.068,-0.004054263633,-0.2322921952,0.003826079,-0.01993477061,0.03003636286,-0.02482034818,0.2192181788,-1.142178222,1.720956824,-1.422101197,-0.01089267694,-0.6241044161,0.8737528932,-9.642523693,20.75850957,-14.7261095,-0.05,0.05,-0.05,0.05
21.08,-0.006780971729,-0.388521061,0.01191720883,-0.02163311726,0.02779631747,-0.0292030888,0.6828057696,-1.239486316,1.592611677,-1.673213737,-0.01112267976,-0.6372826069,8.272078931,-18.27311049,26.13321918,-16.44266626,-0.05,0.05,-0.05,0.05
21.092,-0.003332739058,-0.1909518822,0.005810954066,-0.004495121236,-0.004889320173,-0.01000779465,0.3329431429,-0.2575514752,-0.2801374106,-0.5734043959,-0.013581282,-0.7781501388,4.115864339,-11.85375682,18.43163082,-11.65908534,-0.05,0.05,0.05,0.05
21.104,0.002207640288,0.1264884712,0.001006458942,-0.02104008618,0.02445812536,-0.02265322111,0.05766584962,-1.205508138,1.401347358,-1.297933962,-0.01822872299,-1.044428893,6.1207296,-15.91114662,22.13275943,-12.3859456,-0.02826282632,0.05,-0.05,0.05
21.116,0.0002732812645,0.01565786307,0.01146417933,-0.03014431401,-0.0007341098152,0.0126954964,0.656849091,-1.727141969,-0.04206139411,0.7273983627,-0.006718748098,-0.3849559096,6.634123559,-16.20521695,22.12714215,-12.34877965,-0.05,0.05,-0.00597672622,-0.05
21.128,0.006259699528,0.3586543639,-0.01735142305,0.02412907976,-0.0524097673,0.03584187786,-0.9941633093,1.382494434,-3.002858471,2.053588331,-0.009790232727,-0.5609390157,-0.2925775742,0.9437150396,1.504521833,-2.237758958,0.05,-0.05,0.05,-0.05
21.14,0.00497790897,0.2852131748,-0.01957122925,0.01733048534,-0.003939856318,-0.009162586216,-1.121348836,0.9929636667,-0.2257371389,-0.5249775196,-0.01534318645,-0.8790998278,-6.178658633,19.12082279,-29.11563135,17.528887,0.05,-0.05,0.05,0.05
21.152,-0.00736515773,-0.4219924534,0.01975701514,-0.03970500019,0.04187910158,-0.02209964095,1.131993583,-2.274928937,2.399495771,-1.266216155,-0.0001685244196,-0.009655737988,-0.1641470724,1.047203068,-3.97183068,3.842729484,-0.05,0.05,-0.05,0.05
21.164,-0.004446772792,-0.2547813134,0.008410140154,-0.02159148964,0.02636511561,-0.01409776395,0.4818655359,-1.23710123,1.510609851,-0.8077423748,-0.0009139978228,-0.05236821773,0.6828744495,-4.447132039,9.454620999,-6.584843774,-0.05,0.05,-0.05,0.05
21.176,-0.005620930851,-0.3220556147,0.007352119033,-0.01940403378,0.03891804343,-0.02850653481,0.4212453911,-1.111769241,2.229839635,-1.633304133,-0.00164040613,-0.09398834791,1.616213213,-4.612142098,8.506407222,-5.867945578,-0.05,0.05,-0.05,0.05
21.188,-0.005642088246,-0.3232678442,0.004837982044,-0.01715572849,0.05035014303,-0.04125883993,0.2771959525,-0.9829508371,2.884850694,-2.363957396,-0.003226443351,-0.1848615868,1.263577061,-5.046178076,9.403220105,-6.27834873,-0.05,0.05,-0.05,0.05
21.2,-0.00792631943,-0.4541446504,0.01425181158,-0.02033203614,0.02055914636,-0.007162603323,0.8165686539,-1.16493986,1.177952317,-0.4103869407,0.007316318473,0.4191941701,2.222233427,-4.746519219,3.359873785,-0.08683603902,-0.05,0.05,-0.05,0.05
21.212,0.0007553436165,0.04327800131,-0.01237862439,0.01500393048,-0.00999707383,0.009601631845,-0.7092429335,0.8596618926,-0.5727901379,0.5501329811,0.002229864109,0.1277618023,-0.670042184,5.428301858,-11.50802862,8.110094485,0.05,-0.05,0.05,-0.05
21.224,-0.002260756519,-0.1295318071,0.002532849972,-0.004065895265,-0.007314774417,0.01664941693,0.1451216135,-0.2329586386,-0.4191057022,0.9539413215,0.007801597221,0.4469985942,1.78186615,-7.046430819,11.50354007,-7.016323689,-0.05,0.05,0.05,-0.05
21.236,-0.00180693141,-0.1035295437,0.0004022834022,-0.002216078245,0.0002795323955,0.007787818028,0.02304914111,-0.1269719305,0.0160160265,0.4462091046,0.00625355558,0.3583023417,6.18848458,-11.92738769,14.69192451,-8.206384432,-0.01503871943,0.05,-0.02084163721,-0.05
21.248,-0.003524196938,-0.2019216107,0.01015646402,-0.02863646065,0.053410507,-0.03417445122,0.5819225233,-1.640748335,3.060196633,-1.958051822,0.0007560591566,0.04331899873,6.61291404,-18.22338482,29.45562713,-19.17544881,-0.05,0.05,-0.05,0.05
21.26,-1.522127108e-05,-0.0008721145915,-0.01171175043,0.04564265803,-0.06546122639,0.03593176658,-0.6710338704,2.615131671,-3.750651994,2.058738575,0.004401447785,0.2521843818,2.558808772,-1.699013249,0.03304712258,-0.01046546262,0.05,-0.05,0.05,-0.05
21.272,0.001270851188,0.07281440944,-0.01099684233,0.04252931361,-0.05720620401,0.02606070108,-0.6300726537,2.436750176,-3.277674052,1.493168183,0.0003869683497,0.02217165324,-8.936085918,23.10176614,-35.0820588,21.52867661,0.05,-0.05,0.05,-0.05
21.284,-0.005539038533,-0.3173635305,0.02629270498,-0.05296743841,0.08784213544,-0.06542827077,1.506461028,-3.034810672,5.032983624,-3.748763776,-0.004260868751,-0.2441297965,2.534392976,-10.09967122,15.66146041,-9.087998617,-0.05,0.05,-0.05,0.05
21.296,0.002392647218,0.1370885875,0.0006397168866,0.01576488079,-0.05010231774,0.03934836343,0.03665307768,0.903261134,-2.87065135,2.254495155,0.005650643364,0.3237580163,4.549691089,-8.665017108,7.886495675,-2.498225704,-0.01862346259,-0.05,0.05,-0.05
21.308,0.01022553001,0.5858797129,-0.01799391804,0.02274834321,-0.03910548048,0.03488694975,-1.03097556,1.303384057,-2.240578987,1.998874981,0.000535894448,0.03070449013,-7.824920028,22.20645743,-35.03986882,22.33927846,0.05,-0.05,0.05,-0.05
21.32,0.001311368557,0.0751358837,0.008729891824,-0.03161598421,0.05123710903,-0.02591437627,0.5001859571,-1.811462461,2.935670102,-1.484784389,0.00243664037,0.1396092094,-0.8161436193,0.376399744,3.388158145,-3.817579511,-0.05,0.05,-0.05,0.05
21.332,-0.00450515442,-0.2581263343,0.01215824431,-0.0131522285,0.03479172645,-0.02793938497,0.6966160852,-0.7535671841,1.993419087,-1.600808841,0.005858357288,0.3356591475,6.028635222,-12.70775988,17.46990659,-10.50548713,-0.05,0.05,-0.05,0.05
21.344,-0.00156531594,-0.08968599698,0.009291639652,-0.003785557206,-0.00408838844,0.00938187972,0.5323717368,-0.216896451,-0.2342474026,0.5375421119,0.01079957373,0.6187699951,3.192094469,-13.35732265,21.6037996,-12.76207752,-0.05,0.05,0.05,-0.05
21.356,0.009424420873,0.5399795404,-0.02394922258,0.03499604747,-0.02938145062,0.02126927615,-1.372189377,2.00512582,-1.683433117,1.218639757,0.002934650418,0.1681430833,0.9234115806,2.230750618,-7.717471482,6.321296777,0.05,-0.05,0.05,-0.05
21.368,0.003346583702,0.1917451219,-0.002431577108,0.00977940915,-0.03039768137,0.03843185062,-0.1393191059,0.5603188704,-1.741658849,2.201982839,0.01538200129,0.8813237545,-0.1554835017,3.42675667,-8.598849061,6.655919967,0.05,-0.05,0.05,-0.05
21.38,0.004233136413,0.2425408506,-0.01260999485,0.01805721291,0.005690554946,-0.005239720771,-0.7224994845,1.034602089,0.3260447815,-0.300213886,0.005898052233,0.3379335003,1.103178796,-2.31876485,7.99212294,-7.610353159,0.05,-0.05,-0.05,0.05
21.392,-0.001758277235,-0.1007418648,0.008516146338,0.0002902292353,0.002080131596,0.001084358497,0.4879392429,0.01662891027,0.1191827613,0.06212916538,0.01197086567,0.6858800798,-2.664885039,3.293112033,-1.405723515,-0.6581496441,-0.05,-0.00967815521,-0.04435717159,-0.0231977373
21.404,0.00151815481,0.08698386327,0.007345999928,0.006557024836,-0.02615776612,0.02287603311,0.4208947922,0.3756898493,-1.4987296,1.310700149,0.01062129175,0.6085551902,1.743714698,-3.585391606,0.2486514297,2.122097111,-0.05,-0.05,0.05,-0.05
21.416,0.01104658091,0.6329224639,-0.00936427651,0.003754613279,0.009366724536,-0.00920769659,-0.5365335222,0.2151234946,0.5366737838,-0.5275621536,-0.005450635285,-0.3122983975,2.26456193,-8.630062954,17.66452701,-13.09511058,0.05,-0.05,-0.05,0.05
21.428,0.006041456545,0.3461499621,0.01025896875,-0.01940808637,0.02463563317,-0.01959585111,0.5877956115,-1.112001438,1.411517807,-1.122759564,-0.004109335556,-0.235447584,1.147103678,-7.912085691,17.79099317,-13.31758374,-0.05,0.05,-0.05,0.05
21.44,0.007101902914,0.4069090635,0.006408176467,-0.005737422064,-0.004490126687,0.0021188073,0.3671614659,-0.3287300696,-0.2572653086,0.1213987159,-0.001700564984,-0.09743519638,1.146740235,-0.06530953483,-5.56779744,6.05341233,-0.05,0.05,0.05,-0.05
21.452,0.007461840069,0.4275319433,0.002407731529,-0.01338913733,0.03151172591,-0.02471486305,0.1379528548,-0.7671410602,1.8054889,-1.416057344,-0.004184542939,-0.2397566496,1.128165546,-2.191605185,4.017453469,-2.703436596,-0.05,0.05,-0.05,0.05
21.464,0.003858233655,0.2210605048,0.00954271633,-0.0191178748,0.02971524032,-0.01709784618,0.5467573708,-1.095373539,1.702557857,-0.9796344249,0.003042235671,0.1743072643,-2.08634521,1.208087784,2.330050724,-2.335841549,-0.05,0.05,-0.05,0.05
21.476,0.003160722876,0.181096081,0.003047832015,0.002627197796,-0.003460884157,0.006880452502,0.1746279111,0.1505273456,-0.1982940556,0.3942208895,0.009094598156,0.5210820907,-3.10460828,8.832043921,-14.13305211,9.307838182,-0.05,-0.05,0.05,-0.05
21.488,0.001875733267,0.1074715997,0.001912673259,-0.004843047029,0.02602848038,-0.01321008641,0.1095881053,-0.2774861547,1.491322073,-0.7568821985,0.009888020197,0.566541825,4.684157696,-10.75006717,16.4684914,-10.19428337,-0.0467629694,0.05,-0.05,0.05
21.5,-0.0001837512555,-0.01052817142,-0.002255555071,0.0178258919,-0.01051206676,0.01201934908,-0.129233786,1.021348372,-0.6022970592,0.6886579747,0.01707761915,0.9784755012,-3.348848475,9.254685556,-15.05532327,10.03826392,0.05,-0.05,0.05,-0.05
21.512,0.002622809968,0.1502759416,-0.00665700475,0.01514986813,-0.008301529606,0.0173144056,-0.3814182764,0.868023504,-0.4756426099,0.9920423654,0.01750573937,1.003004983,2.242698389,-4.787037811,5.658184575,-2.801785792,0.05,-0.05,0.05,-0.05
21.524,0.003587697683,0.2055599354,-0.005730397035,0.008708458648,-0.003135350074,0.01776738608,-0.328327565,0.4989579266,-0.1796423266,1.017996235,0.01761009762,1.00898427,2.92029943,-7.532932642,11.80742473,-7.494055305,0.05,-0.05,0.05,-0.05
21.536,0.004714500338,0.2701209719,-0.01700297581,0.04820873426,-0.06952206587,0.06051816953,-0.9741987534,2.762157009,-3.983320957,3.467435698,0.02220186211,1.272072996,-1.822795431,9.068943163,-16.37753827,10.64067963,0.05,-0.05,0.05,-0.05
21.548,-0.00182736909,-0.1047005365,0.0113080191,-0.02675189131,0.05945293644,-0.02790732492,0.6479017692,-1.532770466,3.406402338,-1.598971935,0.01610173931,0.9225617055,-4.613759607,8.862049169,-9.448527795,4.226936877,-0.05,0.05,-0.05,0.05
21.56,-0.005562524129,-0.318709156,0.01398860069,-0.008968124232,0.03595784884,-0.02464987463,0.8014877806,-0.5138356687,2.060232979,-1.412333782,0.01632845066,0.9355513088,5.361538476,-12.78395903,18.05075824,-11.05523335,-0.05,0.05,-0.05,0.05
21.572,0.0001169981887,0.006703502424,0.007964495164,0.0006107445373,-0.003029183986,0.01025429068,0.4563319589,0.03499308435,-0.1735594577,0.587527578,0.0158003464,0.9052931635,2.707884311,-13.02271167,21.11723528,-12.65915934,-0.05,-0.0004136681503,0.0455248124,-0.05
21.584,0.01525581468,0.874093794,-0.03224759766,0.04589974707,-0.03790609066,0.02619495032,-1.847651245,2.629861788,-2.171859013,1.500860098,0.001941009068,0.1112116276,-2.131575814,7.930324831,-13.64273105,8.712866256,0.05,-0.05,0.05,-0.05
21.596,0.004253998507,0.2437361605,0.006738020238,-0.0009665154562,-0.02270035251,0.03189743157,0.3860601219,-0.05537725647,-1.300634392,1.827588206,0.01496858384,0.8576366795,-1.395688082,5.260850789,-9.950215478,6.574108373,-0.05,0.01600248925,0.05,-0.05
21.608,0.007599087245,0.4353956273,-0.01148402882,0.02634985947,-0.0167425397,0.004958576495,-0.6579863831,1.509735739,-0.9592768631,0.2841055055,0.003081867451,0.176577998,2.324738388,-1.704018282,1.812057878,-2.008717455,0.05,-0.05,0.05,-0.05
21.62,0.002964648957,0.169861873,0.001943544339,0.02429049583,-0.03772430373,0.0189801374,0.1113568879,1.391742893,-2.161443389,1.087481768,0.007489873841,0.4291381602,0.5135477233,-2.79215925,5.376273662,-3.844134482,-0.04327152318,-0.05,0.05,-0.05
21.632,0.007999708185,0.4583495164,-0.004318111427,0.01510948109,-0.01831226657,0.009191819381,-0.2474095602,0.8657094972,-1.049215588,0.5266524566,0.001670922478,0.09573680589,3.033628035,-7.747250388,11.00045849,-6.420105569,0.05,-0.05,0.05,-0.05
21.644,0.009750480428,0.5586613767,-0.01199685515,0.03792406985,-0.06177562595,0.04005565532,-0.6873691676,2.172889144,-3.539482644,2.295019995,0.004207244067,0.2410573284,-0.7264973942,4.130558155,-7.313196864,4.585105469,0.05,-0.05,0.05,-0.05
21.656,0.006282013172,0.3599328416,-0.003533995896,0.02932210984,-0.05554055668,0.03669499611,-0.2024830497,1.68003314,-3.182239489,2.102468406,0.006942553374,0.3977790074,-1.0815086,4.2281708,-7.06135296,4.445517897,0.05,-0.05,0.05,-0.05
21.668,0.007975708647,0.4569744441,-0.01065134425,0.03454437783,-0.0504329542,0.03123622527,-0.6102770716,1.979247055,-2.889595424,1.789703876,0.004696304643,0.2690784354,-0.7733574883,3.161757288,-5.582330982,3.80700496,0.05,-0.05,0.05,-0.05
21.68,0.0053813748,0.308330064,-0.004327623007,0.02450898061,-0.04006787187,0.02746133487,-0.2479545337,1.404261149,-2.295719952,1.573418588,0.007574820599,0.4340052509,-1.091804725,4.498197715,-7.748970469,5.046636525,0.05,-0.05,0.05,-0.05
21.692,0.007857362089,0.4501936858,-0.0169271278,0.04155280854,-0.04864613096,0.02972575622,-0.9698529823,2.380800556,-2.787217993,1.703160375,0.005705306008,0.3268899551,-2.39368524,6.256343413,-8.496441983,5.022477985,0.05,-0.05,0.05,-0.05
21.704,0.0003013014977,0.01726330418,0.004228949527,0.01685750652,-0.04149831956,0.0371500892,0.2423009597,0.9658639768,-2.377678568,2.12854332,0.01673822569,0.9590296884,-5.383750763,16.72001193,-28.69538546,19.01313608,-0.05,-0.05,0.05,-0.05
21.716,0.002882267312,0.1651417524,0.008196281544,-0.03800818482,0.07057252394,-0.03413843893,0.4696123402,-2.177708577,4.043507772,-1.95598847,0.006622181741,0.3794230649,-3.655600898,3.082401962,-0.3996871961,-0.2537835942,-0.05,0.05,-0.05,0.05
21.728,0.00124256481,0.07119371938,0.005949811485,-0.03267885362,0.06779966487,-0.03079748347,0.340899087,-1.872360392,3.884634649,-1.764565822,0.01027313927,0.5886075224,8.955690448,-22.98343653,35.23562823,-21.74843433,-0.05,0.05,-0.05,0.05
21.74,0.007462974002,0.4275969129,-0.03021495144,0.06573521336,-0.09329830653,0.07776111932,-1.731189196,3.766350291,-5.3455992,4.455383947,0.01998307471,1.144945842,-2.434853726,11.69977424,-21.8561347,14.81748373,0.05,-0.05,0.05,-0.05
21.752,-0.008464107888,-0.4849576593,0.0349698149,-0.08551915474,0.1230270764,-0.05110256145,2.003622804,-4.899886634,7.048932245,-2.927961093,0.02137517513,1.224707322,1.305827797,-7.051790096,13.95681718,-9.643934853,-0.05,0.05,-0.05,0.05
21.764,0.006655431661,0.381328145,-0.03755306685,0.08282247041,-0.1100098533,0.08716286297,-2.151632238,4.745378004,-6.303100301,4.994064179,0.0224224132,1.284709643,-1.662112022,5.68316751,-7.841206054,4.361672322,0.05,-0.05,0.05,-0.05
21.776,-0.008888757001,-0.5092882612,0.02783682449,-0.08163257648,0.1484671021,-0.07805145517,1.594932558,-4.677202103,8.506538347,-4.472018966,0.01661989494,0.9522498362,0.9518120559,-3.742152543,6.336350343,-4.142952298,-0.05,0.05,-0.05,0.05
21.788,-4.220605523e-05,-0.002418228835,-0.029875343,0.09480800005,-0.1413758166,0.1073017729,-1.711731065,5.432098267,-8.100237618,6.147938723,0.03085861337,1.768068308,0.4237871493,5.245934631,-12.08194047,8.24411586,0.05,-0.05,0.05,-0.05
21.8,-0.01492213872,-0.8549755702,0.03975344122,-0.08095613418,0.126341216,-0.06177957699,2.277704403,-4.638444814,7.238818457,-3.539709022,0.02335894608,1.338369024,0.388288431,-7.292058115,16.8006722,-12.40424323,-0.05,0.05,-0.05,0.05
21.812,0.003325621646,0.1905440846,-0.04086613932,0.09119314815,-0.08691850139,0.05104255983,-2.341457308,5.22498251,-4.980063291,2.924523254,0.01445106727,0.8279851641,-2.321492733,6.712898963,-7.70962543,3.21791321,0.05,-0.05,0.05,-0.05
21.824,-0.01102172086,-0.6314980883,0.0162404209,-0.04059840381,0.1181935257,-0.08508953465,0.9305075751,-2.326117194,6.771990187,-4.875271216,0.008746008114,0.5011093525,0.1029019208,0.7388532843,-2.949033396,2.198173766,-0.05,0.05,-0.05,0.05
21.836,-0.01063664768,-0.6094350204,0.001313391348,0.06216080307,-0.1130838491,0.07909156424,0.0752517811,3.561551667,-6.479227287,4.531612826,0.02948190951,1.689188987,6.02426981,-8.836383037,5.328469306,-1.015695417,-0.03491887947,-0.05,0.05,-0.05
21.848,-0.002629825612,-0.1506779084,0.01451023536,-0.05023578331,0.09434855649,-0.05609856969,0.8313752458,-2.878298364,5.40577409,-3.21421128,0.002524438846,0.1446396915,-6.859077664,9.743594953,-9.436410914,4.500087663,-0.05,0.05,-0.05,0.05
21.86,0.003809711101,0.2182803673,-0.02110144335,0.04427519393,-0.03760259125,0.0155198618,-1.209023645,2.536781749,-2.154469777,0.8892225797,0.001091021134,0.06251090636,5.871427934,-13.61919456,21.45918945,-14.4141935,0.05,-0.05,0.05,-0.05
21.872,0.0002434305888,0.01394754534,-0.009517984567,0.04232270502,-0.05422827207,0.02337283511,-0.5453403452,2.424912375,-3.10705112,1.339164807,0.001949283486,0.1116857168,-4.768651747,18.49398953,-34.84745346,23.2266233,0.05,-0.05,0.05,-0.05
21.884,-0.005669356214,-0.3248301836,0.03187466118,-0.05949763137,0.08215788531,-0.05947332452,1.826283559,-3.408963169,4.707300082,-3.407570489,-0.004938409395,-0.2829500158,-0.4340316812,-6.417951033,15.33471427,-11.31048888,-0.05,0.05,-0.05,0.05
21.896,0.008528226604,0.4886313912,-0.02113108417,0.05028472971,-0.06326976053,0.02168386198,-1.210721939,2.881102786,-3.625090249,1.242393775,-0.01243225301,-0.7123156273,2.606382718,-5.230236032,6.95165103,-4.292737603,0.05,-0.05,0.05,-0.05
21.908,0.005737835868,0.3287537788,-0.003026950203,0.02222572804,-0.06361195873,0.03920864731,-0.1734314714,1.273440414,-3.644696762,2.246490011,-0.005204533576,-0.2981978082,-7.376515951,21.76208655,-37.9089667,25.40608228,0.05,-0.05,0.05,-0.05
21.92,0.002476397599,0.1418871308,0.02134066273,-0.0524522054,0.05048042101,-0.02995811111,1.222729906,-3.005289996,2.892315072,-1.716473329,-0.01058923278,-0.6067183465,-0.6432071439,-7.409124799,21.19370098,-16.53821492,-0.05,0.05,-0.05,0.05
21.932,0.008251934072,0.4728009951,-0.0168508607,0.03267408266,-0.03468910998,0.001818350013,-0.9654831996,1.872087036,-1.987539597,0.1041837814,-0.01704753801,-0.9767519792,4.122317265,-8.122363991,12.63873532,-8.574233716,0.05,-0.05,0.05,-0.03142946658
21.944,0.0006625923338,0.03796374426,0.001963471847,0.02045772526,-0.04395480646,0.01384772009,0.11249865,1.172141316,-2.5184249,0.7934159168,-0.007685889267,-0.4403690168,1.951155012,-2.666120589,0.7190013496,0.9705155755,-0.04514753565,-0.05,0.05,-0.05
21.956,0.006485190207,0.3715740282,-0.00450918053,-0.01125413322,0.0173761917,-0.01372342869,-0.2583570135,-0.6448143357,0.9955824485,-0.7862945446,-0.01211055075,-0.6938834453,2.857323518,-10.54863663,16.95789055,-9.640524139,0.05,0.05,-0.05,0.05
21.968,0.00192089705,0.1100592938,-0.004927609716,-0.002386367781,0.01795360096,-0.01765042121,-0.2823312398,-0.1367288022,1.028665562,-1.011294642,-0.007010797751,-0.4016891221,-2.236939939,5.244920598,-2.523868469,-0.8083430551,0.05,0.04725517058,-0.05,0.05
21.98,-0.01033655472,-0.59224096,0.01356873486,0.00323660261,-0.009762042816,0.001344456229,0.7774312406,0.1854436695,-0.5593238528,0.07703166768,0.00838775088,0.480582725,1.243097504,-0.6152104087,-4.175119609,5.144172152,-0.05,-0.05,0.05,-0.0347222092
21.992,0.0007172009341,0.04109258659,-0.01599614931,0.01942386505,-0.007742652293,0.007247409027,-0.916511844,1.112905489,-0.4436212986,0.4152459497,0.002932472471,0.1680182961,-2.928070901,6.232091712,-10.3616715,7.852029728,0.05,-0.05,0.05,-0.05
22.004,-0.00679720732,-0.3894512919,0.007421037029,-0.01332522068,0.01058080245,0.008929126413,0.4251941014,-0.7634789063,0.606235324,0.5116012582,0.0136057452,0.7795517773,1.336461704,-6.225508915,12.47044962,-8.690013292,-0.05,0.05,-0.05,-0.05
22.016,-0.007344849331,-0.4208288678,0.004435290205,-0.006171690482,0.01821521147,-0.007759990714,0.2541234097,-0.3536118171,1.04365474,-0.444614717,0.008718820475,0.4995516156,5.305062422,-6.456177008,1.763625281,1.274550596,-0.05,0.05,-0.05,0.05
22.028,-0.001874341422,-0.1073918529,-0.009479692268,0.01373591285,-0.0001492561858,-0.003235006058,-0.543146358,0.7870098338,-0.008551749511,-0.1853521938,0.0008719583343,0.04995953247,-0.5113949198,1.6328113,-0.4426024757,-1.461971896,0.05,-0.05,0.003726238562,0.05
22.04,-0.0008273940029,-0.04740618436,-0.007253327004,0.01226882646,-0.001853499585,-0.007896358073,-0.4155850248,0.7029519755,-0.1061977035,-0.4524279911,-0.004734358207,-0.2712587439,-3.441455728,6.456884022,-6.091672404,1.760873027,0.05,-0.05,0.04686866327,0.05
22.052,0.001548420926,0.08871798398,0.001037909987,-0.01037344287,0.001134894208,0.003372335686,0.05946786177,-0.5943544956,0.06502464833,0.1932206019,-0.00482830299,-0.2766413836,-3.728064674,5.003365496,-5.88841787,3.574779988,-0.01910595504,0.05,-0.01907925471,-0.05
22.064,-3.592961163e-05,-0.002058615106,0.008359970654,-0.01995945814,0.01090868827,-0.006486205075,0.4789910354,-1.143592713,0.6250217981,-0.3716321758,-0.007177004285,-0.4112120551,2.398253773,-6.887705216,11.87019479,-8.332714292,-0.05,0.05,-0.05,0.05
22.076,0.001016151262,0.05822117868,0.003795284985,-0.01536557314,0.020878887,-0.02250284088,0.2174538117,-0.8803824907,1.196272106,-1.289317809,-0.01319424203,-0.7559743824,-0.991870882,1.665219121,-1.064410998,0.07298876584,-0.05,0.05,-0.05,0.05
22.088,-0.001145394142,-0.06562625022,0.008412777767,-0.01985465388,0.01585409197,-0.01208691729,0.4820166601,-1.137587871,0.9083725582,-0.6925293483,-0.007674701428,-0.4397280009,-3.005784896,7.055550713,-11.45602136,7.952117487,-0.05,0.05,-0.05,0.05
22.1,-0.003645225498,-0.2088560364,0.0160409024,-0.05053295014,0.07438498225,-0.04772366767,0.9190760069,-2.895324769,4.261945542,-2.734364741,-0.007830733164,-0.4486679608,-0.654112764,-3.876220037,11.73502877,-8.728897639,-0.05,0.05,-0.05,0.05
22.112,-0.0003425771199,-0.01962822313,-0.02204597409,0.04930736537,-0.05019391843,0.01963679639,-1.263141271,2.825103935,-2.875899683,1.125105556,-0.003295730756,-0.1888314627,3.969660991,-8.110632926,13.54098731,-9.18614307,0.05,-0.05,0.05,-0.05
22.124,-0.008226706652,-0.4713555704,0.001342552323,0.01987561075,-0.03669108721,0.02283921996,0.07692258191,1.138788611,-2.102244443,1.308590911,0.007366295816,0.4220576609,-3.245707867,7.233672432,-11.665145,8.072730959,-0.02629044325,-0.05,0.05,-0.05
22.136,-0.004462023988,-0.2556551426,-0.001081903856,-0.009719227676,0.02289297184,-0.01020006303,-0.06198852478,-0.556870726,1.311670667,-0.5844205626,0.001891777274,0.1083908536,3.126896586,-7.97866668,11.1269886,-6.257170234,0.02067498824,0.05,-0.05,0.05
22.148,-0.005492990205,-0.3147251556,0.007821400254,-0.03191061071,0.0435364587,-0.01602415762,0.4481332244,-1.828343315,2.494455338,-0.9181166021,0.003423090619,0.1961286454,-2.054859017,0.03714316005,4.003756209,-3.399441773,-0.05,0.05,-0.05,0.05
22.16,-0.006579070137,-0.376952952,0.006201666846,-0.02579399156,0.04390155083,-0.02186649226,0.3553293362,-1.477886853,2.515373577,-1.252857719,0.002442733856,0.1399583404,4.618553283,-10.6014945,17.76246825,-12.49079085,-0.05,0.05,-0.05,0.05
22.172,-0.01045962396,-0.5992923082,0.005415595615,0.01297986382,-0.02293148354,0.01054703563,0.3102907723,0.7436914158,-1.313877225,0.6043006282,0.006011011535,0.3444055916,6.39859593,-13.17925978,18.84522498,-12.3322148,-0.05,-0.05,0.05,-0.05
22.184,-0.001795965372,-0.102901236,-0.02005166091,0.05462348446,-0.06508737271,0.02595969317,-1.148875542,3.129695122,-3.729231756,1.487380856,-0.004555855991,-0.2610313203,-4.387431464,13.51483063,-23.46111159,15.45534102,0.05,-0.05,0.05,-0.05
22.196,-0.006760093909,-0.3873248501,0.02208621748,-0.05722174323,0.07297477671,-0.04320757533,1.265447047,-3.278564384,4.181146716,-2.475611709,-0.005368324372,-0.3075823296,-0.5914203696,-0.8595170824,-1.788111228,3.296117682,-0.05,0.05,-0.05,0.05
22.208,-0.0006576286276,-0.03767934485,0.006060677195,-0.02284136814,-0.004751815769,0.02196415178,0.3472512243,-1.308713993,-0.2722589886,1.258453197,0.0004316450589,0.02473144012,6.990627395,-18.456756,26.91347296,-15.80407356,-0.05,0.05,0.05,-0.05
22.22,0.01102860782,0.631892682,-0.03661091868,0.03661983645,-0.04868100563,0.03944174602,-2.097651125,2.098162075,-2.789216165,2.259845584,-0.009230341845,-0.5288596312,-7.302671142,24.36919856,-39.81835095,25.22662584,0.05,-0.05,0.05,-0.05
22.232,-0.007975844461,-0.4569822257,0.02442687923,-0.07800843224,0.1058199818,-0.05252351475,1.399557087,-4.469553934,6.063038344,-3.00937572,-0.0002850859705,-0.01633422291,6.274305673,-16.03320771,24.15650103,-14.76030113,-0.05,0.05,-0.05,0.05
22.244,0.001296589144,0.07428908573,-0.02513111141,0.05232502841,-0.09592355376,0.07636305269,-1.439906618,2.998003291,-5.496014786,4.37528063,0.007633415936,0.4373625164,-3.236728156,12.08494245,-18.83882062,11.20903697,0.05,-0.05,0.05,-0.05
22.256,-0.01131191641,-0.6481250685,0.02679764653,-0.08199052322,0.1253959402,-0.06931298378,1.535392047,-4.697710941,7.184658143,-3.971341436,0.0008900797549,0.05099781338,-0.108645591,-3.717508973,8.951517483,-6.39298882,-0.05,0.05,-0.05,0.05
22.268,-0.001917673908,-0.1098746214,-0.03001379085,0.07942271236,-0.1301814099,0.0933484417,-1.719663543,4.550586216,-7.458845361,5.348471733,0.01257595326,0.7205490453,1.32801696,2.381279366,-7.965314904,6.117180751,0.05,-0.05,0.05,-0.05
22.28,-0.015189216,-0.8702779709,0.03484727152,-0.09245931874,0.1343825002,-0.07086293278,1.996601586,-5.29752874,7.6995501,-4.060146972,0.005907520159,0.3384759725,-1.179561996,-2.588488053,8.467805925,-6.372096164,-0.05,0.05,-0.05,0.05
22.292,0.000536588996,0.03074428481,-0.0464151689,0.1100545199,-0.1567918696,0.104232075,-2.659393284,6.305659508,-8.983512389,5.972057989,0.01107955647,0.6348118243,-1.686790892,7.870430473,-12.89224221,7.811983792,0.05,-0.05,0.05,-0.05
22.304,-0.02082398551,-1.193126482,0.03848138676,-0.08946210295,0.1517199486,-0.0944148222,2.204821051,-5.125800925,8.692912722,-5.409570835,0.006324410202,0.3623620125,4.996515004,-17.55478351,30.59530939,-20.16331585,-0.05,0.05,-0.05,0.05
22.316,-0.001424324661,-0.08160779171,-0.0384812565,0.062711235,-0.03438016448,0.007210443588,-2.204813588,3.593089094,-1.969838323,0.413127986,-0.002939742393,-0.168434832,-11.67150173,32.82267433,-50.3211139,30.85322188,0.05,-0.05,0.05,-0.05
22.328,-0.01152929203,-0.6605797742,-0.01105798169,0.02094607218,0.02766281863,-0.03815062176,-0.6335756809,1.200121533,1.584962757,-2.185869613,-0.0005997126446,-0.03436100346,10.32718893,-26.69728174,42.16300134,-27.18660416,0.05,-0.05,-0.05,0.05
22.34,-0.01258077161,-0.7208251161,0.002422563384,0.01638796173,-0.02542455313,0.01593599506,0.1388026575,0.9389610417,-1.45671959,0.9130652592,0.009321967041,0.5341093682,-8.342941395,24.02249559,-41.67302855,27.77996028,-0.04495345306,-0.05,0.05,-0.05
22.352,-0.01129601669,-0.6472140815,0.02416760422,-0.06934963212,0.09605387523,-0.04840477703,1.384701723,-3.973441231,5.503481657,-2.773389432,0.002467070307,0.1413527164,2.261504667,-12.74457079,21.55741462,-12.95588622,-0.05,0.05,-0.05,0.05
22.364,0.001439653865,0.08248609041,-0.01912297868,0.02087379555,-0.05390756745,0.05888635137,-1.09566597,1.195980387,-3.088676099,3.373939404,0.00672960079,0.3855777231,1.776839683,-1.826837952,-0.727469078,1.970080783,0.05,-0.05,0.05,-0.05
22.376,0.00157665319,0.09033557354,-0.02175116815,0.01279507406,-0.01628189258,0.02658764507,-1.246250135,0.7331037421,-0.9328837275,1.52335985,0.001349658387,0.07732972938,-6.144568294,18.37702426,-27.62335796,16.42218424,0.05,-0.05,0.05,-0.05
22.388,-0.007586177157,-0.4346559338,-0.006378256495,0.01524969387,-0.02890028515,0.0285136279,-0.3654471778,0.8737430977,-1.655864366,1.633710537,0.00848478013,0.4861420916,-3.720799852,14.48056629,-24.87562305,15.60790825,0.05,-0.05,0.05,-0.05
22.4,-0.005678532781,-0.3253559622,-0.01206402489,0.02430443815,-0.03010604753,0.02040154558,-0.6912177104,1.392541729,-1.724949461,1.168922458,0.002535911312,0.1452970154,-7.348619716,15.5915596,-18.77229204,9.403671234,0.05,-0.05,0.05,-0.05
22.412,-0.0067443141,-0.3864207336,-0.007159422644,0.01487719818,-0.009476330438,-0.0002580170215,-0.4102047013,0.8524006667,-0.5429537394,-0.01478328638,-0.002016571924,-0.1155410603,-3.900165293,13.50931173,-23.95632301,15.55860875,0.05,-0.05,0.05,-0.009882234278
22.424,-0.003903902731,-0.2236771501,-0.006742493295,0.01814836044,-0.04471870345,0.03381109773,-0.3863164092,1.039824458,-2.562192973,1.937233201,0.0004982614193,0.02854827642,-6.800128125,16.98090094,-27.67450779,18.09397362,0.05,-0.05,0.05,-0.05
22.436,1.51128471e-05,0.0008659023555,-0.00157187837,-0.0340150729,0.05646827237,-0.0338585482,-0.09006199649,-1.948920117,3.235393683,-1.939951912,-0.0129772271,-0.7435403428,-4.729557046,6.33866887,-4.669259672,1.464038509,0.03931088118,0.05,-0.05,0.05
22.448,-0.008464890866,-0.4850025207,0.0118668258,-0.01863728086,0.01196073602,-0.008715712456,0.6799190344,-1.067837535,0.685299694,-0.4993735392,-0.003525431499,-0.2019923459,10.05313785,-22.1341331,32.00733467,-20.08814996,-0.05,0.05,-0.05,0.05
22.46,-0.004836462841,-0.2771089085,-0.006586129684,0.03895824189,-0.08430248916,0.05098747143,-0.3773574342,2.232142838,-4.830176831,2.921366921,-0.0009429055178,-0.05402450665,0.4168222725,-0.7128241382,0.9957906416,-0.7529873657,0.05,-0.05,0.05,-0.05
22.472,0.001596946369,0.09149828703,-0.0141956291,0.01733272101,-0.02839332529,0.01269863259,-0.8133496351,0.9930917616,-1.626817705,0.7275780529,-0.01255760079,-0.7194975261,-3.238889098,6.64848403,-11.49550391,8.394735254,0.05,-0.05,0.05,-0.05
22.484,0.001294949732,0.07419515435,-0.006687404207,0.009834266635,-0.05561573665,0.04843350774,-0.383160037,0.5634619728,-3.186546985,2.775035581,-0.004035366484,-0.2312094683,0.5959588136,2.469590216,-9.008276382,7.535096086,0.05,-0.05,0.05,-0.05
22.496,0.005313983356,0.3044688187,-0.02076377003,0.01589606421,-0.02758716995,0.01945997214,-1.18967639,0.9107773904,-1.580628407,1.114974273,-0.01299490362,-0.7445531327,-4.921780203,16.18946971,-24.34067087,14.2511503,0.05,-0.05,0.05,-0.05
22.508,-0.004090311036,-0.2343575592,-0.003980497032,0.008200777553,-0.01410541735,0.001613715621,-0.2280656803,0.4698699425,-0.8081808826,0.09245909439,-0.008271421212,-0.473917526,-4.778989529,14.90616941,-23.23812441,13.99377234,0.05,-0.05,0.05,-0.04949551599
22.52,-0.00368104128,-0.2109081296,-0.002409280944,0.004923178542,-0.0166414882,0.006676880463,-0.1380416298,0.2820773523,-0.9534870384,0.3825570708,-0.007450710135,-0.4268942451,-0.8833374783,0.793292832,-1.493383104,1.497416906,0.05,-0.05,0.05,-0.05
22.532,-0.00213601442,-0.1223846113,0.001679161274,-0.01743305532,0.01198937217,-0.005116954932,0.09620885411,-0.9988404941,0.6869404242,-0.2931799215,-0.008881476815,-0.5088711374,0.92532102,-2.893385519,4.50177218,-2.846918141,-0.03786686904,0.05,-0.05,0.05
22.544,-0.004386504472,-0.2513281931,0.001314677274,0.00476778686,-0.02314126907,0.009449206221,0.0753254592,0.2731740647,-1.32589705,0.5413996362,-0.007609598714,-0.4359978901,2.786187864,-2.144690292,0.5169291472,-0.4419686604,-0.03170908788,-0.05,0.05,-0.05
22.556,-0.00296365637,-0.1698050019,0.003279658243,-0.00845331296,0.008545959495,-0.01904056121,0.1879105756,-0.4843391555,0.4896474109,-1.090943797,-0.01566825643,-0.8977249657,-0.3965671152,-1.465203258,4.365853546,-3.576980434,-0.05,0.05,-0.05,0.05
22.568,0.001739792595,0.09968277295,-0.005097231068,0.003017338332,-0.02095097765,0.008094494935,-0.2920498274,0.1728807518,-1.200402596,0.4637803971,-0.01493637545,-0.8557912743,-2.052308713,5.001116654,-9.179372674,6.930479969,0.05,-0.05,0.05,-0.05
22.58,-0.001571279486,-0.09002768297,0.002419511559,-0.0117081162,-0.0007807604258,0.0004147243158,0.1386278008,-0.6708256441,-0.04473427721,0.02376195296,-0.009654640747,-0.5531701675,4.536571977,-9.92616556,14.35754242,-8.547396121,-0.05,0.05,0.002819186942,-0.0005765388274
22.592,-0.004425534428,-0.2535644448,0.00607539138,-0.02013584052,0.02497659282,-0.01931080816,0.3480942849,-1.153698679,1.431053355,-1.106427806,-0.008394664481,-0.4809788452,6.870612443,-17.18584606,26.81245758,-16.93871005,-0.05,0.05,-0.05,0.05
22.604,-0.004169194606,-0.2388772549,0.004582210361,-0.02194063669,0.03589869712,-0.02727226294,0.2625413145,-1.257105882,2.056843835,-1.562585564,-0.008731992152,-0.5003062971,5.768894475,-15.29089698,23.22812708,-14.12787026,-0.05,0.05,-0.05,0.05
22.616,-0.004276174007,-0.2450067231,0.006501398279,-0.02372653965,0.02723917528,-0.01459465541,0.3725026823,-1.359430584,1.560689781,-0.8362121586,-0.004580621499,-0.2624502794,6.898407121,-16.9616288,24.67231998,-14.75582406,-0.05,0.05,-0.05,0.05
22.628,-0.003104522357,-0.1778760284,0.007236460204,-0.0286136716,0.0244875373,-0.005182407333,0.4146186283,-1.639442619,1.403032538,-0.2969300679,-0.002072081424,-0.1187215204,5.289532833,-14.96904846,23.19798283,-14.22565131,-0.05,0.05,-0.05,0.05
22.64,-0.0003300414749,-0.01890998358,-0.001886770065,-0.02285841551,0.03995552663,-0.02301123009,-0.1081039616,-1.309690735,2.289283044,-1.318446365,-0.007800889036,-0.4469580182,3.256797937,-10.45551494,21.25566682,-15.58300319,0.03825214348,0.05,-0.05,0.05
22.652,-0.009007218615,-0.5160756118,0.01249253542,-0.01525372407,0.02682677716,-0.02783700203,0.7157695552,-0.8739740108,1.537061109,-1.594942731,-0.003771413514,-0.2160860771,7.090699779,-15.51121915,23.67997725,-15.80623243,-0.05,0.05,-0.05,0.05
22.664,-0.008253218776,-0.4728746033,0.007221934836,0.008201180194,0.0009712074242,-0.02483887849,0.413786386,0.4698930122,0.05564608644,-1.423162905,-0.008444556037,-0.4838374208,5.104692009,-13.40247775,22.13777311,-15.102993,-0.05,-0.05,-0.04350433644,0.05
22.676,-0.002274382754,-0.1303125328,0.006379773203,-0.007370692476,0.008454917287,-0.01970733746,0.3655340788,-0.4223095709,0.4844310767,-1.129147262,-0.01224333945,-0.7014916774,2.977840793,-12.39704883,19.22019058,-11.04273517,-0.05,0.05,-0.05,0.05
22.688,0.005477794591,0.3138545111,-0.0001320460307,-0.01894185513,0.004673328127,0.002799970049,-0.007565680259,-1.085288355,0.2677619779,0.1604264666,-0.01160060299,-0.6646655912,-1.249135616,-1.075784299,3.252685156,-1.566019565,0.004154148291,0.05,-0.05,-0.05
22.7,0.0003730546241,0.02137445549,0.003562610399,-0.01085493461,0.00927021476,-0.01215874851,0.2041225399,-0.6219419401,0.5311441809,-0.6966449737,-0.01018085796,-0.5833201929,2.526799714,-0.4780776876,-2.990544675,2.513920835,-0.05,0.05,-0.05,0.05
22.712,0.004112332193,0.2356192786,-0.010078068,0.00039805354,0.02284736757,-0.02930400932,-0.5774307618,0.02280678786,1.309057735,-1.678996057,-0.01613665621,-0.9245622962,-5.820226244,10.02880988,-9.836470894,4.631519272,0.05,-0.01878598776,-0.05,0.05
22.724,-0.001252961514,-0.07178940663,0.005715167871,-0.008267339087,-0.008119263072,0.01044587074,0.3274549982,-0.4736836375,-0.4651995068,0.5985043066,-0.0002255635505,-0.01292383946,-1.99897139,6.258022762,-13.13216716,10.14774239,-0.05,0.05,0.05,-0.05
22.736,-0.002591741311,-0.1484958387,-0.001642383368,0.01585757738,-0.02823648426,0.01604827531,-0.09410163535,0.9085722569,-1.617831376,0.9194984438,0.002026985058,0.116137689,3.115771862,-1.427701109,-0.5993310079,0.4691428186,0.03301666224,-0.05,0.05,-0.05
22.748,-0.002839885553,-0.1627134565,-0.005095203124,0.01630068072,-0.006675261925,-0.004537115819,-0.2919336348,0.9339602086,-0.3824643355,-0.2599575876,-6.90014648e-06,-0.0003953492713,-1.141847722,2.141379665,-3.024914838,2.376445421,0.05,-0.05,0.05,0.05
22.76,0.001441244709,0.08257723905,-0.01109993639,0.006988073369,0.005215184801,0.0008498875599,-0.635979508,0.400387111,0.2988080785,0.04869497024,0.00195320934,0.1119106517,-0.8985352886,-2.041496119,8.288051272,-6.555049202,0.05,-0.05,-0.05,-0.01214247711
22.772,-0.005022857995,-0.2877885642,0.001709347256,0.009654997767,-0.01242839299,0.009589238315,0.09793838351,0.5531906233,-0.7120944647,0.5494228842,0.008525190344,0.4884574263,-4.110425228,8.675870148,-7.92893094,2.085390041,-0.03349521441,-0.05,0.05,-0.05
22.784,-0.004872950733,-0.2791995108,0.01080990157,-0.009197076555,0.00798627873,-0.00508364581,0.6193617371,-0.5269536705,0.4575800652,-0.2912714495,0.004515457939,0.2587166825,0.6752837803,-4.737385105,7.082359376,-4.02442149,-0.05,0.05,-0.05,0.05
22.796,0.002153750995,0.1234008421,-0.0008840254802,-0.001056903489,-0.001665596205,0.001619030325,-0.050650929,-0.06055610926,-0.09543163291,0.09276360454,-0.001987494848,-0.1138750666,2.036919273,-0.4752679098,-4.181740731,3.834914519,0.01741164129,0.02372714466,0.04082485724,-0.03945358168
22.808,0.00493406261,0.2827009634,-0.008149618738,0.009566404518,-0.007085644016,-0.0008787216774,-0.4669387583,0.548114604,-0.4059774973,-0.05034704348,-0.006547579914,-0.3751486951,-5.441144154,11.6786389,-15.21863394,8.59668026,0.05,-0.05,0.05,0.01073519664
22.82,-0.001229167119,-0.07042608821,0.01026869135,-0.008430555821,-0.006050560515,0.006421484432,0.5883526755,-0.4830352675,-0.3466715812,0.3679239562,0.002209059446,0.126569783,3.548653322,-9.207397059,13.509164,-8.032871219,-0.05,0.05,0.05,-0.05
22.832,0.003067660639,0.1757640076,-0.008825830266,0.01921956842,-0.01586396593,0.002010106206,-0.5056828249,1.101200155,-0.9089382944,0.115170602,-0.00346012157,-0.1982503626,3.690363349,-7.41451478,10.77631299,-6.774614585,0.05,-0.05,0.05,-0.03744772195
22.844,0.00117132231,0.06711182479,-0.003246314117,0.01588732351,-0.02415594131,0.0132311385,-0.1860000979,0.9102765846,-1.384033487,0.7580883939,0.00171620657,0.09833139326,2.90503088,-4.99764964,4.673548338,-1.684606813,0.05,-0.05,0.05,-0.05
22.856,0.000358912598,0.02056417708,0.003201756009,-0.001892578634,-0.002167137199,0.003980073926,0.1834471063,-0.1084367681,-0.1241678151,0.2280414381,0.003122114103,0.1788839612,3.392748304,-9.240292837,15.45750666,-10.1587446,-0.05,0.05,0.03221951171,-0.05
22.868,-0.002106282514,-0.1206810985,-0.002304073382,0.02384054743,-0.02762809068,0.01211771537,-0.1320136805,1.365962749,-1.582972992,0.694293948,0.006026098744,0.3452700249,4.8404135,-6.636411693,4.804317916,-1.245851995,0.0458492009,-0.05,0.05,-0.05
22.88,-0.0003285815287,-0.01882633482,-0.003165198312,0.009956616144,-0.0004193296035,-0.001699304628,-0.1813525046,0.5704720833,-0.0240258165,-0.09736298331,0.0046727836,0.2677307789,-4.464920995,4.867523652,-1.144122364,-0.811168404,0.05,-0.05,0.01036937364,0.03819587023
22.892,0.0005000208673,0.02864908536,-0.002298896395,0.00530812928,-0.00540758597,0.01086844847,-0.131717061,0.3041334049,-0.3098318534,0.6227162272,0.008470095385,0.4853007177,-3.319381447,3.12983852,1.157736234,-2.529914461,0.05,-0.05,0.05,-0.05
22.904,-0.006717114347,-0.3848623026,0.01119931305,0.004191010305,-0.01507577484,0.01563261466,0.6416733712,0.2401272024,-0.8637782714,0.8956828429,0.01594716317,0.9137051451,6.574012746,-11.38492557,12.75023116,-6.821720058,-0.05,-0.05,0.05,-0.05
22.916,0.0003475690036,0.019914237,-0.01025019522,0.04075903016,-0.06151269119,0.04338543695,-0.5872929252,2.335320405,-3.524417592,2.48580243,0.0123815807,0.709412318,-3.766674573,8.297214159,-9.78234704,4.815440844,0.05,-0.05,0.05,-0.05
22.928,0.001878264094,0.1076166054,-0.004988147006,-0.01866948913,0.08486812363,-0.06684103219,-0.285799771,-1.069682933,4.862585299,-3.829709043,-0.005630544698,-0.3226064476,-6.459899743,11.4465615,-11.80387784,5.592470272,0.05,0.05,-0.05,0.05
22.94,-0.008982384204,-0.5146527049,0.01641791149,-0.005933032537,0.01847173246,-0.01705024123,0.9406770369,-0.3399377241,1.05835231,-0.9769068622,0.01190637019,0.682184761,10.50608734,-22.36282838,30.12728102,-17.91274442,-0.05,0.05,-0.05,0.05
22.952,-0.002097218204,-0.1201617518,0.0009858672175,0.00906957441,0.01007004282,-0.01611584963,0.05648603072,0.5196483357,0.5769709531,-0.9233701668,0.004009634821,0.2297351526,-1.566305728,-5.704626076,17.39350184,-13.18478514,-0.02012277306,-0.05,-0.05,0.05
22.964,-0.002122302848,-0.121598996,0.0152342527,-0.009742327858,-0.02368834096,0.03398815041,0.8728583836,-0.5581942689,-1.357241961,1.947377572,0.01579173428,0.9047997256,3.493980869,-10.04065825,10.20891105,-3.317561436,-0.05,0.05,0.05,-0.05
22.976,0.0131367688,0.7526814089,-0.02415196725,0.01012462254,0.01697327766,-0.01068946996,-1.38380579,0.5800981408,0.9724971744,-0.612461514,-0.007743537009,-0.4436719891,-0.439343541,-1.59213752,8.207657631,-7.772499396,0.05,-0.05,-0.05,0.05
22.988,-0.001165287734,-0.06676606907,0.02669283055,-0.04329651647,0.01784121465,0.008356598974,1.529386534,-2.480707661,1.022226301,0.4787978523,0.009594127702,0.5497030254,1.221648028,-2.83134488,3.59243554,-2.608943577,-0.05,0.05,-0.05,-0.05
23,0.005865643592,0.336076622,-0.005339856869,0.009673956934,0.02096273613,-0.04225336654,-0.3059512618,0.5542769035,1.201076307,-2.420939573,-0.01695653035,-0.9715376242,1.973193569,0.1608254336,-0.8354776175,-1.320823072,0.05,-0.05,-0.05,0.05
23.012,0.001877800876,0.107590065,0.02942931782,-0.04175255327,0.02602722132,-0.0245949102,1.686175705,-2.392245086,1.491249934,-1.409184552,-0.01089092433,-0.6240039991,1.604666664,-10.84065712,16.24420983,-8.811759844,-0.05,0.05,-0.05,0.05
23.024,0.02185627063,1.252272063,-0.0192610209,0.001041100612,0.007659345725,-0.0214161671,-1.103575207,0.05965067109,0.4388481839,-1.227055988,-0.03197674167,-1.83213234,-1.520417564,1.260505186,1.818650249,-2.620020464,0.05,-0.02416471864,-0.05,0.05
23.036,0.01426064979,0.8170750462,0.006904049292,-0.02408576292,-0.01213518648,0.0134927024,0.395572886,-1.380012562,-0.6952949687,0.7730749018,-0.01582419771,-0.9066597428,-1.905419944,5.392680253,-10.13709415,7.454663482,-0.05,0.05,0.05,-0.05
23.048,0.01576998767,0.9035537363,-0.02353067741,0.03464483074,-0.02802632792,-0.0072577952,-1.348208505,1.985002583,-1.605790305,-0.4158410335,-0.02416996979,-1.38483726,-0.08114615609,5.604942269,-8.393753432,4.287858848,0.05,-0.05,0.05,0.05
23.06,0.0008861106635,0.0507704012,0.02339178205,-0.03248702067,0.00711701015,0.002678052245,1.340250387,-1.861369173,0.4077746443,0.153441091,0.0006998237795,0.04009694897,-1.498082747,-1.863999063,5.630688099,-2.921467204,-0.05,0.05,-0.05,-0.05
23.072,0.003343156454,0.1915487551,0.004450298585,-0.003753960699,-0.002723015781,0.001115981964,0.2549833265,-0.2150861045,-0.1560173118,0.06394105656,-0.0009106959301,-0.05217903322,4.934608273,-6.092482869,1.629737207,2.059972748,-0.05,0.05,0.05,-0.02661157596
23.084,0.002961038522,0.1696550103,-0.003738479312,0.01121524166,-0.01586453742,0.01321254892,-0.2141990864,0.6425860135,-0.9089710383,0.7570232896,0.004824773844,0.2764391784,-0.1078387378,4.964446401,-11.20145745,8.408422454,0.05,-0.05,0.05,-0.05
23.096,-0.002130219888,-0.122052609,0.004139672136,-0.005906128461,0.0193140286,-0.006912604535,0.237185742,-0.3383962341,1.106612324,-0.3960630653,0.01063496774,0.6093387667,3.515476353,-9.21394139,15.55737564,-9.835349477,-0.05,0.05,-0.05,0.05
23.108,-0.004375274258,-0.2506847492,0.0073577645,-0.01048999004,0.0184340068,0.003061829904,0.4215688525,-0.6010321564,1.056190789,0.1754299311,0.01836361117,1.052157416,0.1764187936,1.728664422,-7.144713504,6.741984844,-0.05,0.05,-0.05,-0.05
23.12,0.0007651870683,0.04384198955,-0.01060755204,0.01837042556,-0.01747549237,0.0279866002,-0.6077679627,1.052547853,-1.001271958,1.603514075,0.01827398136,1.047022007,-1.385808462,6.230546682,-11.60050572,7.796526468,0.05,-0.05,0.05,-0.05
23.132,0.0006319772791,0.03620963084,-0.00986065104,0.01735478044,-0.0150599284,0.02543621486,-0.5649736878,0.9943556734,-0.862870337,1.457387758,0.01787041586,1.023899407,-1.949198708,2.897318618,-1.334443882,-0.4867415301,0.05,-0.05,0.05,-0.05
23.144,-0.003154150735,-0.180719525,-0.005730266845,0.02767225837,-0.01758840393,0.009810498895,-0.3283201057,1.585503614,-1.007741314,0.5621001816,0.01416408649,0.8115423765,2.354563372,-2.524807919,3.394066791,-3.347211841,0.05,-0.05,0.05,-0.05
23.156,-0.002791757335,-0.1599559127,-0.0003122461713,0.02454381305,-0.02100687278,0.005906297061,-0.01789038779,1.406256901,-1.203605151,0.3384058941,0.009130991164,0.5231672565,1.606669236,-5.212806504,8.611053219,-6.03263182,0.005262746534,-0.05,0.05,-0.05
23.168,-0.0008332760507,-0.04774320087,0.008387655147,0.002588064209,-0.01137365368,0.007307070465,0.4805772399,0.1482851563,-0.6516623535,0.4186642982,0.006909136142,0.395864341,5.239962318,-9.361069381,6.896225166,-1.597676699,-0.05,-0.04757634322,0.05,-0.05
23.18,0.01095353524,0.6275913401,-0.01378989586,0.02221609691,-0.04259448478,0.03326553545,-0.7901028329,1.27288859,-2.440484209,1.905974785,-0.00090274829,-0.05172366698,-2.266583717,1.0217369,3.317571673,-3.711809726,0.05,-0.05,0.05,-0.05
23.192,0.01386401957,0.7943498086,-0.01850026616,-0.0003708187267,0.03821167315,-0.03535639812,-1.059987171,-0.02124634801,2.189367599,-2.025772391,-0.01601580986,-0.9176383105,-5.495642441,16.53034682,-24.73568582,14.48005667,0.05,-0.00837233483,-0.05,0.05
23.204,-0.002654833362,-0.152110747,0.02592020833,-0.03450591008,0.03563959757,-0.02627712879,1.485118542,-1.977043016,2.041998524,-1.505568577,0.0007767670349,0.04450547276,5.051748246,-9.837443095,11.9830122,-6.969734993,-0.05,0.05,-0.05,0.05
23.216,0.005042121389,0.2888922754,0.004005962438,-0.01197271949,0.03653957028,-0.0403828683,0.2295247406,-0.685986296,2.093563162,-2.313767918,-0.01181005507,-0.6766663113,2.516202603,-11.93042624,22.91306806,-15.38342021,-0.05,0.05,-0.05,0.05
23.228,0.001821007226,0.1043360285,0.01642774072,-0.02589683942,0.02201894966,-0.01347628253,0.9412402104,-1.483779601,1.261592885,-0.7721341127,-0.0009264315628,-0.05308061856,5.635433919,-13.8203465,15.77535334,-6.727718396,-0.05,0.05,-0.05,0.05
23.24,0.009764880037,0.5594864136,-0.004308818361,-0.02062351661,0.03696788055,-0.01688285091,-0.2468771068,-1.18164046,2.118103533,-0.9673161036,-0.00484730533,-0.2777301374,0.6740565784,-9.138269118,23.24547146,-17.01650642,0.05,0.05,-0.05,0.05
23.252,-0.0028861647,-0.1653650563,0.009819911224,-0.00494372242,0.01003281671,-0.005812502126,0.5626394684,-0.2832544298,0.5748380542,-0.3330318402,0.00909650339,0.5211912526,6.019622087,-6.257764429,2.965144936,-0.2909725368,-0.05,0.05,-0.05,0.05
23.264,0.001247293209,0.07146463668,-0.005243040664,0.0183960917,-0.01452395138,0.009148716522,-0.3004041019,1.054018414,-0.8321611161,0.5241828447,0.007777816178,0.4456360408,-3.783089499,2.977448384,1.948152876,-2.869606973,0.05,-0.05,0.05,-0.05
23.276,-0.003374270276,-0.1933314458,0.005508219843,0.003416778311,0.002951226936,0.0008136139883,0.3155977496,0.1957669768,0.1690928478,0.04661664768,0.01268983908,0.7270742219,4.810215251,-9.264054276,11.84296312,-6.698077619,-0.05,-0.05,-0.05,-0.01120143012
23.288,-0.001428443043,-0.08184375762,0.004436548825,-0.007460178392,0.0269659657,-0.01552371043,0.2541955233,-0.4274367363,1.545036025,-0.8894430899,0.00841862571,0.4823517225,1.842700145,-6.008000516,8.724452536,-4.988218994,-0.05,0.05,-0.05,0.05
23.3,0.0004711164186,0.02699298244,0.007887055211,-0.0170831932,0.01625498774,0.00402235079,0.4518949764,-0.9787948708,0.9313421936,0.230463724,0.01108120055,0.6349060232,-3.474462266,5.888318605,-7.620693554,4.595720707,-0.05,0.05,-0.05,-0.05
23.312,-0.0001898880067,-0.01087978136,-0.0002543793244,0.01720981908,-0.02360345743,0.01541829122,-0.01457486168,0.9860499993,-1.352378493,0.8834030141,0.008770273542,0.5024996591,1.112512705,7.088705723,-18.56550632,12.93555543,0.004483832431,-0.05,0.05,-0.05
23.324,0.003588916226,0.2056297528,-0.008829600925,0.02755365689,-0.02725180446,0.009654096528,-0.5058988678,1.57870825,-1.56141338,0.553138986,0.001126348034,0.06453498863,-4.298622565,12.71549825,-21.04476657,13.3258452,0.05,-0.05,0.05,-0.05
23.336,0.003856302226,0.2209498421,-0.00254935262,0.01463014045,-0.02429901969,0.01357841543,-0.1460671456,0.8382453015,-1.392231275,0.7779858966,0.001360183567,0.07793277773,-6.230171528,16.06469564,-26.21301382,17.08424242,0.05,-0.05,0.05,-0.05
23.348,0.006809426303,0.390151388,-0.008866445318,0.02374501522,-0.04280224764,0.0284047127,-0.508009896,1.360489156,-2.452388143,1.627470156,0.0004810349619,0.02756127311,-6.821323982,16.5030055,-24.10324745,14.62251572,0.05,-0.05,0.05,-0.05
23.36,0.005715314493,0.3274633991,-0.009691581248,0.02848256394,-0.04171129673,0.0221367085,-0.5552867023,1.631930703,-2.389881261,1.268339969,-0.0007836055463,-0.0448972906,-5.266394903,15.82557031,-24.85048282,15.27958746,0.05,-0.05,0.05,-0.05
23.372,0.002694884033,0.1544054813,-0.00320585335,0.02279203097,-0.03437917255,0.01491892177,-0.1836818667,1.305887181,-1.96978149,0.8547912525,0.0001259268445,0.007215076715,-5.948316752,15.53810319,-23.79151696,14.74528822,0.05,-0.05,0.05,-0.05
23.384,0.006060003796,0.3472126413,-0.01208781674,0.02518031436,-0.02057500639,0.001789145525,-0.6925808826,1.442725739,-1.17886103,0.1025104875,-0.005693363248,-0.3262056853,-7.428825987,16.87250842,-23.89803119,14.46682193,0.05,-0.05,0.05,-0.05
23.396,0.0009209950619,0.05276913,0.00372971613,0.01520883142,-0.04827009466,0.03634918464,0.2136969931,0.8714018516,-2.765672701,2.082654869,0.007017637527,0.4020810124,-3.111341578,12.91796875,-26.59873873,19.19711532,-0.05,-0.05,0.05,-0.05
23.408,0.009241779775,0.5295149763,-0.0109604867,-0.008325535631,0.02162484292,-0.006452208366,-0.627989629,-0.4770180539,1.239012232,-0.3696843079,-0.004113387773,-0.2356797589,-5.985690901,8.955622254,-7.899385104,3.849552224,0.05,0.05,-0.05,0.05
23.42,0.001492892192,0.08553642187,0.002375916408,-0.02565867545,0.05282322863,-0.02764720324,0.1361299826,-1.470133811,3.026548061,-1.584068061,0.001893266347,0.1084761712,2.330684085,-0.08927006806,-3.565467596,3.00094205,-0.05,0.05,-0.05,0.05
23.432,-0.01146938806,-0.6571475296,0.02662715891,-0.02203739011,0.008988623809,0.005839496483,1.525623826,-1.262649445,0.5150102079,0.3345785029,0.01941788909,1.112563092,5.595542957,-17.43712035,29.1792603,-18.73456492,-0.05,0.05,-0.05,-0.05
23.444,-0.0001957876774,-0.01121780759,-0.0201076241,0.04869205035,-0.02967402913,0.00452062434,-1.152081997,2.789848981,-1.70019663,0.2590126955,0.003431021466,0.1965830494,-0.4604057294,-0.1583381105,4.058774546,-4.113828976,0.05,-0.05,0.05,-0.05
23.456,-0.007651375467,-0.4383915217,0.008076287464,0.01579013283,-0.03464450276,0.02739892652,0.4627371858,0.904707969,-1.984983792,1.569842853,0.01662084404,0.9523042157,-0.9198818093,3.156450235,-9.489050923,8.19317919,-0.05,-0.05,0.05,-0.05
23.468,0.004056482965,0.2324193536,-0.01467706841,0.01821834774,-0.02105530846,0.02386379007,-0.8409340758,1.043834435,-1.206380311,1.367294454,0.006349760938,0.3638145026,-0.7816174705,0.8967654817,0.3314892686,-0.8648610894,0.05,-0.05,0.05,-0.05
23.48,-0.005388229942,-0.3087228347,0.007666332494,0.002869709651,-0.009395305804,0.008554722985,0.4392484963,0.1644222514,-0.5383113698,0.4901495219,0.009695459327,0.5555088999,3.97752256,-7.479167657,10.61201697,-7.367214235,-0.05,-0.05,0.05,-0.05
23.492,0.0001514266554,0.008676108263,-0.009084204431,0.03209968566,-0.03902838577,0.01757680181,-0.5204865742,1.839176512,-2.236161786,1.007076561,0.001563897267,0.08960471301,1.469152841,-1.369494541,-0.2043950881,0.5965499198,0.05,-0.05,0.05,-0.05
23.504,0.002764333842,0.1583846623,-0.006275612073,0.01967517734,-0.0478873178,0.0388383009,-0.3595660857,1.127304623,-2.743741202,2.225270725,0.00435054837,0.2492680602,-1.424137951,4.469924302,-9.869752057,7.671810685,0.05,-0.05,0.05,-0.05
23.516,0.006583589989,0.3772119204,-0.01421931768,0.01830013571,-0.033176423,0.02776686999,-0.8147068904,1.048520541,-1.900869017,1.59092446,-0.001328734973,-0.07613090602,-5.294787041,13.4142519,-17.22418622,8.909183733,0.05,-0.05,0.05,-0.05
23.528,0.002675317017,0.153284374,-0.009633163086,0.01218437115,4.368636152e-06,-0.008653317852,-0.5519395882,0.6981130426,0.0002503044137,-0.4957985917,-0.006097741156,-0.3493748328,-5.989779894,16.52267924,-24.15270839,14.09118216,0.05,-0.05,0.0240565984,0.05
23.54,-0.003489366724,-0.1999259865,0.01322013559,-0.025052228,0.03157349181,-0.02039996553,0.7574579742,-1.435386932,1.809027825,-1.168831927,-0.0006585661175,-0.03773305906,-2.270890838,4.327877836,-6.893491037,4.71418222,-0.05,0.05,-0.05,0.05
23.552,0.002287401139,0.1310584313,0.001121881233,-0.02439974886,0.04427493463,-0.02804771691,0.06427905979,-1.398002631,2.536766893,-1.607015804,-0.007050649909,-0.4039724826,-3.389097224,5.558486546,-6.941335329,4.298017992,-0.02129228991,0.05,-0.05,0.05
23.564,0.001108333328,0.06350282201,0.004518377841,-0.02806878525,0.03754511855,-0.01713928697,0.2588839806,-1.608222931,2.151176834,-0.9820088074,-0.003144575829,-0.1801709233,-1.912238224,5.400194897,-9.44689089,6.521277734,-0.05,0.05,-0.05,0.05
23.576,-0.0007765420037,-0.04449257942,0.007174891635,-0.02284722637,0.01502206759,0.00291323654,0.4110910091,-1.309049645,0.8607010725,0.1669161585,0.002262969392,0.1296585953,-2.737303262,6.747371846,-10.96784735,7.279485701,-0.05,0.05,-0.05,-0.05
23.588,-0.002638950284,-0.1512007136,0.0003306676729,0.00579590576,-0.006815269186,-0.0006001138276,0.01894586208,0.3320809385,-0.3904861606,-0.03438398955,-0.001288809581,-0.07384334957,1.747625959,-0.1613500267,-2.069440117,1.240641766,-0.009022314762,-0.05,0.05,0.01196186244
23.6,0.0001246705959,0.007143098975,-0.002926194537,0.0005595907992,0.001917036436,-0.003991332184,-0.167658597,0.03206219105,0.109838097,-0.2286864888,-0.004440899485,-0.2544447978,0.2917422578,0.9698963781,-3.359556211,2.68235354,0.05,-0.01328089396,-0.03881524538,0.05
23.612,0.002674546305,0.1532402154,-0.01062704702,0.00654565387,0.006194535901,-0.01125949365,-0.608884943,0.3750383409,0.3549207632,-0.6451214656,-0.009146350901,-0.5240473046,-0.9723687547,-1.900360524,9.602693217,-8.599366286,0.05,-0.05,-0.05,0.05
23.624,-0.002191449408,-0.1255608021,0.009919533574,-0.01920998747,0.008545348728,-0.001968757554,0.5683474085,-1.100651207,0.4896124166,-0.1128014987,-0.002713862727,-0.1554928804,-2.493031995,1.420990094,2.5282695,-3.261298975,-0.05,0.05,-0.05,0.04657396517
23.636,0.0004943822379,0.0283260157,-0.006989215789,0.0217191079,-0.03237033758,0.009166181565,-0.4004525668,1.244413217,-1.854683725,0.5251835179,-0.008474263904,-0.4855395562,-0.65628349,9.23429365,-19.7676529,13.24006581,0.05,-0.05,0.05,-0.05
23.648,-0.0002603963594,-0.01491961239,-0.00533548379,0.02178370471,-0.03210323978,0.005549981089,-0.3057007029,1.248114342,-1.839380148,0.3179904928,-0.01010503776,-0.5789760157,-3.468295573,5.288690705,-5.158886873,2.508814688,0.05,-0.05,0.05,-0.05
23.66,-0.00017824732,-0.01021281915,0.002153914747,-0.001725809389,-0.01848108395,0.01233636025,0.1234102244,-0.09888159425,-1.058888111,0.706821377,-0.005716618342,-0.3275381041,3.297086172,-5.954075977,3.792675378,0.2120446697,-0.05,0.04392188254,0.05,-0.05
23.672,-0.0003241516072,-0.01857251902,-0.003812434468,0.002273723048,-0.004812864254,-0.0003996960629,-0.2184364047,0.1302747344,-0.2757568091,-0.02290089749,-0.006751271738,-0.3868193769,1.540966068,1.23918162,-4.672990264,3.367347941,0.05,-0.05,0.05,0.005425965442
23.684,-0.001128933488,-0.0646831242,-0.006074007678,0.004418514063,-0.001672652201,-0.001507920721,-0.3480150047,0.2531622075,-0.09583591171,-0.08639749316,-0.004836066537,-0.277086202,0.08091427455,-0.2896288499,-0.3525811795,1.071223062,0.05,-0.05,0.0371509296,0.0321030328
23.696,-0.001827604296,-0.1047140128,-0.008942561772,0.01206054851,-0.01458312218,0.01105429146,-0.5123710476,0.6910185282,-0.8355513528,0.6333642464,-0.0004108439737,-0.02353962573,-2.522337383,8.889021592,-12.31601547,6.482536078,0.05,-0.05,0.05,-0.05
23.708,-0.006398999076,-0.3666356402,-0.004502501874,0.02411773878,-0.03240265008,0.01519210105,-0.2579743546,1.381844644,-1.856535095,0.8704432723,0.002404687884,0.1377784668,1.822144479,-0.02764467229,-3.900094665,3.248484626,0.05,-0.05,0.05,-0.05
23.72,-0.002637311634,-0.1511068259,-0.006436530377,0.01724635605,-0.03136469043,0.02030440657,-0.3687860253,0.9881434138,-1.797064387,1.163356802,-0.0002504581798,-0.01435019665,-3.667256543,6.815424639,-9.584881415,6.086707083,0.05,-0.05,0.05,-0.05
23.732,0.001795556224,0.1028777935,-0.01313454627,0.01894873359,-0.03671784644,0.02764339456,-0.7525540672,1.085682462,-2.103777634,1.58384984,-0.003260264562,-0.1867993995,-0.3034580359,2.806243206,-6.939576484,5.140822376,0.05,-0.05,0.05,-0.05
23.744,0.003331199437,0.1908636684,-0.01072444673,0.01071118878,-0.03723856359,0.03352532704,-0.6144655352,0.6137059104,-2.133612529,1.920859746,-0.003726494507,-0.2135124076,-6.369761592,12.52616736,-15.27821159,8.300494964,0.05,-0.05,0.05,-0.05
23.756,-0.004949198343,-0.283568177,0.003530767507,0.003858596371,-0.01229476114,4.965592111e-05,0.2022980766,0.2210812869,-0.7044379234,0.002845074707,-0.00485574134,-0.2782134852,3.444870894,-1.223194972,-0.2560254046,-0.9686887826,-0.05,-0.05,0.05,-0.0001237414817
23.768,-0.001070098785,-0.06131214402,-0.002161844051,-0.001631358953,0.0003129861817,-0.004720262732,-0.1238645401,-0.09346998291,0.01793278726,-0.2704511327,-0.008200479554,-0.4698528685,-2.117333541,-0.1703654022,0.5177100725,1.450049589,0.04967790266,0.03606026238,-0.00740340607,0.05
23.78,0.002163594488,0.1239648328,-0.01258366028,0.001883811781,0.007425762752,-0.00517046335,-0.7209906247,0.1079344644,0.4254648653,-0.2962457281,-0.008444549095,-0.483837023,-0.9624697036,1.261173888,3.195133619,-4.300847983,0.05,-0.04270503307,-0.05,0.05
23.792,-0.004143638458,-0.2374129955,-0.004491399934,0.003166540856,0.01151670578,-0.0147235032,-0.2573382603,0.1814294267,0.6598586352,-0.8435945931,-0.004531656499,-0.2596447916,-3.588049788,5.529058862,-3.223329094,0.241797262,0.05,-0.05,-0.05,0.05
23.804,-0.00437780741,-0.2508298881,-0.003740313057,0.01381172275,-0.03205356398,0.02580428595,-0.2143041522,0.7913534215,-1.836533934,1.478476678,0.003822131668,0.2189920133,-4.655262814,8.184361065,-9.697742847,5.648376493,0.05,-0.05,0.05,-0.05
23.816,-0.0002525971627,-0.01447275134,-0.01862661985,0.0321798348,-0.04282792637,0.03025265191,-1.067226704,1.84376872,-2.453859426,1.733349274,0.0009779404974,0.05603186312,-0.9520598762,4.290061633,-7.627655845,5.040031359,0.05,-0.05,0.05,-0.05
23.828,-0.002387602452,-0.1367995436,-0.01071977103,0.02297999024,-0.04251836257,0.03477848662,-0.6141976374,1.316656454,-2.436122727,1.992660501,0.004520343256,0.2589965905,-1.112794609,4.401543193,-8.331388223,5.649136354,0.05,-0.05,0.05,-0.05
23.84,-0.0006828703024,-0.03912558628,-0.01124197359,0.0163764759,-0.02661734706,0.02128489064,-0.6441176399,0.9383029522,-1.525061648,1.219534401,-0.0001979541033,-0.01134193466,-1.661576851,2.881319911,-1.392822203,-0.7207031287,0.05,-0.05,0.05,-0.05
23.852,-0.005884612508,-0.3371634608,0.008071649449,-0.005567838962,-0.005182873001,0.0008779826891,0.4624714471,-0.3190136736,-0.2969567487,0.05030470257,-0.001801079825,-0.1031942725,4.016423311,-9.651335553,14.66476688,-9.974785939,-0.05,0.05,0.05,-0.009340833221
23.864,-0.001248424455,-0.07152945232,-0.003839435693,0.0176709596,-0.02646049801,0.00148398078,-0.2199834609,1.012471405,-1.51607486,0.08502583556,-0.01114499333,-0.6385610803,4.604086496,-9.014172242,11.42623377,-7.105841055,0.05,-0.05,0.05,-0.0255417361
23.876,0.002362223398,0.135345431,-0.007579492733,0.03113950501,-0.06443463106,0.02793878936,-0.4342729445,1.784162213,-3.691832414,1.600774715,-0.01293582943,-0.7411684306,-1.394082876,2.824647334,-3.739892226,1.964660597,0.05,-0.05,0.05,-0.05
23.888,0.004591859139,0.2630941488,-0.007144145818,0.01990157233,-0.04430937837,0.01355977848,-0.4093294036,1.1402761,-2.538740373,0.7769180778,-0.01799217337,-1.030875599,-1.820093774,7.250766913,-14.87501134,10.686359,0.05,-0.05,0.05,-0.05
23.9,0.006400589515,0.3667267656,-0.00734735552,0.01366844913,-0.04496027977,0.02236767696,-0.4209724619,0.7831444474,-2.576034276,1.281573487,-0.0162715092,-0.9322888037,-6.266896954,11.15037861,-12.03489175,6.292009126,0.05,-0.05,0.05,-0.05
23.912,0.0004870060058,0.02790338873,0.0006009225418,0.01192882382,-0.03736181885,0.01358934544,0.03443032546,0.6834712593,-2.140674535,0.7786121402,-0.01124272704,-0.6441608098,2.603585559,-1.19452885,-1.112350534,1.157103555,-0.01582388148,-0.05,0.05,-0.05
23.924,-0.001375434085,-0.07880656808,0.0003523002033,0.006985614033,-0.01401241184,-0.002840117472,0.02018531477,0.4002462014,-0.802852059,-0.1627267445,-0.009514615072,-0.5451472873,3.076526867,-7.789464999,13.137451,-8.361035566,-0.01082713134,-0.05,0.05,0.05
23.936,0.0009030163883,0.05173902788,-0.01173548596,0.03207203498,-0.06633640078,0.04761237964,-0.6723938158,1.837592245,-3.800795793,2.727988406,0.001612527878,0.09239104173,2.169031405,-4.270663387,4.388674498,-1.114240805,0.05,-0.05,0.05,-0.05
23.948,0.004227688711,0.2422287202,-0.01136474955,-0.006384123724,-0.003445369972,0.02345455232,-0.6511521842,-0.3657833453,-0.1974051582,1.343846858,0.002260309079,0.1295061706,-9.546987738,20.39100222,-30.38614194,20.19369344,0.05,0.05,0.05,-0.05
23.96,0.0003074526906,0.01761574157,-0.005241422545,-0.03431579981,0.07137816361,-0.03109098758,-0.3003113905,-1.9661505,4.089667524,-1.781382369,0.0007299536775,0.04182326496,3.074966225,-4.533058218,6.859238683,-4.866298057,0.05,0.05,-0.05,0.05
23.972,-0.01548231669,-0.8870714035,0.01811453593,0.0006913066943,-0.0192480502,0.02010501709,1.037886457,0.03960895593,-1.102832041,1.151932626,0.01966280952,1.126595999,5.420627098,-11.66124681,18.70895983,-13.08044572,-0.05,-0.003547500464,0.05,-0.05
23.984,-0.006094342287,-0.349180092,-0.01805274232,0.06064677612,-0.05386879938,0.01508104209,-1.034345944,3.474804313,-3.086454852,0.8640800627,0.003806276516,0.21808358,-2.648351047,7.427014087,-10.14679312,5.324906272,0.05,-0.05,0.05,-0.05
23.996,-0.0110158473,-0.6311615583,0.009150125493,0.01970607495,-0.03414798745,0.01479893007,0.5242635728,1.129074925,-1.95653556,0.8479162342,0.00950714306,0.5447191725,-3.852787957,13.47457649,-27.46084992,19.58331941,-0.05,-0.05,0.05,-0.05
24.008,0.004414610667,0.2529385594,-0.004593413037,-0.03516498063,0.07778514418,-0.04915446969,-0.2631831806,-2.014804977,4.45676047,-2.816343658,-0.01112771919,-0.6375713451,-5.739264509,3.869708325,-0.6626421768,0.2701534892,0.05,0.05,-0.05,0.05
24.02,0.00429736458,0.2462208535,-0.002668913141,-0.02561764462,0.03457378218,-0.009689104422,-0.1529174589,-1.467782918,1.9809318,-0.5551447906,-0.003401880008,-0.1949133669,4.933152988,-8.676374782,9.501256571,-5.007506671,0.05,0.05,-0.05,0.05
24.032,0.001211970002,0.069440766,-0.003397675926,-0.003805337817,0.01703061788,-0.01567952865,-0.1946724907,-0.2180297965,0.9757825271,-0.8983708164,-0.005851924512,-0.3352905766,-2.546258308,5.047733479,-1.106733027,-2.777205281,0.05,0.05,-0.05,0.05
24.044,-0.007039113907,-0.4033115184,0.008980975723,0.007785937077,-0.003015963538,-0.01496690619,0.5145720048,0.4461013341,-0.1728019819,-0.8575405573,-0.001215956931,-0.06966920023,-2.840336118,9.645295349,-16.22767224,10.15658664,-0.05,-0.05,0.05,0.05
24.056,0.002764433314,0.1583903616,-0.005371218403,0.005647371089,-0.01395328806,0.01260094756,-0.3077481454,0.3235705288,-0.7994645163,0.721981113,-0.001076187819,-0.06166101999,0.4259742802,-3.256714178,2.367181131,0.9207613222,0.05,-0.05,0.05,-0.05
24.068,0.004922838619,0.2820578761,-0.00740933597,-0.01153778392,0.01526249391,0.004484752068,-0.4245236801,-0.6610663233,0.8744764861,0.2569573657,0.0008001260959,0.04584384838,0.1139797722,-3.415355981,11.75354723,-9.541999253,0.05,0.05,-0.05,-0.05
24.08,-0.009435589556,-0.5406194588,0.01188292348,-0.003008435062,0.01172861672,-0.01096890551,0.6808413635,-0.172370632,0.6720002376,-0.6284719914,0.009634199629,0.5519989777,1.843278699,-0.4104024032,-0.04293119039,-0.7043132239,-0.05,0.05,-0.05,0.05
24.092,-0.006143178644,-0.3519782091,0.000706033794,0.01939740455,-0.01868794249,0.00782152018,0.04045275659,1.111389414,-1.070740232,0.4481400957,0.009237016041,0.5292420344,0.6910742578,2.229907848,-11.24458442,10.30332527,-0.01622381773,-0.05,0.05,-0.05
24.104,0.004515268704,0.2587058401,-0.01499954537,0.02371226108,-0.04393251398,0.0436736176,-0.8594106446,1.358612482,-2.517147634,2.502313965,0.008453819324,0.484368168,-2.090261783,2.942556219,-3.853918816,2.776992461,0.05,-0.05,0.05,-0.05
24.116,0.006765163893,0.3876153388,-0.0188600953,0.02050066019,-0.03479254606,0.04058404248,-1.080603862,1.174601306,-1.993466048,2.32529435,0.007432061315,0.4258257464,-5.381013991,16.54286025,-25.17991716,15.03279084,0.05,-0.05,0.05,-0.05
24.128,-0.002709968914,-0.1552697814,0.001281466558,-0.004682334759,0.02183591908,-0.01242293729,0.07342262538,-0.2682780199,1.251106005,-0.7117818759,0.006012113591,0.3444687347,-4.072476317,11.67815283,-14.93226755,7.164533058,-0.02411978796,0.05,-0.05,0.05
24.14,-0.009454013614,-0.5416750796,0.01510386241,-0.02153142749,0.07454910497,-0.0687216442,0.8653875707,-1.233659922,4.271349081,-3.937460174,-0.0006001043044,-0.03438344391,4.011933111,-11.01619367,18.87650478,-13.19776724,-0.05,0.05,-0.05,0.05
24.152,-0.005180675368,-0.2968308336,-0.006556068913,0.05651916954,-0.06606948628,0.02137088147,-0.3756350789,3.238309876,-3.785502718,1.224461313,0.005264495815,0.3016333915,4.041505453,-5.693344957,1.950635286,1.168250038,0.05,-0.05,0.05,-0.05
24.164,-0.0008613075498,-0.04934928747,0.002907555967,0.01896976497,-0.04502804727,0.02907055719,0.1665906856,1.086887471,-2.579917068,1.665620235,0.005919830858,0.3391813236,-8.069526532,20.21436045,-34.02311486,22.95391318,-0.05,-0.05,0.05,-0.05
24.176,0.002003555142,0.1147952537,0.01305838109,-0.04308140953,0.05935254974,-0.03193195189,0.7481901235,-2.468382942,3.400650603,-1.829566075,-0.002602430592,-0.1491082894,-0.927569683,-1.810004515,6.308453483,-4.874159575,-0.05,0.05,-0.05,0.05
24.188,0.003391386382,0.1943121264,0.004034220876,-0.0297132037,0.06082535851,-0.04128420064,0.2311438298,-1.702441168,3.48503633,-2.365410457,-0.006137824955,-0.3516714653,3.880728511,-7.327549759,10.2163332,-6.463003322,-0.05,0.05,-0.05,0.05
24.2,-0.004933172143,-0.2826499434,0.02241037436,-0.01608257857,-0.01791542666,0.02443916745,1.284019868,-0.9214638759,-1.026478336,1.400261149,0.01285153657,0.7363388056,6.554857194,-15.50801747,20.08862128,-10.93910137,-0.05,0.05,0.05,-0.05
24.212,0.01007911379,0.5774906817,-0.02369429576,0.03363640938,-0.03070128165,0.01587451312,-1.357583146,1.927224295,-1.759053864,0.9095426038,-0.004884654905,-0.2798701104,-4.357588475,4.934180958,1.002848091,-3.47256102,0.05,-0.05,0.05,-0.05
24.224,-0.00174632078,-0.1000568104,0.01085163577,0.002413043196,-0.03721034388,0.0362732448,0.6217529307,0.1382571909,-2.131995659,2.078303836,0.01232757989,0.7063182993,3.508569907,-2.050099064,-5.775030919,6.724040815,-0.05,-0.05,0.05,-0.05
24.236,0.009756684385,0.5590168373,-0.01932391217,0.01979893648,-0.01016626401,0.004554595217,-1.107178611,1.134395499,-0.5824840212,0.2609590833,-0.005136644487,-0.29430805,-3.822342355,4.375422919,1.970109664,-4.647218915,0.05,-0.05,0.05,-0.05
24.248,-0.00212962722,-0.1220186517,0.002449151522,0.03328325564,-0.06316183516,0.03540061116,0.1403260456,1.906990076,-3.618906581,2.028305612,0.007971183161,0.4567151528,5.101593056,-0.9091262938,-8.842656682,7.646316949,-0.05,-0.05,0.05,-0.05
24.26,0.002779972295,0.1592806797,0.002358501268,0.002701814815,0.002263811312,-0.01283716725,0.1351321686,0.1548025859,0.1297068338,-0.7355155045,-0.005513039859,-0.3158739162,-8.190871193,17.07082857,-22.31823794,12.53882793,-0.0436961567,-0.05,-0.02748561092,0.05
24.272,5.756565669e-05,0.003298269173,0.02507905068,-0.05996729065,0.08804277563,-0.06122713358,1.436923758,-3.435872663,5.04447946,-3.508056346,-0.008072597922,-0.4625257906,4.43758536,-12.39771395,17.46349153,-9.960862626,-0.05,0.05,-0.05,0.05
24.284,0.009147155002,0.5240933762,-0.01757651497,0.06437911005,-0.1324832022,0.09000368106,-1.007060126,3.688651295,-7.590728345,5.156831065,0.004323073889,0.2476938884,0.321008995,2.626047202,-7.417818935,5.844531643,0.05,-0.05,0.05,-0.05
24.296,0.003682357954,0.2109835694,0.02804169905,-0.09978673221,0.1479190085,-0.08685659298,1.606671006,-5.717358607,8.475134897,-4.9765162,-0.01068261763,-0.6120689042,-2.356363502,-2.172406523,10.32955953,-7.887166994,-0.05,0.05,-0.05,0.05
24.308,0.01890146682,1.082974275,-0.05241213145,0.08061033635,-0.08658467946,0.05063613413,-3.002993927,4.618632058,-4.960936704,2.901236776,-0.007750340439,-0.444061797,-0.7412419069,5.194363739,-7.843439075,4.700352045,0.05,-0.05,0.05,-0.05
24.32,-0.0001642393717,-0.009410222827,0.009210377247,-0.04357555529,0.09280459414,-0.05892642699,0.5277157439,-2.496695408,5.317311564,-3.376235568,-0.0004870108916,-0.02790366867,0.3757232942,2.790928222,-7.109699122,5.296247828,-0.05,0.05,-0.05,0.05
24.332,-0.007376844734,-0.4226620694,0.01574512895,-0.008601724326,0.001123248656,0.009436650712,0.9021294369,-0.4928425004,0.06435740734,0.5406802585,0.01770330399,1.014324602,8.181463601,-18.70530551,26.76391009,-16.03340534,-0.05,0.05,-0.05,-0.05
24.344,-0.001871047025,-0.1072030978,-0.01314374582,0.0498307151,-0.05463968609,0.03034259775,-0.7530811627,2.855089666,-3.130623407,1.73850279,0.01238988094,0.7098878864,0.3939272013,-1.308754995,4.346613698,-3.814705225,0.05,-0.05,0.05,-0.05
24.356,-0.0006377824932,-0.03654224511,-0.01096587935,0.01357434016,0.03568707539,-0.03691626048,-0.6282986057,0.7777524008,2.044718803,-2.115145921,0.001379275722,0.07902667763,-8.002368547,18.12679419,-24.82603891,14.6553765,0.05,-0.05,-0.05,0.05
24.368,-0.008967431231,-0.5137959626,0.02448508488,-0.04731857189,0.08327348966,-0.04904320912,1.402892025,-2.711154462,4.771219503,-2.809968896,0.01139679353,0.6529881694,4.813816562,-12.56026939,16.48155446,-8.867384342,-0.05,0.05,-0.05,0.05
24.38,0.001654674366,0.09480585762,-0.01163707507,0.02559706868,-0.02870616639,0.02668941734,-0.6667552874,1.466604003,-1.64474218,1.529190971,0.01194324455,0.6842975065,1.639058013,-6.185982075,11.72807135,-7.852264541,0.05,-0.05,0.05,-0.05
24.392,-0.0006928588954,-0.03969789051,-0.004127166353,0.01066163902,-0.006417375908,0.01246335105,-0.2364692134,0.6108669187,-0.3676885551,0.7140974138,0.01258044781,0.7208065641,3.264775309,-5.483977122,6.441081956,-3.751617088,0.05,-0.05,0.05,-0.05
24.404,-0.001341172096,-0.07684350069,-0.00135204079,0.01605801186,-0.02939456406,0.02979196317,-0.077466231,0.9200563072,-1.684184461,1.706953753,0.01510337019,0.8653593681,2.348413232,-5.260496836,6.921629086,-4.060599939,0.02739648415,-0.05,0.05,-0.05
24.416,0.001644364228,0.09421513027,-0.003716676597,0.0002098399415,0.01509214259,-0.006004340584,-0.2129498828,0.01202294302,0.8647160743,-0.3440233742,0.005580965353,0.3197657603,2.935285345,-8.188181959,14.01703262,-9.528452754,0.05,0.003571703247,-0.05,0.05
24.428,0.002741892718,0.1570988806,-0.007382117563,0.01050075983,0.005055776739,-0.00619834426,-0.4229641802,0.6016492199,0.2896746693,-0.3551389661,0.001976074745,0.1132207429,-0.2021611522,-2.315197257,7.73306704,-6.726580817,0.05,-0.05,-0.05,0.05
24.44,0.003548123306,0.2032924906,-0.0009179309547,0.002811404087,-0.005155559262,0.004431284143,-0.05259356959,0.1610815887,-0.2953917868,0.2538938792,0.001169198013,0.06699011155,-4.293191678,3.608789604,2.365465882,-4.350751306,0.02448767268,-0.05,0.05,-0.05
24.452,-0.002265058329,-0.1297782826,0.01189320776,-0.0003359783439,-0.002065676527,-0.008913311605,0.6814306096,-0.01925014111,-0.1183545469,-0.5106951365,0.0005782412847,0.03313078515,6.970602068,-11.66511843,13.09054819,-7.649376358,-0.05,0.01905664199,0.03235433541,0.05
24.464,0.003130811563,0.179382289,0.006937768744,-0.007459389467,0.00775766888,-0.01322792202,0.3975048683,-0.4273915342,0.4444816857,-0.7579041032,-0.005991873858,-0.3433090834,0.9403662398,-10.83354612,22.3545208,-15.10776673,-0.05,0.05,-0.05,0.05
24.476,0.006028661769,0.3454168755,0.009137321597,-0.02421652729,0.002463930662,0.013017344,0.5235299636,-1.387504808,0.141172828,0.7458388719,0.0004020689765,0.02303685543,1.740249434,-1.34665894,-7.18584734,9.261174391,-0.05,0.05,-0.04702062723,-0.05
24.488,0.008848071083,0.5069571299,-0.001753466692,-0.03552792121,0.06231368662,-0.03155449498,-0.1004662409,-2.03559994,3.570311249,-1.807939387,-0.006522196255,-0.3736943186,-0.5523744803,-1.185532069,8.333580786,-7.584257542,0.03912864169,0.05,-0.05,0.05
24.5,-0.00632384497,-0.3623296271,0.01732450347,-0.004016404504,-0.01819545674,0.02015097171,0.992620931,-0.2301230269,-1.042522878,1.154565632,0.01526361394,0.8745406587,6.486689108,-13.76348311,19.4498188,-11.79847214,-0.05,0.05,0.05,-0.05
24.512,0.001470087109,0.08422978689,-0.01589787083,0.04016720962,-0.0296296397,0.009760418136,-0.910880902,2.301411586,-1.697653303,0.5592307655,0.00440011722,0.2521081461,-0.3867302662,-0.2208509313,2.668928168,-2.283702659,0.05,-0.05,0.05,-0.05
24.524,-0.003525713968,-0.2020085302,0.006150274998,-0.0006280496493,0.001066995926,0.006178202176,0.3523848002,-0.03598459423,0.06113436331,0.3539849097,0.01276742345,0.731519479,2.954613566,-9.082176381,12.32828211,-6.319858043,-0.05,0.02289926866,-0.03580219248,-0.05
24.536,-0.001060714651,-0.06077447276,0.001377301296,0.004574518205,-0.005458792676,0.009782612656,0.0789135514,0.2621005864,-0.3127657816,0.5605024178,0.01027563948,0.5887507741,1.063578759,2.278290998,-6.09071171,3.644333725,-0.03136420728,-0.05,0.05,-0.05
24.548,-8.124190582e-05,-0.004654818323,0.003202087638,-0.001770191393,0.004463871384,8.874913495e-05,0.1834661073,-0.1014244957,0.2557609906,0.005084950868,0.005984516765,0.342887553,-1.060937104,3.481307908,-6.801353099,4.560364267,-0.05,0.03546290273,-0.05,-0.006512845236
24.56,0.001259694492,0.07217517789,8.757467125e-05,0.01145925557,-0.01944974694,0.01148797416,0.005017659055,0.6565669804,-1.114388412,0.6582124343,0.003585057453,0.2054086613,0.9402999077,-1.675216362,1.845550409,-1.268877343,-0.002866942675,-0.05,0.05,-0.05
24.572,0.001106352483,0.06338932791,0.005467057462,-0.009654333631,0.02243751661,-0.02069465019,0.3132393189,-0.5531525711,1.285575004,-1.185716114,-0.002444409749,-0.140054362,-0.4260546199,0.4379887494,0.3872486,-0.8296653391,-0.05,0.05,-0.05,0.05
24.584,0.002383560019,0.1365679293,0.001285137487,0.00791281013,-0.02702879731,0.02194491572,0.07363295413,0.4533706245,-1.548636011,1.257351052,0.004114066029,0.2357186201,-5.448140949,12.36570008,-20.71949476,14.49670048,-0.02282488377,-0.05,0.05,-0.05
24.596,0.008446468096,0.4839469737,-0.01459294696,0.01611727018,-0.02764383581,0.0280062209,-0.8361142715,0.9234515586,-1.583875121,1.604638258,0.001886708314,0.1081004236,-4.993532648,15.33999241,-25.26483848,16.52331178,0.05,-0.05,0.05,-0.05
24.608,0.003523862186,0.2019024308,-0.004034812945,-0.006470296342,0.01744876254,-0.00410631754,-0.2311777529,-0.3707206726,0.9997404512,-0.2352746644,0.002837335712,0.1625673614,-5.283929606,12.65172202,-16.36391285,8.978207393,0.05,0.05,-0.05,0.05
24.62,-0.008716814697,-0.499436693,0.02297223416,-0.03534059113,0.05904628432,-0.03810136655,1.316212063,-2.024866717,3.383102887,-2.183047497,0.008576560798,0.4914007364,3.745729758,-9.317115967,15.30316542,-10.31756275,-0.05,0.05,-0.05,0.05
24.632,-0.004939497897,-0.2830123824,-0.004231167732,0.04230769181,-0.04875936086,0.02014887126,-0.2424280535,2.424052182,-2.793705589,1.154445285,0.009466034474,0.5423638241,3.633580125,-8.657709583,14.28566227,-9.783168845,0.05,-0.05,0.05,-0.05
24.644,-0.001464402312,-0.08390407198,-0.005962783596,0.03448113759,-0.04205940767,0.01930998624,-0.3416423342,1.975623657,-2.409826549,1.106380714,0.005768932562,0.3305354881,-4.688621814,8.861742997,-12.33200462,7.743227965,0.05,-0.05,0.05,-0.05
24.656,0.004216558206,0.2415909893,-0.007360635348,0.0138887118,-0.02590174622,0.02247432503,-0.42173334,0.795764569,-1.484060741,1.287683972,0.003100655262,0.1776544602,-0.6745108716,0.6523642918,-3.716092585,3.996707043,0.05,-0.05,0.05,-0.05
24.668,0.003419847405,0.1959428229,0.002301056654,-0.01640713469,0.0200618736,-0.006332614143,0.1318408347,-0.9400595716,1.149460686,-0.3628320637,-0.0003768185776,-0.02159011414,4.454372296,-10.87779183,17.18416099,-11.35022863,-0.05,0.05,-0.05,0.05
24.68,0.002570746605,0.1472929306,-0.002318912403,0.007467206778,-0.01228629914,0.006496857916,-0.1328638938,0.4278394331,-0.7039530868,0.3722425387,-0.0006411468545,-0.03673500881,-3.796212478,11.11862358,-16.82556094,9.899613443,0.05,-0.05,0.05,-0.05
24.692,-0.001028124388,-0.05890718824,0.006171405122,-0.004982364755,0.01234034078,-0.01545680233,0.3535954672,-0.2854684725,0.7070494443,-0.8856095385,-0.001927421189,-0.1104330995,4.204011868,-9.636271919,14.47445693,-9.223947842,-0.05,0.05,-0.05,0.05
24.704,-0.00276345861,-0.1583345152,0.01258685755,-0.01600973803,0.02104044682,-0.01771021399,0.7211738148,-0.9172904204,1.205528802,-1.014720516,-9.264765305e-05,-0.005308319501,-0.7216799371,0.9915179767,-2.830851719,2.770213546,-0.05,0.05,-0.05,0.05
24.716,0.004470650565,0.2561494091,0.001598369016,-0.02729979443,0.04355626125,-0.02259446159,0.09157979872,-1.564163002,2.495589941,-1.29456729,-0.004739625757,-0.2715605523,-3.039007016,5.369661462,-8.472649097,6.316083286,-0.03212511133,0.05,-0.05,0.05
24.728,0.003901136671,0.2235186665,-0.003635216727,-0.008382879112,0.007484494991,0.006330257442,-0.2082825761,-0.4803035933,0.4288299748,0.3626970347,0.001796656593,0.10294084,-2.445709895,8.517021573,-13.8968015,8.876719504,0.05,0.05,-0.05,-0.05
24.74,-0.00199469881,-0.1142878232,0.006657858505,-0.02742227776,0.06354161045,-0.04519477325,0.3814671929,-1.571180781,3.640666102,-2.589469763,-0.002417582061,-0.1385172487,-3.386376167,5.530168298,-3.962230369,0.7713174896,-0.05,0.05,-0.05,0.05
24.752,-0.008643753476,-0.4952505933,0.01697850805,-0.01446663054,0.02147909497,-0.01680298973,0.9727968537,-0.8288768736,1.23066149,-0.9627403947,0.007187982756,0.4118410751,3.00548778,-5.360342316,5.919906,-3.161697974,-0.05,0.05,-0.05,0.05
24.764,-0.002154512199,-0.1234444559,0.003546936752,-0.0185868211,0.05172043219,-0.03852221801,0.2032245061,-1.064946403,2.963362479,-2.207160509,-0.001841670165,-0.1055199277,-1.252134661,-3.427497588,9.99121157,-7.042064808,-0.05,0.05,-0.05,0.05
24.776,-0.004932389586,-0.2826051062,0.007258026309,-0.01103731698,0.01688087833,-0.004695699404,0.4158542751,-0.6323916799,0.9672030826,-0.2690437577,0.008405888256,0.4816219201,2.456447935,-3.727254298,1.967476085,0.4715905312,-0.05,0.05,-0.05,0.05
24.788,0.00198413912,0.1136827975,-0.0132653847,0.01333819734,-0.01250572316,0.01965637827,-0.7600505568,0.7642224141,-0.7165251568,1.126227515,0.007223467753,0.4138742157,-1.224526457,4.777677234,-8.643982829,5.767806727,0.05,-0.05,0.05,-0.05
24.8,-0.004624322875,-0.2649541838,0.0009101432033,0.003878837402,0.006022113712,-0.005021956873,0.0521473643,0.2222410125,0.3450416995,-0.2877369337,0.005789137444,0.3316931426,2.161044075,-0.9236445821,-0.6443664327,-0.2510228583,-0.02218419455,-0.05,-0.05,0.05
24.812,-0.002649749074,-0.1518194387,0.004667655272,-0.008732118243,0.02174628539,-0.01959423863,0.2674369473,-0.5003135216,1.245970373,-1.122667176,-0.00191241621,-0.1095733775,3.488713752,-9.146860131,12.42091715,-7.312111694,-0.05,0.05,-0.05,0.05
24.824,-3.117472082e-05,-0.001786179931,0.01193986061,-0.04150001691,0.06363241269,-0.0426231394,0.6841036211,-2.377775819,3.645868688,-2.442125997,-0.008550882996,-0.4899295068,0.3372363217,-5.427811671,10.01018973,-6.441495137,-0.05,0.05,-0.05,0.05
24.836,0.004415967612,0.2530163066,-0.01103321782,0.03818131538,-0.08333666831,0.0542453385,-0.6321568155,2.187628228,-4.774839373,3.108028954,-0.001943232243,-0.1113390061,5.27122696,-9.52797357,10.91528168,-6.138914982,0.05,-0.05,0.05,-0.05
24.848,0.005367963796,0.3075616701,-0.005938656858,0.006327100663,-0.01306356084,-0.0007881936352,-0.340259974,0.3625161645,-0.7484869016,-0.04516016873,-0.01346331067,-0.7713908797,-8.954480884,21.68480151,-30.85292451,18.03139704,0.05,-0.05,0.05,-0.0006911370659
24.86,-0.0007503229347,-0.04299033743,0.01348182193,-0.0272283904,0.0365028735,-0.03722859304,0.7724514967,-1.560071853,2.091460592,-2.133041259,-0.01447228801,-0.8292010228,-1.228982564,3.812273793,-5.648431462,2.989686152,-0.05,0.05,-0.05,0.05
24.872,0.001752482654,0.1004098597,0.005312231212,-0.01464807035,0.01649846971,-0.02124317898,0.3043684283,-0.8392726089,0.9452926828,-1.217144499,-0.0140805484,-0.8067559966,-1.895483049,2.251178906,-2.229833476,1.698147512,-0.05,0.05,-0.05,0.05
24.884,0.000582797821,0.03339185545,-0.0002843307197,0.009435986821,-0.03039752225,0.01554935966,-0.01629095022,0.5406422204,-1.741649733,0.8909126826,-0.00569650649,-0.3263857798,1.751920322,-1.48432516,-0.2249423823,1.089377495,0.004503355511,-0.05,0.05,-0.05
24.896,0.001227078334,0.07030640969,-0.002854124182,-0.005338940673,0.00717899933,-0.005356904599,-0.1635292699,-0.3058987676,0.4113263628,-0.3069280248,-0.006370970124,-0.3650296995,-2.045310833,1.839475202,-0.0705961056,-0.079041622,0.05,0.05,-0.05,0.05
24.908,-0.002229381688,-0.1277341617,-0.001474683819,0.001583415958,-0.00902030932,0.01066550043,-0.08449315894,0.09072305159,-0.5168256539,0.6110881613,0.001753923253,0.1004924,-0.3350278511,-0.1757832244,0.9713174013,-0.3065108881,0.03277807187,-0.03465936784,0.05,-0.05
24.92,-0.002968169725,-0.1700635981,0.001046945413,-0.0171067336,0.02687519013,-0.008692794105,0.05998555355,-0.9801436363,1.539834968,-0.4980604144,0.00212260784,0.1216164708,1.595845653,-2.372396924,1.63250309,-0.1691053757,-0.02462864474,0.05,-0.05,0.05
24.932,-0.00376695957,-0.215830885,-0.005991064203,0.01096582574,-0.01247554133,0.01199263252,-0.3432626936,0.6282955337,-0.7147958651,0.6871272287,0.004491852732,0.2573642038,0.6016580248,-0.48118837,1.541769862,-1.734619791,0.05,-0.05,0.05,-0.05
24.944,-0.0059310806,-0.3398258863,0.000251271396,0.004102953256,-0.005006918056,0.005071605432,0.0143967905,0.2350819051,-0.286875273,0.2905815866,0.004418912028,0.2531850093,0.2239463597,2.921552217,-8.64781915,6.640284861,-0.005751917072,-0.05,0.05,-0.05
24.956,-0.002299833435,-0.1317707494,-0.005848589616,0.007809825907,-0.006450027495,0.003467929139,-0.3350995011,0.4474700632,-0.3695593532,0.1986977033,-0.001020862064,-0.05849108774,-0.5624815459,4.343390572,-8.218520709,4.79294504,0.05,-0.05,0.05,-0.05
24.968,-0.001244400518,-0.07129889771,-0.004084417787,0.009047245152,-0.01467358606,0.004259803228,-0.234019901,0.5183689634,-0.8407345517,0.2440687465,-0.00545095547,-0.3123167427,-2.73769319,6.343852199,-9.498683152,5.493042675,0.05,-0.05,0.05,-0.05
24.98,0.0004102998472,0.02350844958,0.006025365695,-0.02314200054,0.02065825958,-0.0142970401,0.3452280244,-1.32593896,1.183631086,-0.819160057,-0.01075541536,-0.6162399072,-0.5415653868,-1.207792471,1.668533324,-0.7744601686,-0.05,0.05,-0.05,0.05
24.992,0.001152405245,0.06602795683,-9.24698336e-05,0.0009330229994,-0.01456591731,0.001331951189,-0.005298131198,0.05345828005,-0.8345655867,0.07631518167,-0.01239341296,-0.7100902562,-0.1400611414,2.222917673,-3.761555821,2.073933563,0.002174397481,-0.02274942366,0.05,-0.03137685973
25.004,0.002241279613,0.1284158625,-0.00231391872,-0.006101796837,0.0009550797913,-0.004655643686,-0.1325777768,-0.3496072062,0.05472204114,-0.2667487341,-0.01211627945,-0.694211676,-0.1935138733,-2.871528667,6.250995314,-3.650959602,0.05,0.05,-0.02726275072,0.05
25.016,-0.002037558953,-0.1167435285,-0.001609220947,0.008546854172,-0.02198263441,0.01110164254,-0.09220156859,0.4896986722,-1.259512174,0.6360772632,-0.003943358644,-0.2259378074,-3.724157515,8.871608455,-11.40646314,6.608265005,0.03912701836,-0.05,0.05,-0.05
25.028,-0.001313002787,-0.07522951818,-0.01143931423,0.02514195263,-0.03307694355,0.01745304346,-0.6554244259,1.440527775,-1.895169265,0.9999857298,-0.001921261691,-0.1100801862,0.9675460523,0.2262043427,-3.412293309,3.469079995,0.05,-0.05,0.05,-0.05
25.04,-0.0004904928131,-0.02810316807,-0.009694227038,0.02215985276,-0.05166438859,0.04366529613,-0.5554382949,1.269666038,-2.960151417,2.50183718,0.004466533266,0.2559135052,-8.623662313,22.88728073,-37.28701035,24.55462882,0.05,-0.05,0.05,-0.05
25.052,-0.00318181467,-0.1823045518,0.01742709353,-0.07358951905,0.09970846934,-0.04437757339,0.9984989086,-4.216368858,5.712874475,-2.54264766,-0.0008315295647,-0.0476431346,0.4841643985,-8.724128184,18.88097922,-12.74362404,-0.05,0.05,-0.05,0.05
25.064,0.005149961291,0.2950710466,-0.03079593264,0.04763535979,-0.07608493634,0.06565374805,-1.764476967,2.729305072,-4.359345737,3.761682673,0.006408238855,0.3671650405,1.641742868,0.3115962081,-2.776243323,2.317584558,0.05,-0.05,0.05,-0.05
25.076,-0.00502204241,-0.2877418346,0.0001948896202,-0.009994189239,0.008270254672,0.01159098401,0.01116635271,-0.572624863,0.4738506882,0.6641144642,0.01006193906,0.5765066421,-5.701239681,15.39641658,-23.11328255,14.08087018,0.001413668037,0.05,-0.05,-0.05
25.088,-0.01085024914,-0.6216734824,0.01263887106,-0.0380635905,0.08775147069,-0.06051750952,0.7241539696,-2.180883089,5.027788917,-3.467397882,0.001809241725,0.103661915,2.964891497,-9.72465966,18.6914516,-13.49029748,-0.05,0.05,-0.05,0.05
25.1,-0.007783071238,-0.4459371336,-0.01620286206,0.06592488316,-0.0800008509,0.03875817049,-0.928355612,3.77721757,-4.583711114,2.220679591,0.008479340695,0.4858304348,3.340483841,-2.85653386,-0.1953124816,0.903508556,0.05,-0.05,0.05,-0.05
25.112,-0.01193170956,-0.6836366,0.008831208436,0.02197007299,-0.04335593101,0.02262860425,0.5059909714,1.258792458,-2.484111864,1.29652352,0.01007395467,0.5771950856,-5.673531207,12.92251231,-19.67065898,12.41955201,-0.05,-0.05,0.05,-0.05
25.124,-0.00204033889,-0.1169028072,-0.01047590306,0.01563458134,0.003199652799,-0.01270377247,-0.6002250322,0.895795525,0.1833266013,-0.7278725467,-0.004345441404,-0.2489754526,-1.50711743,6.211310641,-13.163417,9.631886416,0.05,-0.05,-0.05,0.05
25.136,-0.004481112006,-0.2567488055,0.01405852336,-0.03214249864,0.02776408867,-0.007862840397,0.8054940546,-1.841629515,1.590765103,-0.4505075697,0.001817272993,0.1041220727,-3.55164867,5.01581823,-5.109562689,2.503261672,-0.05,0.05,-0.05,0.05
25.148,-0.0005552925927,-0.03181592196,-0.001991573507,-0.007245508233,0.02238414558,-0.02056822745,-0.1141087565,-0.4151370422,1.282517069,-1.178472625,-0.007421163615,-0.4252013542,-0.7816397214,4.690730057,-7.581985762,4.00126971,0.04459625687,0.05,-0.05,0.05
25.16,-0.00375159297,-0.2149504436,0.01156332951,-0.01678775757,0.01438669707,-0.01445612649,0.6625299781,-0.9618676564,0.8242970233,-0.8282750361,-0.005293857482,-0.3033156911,-3.055804579,7.128557701,-11.90660525,7.779081135,-0.05,0.05,-0.05,0.05
25.172,0.000456724531,0.02616838803,0.01187049916,-0.04332453266,0.06819850403,-0.05260771717,0.6801295023,-2.482312871,3.90748645,-3.014200164,-0.01586324664,-0.9088970819,-1.060354212,-3.726315588,11.46251374,-8.969553606,-0.05,0.05,-0.05,0.05
25.184,0.003665732403,0.2100309955,-0.00492673058,0.003918600851,0.0001559950292,-0.01522258957,-0.282280869,0.2245192904,0.008937856796,-0.8721901355,-0.01607472427,-0.9210138573,6.839768375,-15.38186199,21.91264006,-13.51752793,0.05,-0.05,-0.0253445307,0.05
25.196,0.003909459307,0.2239955185,0.001810221021,0.01649405083,-0.08143316937,0.05968361015,0.1037180245,0.9450394994,-4.665776917,3.419618968,-0.003445287374,-0.1974004258,-1.050462358,-0.1255781851,-0.4770021821,1.326602556,-0.0387744001,-0.05,0.05,-0.05
25.208,0.01656853374,0.9493070557,-0.0220657958,-0.02249173877,0.06428539796,-0.05053998449,-1.264276971,-1.288681705,3.683281987,-2.895727808,-0.0308121211,-1.765404497,-4.817411329,11.16620924,-13.1125858,6.63108542,0.05,0.05,-0.05,0.05
25.22,-0.0003826873778,-0.02192637162,0.007953971253,-0.0009646978499,-0.0305792324,0.01940050362,0.4557289831,-0.05527311531,-1.752060957,1.111566978,-0.00418945538,-0.2400381117,10.74361952,-20.5027223,25.89201365,-15.02967932,-0.05,0.041726075,0.05,-0.05
25.232,0.005722554317,0.3278782104,-0.01520012035,0.03778038175,-0.05916335877,0.02416632295,-0.8709027439,2.164656423,-3.389810759,1.384628311,-0.01241677441,-0.7114287689,-4.61769331,11.46234273,-15.39607541,8.501983635,0.05,-0.05,0.05,-0.05
25.244,0.002115200613,0.121192068,-0.005398565105,0.0238450861,-0.03918234447,0.009753811868,-0.309314996,1.366222796,-2.24498297,0.5588522542,-0.0109820116,-0.6292229154,-5.83988451,16.527099,-26.63442436,17.03984846,0.05,-0.05,0.05,-0.05
25.256,-0.0006323171753,-0.03622910546,0.002276803435,0.01354586501,-0.03023531647,0.006863219113,0.1304512276,0.7761208949,-1.732356026,0.3932334891,-0.007549428909,-0.4325504142,-5.644678553,14.17066271,-21.53877336,13.60324467,-0.04444499701,-0.05,0.05,-0.05
25.268,0.003469452882,0.1987850074,-0.008411769146,0.02166705711,-0.03790067836,0.01704921659,-0.4819588703,1.241430927,-2.171548911,0.9768481544,-0.007596173804,-0.4352286994,-2.204379068,10.97625441,-22.55567118,16.19704368,0.05,-0.05,0.05,-0.05
25.28,0.003363171879,0.1926955545,-0.001638223881,0.002451625401,-0.0263761344,0.02237209697,-0.0938633143,0.1404677884,-1.511241181,1.281826735,-0.003190635914,-0.1828099718,-6.607987963,13.59075786,-17.63516067,10.21352221,0.04264891335,-0.05,0.05,-0.05
25.292,0.0003089144908,0.01769949655,0.002097286361,-0.005196235586,0.004278763492,-0.006149866381,0.1201656569,-0.2977223684,0.2451550896,-0.3523613882,-0.004970052114,-0.2847630101,1.58884645,-1.959574027,2.888635991,-2.092457817,-0.0477291464,0.05,-0.05,0.05
25.304,0.0002606661713,0.01493507148,-0.006957682581,0.01781231698,-0.01787892511,0.003931418262,-0.3986458471,1.020570586,-1.024386951,0.2252536739,-0.003092872457,-0.1772085383,-1.244611057,3.759599623,-7.155829832,5.532865864,0.05,-0.05,0.05,-0.05
25.316,0.002677508734,0.1534099501,-0.00588748701,-0.006919242336,0.01311678109,-0.0009791690375,-0.3373281576,-0.3964433833,0.7515361971,-0.05610225328,-0.0006691172966,-0.03833759709,-3.854773673,1.374930959,4.825712044,-4.303059487,0.05,0.05,-0.05,0.02584477831
25.328,-0.003150037353,-0.1804838456,0.005866779043,-0.01413758466,0.01223546368,0.003233142319,0.3361416785,-0.8100239338,0.7010404291,0.1852454095,0.007197800375,0.4124035832,2.397953041,-6.14044022,10.20385086,-6.701172482,-0.05,0.05,-0.05,-0.05
25.34,-0.004049501552,-0.2320193481,-0.001802554822,0.008533032789,0.00516588561,-0.008816584401,-0.1032787837,0.4889067652,0.2959834429,-0.5051530759,0.003079779175,0.1764583486,-0.6990974497,6.912165516,-13.21568174,8.270475332,0.04035530354,-0.05,-0.05,0.05
25.352,-0.00485676795,-0.2782723056,0.01515621133,-0.02821527596,0.02946291322,-0.01106028068,0.8683869428,-1.61661623,1.68810058,-0.6337074033,0.005343567914,0.306163889,-3.477076565,5.129927843,-7.394029026,5.148859783,-0.05,0.05,-0.05,0.05
25.364,0.003101575043,0.1777071598,-0.0003060268615,-0.02511849458,0.03746158989,-0.01347244797,-0.01753404758,-1.439183727,2.146390994,-0.7719144085,-0.001435379525,-0.0822411888,-3.051111472,5.738393915,-7.921309388,5.105526063,0.009783702425,0.05,-0.05,0.05
25.376,0.00134855032,0.07726624181,-0.004789410985,0.001377705092,-0.001691239088,0.00753463494,-0.2744130358,0.07893668721,-0.09690086189,0.4317027822,0.00243168996,0.1393255718,-4.623375179,11.90145698,-16.16916917,9.016252928,0.05,-0.04221096902,0.05,-0.05
25.388,-0.002938244767,-0.1683490243,0.001537977933,-0.001698077026,0.01623910012,-0.01455002696,0.08811964456,-0.09729264685,0.9304319,-0.8336551364,0.001528974071,0.08760376128,3.950673524,-8.879945768,13.59031658,-8.915641772,-0.03778618805,0.04623764033,-0.05,0.05
25.4,0.001252886926,0.07178513306,-0.003418380446,0.001467333767,0.002062228684,-0.0002242514751,-0.1958587723,0.08407203198,0.118157,-0.01284866308,-0.0001130694697,-0.006478403408,-4.971787153,10.13013882,-15.09013964,9.743103106,0.05,-0.04241148169,-0.03027889142,-0.004809570653
25.412,0.002763613445,0.1583433866,-0.003019191754,0.009158946972,-0.03242187763,0.02877044847,-0.172986945,0.5247690063,-1.857636752,1.648425272,0.002488326059,0.1425705812,-5.751290263,13.188821,-17.89009052,9.950158909,0.05,-0.05,0.05,-0.05
25.424,0.005223231807,0.299269138,-0.01842288004,0.02955754294,-0.008242620724,-0.01472873559,-1.055553273,1.693522463,-0.4722673796,-0.8438943869,-0.01183669342,-0.6781925762,-4.881600396,16.48717728,-23.39205936,12.41760529,0.05,-0.05,0.05,0.05
25.436,-0.007977423926,-0.4570727224,0.02222551472,-0.02178275707,0.03270778226,-0.03407381313,1.273428191,-1.248060046,1.874017881,-1.952285684,-0.0009232732262,-0.0528996592,-0.7031356824,3.947163635,-9.769893569,7.464155451,-0.05,0.05,-0.05,0.05
25.448,0.005080686244,0.2911018788,-0.008389768255,0.007529177064,0.0006770411863,-0.007963543757,-0.4806983121,0.431390069,0.03879160253,-0.4562774473,-0.008147093762,-0.4667940879,-3.270464205,5.299289526,-8.222967344,6.129567951,0.05,-0.05,-0.006671938756,0.05
25.46,0.006473129083,0.3708829767,-0.006558721624,0.003735279932,-0.02558086976,0.02892360059,-0.3757870681,0.2140157754,-1.465675874,1.657200242,0.0005192891346,0.02975307576,-0.480786382,1.310584317,-2.924908066,2.650286169,0.05,-0.05,0.05,-0.05
25.472,0.001756438522,0.1006365143,-0.0002983386243,-0.009683741688,0.02724466804,-0.02160840198,-0.01709354404,-0.5548375286,1.561004493,-1.238070235,-0.004345814245,-0.2489968148,4.423105271,-10.08759944,18.50250538,-13.61684602,0.002140344464,0.05,-0.05,0.05
25.484,-0.0072346913,-0.4145172776,0.01845301675,-0.01543000014,0.02580323324,-0.027983271,1.057279979,-0.8840738861,1.478416362,-1.603323325,0.0008429788498,0.04829913031,4.189308932,-14.50541248,25.28167564,-16.77038609,-0.05,0.05,-0.05,0.05
25.496,-0.001067381336,-0.06115644566,-0.0007214749509,0.01969802489,-0.0234277849,0.003174508175,-0.04133746971,1.128613691,-1.342313198,0.1818859205,-0.001276726791,-0.07315105672,4.819853049,-11.53293676,15.7196986,-8.910938025,0.01105259587,-0.05,0.05,-0.05
25.508,0.006471318525,0.3707792394,-0.02010256569,0.04840925171,-0.07070875929,0.04063883486,-1.151792171,2.773645812,-4.051313482,2.328433722,-0.001763238406,-0.1010261189,-3.537571299,9.901223535,-16.43932475,10.9650564,0.05,-0.05,0.05,-0.05
25.52,0.001099961788,0.06302316807,0.003438716916,-0.005043549961,-0.00192463505,0.004650271919,0.1970239662,-0.2889741265,-0.1102734655,0.2664409545,0.001120803824,0.06421732875,-4.599386523,12.18006254,-19.67891517,12.8822505,-0.05,0.05,0.05,-0.05
25.532,-0.001683619042,-0.09646426542,-0.002372576243,0.019676272,-0.02038829351,0.005866930343,-0.1359386053,1.127367342,-1.16816317,0.3361503474,0.002782332592,0.1594159147,-0.336087625,10.77958797,-21.85706901,14.25792988,0.05,-0.05,0.05,-0.05
25.544,-0.002664418323,-0.1526599248,-0.0041310726,0.03221206343,-0.04464494948,0.023822463,-0.2366930249,1.845615284,-2.557967182,1.364926588,0.00725850435,0.4158816648,-7.827349338,19.22775927,-29.10691001,18.47732963,0.05,-0.05,0.05,-0.05
25.556,-0.002738143423,-0.1568840618,0.01019304965,-0.03929943093,0.08594051236,-0.05794815636,0.5840187252,-2.251691529,4.924028647,-3.32018479,-0.001114025279,-0.06382894676,-2.514268683,1.173744257,1.427784125,-1.136151875,-0.05,0.05,-0.05,0.05
25.568,-0.005527999607,-0.3167310466,0.005884677877,0.01979093375,-0.05967380748,0.05431553466,0.3371672061,1.133936976,-3.419057316,3.112050898,0.0203173388,1.164097764,7.988862373,-14.79013232,15.46913104,-6.981589613,-0.05,-0.05,0.05,-0.05
25.58,0.003170724342,0.1816691228,-0.01061837921,0.0167837796,-0.03505719148,0.04032559715,-0.6083883142,0.9616397354,-2.008629113,2.310486523,0.01143380605,0.6551088306,-8.792625885,15.35704735,-16.32033847,8.301488647,0.05,-0.05,0.05,-0.05
25.592,-0.001613579694,-0.09245130638,-0.003832832069,0.005700940468,0.003863570385,0.003928962772,-0.2196051011,0.3266398281,0.2213662769,0.2251129847,0.009660641556,0.5535139885,-1.785559107,11.7146047,-21.79260642,13.84994845,0.05,-0.05,-0.05,-0.05
25.604,-0.006349628501,-0.3638069146,0.01241976575,-0.01387468673,0.02677564722,-0.01705718405,0.71160016,-0.7949609918,1.534131579,-0.9773046565,0.008263542182,0.4734660909,-4.363767947,8.297776997,-9.537556894,4.555125112,-0.05,0.05,-0.05,0.05
25.616,-0.003864744681,-0.2214335591,0.007833582089,-0.01001819147,0.03484093736,-0.03241461519,0.4488311922,-0.5740000895,1.996238665,-1.857220645,0.0002417127913,0.01384912279,-0.3263075188,0.9838551779,-2.97675778,2.134840276,-0.05,0.05,-0.05,0.05
25.628,0.002938978958,0.1683910904,0.0005666369793,-0.0007540946283,-0.009964846081,0.01119620891,0.03246590743,-0.04320643956,-0.5709436239,0.6414955171,0.00104390518,0.05981136104,-4.43756408,8.456923661,-14.31305115,10.21135818,-0.008028449465,0.008133158162,0.05,-0.05
25.64,0.003600549361,0.2062962823,0.001844306031,-0.01048431142,0.01214945073,-0.006596445216,0.1056709517,-0.6007067955,0.6961122504,-0.3779484706,-0.003086999871,-0.176872064,0.6454831602,-3.352734056,10.04818683,-8.706740782,-0.04122021585,0.05,-0.05,0.05
25.652,0.002326958135,0.1333248802,-0.000242456215,0.001178757647,0.001550207667,-0.005009920572,-0.01389171783,0.06753783823,0.08882035667,-0.2870473045,-0.002523411474,-0.1445808274,-1.663330757,0.7808774806,1.679140508,-1.433015575,0.006997367486,-0.02671354571,-0.03578370917,0.05
25.664,0.002294808696,0.1314828531,-0.002844347545,0.001711810759,0.003487044844,-0.001699135448,-0.1629691098,0.09807953184,0.1997929525,-0.09735328999,0.0006553726098,0.03755008455,-0.9183001583,4.097961754,-6.738172794,4.404135166,0.05,-0.04175779846,-0.05,0.03297684469
25.676,3.113066354e-05,0.001783655635,-0.004452117285,0.01084377687,0.0006822581681,-0.004433206016,-0.2550875303,0.6213026485,0.03909051357,-0.2540039945,0.002640711734,0.1513016373,-2.662560773,1.991310364,3.629216658,-4.48068528,0.05,-0.05,-0.01863889636,0.05
25.688,0.0006349288446,0.03637874309,-0.001944871058,-0.003512646959,0.01771283172,-0.008493579339,-0.1114329033,-0.2012598457,1.014870501,-0.4866462491,0.003761734363,0.2155315026,-2.566691173,-1.55382007,9.596566203,-7.683285771,0.04535385446,0.05,-0.05,0.05
25.7,-0.00337514403,-0.1933815082,0.009922776328,-0.01589427567,0.01530753771,0.001864429806,0.5685332047,-0.9106749141,0.8770573054,0.1068239591,0.01120046818,0.6417395551,-2.291529267,6.589197858,-12.26228935,8.740603381,-0.05,0.05,-0.05,-0.04975805912
25.712,0.001313345684,0.07524916474,-0.002534466342,-0.01217073692,0.04176679577,-0.02639042539,-0.1452142247,-0.6973318591,2.393061121,-1.512059995,0.0006711671137,0.03845504296,-4.359689457,7.964433252,-8.91970134,4.468913988,0.05,0.05,-0.05,0.05
25.724,-0.004281967464,-0.2453386637,0.008908364194,0.002716806091,-0.01714074869,0.01685673972,0.5104116707,0.1556615228,-0.9820925576,0.9658200421,0.01134116131,0.6498006779,1.221721352,-2.480832845,1.189795534,0.2594852663,-0.05,-0.05,0.05,-0.05
25.736,0.002202610001,0.126200257,0.001882852894,-0.01623549231,0.02722939968,-0.01165952544,0.1078795243,-0.9302251875,1.560129681,-0.6680415989,0.00121723483,0.06974241844,-0.7417989908,-0.1249847733,1.521435083,-1.237703707,-0.04068096468,0.05,-0.05,0.05
25.748,0.0007416083217,0.04249102688,-0.0002635880952,0.004603921089,-0.004667552231,0.002488670076,-0.01510248538,0.2637852476,-0.2674310435,0.142590292,0.002161450839,0.1238420107,-1.803270745,4.697596781,-3.819308709,0.1990673981,0.007602208839,-0.05,0.05,-0.05
25.76,-0.003384951718,-0.1939434473,0.01252124723,-0.01071749241,0.01158056456,-0.01079636903,0.7174146208,-0.6140670818,0.6635174736,-0.6185863798,0.002587950353,0.1482786328,1.507426152,-5.321415195,6.402673568,-2.758250933,-0.05,0.05,-0.05,0.05
25.772,0.005967296924,0.3419009289,-0.01345038029,0.01646615495,-0.009498091713,0.002571644205,-0.7706500233,0.9434411834,-0.5442005686,0.1473443594,-0.003910672846,-0.2240650491,0.4706112717,-0.05486299223,-0.6543827932,0.7666058957,0.05,-0.05,0.05,-0.05
25.784,0.001844164339,0.1056628334,-0.002247223076,0.001375410228,0.003079085505,-0.001621870097,-0.1287563979,0.07880520115,0.1764186042,-0.09292631149,0.0005854025597,0.03354109599,-3.538111231,5.832606636,-5.952306945,3.000057939,0.05,-0.03609163164,-0.05,0.0326810842
25.796,0.003073291393,0.1760866261,-0.009281319726,0.02344231629,-0.03805872673,0.0275795305,-0.5317804486,1.343145786,-2.180604415,1.580190698,0.003681800332,0.21095162,-7.326349807,15.79879998,-20.37573379,11.32696745,0.05,-0.05,0.05,-0.05
25.808,0.002101369732,0.1203996168,-0.009429552035,0.01165915886,0.01395333543,-0.02096985161,-0.5402735343,0.6680205952,0.79946723,-1.201483994,-0.00478690936,-0.2742697033,-4.941615813,13.68822927,-19.62547708,11.21455956,0.05,-0.05,-0.05,0.05
25.82,-0.007284554886,-0.4173742506,0.02517955717,-0.04203285323,0.06251048108,-0.04391765219,1.442682356,-2.408305091,3.581586741,-2.516296117,0.001739532815,0.0996678886,0.5014617474,-4.770526864,8.944561614,-5.827428595,-0.05,0.05,-0.05,0.05
25.832,0.0001289447806,0.007387991721,-0.006735060385,0.04301948076,-0.07992143316,0.05018423861,-0.3858905348,2.464834684,-4.579160813,2.87534507,0.006547225815,0.3751284067,4.513617095,-9.401092358,11.99127273,-6.768795429,0.05,-0.05,0.05,-0.05
25.844,0.002902906668,0.1663243004,0.009229448239,-0.04490545423,0.07222042463,-0.04390137575,0.5288084313,-2.572893005,4.137925526,-2.515363545,-0.007356957115,-0.4215225927,-6.936514652,13.80682554,-19.31259244,12.07060654,-0.05,0.05,-0.05,0.05
25.856,0.001444174133,0.08274508271,0.01277849295,-0.04720794404,0.06675703113,-0.03655036452,0.7321537146,-2.704815953,3.824896137,-2.094181627,-0.004222784473,-0.2419477281,9.995202975,-25.74434111,38.8696385,-23.99405161,-0.05,0.05,-0.05,0.05
25.868,0.01063896516,0.6095678021,-0.02404877884,0.04011122069,-0.07148162004,0.05396463547,-1.37789353,2.298203656,-4.095595141,3.091945855,-0.001454542728,-0.08333915943,-4.469356543,13.49532247,-21.94275431,14.04263683,0.05,-0.05,0.05,-0.05
25.88,0.001006970261,0.05769514606,0.01399048742,-0.05516866406,0.08462593418,-0.04923455076,0.8015958827,-3.160931612,4.848708866,-2.820931965,-0.005786793217,-0.3315588283,-1.212307629,1.689456355,0.3514746429,-1.470567651,-0.05,0.05,-0.05,0.05
25.892,-0.001459233445,-0.08360791771,0.005196730201,-0.01522112989,0.0354271945,-0.02820089098,0.2977507078,-0.8721065022,2.029828725,-1.615792031,-0.002798096168,-0.1603191011,6.249731079,-10.57464159,11.87226706,-6.436126045,-0.05,0.05,-0.05,0.05
25.904,0.0008415539743,0.04821749096,0.004725340301,-0.02819690913,0.05565549622,-0.03795090936,0.270742056,-1.615563889,3.18882504,-2.174426935,-0.005766981971,-0.3304237275,-1.617053605,-2.048238047,7.126900355,-5.066012883,-0.05,0.05,-0.05,0.05
25.916,-0.0002785686559,-0.01596080829,0.006014402379,-0.02317188184,0.03603085556,-0.01997385821,0.3445998726,-1.327651033,2.064415956,-1.144417776,-0.00110048212,-0.06305298092,2.852999744,-4.18023896,1.961085854,0.5197653726,-0.05,0.05,-0.05,0.05
25.928,-0.004595992491,-0.2633309724,0.02030619011,-0.04448864193,0.05483411636,-0.02829764129,1.163458991,-2.549011419,3.141763441,-1.621335416,0.002354023252,0.1348755972,2.971477961,-7.371939412,11.13570472,-6.996283543,-0.05,0.05,-0.05,0.05
25.94,-0.001337607695,-0.07663927554,-0.0036818671,0.01550693951,-0.01284195086,0.0003865155891,-0.2109554456,0.888482187,-0.7357895852,0.02214571197,-0.0006303628669,-0.03611713183,4.744600332,-12.38997781,22.10898051,-15.56461821,0.05,-0.05,0.05,0.007061275252
25.952,0.001700508415,0.09743195519,-0.0194021461,0.05308370846,-0.06167247662,0.02618234755,-1.111661085,3.041472456,-3.533572623,1.500138013,-0.001808566708,-0.1036232393,-3.913622586,13.69420229,-24.59578053,16.61113524,0.05,-0.05,0.05,-0.05
25.964,-0.005519516211,-0.3162449838,0.02198396818,-0.05796459168,0.09571702815,-0.06342079721,1.259588594,-3.321126465,5.48418174,-3.633744013,-0.003684392565,-0.2111001441,-1.371877118,-0.7092714703,2.423652461,-1.208120479,-0.05,0.05,-0.05,0.05
25.976,0.0004174226815,0.02391655792,-0.01673632388,0.06974537441,-0.1300856422,0.08785298624,-0.9589207229,3.996115595,-7.453358272,5.033605329,0.01077639459,0.6174419285,3.951919398,-5.002204192,3.300065797,-0.9701419773,0.05,-0.05,0.05,-0.05
25.988,-0.005618676369,-0.3219264424,0.01937251127,-0.04146338233,0.06027967586,-0.03910313847,1.109963134,-2.375676812,3.453771017,-2.2404448,-0.0009143336774,-0.05238746078,-5.728378204,10.58326754,-11.73986108,5.801320845,-0.05,0.05,-0.05,0.05
26,-0.003729719878,-0.2136972078,-0.003957895838,0.03890693176,-0.06503717858,0.03482217519,-0.2267707273,2.229202984,-3.726355844,1.995163672,0.004734032524,0.2712400837,6.532588415,-14.39196097,21.20498393,-13.52765267,0.05,-0.05,0.05,-0.05
26.012,-0.001037101197,-0.05942152152,-0.008694076696,0.04007414396,-0.05720119516,0.02452524667,-0.4981339014,2.296079316,-3.277387066,1.405193126,-0.001295881225,-0.07424852496,-5.578118636,11.16071216,-14.0749963,7.823979295,0.05,-0.05,0.05,-0.05
26.024,0.00293846032,0.1683613746,-0.01103799916,0.02190919872,-0.02327469252,0.00510686012,-0.6324307664,1.255304619,-1.333541651,0.2926015314,-0.007296632843,-0.4180662665,-6.378430289,15.66308633,-25.26878448,16.63472103,0.05,-0.05,0.05,-0.05
26.036,0.004843741323,0.2775259349,-0.01034681386,0.01633628538,-0.03109901581,0.01949298945,-0.5928287657,0.9360002052,-1.781842353,1.116866025,-0.005616554844,-0.321804888,-6.519750545,16.04716794,-25.80735139,16.92492281,0.05,-0.05,0.05,-0.05
26.048,0.004877372224,0.2794528435,-0.006573815717,0.007504795748,-0.02817872047,0.02276349533,-0.3766518959,0.4299931225,-1.614521755,1.304252209,-0.004484245106,-0.2569283189,-5.432754453,12.78359718,-17.27065701,9.68337098,0.05,-0.05,0.05,-0.05
26.06,-0.001957906203,-0.1121797621,0.009782972526,-0.01609857589,0.0195795047,-0.02021233922,0.5605230368,-0.9223804547,1.121822984,-1.158081731,-0.006948437879,-0.3981161647,4.615875037,-10.66214144,17.99549907,-12.62322177,-0.05,0.05,-0.05,0.05
26.072,-0.002120438368,-0.1214921692,0.0100355574,-0.01162128145,0.005477832441,-0.009304710231,0.5749950843,-0.6658503794,0.3138566797,-0.5331206258,-0.005412601833,-0.3101192412,0.6178093739,-0.3322236649,-3.242172253,3.859657539,-0.05,0.05,-0.05,0.05
26.084,0.005985310954,0.3429330567,-0.002555282244,-0.02025762449,0.02211101095,-0.009240770182,-0.1464068881,-1.160676386,1.266867608,-0.5294571309,-0.009942665964,-0.5696727968,-4.277336657,7.027646495,-9.19080121,6.135307062,0.05,0.05,-0.05,0.05
26.096,0.002291577134,0.1312976982,0.005355967492,-0.02608999147,0.01896859996,-0.00212727527,0.3068743325,-1.494846399,1.086820721,-0.1218838948,-0.003892699294,-0.2230352405,-2.398423516,5.932401491,-8.052765829,4.605924623,-0.05,0.05,-0.05,0.04219413132
26.108,0.001576475436,0.090325389,0.002320947744,-0.02021555041,0.02555291148,-0.01360788754,0.1329805102,-1.158265719,1.464073982,-0.7796745242,-0.005949578729,-0.3408857511,-3.75303592,6.64252483,-7.78392264,4.237675153,-0.04730781444,0.05,-0.05,0.05
26.12,0.0002805264423,0.01607298119,0.004358132247,-0.02555333966,0.04279319563,-0.0292726338,0.2497025843,-1.464098515,2.451869502,-1.677198372,-0.00767464559,-0.4397248016,-0.540038448,3.298829059,-5.82292474,3.560309142,-0.05,0.05,-0.05,0.05
26.132,-0.002942333561,-0.168583295,0.007516660492,-0.006219543088,-0.01505496329,0.01734604533,0.4306729222,-0.3563535694,-0.8625858575,0.9938551887,0.00358819944,0.205588684,-3.739998107,9.319476747,-15.30079275,10.38226687,-0.05,0.05,0.05,-0.05
26.144,0.001486957109,0.08519636665,-0.01218610943,0.01202746666,6.882002702e-05,-0.00420927345,-0.6982126391,0.6891230777,0.003943097094,-0.2411736035,-0.004299096197,-0.2463200678,-3.267950613,12.74089982,-20.98424215,13.06116862,0.05,-0.05,0.01947020155,0.05
26.156,-0.005986183365,-0.3429830422,0.009357047578,-0.0158777972,0.01791562245,-0.006214098588,0.5361193349,-0.9097307673,1.026489554,-0.3560416226,0.005180774249,0.2968364991,-4.209653281,8.777118479,-11.64802646,6.967756096,-0.05,0.05,-0.05,0.05
26.168,-0.007554362058,-0.4328330628,0.01937288218,-0.05960932015,0.104217878,-0.06414367745,1.109984386,-3.415362464,5.971244559,-3.675162,-0.0001622374128,-0.009295519031,2.776346147,-10.85262394,19.15072606,-12.35732874,-0.05,0.05,-0.05,0.05
26.18,0.001208440793,0.06923855726,-0.02848248166,0.06573256214,-0.08510933423,0.05451585155,-1.631925989,3.766198387,-4.876405649,3.12352821,0.006656597793,0.3813949594,0.9839912376,1.715916893,-4.891468004,3.48440741,0.05,-0.05,0.05,-0.05
26.192,-0.01082519897,-0.6202382135,0.02755192801,-0.07328184689,0.1196346091,-0.06957371382,1.578609193,-4.198740542,6.854558184,-3.986280167,0.004330976386,0.2481466681,-2.233437198,3.703833222,-5.344969987,3.658079025,-0.05,0.05,-0.05,0.05
26.204,-0.002448259653,-0.1402749453,-0.02652096711,0.09252693835,-0.1514398611,0.1033857299,-1.519539484,5.301403058,-8.676864891,5.923565988,0.01795184009,1.028564671,2.20002155,-2.223085112,1.316670954,-0.5243770467,0.05,-0.05,0.05,-0.05
26.216,-0.009751419476,-0.5587151802,0.02357473544,-0.0584088024,0.08964395354,-0.04889027012,1.350732844,-3.346577864,5.136220197,-2.801206137,0.005919616464,0.3391690397,-3.134254541,3.608368294,-2.95040024,1.386919011,-0.05,0.05,-0.05,0.05
26.228,-0.005422553092,-0.3106894064,0.007761436199,-0.03307712228,0.06508577443,-0.03685433829,0.4446975372,-1.895179505,3.729140181,-2.111598041,0.002915750064,0.1670601728,8.107493884,-22.05350426,34.89575173,-22.04293595,-0.05,0.05,-0.05,0.05
26.24,0.002185729771,0.125233091,-0.0298358167,0.06539113736,-0.09064893588,0.06415274433,-1.709466375,3.746636188,-5.193801443,3.675681494,0.009059129109,0.519049864,-1.92857805,10.54930277,-20.37579164,13.86340628,0.05,-0.05,0.05,-0.05
26.252,-0.0107682518,-0.6169753808,0.02905943626,-0.07531613901,0.1060365674,-0.04958548394,1.664983053,-4.315296894,6.075447788,-2.841038955,0.01019438075,0.584094992,-0.175032334,-3.416945214,6.405312885,-3.623713036,-0.05,0.05,-0.05,0.05
26.264,0.001014415733,0.05812174019,-0.01897625653,0.03052231453,-0.05451477095,0.05740445488,-1.08725941,1.748799803,-3.123466297,3.28903299,0.01443574192,0.8271070864,3.042671102,-7.754357424,11.34989648,-6.488178839,0.05,-0.05,0.05,-0.05
26.276,-0.000490840683,-0.02812309955,-0.01458397295,0.01550814199,-0.02089229204,0.03219893322,-0.8356000985,0.8885510839,-1.197040158,1.844862978,0.01223081022,0.7007738054,-1.90438437,6.663823447,-10.4410314,6.195506015,0.05,-0.05,0.05,-0.05
26.288,-0.002793629594,-0.1600631852,-0.00997378601,0.01948312059,-0.03388920497,0.03823915835,-0.5714558441,1.116300581,-1.941708416,2.190942386,0.01385928796,0.7940787069,-0.1550502957,3.738479826,-7.6816958,4.781771539,0.05,-0.05,0.05,-0.05
26.3,-0.003218898058,-0.1844292734,-0.005153246477,0.0154122496,-0.0325236138,0.03324695632,-0.2952592739,0.8830568551,-1.863465805,1.904910279,0.01098234564,0.6292420544,-2.190380268,5.262950234,-6.929245979,3.395660577,0.05,-0.05,0.05,-0.05
26.312,0.001604226417,0.0919154031,-0.01498847601,0.02039973905,-0.01743410899,0.01161530619,-0.8587764168,1.168818951,-0.9989008645,0.6655080227,-0.000407539755,-0.02335030794,-1.930745493,4.912770727,-6.292521656,2.967639178,0.05,-0.05,0.05,-0.05
26.324,-0.001697006547,-0.09723131296,-0.001111291109,0.002969212325,-0.005799292849,0.004084925347,-0.06367229035,0.1701233347,-0.3322750044,0.234048982,0.0001435537151,0.008225022009,-4.061290984,6.933303008,-7.096422706,3.102857973,0.02850969538,-0.05,0.05,-0.05
26.336,-0.0005662804516,-0.0324454799,0.0004432934971,-0.0002911893208,-0.00618999407,0.003521690942,0.02539884647,-0.01668391912,-0.3546605354,0.2017780277,-0.002516198952,-0.1441675804,-2.192236879,1.915374909,0.342358683,-1.350447174,-0.007560220056,0.004490790148,0.05,-0.05
26.348,-0.004413234533,-0.2528597127,0.01880475154,-0.03073684791,0.0212924557,-0.01050372861,1.077432898,-1.761091661,1.219967847,-0.6018193182,-0.001143369281,-0.06551023422,2.590644487,-3.07190192,-0.4800219526,1.971868454,-0.05,0.05,-0.05,0.05
26.36,0.002676030432,0.1533252496,-0.006584897673,0.0107862598,-0.0148864593,0.001987670784,-0.3772868452,0.6180071635,-0.8529312896,0.113885147,-0.008697426382,-0.4983258243,-0.7712353558,5.150167209,-9.124171294,5.559552055,0.05,-0.05,0.05,-0.0492883093
26.372,0.002562250279,0.1468061271,-0.003146395961,-0.01008523002,0.02784476437,-0.02632884563,-0.1802752092,-0.5778411156,1.59538748,-1.508531734,-0.01171570724,-0.671260579,-3.822664903,2.066475629,2.169200313,-2.165542065,0.05,0.05,-0.05,0.05
26.384,0.0004805062216,0.02753097853,0.007326367857,-0.02844197993,0.0338789148,-0.01865865579,0.4197699574,-1.629605411,1.941118833,-1.069062228,-0.005895353057,-0.3377788489,-1.117148468,-0.89027049,3.601834126,-2.446478351,-0.05,0.05,-0.05,0.05
26.396,-0.002219587693,-0.127173007,0.01178747402,-0.03054298085,0.03591111039,-0.02024469751,0.6753725123,-1.749983896,2.057555063,-1.159935725,-0.003089093946,-0.1769920456,3.77970231,-14.67712406,28.02719177,-19.24621968,-0.05,0.05,-0.05,0.05
26.408,0.0009883370758,0.05662754318,-0.01351568869,0.04090394659,-0.06425212653,0.03685305374,-0.7743919193,2.343623505,-3.681375675,2.111524442,-1.081488812e-05,-0.0006196474455,3.832383107,-5.19122286,4.632059113,-2.169198579,0.05,-0.05,0.05,-0.05
26.42,0.0008943124211,0.05124032729,-0.001349974112,-0.005418909041,0.00719772935,-0.004492683444,-0.07734781909,-0.3104806176,0.4123995138,-0.2574118001,-0.004063837249,-0.232840723,-7.686448699,18.38683242,-27.97562411,17.76895665,0.03738587917,0.05,-0.05,0.05
26.432,-0.007166610112,-0.4106165128,0.01782480791,-0.00865590379,-0.02799382704,0.02876658296,1.021286264,-0.495946755,-1.603928142,1.648203795,0.009941660051,0.5696151623,8.366855898,-22.13085574,32.98674902,-19.97933656,-0.05,0.05,0.05,-0.05
26.444,0.007136897827,0.4089141243,-0.0234986988,0.0216923787,-0.00436067442,-0.004115450726,-1.346376265,1.242881747,-0.2498482401,-0.2357979574,-0.01028244524,-0.5891407154,-9.223752695,23.83295748,-34.61609992,20.79938239,0.05,-0.05,0.05,0.05
26.456,-0.007622400102,-0.4367313556,0.02452386097,-0.06160522883,0.08826670179,-0.04840902872,1.405113731,-3.529719608,5.057309484,-2.773633036,0.002776305208,0.1590705711,5.955431506,-13.98414896,19.24951851,-10.93139359,-0.05,0.05,-0.05,0.05
26.468,0.001427479986,0.08178857855,-0.018962258,0.05069895384,-0.09209414645,0.07143531609,-1.086457353,2.90483608,-5.276605909,4.09294212,0.01107786548,0.6347149381,-0.5846309499,1.876460196,-2.532874626,1.532978215,0.05,-0.05,0.05,-0.05
26.48,0.001622570315,0.09296643102,-0.005494275558,-0.03476662358,0.0904382395,-0.05610628997,-0.314798801,-1.991980799,5.18172943,-3.21465362,-0.005928949614,-0.3397037898,-6.308858487,10.34845952,-9.662063322,4.358119384,0.05,0.05,-0.05,0.05
26.492,-0.007804015082,-0.4471371275,0.003938260333,-0.003524082041,0.01985974119,-0.0110917617,0.2256456957,-0.2019150276,1.137879353,-0.6355111325,0.009182157792,0.5260988883,9.564485135,-20.8524803,29.94677446,-18.47569653,-0.05,0.05,-0.05,0.05
26.504,-0.006993242923,-0.4006833046,0.003536849372,-0.003231051568,0.01553577359,-0.006552347665,0.2026465418,-0.1851256182,0.890134258,-0.3754218671,0.009289223726,0.5322333144,1.591567451,-4.716007915,6.470255778,-3.614874139,-0.05,0.05,-0.05,0.05
26.516,-0.002777217834,-0.1591228607,-0.001976465681,0.003808740993,-0.004418339457,0.009222016198,-0.1132431419,0.2182247841,-0.2531522033,0.5283826067,0.006635952053,0.3802120457,-2.717173761,5.909172732,-9.24322942,5.713256942,0.04619941873,-0.05,0.05,-0.05
26.528,-0.00190121351,-0.10893151,-0.0006683270467,0.007257543587,-0.007587731904,0.0005083644116,-0.03829231911,0.4158266172,-0.4347450142,0.02912713524,-0.0004901509512,-0.02808358083,-1.640553388,5.247955078,-7.625255245,3.480546279,0.01634374841,-0.05,0.05,-0.01466456334
26.54,0.001802882688,0.103297569,0.002988579652,-0.01192169108,0.01436378565,-0.01415787151,0.1712330008,-0.6830625838,0.8229842954,-0.8111862843,-0.008727197295,-0.500031572,0.5648131143,-5.395846207,10.48075642,-7.181458767,-0.05,0.05,-0.05,0.05
26.552,0.002035843119,0.1166452184,0.007606365949,-0.01989769218,0.01754662171,-0.01561567426,0.4358126663,-1.140053784,1.005347369,-0.8947122293,-0.01036037877,-0.5936059778,-1.348367556,2.211258294,-2.885785021,1.694452942,-0.05,0.05,-0.05,0.05
26.564,0.003725142636,0.2134349511,-0.002632695601,0.00950872673,-0.02664309453,0.01039348538,-0.1508423467,0.5448099102,-1.52653687,0.5955028464,-0.009373578026,-0.5370664598,0.6057690763,-0.7061081432,1.095363655,-0.8560410962,0.05,-0.05,0.05,-0.05
26.576,0.001895675598,0.1086142111,0.002979290102,-0.008452132732,0.0116500383,-0.01776906938,0.1707007488,-0.4842715334,0.667498026,-1.018092681,-0.0115918737,-0.6641654398,-1.091047518,1.42137715,-0.2739845099,-0.4068410444,-0.05,0.05,-0.05,0.05
26.588,-0.0006287522211,-0.03602484863,0.001305565489,0.01253164606,-0.02611397172,0.006921048582,0.07480339238,0.7180104296,-1.496220366,0.3965468736,-0.005355711585,-0.3068596701,1.668142323,-1.443111016,0.2062896847,0.4443489536,-0.03039058307,-0.05,0.05,-0.05
26.6,3.481399939e-05,0.001994695233,0.005823779539,-0.01585431296,0.02129439598,-0.01854638229,0.3336779884,-0.9083852197,1.220079017,-1.062629431,-0.007282519736,-0.4172576451,4.822902397,-9.142664215,8.975951445,-3.55301763,-0.05,0.05,-0.05,0.05
26.612,0.001232600145,0.07062278614,0.01312099188,-0.03937126013,0.03112410714,-0.008384609213,0.751777458,-2.25580704,1.78327998,-0.4804027208,-0.003510770323,-0.2011523223,-0.5517076152,-6.443101402,14.77952297,-10.07164858,-0.05,0.05,-0.05,0.05
26.624,0.009233923972,0.5290648719,-0.0123557088,-0.02280761519,0.06173734479,-0.04536154787,-0.707929967,-1.306780091,3.537289295,-2.599025245,-0.01878752707,-1.076446009,2.081553884,-4.817125247,9.611828371,-7.332946765,0.05,0.05,-0.05,0.05
26.636,-0.007629110308,-0.4371158221,0.0277625082,-0.02592265368,-0.008364168606,0.01134509892,1.590674548,-1.485258649,-0.4792315602,0.6500262865,0.004820784839,0.2762106252,7.246825127,-15.72153414,19.97995621,-11.36223662,-0.05,0.05,0.05,-0.05
26.648,0.005504164586,0.3153654005,-0.0171073947,0.05619915665,-0.103280798,0.05850741507,-0.9801815146,3.219974488,-5.917553828,3.352227954,-0.005681620955,-0.3255329015,-5.231539653,13.65455121,-19.48373284,11.21945572,0.05,-0.05,0.05,-0.05
26.66,-0.00203444501,-0.1165651127,0.02144123706,-0.05503914366,0.0921606917,-0.0770548735,1.228492391,-3.153510639,5.280418671,-4.414919042,-0.0184920884,-1.059518619,-0.8329657438,-1.587550984,5.80686648,-4.847375147,-0.05,0.05,-0.05,0.05
26.672,0.00222879467,0.127700528,-0.01411449435,0.06089661547,-0.08459259296,0.02438760137,-0.8087009564,3.489119053,-4.846798554,1.397306631,-0.01342287047,-0.769073827,4.268580702,-6.763084378,9.058919187,-6.240416164,0.05,-0.05,0.05,-0.05
26.684,0.001853804054,0.1062151483,-0.003826143518,0.03699390012,-0.06462665806,0.01801315497,-0.2192218754,2.119594344,-3.702834751,1.032077755,-0.0134457465,-0.7703845266,-8.310779188,21.96501038,-35.60877086,23.06470501,0.05,-0.05,0.05,-0.05
26.696,-0.0003131809628,-0.01794394739,0.0245087557,-0.05519963743,0.06782315553,-0.05505524509,1.404248263,-3.162706255,3.885980565,-3.154433184,-0.01792297129,-1.026910611,0.8525080438,-8.764805051,14.50607082,-7.87879628,-0.05,0.05,-0.05,0.05
26.708,0.01378597337,0.7898780904,-0.0148154289,0.003349965156,-0.02380356359,0.01733217093,-0.8488615475,0.1919388649,-1.363843731,0.9930602438,-0.01793685641,-1.02770617,4.273514338,-12.12704227,17.42283844,-9.586537979,0.05,-0.05,0.05,-0.05
26.72,0.01638914596,0.9390288932,-0.02068732379,0.007506076531,-0.04318656702,0.0440001497,-1.185296343,0.4300665059,-2.474408022,2.521022876,-0.01236766458,-0.7086149828,-4.74960276,13.11581223,-19.73503134,12.43003608,0.05,-0.05,0.05,-0.05
26.732,0.007160148002,0.4102462612,-0.005394196483,-0.01085002587,-0.0005245155343,0.008721081637,-0.3090646923,-0.6216606898,-0.03005252641,0.4996811706,-0.008047656247,-0.4610967379,-2.455173302,11.79578444,-19.06064319,11.2978308,0.05,0.05,0.03059998495,-0.05
26.744,-4.353136647e-05,-0.002494163575,-0.006837974167,0.02621291364,-0.03278582703,0.007696592973,-0.3917870602,1.50188932,-1.878489517,0.440982294,-0.005714294587,-0.3274049627,-3.166090364,12.04436351,-20.1585919,12.45907941,0.05,-0.05,0.05,-0.05
26.756,0.0008157969131,0.04674172006,-0.003545145293,0.01690659924,-0.03285750009,0.01560070236,-0.203121863,0.9686767822,-1.88259608,0.8938544029,-0.003895343781,-0.2231867584,-4.623986609,9.002444837,-14.33196686,10.24402228,0.05,-0.05,0.05,-0.05
26.768,0.001923544911,0.1102110051,0.001645483496,-0.0132608175,0.006024691391,0.00346687646,0.09427925958,-0.7597888756,0.3451893896,0.1986373892,-0.002123766151,-0.1216828371,1.68728387,-6.070722489,11.01788599,-7.025897891,-0.03788792078,0.05,-0.05,-0.05
26.78,-0.002067371299,-0.1184516501,0.002459527713,0.0008578183909,-0.006343505359,0.003946328839,0.1409205575,0.04914937339,-0.3634560844,0.226107987,0.0009201695833,0.05272183356,1.059851839,-2.40921895,3.655862145,-2.240024604,-0.05,-0.01646278565,0.05,-0.05
26.792,-0.00357036559,-0.2045668797,0.003828869288,-0.001373333266,0.001355663861,-0.0009725710567,0.2193780505,-0.07868620003,0.0776738177,-0.05572421682,0.002838628826,0.1626414514,1.324632297,-0.3636655642,-2.675749847,2.893346303,-0.05,0.03057699743,-0.02714885511,0.01850321694
26.804,0.002201492115,0.1261362068,-0.01314814763,0.02014071601,-0.02461737537,0.01971024652,-0.7533333677,1.153978024,-1.410471711,1.129313939,0.002085439525,0.1194868832,-2.267730858,7.674486348,-13.81234716,9.461577697,0.05,-0.05,0.05,-0.05
26.816,0.0001339791531,0.007676440017,-0.002069756614,-0.008083917917,0.01271864947,0.0006063879155,-0.1185883186,-0.4631743786,0.7287249359,0.0347434683,0.003171362857,0.181705707,2.132678044,-7.031572984,12.54317103,-8.364715038,0.04340196747,0.05,-0.05,-0.004975819103
26.828,-0.0003896342408,-0.02232439755,-0.00813583235,0.01621355556,-0.01033695211,0.003007000231,-0.4661488565,0.9289683042,-0.5922637291,0.1722884222,0.0007477713243,0.04284414093,-5.386258637,13.11300631,-17.80046389,9.865082398,0.05,-0.05,0.05,-0.05
26.84,-0.002926042393,-0.1676498798,-0.001506612268,0.02785926534,-0.05531448503,0.03593919234,-0.08632252431,1.596218324,-3.169286538,2.05916404,0.006977360376,0.3997733017,-0.2960831022,3.359523892,-8.722160503,6.500191646,0.03344155299,-0.05,0.05,-0.05
26.852,0.005120647729,0.2933915032,-0.01534317301,0.02370498379,-0.02223634797,0.007236990501,-0.8790990577,1.358195525,-1.27404889,0.4146490121,-0.006637546685,-0.3803034114,-2.29929792,3.664687386,-2.630191236,0.393290972,0.05,-0.05,0.05,-0.05
26.864,-0.00161552022,-0.09256249035,0.006554526029,0.01201922774,-0.04841028753,0.03324590872,0.3755466781,0.6886510224,-2.77370516,1.904850256,0.003409374963,0.1953427962,2.138552345,-5.490940925,6.628095708,-3.455911647,-0.05,-0.05,0.05,-0.05
26.876,0.01185638268,0.6793206881,-0.02947219752,0.03644232103,-0.02559728163,0.002278316184,-1.688632531,2.087991191,-1.466616204,0.1305379017,-0.01634884193,-0.9367196424,-6.726640906,20.3948251,-31.35632424,18.92822734,0.05,-0.05,0.05,-0.05
26.888,-0.0007990708076,-0.04578338481,0.01076559432,-0.02722812244,0.04667387228,-0.03849777119,0.6168231183,-1.5600565,2.674215895,-2.20575981,-0.008286427029,-0.474777296,0.3601421348,1.638587252,-6.535094634,5.581934643,-0.05,0.05,-0.05,0.05
26.9,-0.001930720035,-0.1106221094,0.01404893129,-0.01280379345,-0.0136369613,0.01522393102,0.8049444698,-0.7336033263,-0.781340328,0.8722669948,0.002832107558,0.1622678102,6.236890956,-18.60654713,28.25525935,-16.83532492,-0.05,0.05,0.05,-0.05
26.912,0.01173820465,0.6725495857,-0.03149832664,0.04922803049,-0.0600644726,0.03322978238,-1.804721178,2.820558381,-3.441440778,1.903926285,-0.009104986364,-0.5216772912,-5.173725494,19.96690505,-35.77315968,23.72288586,0.05,-0.05,0.05,-0.05
26.924,-0.004077007931,-0.2335953475,0.03080692537,-0.07405825228,0.09235851119,-0.05085379799,1.765106803,-4.243225294,5.291752893,-2.913707997,-0.001746613713,-0.1000735942,4.036580477,-13.42739085,21.30576412,-13.0612554,-0.05,0.05,-0.05,0.05
26.936,0.01303967881,0.7471185621,-0.03124283756,0.05804179221,-0.1036239767,0.07462880038,-1.790082732,3.325549729,-5.937216522,4.275915292,-0.002196221685,-0.1258342334,-1.554204932,4.367146152,-6.945094401,4.476152749,0.05,-0.05,0.05,-0.05
26.948,0.006969150528,0.399302912,0.003808707182,-0.03952737749,0.04725159212,-0.01893673832,0.2182228469,-2.264751905,2.707316804,-1.084995184,-0.007403816514,-0.4242074386,-3.5421513,8.284193267,-12.46641,7.832095673,-0.05,0.05,-0.05,0.05
26.96,0.003657862572,0.2095800874,0.006760999534,-0.03920522768,0.06426258852,-0.04091835614,0.3873767386,-2.246294081,3.681975103,-2.344449111,-0.009099995763,-0.5213913508,3.429125972,-7.839577354,13.17992795,-9.218319766,-0.05,0.05,-0.05,0.05
26.972,-0.00189904835,-0.1088074556,0.001824478057,0.02719124353,-0.05273635622,0.02584343915,0.1045348925,1.557943494,-3.021570638,1.480719991,0.002122804523,0.1216277399,6.123816773,-10.51736715,14.03913062,-9.152235346,-0.04626233403,-0.05,0.05,-0.05
26.984,0.00193236225,0.1107162014,-0.006117938849,0.02535638211,-0.02281510736,-0.004669586538,-0.3505320754,1.452813679,-1.307209361,-0.2675476007,-0.008246250637,-0.4724753583,0.7536969045,-4.29201084,9.023045071,-6.518155437,0.05,-0.05,0.05,0.05
26.996,0.001695954646,0.09717104347,0.005457324611,0.000276281387,-0.02339073802,0.01789315131,0.3126816677,0.01582975743,-1.340190568,1.025202052,0.0002360192862,0.01352290899,3.210140588,-9.294328977,12.12114208,-5.833712826,-0.05,0.003216138463,0.05,-0.05
27.008,0.00675902616,0.3872636726,-0.0102607272,0.01344818029,-0.0335915091,0.03155069837,-0.5878963632,0.7705239728,-1.924651699,1.807721857,0.001146642358,0.06569776772,2.66706851,-5.798043717,7.832362743,-4.047910728,0.05,-0.05,0.05,-0.05
27.02,0.006182478953,0.3542299509,-0.02326391589,0.05116218294,-0.07468195502,0.05127379256,-1.332924195,2.931377153,-4.278960829,2.937771913,0.004490104594,0.2572640428,-1.477248709,8.410839103,-13.72073633,8.22749331,0.05,-0.05,0.05,-0.05
27.032,-0.005239309652,-0.3001903306,0.01169519712,-0.01869071452,0.03556123572,-0.02195196875,0.6700854354,-1.070899058,2.037508721,-1.257755161,0.006613749576,0.3789399375,-4.121154313,10.32414997,-14.83977699,8.951183499,-0.05,0.05,-0.05,0.05
27.044,-0.005868322449,-0.3362301091,0.01467069218,-0.04011184931,0.08830305141,-0.06038440225,0.8405687443,-2.298239674,5.059392164,-3.459771397,0.002477492029,0.141949837,1.108425533,-7.83523064,15.86565068,-10.69605066,-0.05,0.05,-0.05,0.05
27.056,-0.002736575334,-0.156794217,-0.01157583858,0.04921520302,-0.06729741552,0.04405081752,-0.6632466948,2.819823421,-3.855857881,2.523925928,0.01439276644,0.8246447725,4.544202404,-6.278521828,4.277159027,-0.9067854028,0.05,-0.05,0.05,-0.05
27.068,-0.001640225376,-0.09397799148,-0.001698888176,0.01173375445,-0.02567682072,0.03072771049,-0.09733912233,0.6722946079,-1.471173459,1.760568125,0.01508575605,0.8643501523,-8.409890144,20.77081161,-32.90134495,21.49589413,0.04578543001,-0.05,0.05,-0.05
27.08,-0.0005602438432,-0.03209960771,0.008207177967,-0.03722565349,0.054303993,-0.01508651574,0.4702366592,-2.132872834,3.111389609,-0.8643936796,0.01019900174,0.5843597547,-2.864786722,3.244632799,-2.771048703,1.579608087,-0.05,0.05,-0.05,0.05
27.092,0.0009467891633,0.05424702315,-0.001295603596,-0.01675753858,0.0431356549,-0.01958348234,-0.07423261796,-0.9601362356,2.471490972,-1.122050886,0.005499030388,0.3150712326,4.411360978,-7.882339386,10.85259074,-7.234353007,0.02409191813,0.05,-0.05,0.05
27.104,3.693807871e-05,0.002116396014,-0.005070980828,0.01818973767,-0.01579246722,0.00873894773,-0.2905457995,1.042195199,-0.9048417198,0.5007048223,0.006065237351,0.347512502,-4.962278538,11.43870586,-14.2806667,6.96134586,0.05,-0.05,0.05,-0.05
27.116,-0.001774820837,-0.1016897433,-0.001923444422,0.03352977479,-0.04471488552,0.01782825634,-0.1102052475,1.921114584,-2.561974222,1.021483845,0.004719701193,0.2704189589,2.620909488,-1.094565585,-3.686317844,3.24489792,0.03969486781,-0.05,0.05,-0.05
27.128,0.003391327336,0.1943087433,-0.001575455635,0.02345998074,-0.04565945705,0.02268322219,-0.0902669587,1.344157884,-2.616094184,1.299652898,-0.001091709758,-0.06255036156,-5.112882061,11.26281688,-18.79548223,12.74959506,0.03977290603,-0.05,0.05,-0.05
27.14,0.009980963787,0.5718671005,-0.004972924757,-0.001104840849,-0.005463366107,0.002337082915,-0.2849276004,-0.06330271768,-0.3130278199,0.1339049874,-0.009204048799,-0.5273531506,-6.819734581,15.10723349,-22.50003907,14.23774204,0.05,0.009199265189,0.05,-0.05
27.152,0.009643091011,0.5525084164,-0.008019262683,0.008461741218,-0.01113442636,0.0007261168818,-0.4594699065,0.4848220591,-0.6379556377,0.04160343276,-0.009965830942,-0.5710000523,-4.16899591,14.10886044,-23.23732713,14.58728388,0.05,-0.05,0.05,-0.03056185528
27.164,0.008180867256,0.4687291665,-0.01024502795,0.02861769276,-0.04882027081,0.0256365399,-0.5869968623,1.639673015,-2.797195472,1.468865537,-0.0048110661,-0.2756537825,-7.113215539,19.26483582,-29.65165944,18.54378415,0.05,-0.05,0.05,-0.05
27.176,0.001530663616,0.08770056503,0.01778715256,-0.04682750743,0.07635277912,-0.05509659611,1.019128771,-2.683018541,4.374691997,-3.156802422,-0.007784171856,-0.4460001944,-1.126482496,0.5850311551,1.054364168,-1.023508545,-0.05,0.05,-0.05,0.05
27.188,0.0001999987451,0.011459084,0.01478527606,-0.02921664124,0.04185690848,-0.0280768567,0.847133917,-1.673990234,2.398224199,-1.608685391,-0.0006513134008,-0.03731750901,8.638725739,-21.60821475,31.87532958,-19.07327117,-0.05,0.05,-0.05,0.05
27.2,0.004074007166,0.2334234163,-0.005037393829,0.02230713757,-0.04990975735,0.04086985467,-0.2886214062,1.278104836,-2.859618453,2.341670182,0.008229841064,0.471535159,1.040930224,-2.037650797,2.129005379,-0.4311386414,0.05,-0.05,0.05,-0.05
27.212,0.005454780824,0.3125359194,-0.01736620622,0.02760184055,-0.01860397113,0.01309906637,-0.9950103224,1.581468971,-1.065929028,0.7505212185,0.004730729573,0.2710508385,-1.123649596,4.629547754,-5.717493296,2.999768382,0.05,-0.05,0.05,-0.05
27.224,-0.004813999736,-0.2758218674,0.0114733634,-0.01022277013,0.01080533103,0.004622118148,0.6573752996,-0.5857215836,0.619099864,0.2648278623,0.01667804244,0.9555814423,-1.010477374,-3.016312942,10.3075861,-7.981477788,-0.05,0.05,-0.05,-0.05
27.236,-0.003770630677,-0.2160412239,-0.002015282607,0.01504503826,0.004348986266,-0.004814021599,-0.1154671879,0.8620171947,0.2491785582,-0.2758231201,0.01256472032,0.7199054449,4.898048065,-4.529398347,-1.931503158,4.202449617,0.03943816928,-0.05,-0.05,0.05
27.248,-0.003285476028,-0.1882439101,0.007131852598,-0.00214229506,-0.004868822662,0.0179966512,0.408625054,-0.1227444654,-0.2789629897,1.031132159,0.01811738608,1.038049758,-7.235586824,13.08817791,-13.32861833,5.779151701,-0.05,0.03404231341,0.05,-0.05
27.26,-0.004873073608,-0.279206551,0.004423575704,0.01005437026,-0.001704762712,0.0009101741696,0.2534522182,0.5760729817,-0.09767570849,0.05214913854,0.01368335742,0.78399863,6.434192312,-7.889740228,3.39883757,0.1998790902,-0.05,-0.05,0.0341059421,-0.02022371082
27.272,9.80054084e-05,0.005615296271,0.006640634512,-0.01452239958,0.01628073446,0.002726662758,0.3804803308,-0.8320722045,0.9328173717,0.1562262682,0.01112563214,0.6374517662,-1.286027382,-6.979519789,17.80522251,-12.44914523,-0.05,0.05,-0.05,-0.04753743544
27.284,0.000303026485,0.01736213867,0.005718384916,-0.01803897051,0.03761860238,-0.01965074917,0.3276393213,-1.033556877,2.155387147,-1.125904991,0.005647267613,0.3235646,7.705393545,-16.62986684,22.70024805,-13.71158269,-0.05,0.05,-0.05,0.05
27.296,-0.0006374415694,-0.03652271161,0.008671700313,-0.01084481926,0.01018400646,0.0005130852885,0.4968518292,-0.6213623729,0.5835005885,0.02939762156,0.008523972804,0.4883876663,3.292817402,-12.1954053,21.06338271,-13.64420573,-0.05,0.05,-0.05,0.002356329386
27.308,0.00167870057,0.09618245774,0.004434329582,-0.007938144443,0.01129283173,-0.003758422489,0.25406837,-0.4548221738,0.6470315966,-0.2153417462,0.004030594376,0.2309360467,2.337747962,-3.291046124,2.856157338,-1.56066655,-0.05,0.05,-0.05,0.05
27.32,0.006030270133,0.3455090279,-0.009456137157,0.01297177831,-0.006348667866,0.001439263391,-0.5417967496,0.7432281499,-0.3637518743,0.0824637179,-0.001393763324,-0.07985675611,-0.5939850495,0.4677380423,1.02296811,-1.33650142,0.05,-0.05,0.05,-0.03032729318
27.332,0.0008980773701,0.05145604298,0.006737285216,-0.01136863463,0.018461489,-0.01194991809,0.3860180082,-0.6513747834,1.057765403,-0.6846798722,0.001880221491,0.107728756,-0.803597598,1.614765422,-2.276447897,1.446828421,-0.05,0.05,-0.05,0.05
27.344,0.0008769104299,0.05024326664,-0.0008589341384,0.01372273765,-0.0173798729,0.00862643405,-0.04921330101,0.7862549509,-0.9957933655,0.4942582633,0.004110364667,0.2355065477,0.3780581525,-1.341386685,3.524445488,-2.811264217,0.01851849289,-0.05,0.05,-0.05
27.356,-0.0008740019219,-0.05007662141,0.00809910207,-0.01608455469,0.03088587367,-0.01963971856,0.4640443665,-0.9215770991,1.769630208,-1.125272984,0.003260702493,0.1868244911,6.452874979,-15.61367724,21.74054207,-12.48115214,-0.05,0.05,-0.05,0.05
27.368,-0.001258875587,-0.07212825805,0.009656740273,-0.01032913453,-0.004316174851,0.01630632972,0.5532904615,-0.5918158144,-0.2472986026,0.9342838723,0.01131776062,0.6484599169,6.473193407,-15.65781148,21.69277578,-12.38363875,-0.05,0.05,0.05,-0.05
27.38,0.01200040766,0.6875727116,-0.03749039638,0.05942845855,-0.06626341727,0.04571412656,-2.148041485,3.404999858,-3.796614146,2.619226516,0.001388771451,0.07957074284,-3.607191406,10.59252499,-15.86261101,9.668763395,0.05,-0.05,0.05,-0.05
27.392,0.0003538473807,0.02027396151,0.003613666947,-0.02406621262,0.04740722398,-0.02130456814,0.2070478646,-1.378892412,2.716233853,-1.220661839,0.005650110172,0.3237274667,-1.597180346,6.268261662,-12.41880701,8.776210177,-0.05,0.05,-0.05,0.05
27.404,-0.001792060397,-0.1026774974,0.0100613391,-0.02925497598,0.04279870585,-0.01464323627,0.5764722666,-1.676186654,2.452185214,-0.8389956367,0.008961832694,0.5134751901,-2.419357565,3.683925951,-2.89524268,0.755645935,-0.05,0.05,-0.05,0.05
27.416,-0.005056952079,-0.2897420114,0.0106751452,-0.01573685974,0.04259494023,-0.03342990116,0.6116407654,-0.9016556456,2.440510304,-1.915392246,0.004103324529,0.2351031775,1.706411228,-4.432792668,9.168516409,-7.494874882,-0.05,0.05,-0.05,0.05
27.428,-0.005694672567,-0.3262807038,0.01052344692,-0.003414003401,0.02527055512,-0.031293443,0.6029490945,-0.1956079861,1.447896154,-1.79298221,0.00108655564,0.06225505236,4.019565123,-9.501118764,11.60774284,-6.289785657,-0.05,0.05,-0.05,0.05
27.44,0.004091897653,0.2344484657,0.002264001251,-0.01982255157,0.03469681828,-0.02211874387,0.1297177165,-1.135748544,1.98798125,-1.267310672,-0.004980475915,-0.2853602499,-1.922934674,-1.142234539,1.138165028,1.14501284,-0.04788509286,0.05,-0.05,0.05
27.452,0.00548463024,0.3142461649,0.01304320073,-0.053622406,0.05390323194,-0.01516093917,0.7473203533,-3.072337551,3.088427693,-0.8686578277,-0.001836912491,-0.105247333,3.22415675,-8.730248222,10.77467032,-5.304738899,-0.05,0.05,-0.05,0.05
27.464,0.009557522472,0.5476057002,-0.001765029277,-0.0272454493,0.02053721654,0.004836960236,-0.1011287283,-1.561049256,1.176695831,0.2771374072,-0.003636301799,-0.2083447461,3.237218631,-10.81303595,21.42256189,-15.38514373,0.03559342545,0.05,-0.05,-0.05
27.476,0.001856707208,0.1063814868,-0.009226017852,0.04183912498,-0.06061178782,0.02631512721,-0.5286118846,2.39720528,-3.472799631,1.507745726,-0.001683553488,-0.09646050944,3.566944599,-2.234158054,3.013815678,-3.776321125,0.05,-0.05,0.05,-0.05
27.488,-0.0009929003875,-0.05688900168,-0.004629980208,0.04502181314,-0.05838832333,0.013173957,-0.2652783251,2.579559879,-3.3454045,0.7548121355,-0.004822533397,-0.2763108102,-4.98861991,12.249444,-19.05992687,12.11749998,0.05,-0.05,0.05,-0.05
27.5,0.003320142613,0.1902301591,-0.005242830234,0.02226280332,-0.02319346973,-0.004580127093,-0.3003920451,1.275564671,-1.328887928,-0.2624219521,-0.01075362374,-0.6161372546,-6.322023218,14.44438058,-22.61306281,14.74310924,0.05,-0.05,0.05,0.05
27.512,0.003244356908,0.185887958,0.01172633309,-0.03616679932,0.04448414344,-0.02931540898,0.6718693954,-2.072204959,2.548753674,-1.679649209,-0.009271731765,-0.5312310989,-3.715986915,5.213225249,-6.429521478,4.463588887,-0.05,0.05,-0.05,0.05
27.524,0.003854263882,0.2208330536,0.005743872865,-0.03190491397,0.0485692944,-0.03057445867,0.3290996732,-1.828016916,2.782815583,-1.751787443,-0.008166205377,-0.4678891027,2.219307162,-6.564533178,10.87389279,-6.715846778,-0.05,0.05,-0.05,0.05
27.536,0.001085124174,0.06217303541,0.0004649668974,-0.0008546874142,-0.001195498843,0.001143239681,0.02664064084,-0.04896998164,-0.0684970381,0.06550280872,-0.0004419796781,-0.02532357018,0.5378769922,0.8386421471,-0.2581465425,-0.7647958041,-0.01076714874,0.01796448097,0.02655912108,-0.02438647719
27.548,-0.002400558914,-0.1375418942,0.0004173634604,0.01164127144,-0.01376439179,0.00514782108,0.0239131648,0.6669957216,-0.7886415573,0.2949484216,0.003442064185,0.1972157506,-0.6534694576,0.9737103904,-3.441237445,3.800158277,-0.008528526671,-0.05,0.05,-0.05
27.56,0.0009527608167,0.05458917368,-0.003382966976,0.0002422768714,-0.0001335493753,0.007331378088,-0.1938297299,0.0138814422,-0.007651815562,0.4200570224,0.004057138608,0.2324569191,-2.29501183,4.830663313,-4.41305947,1.426207326,0.05,-0.01016075448,0.007351145727,-0.05
27.572,-0.003146078687,-0.1802570308,-8.130616799e-05,0.01055232108,-0.00448303699,-0.003357241767,-0.004658500274,0.6046034621,-0.2568590989,-0.1923557841,0.002630736156,0.1507300788,-0.8397813697,1.894315619,-3.141900896,1.920743144,0.002628517065,-0.05,0.05,0.05
27.584,0.005075568076,0.2908086294,-0.009020276301,-0.003766575188,0.01401035206,-0.00495754629,-0.5168237621,-0.2158088615,0.8027340426,-0.2840464791,-0.003734045717,-0.2139450601,-0.3042623796,-3.732542867,9.637997511,-7.191078602,0.05,0.05,-0.05,0.05
27.596,0.0004346041999,0.02490098641,0.002320418219,-0.006253504284,0.00745790314,-0.006358845842,0.1329501706,-0.3582994027,0.427306374,-0.3643350293,-0.002834028767,-0.1623778874,1.221789951,-4.252941779,9.723421846,-7.965567201,-0.05,0.05,-0.05,0.05
27.608,0.000745482169,0.04271298199,0.002092915679,-0.009572491839,0.01774936637,-0.01602474668,0.1199152353,-0.5484633818,1.016963782,-0.9181503525,-0.005754956468,-0.3297347169,0.4468718834,-6.43927179,14.45727427,-10.13438739,-0.04649101683,0.05,-0.05,0.05
27.62,0.001701137095,0.0974679759,-0.006818985184,0.0122122312,-0.0101173128,-0.0004106820526,-0.3906990716,0.699709306,-0.5796793237,-0.02353034833,-0.005134748845,-0.2941994377,-4.371556078,10.37748573,-15.76733908,9.966274376,0.05,-0.05,0.05,-0.0009312692199
27.632,-0.001522446927,-0.08722978345,0.007160471956,-0.007867842755,-0.01100319497,0.01418948209,0.4102648224,-0.4507941837,-0.6304366328,0.8129974371,0.002478916321,0.142031443,5.130408163,-11.33005936,14.21224747,-7.584114297,-0.05,0.05,0.05,-0.05
27.644,0.003078430651,0.1763810838,-0.01152949553,0.01971084571,-0.03146749415,0.02148230426,-0.6605914338,1.12934827,-1.802954606,1.230845368,-0.00180383971,-0.1033524023,2.804204463,-5.543030587,8.104988668,-5.130238035,0.05,-0.05,0.05,-0.05
27.656,2.729535302e-05,0.001563908528,-0.00421008016,0.009504614005,-0.0207664106,0.01631375879,-0.2412198246,0.5445742684,-1.189827683,0.9347095264,0.0008418820333,0.04823628736,3.336696423,-7.202149779,10.122403,-6.070394302,0.05,-0.05,0.05,-0.05
27.668,0.001522712253,0.08724498554,-0.0115797315,0.0196968405,-0.02528717316,0.01597781422,-0.6634697431,1.12854583,-1.448848298,0.9154613208,-0.001192249941,-0.06831088974,-0.3477448532,0.2000047038,2.735658471,-3.064391854,0.05,-0.05,0.05,-0.05
27.68,-0.006239455458,-0.3574944642,0.0128608095,-0.0150425122,0.00703230444,-0.0005728946918,0.7368701057,-0.8618724621,0.4029213647,-0.03282444794,0.004277707056,0.2450945603,3.602346835,-10.9399578,15.95822662,-9.256502881,-0.05,0.05,-0.05,0.0218601861
27.692,0.0009181225291,0.052604546,-0.004856371129,0.005483945273,-0.01576329563,0.01377518376,-0.2782495694,0.3142069192,-0.9031703107,0.7892598917,-0.001360537721,-0.07795306928,-1.485023546,7.535418584,-14.63706981,9.786463236,0.05,-0.05,0.05,-0.05
27.704,0.0001057140211,0.006056967245,-0.002060268932,-0.008335589735,0.02643109014,-0.02485892276,-0.1180447145,-0.4775941116,1.514389913,-1.424311357,-0.008823691287,-0.5055602705,3.908000318,-10.7972956,18.67230262,-12.85510346,0.04141791619,0.05,-0.05,0.05
27.716,-0.004345578836,-0.2489833268,0.01430386209,-0.02225859875,0.02128635938,-0.01845573963,0.8195509283,-1.275323766,1.219618554,-1.057435989,-0.005124116916,-0.293590273,2.059614387,-10.72676576,20.15621,-13.63622195,-0.05,0.05,-0.05,0.05
27.728,-0.00067137836,-0.03846714649,0.002330789177,0.002567657939,-0.01055584306,-0.003468896886,0.1335443828,0.1471159631,-0.6048052567,-0.1987531512,-0.009126292834,-0.522898062,6.359540824,-15.1782142,22.54865866,-14.26419443,-0.05,-0.04131026045,0.05,0.05
27.74,0.008781464436,0.5031408501,-0.02266422633,0.04773658471,-0.09414268167,0.06110864389,-1.298564515,2.735104832,-5.393978332,3.501267387,-0.00796167939,-0.4561706269,-3.473541307,10.28290432,-18.20356852,12.51486747,0.05,-0.05,0.05,-0.05
27.752,0.003752074811,0.2149780511,0.01190145836,-0.06533058346,0.09046552504,-0.05319793824,0.6819033341,-3.743166706,5.183292776,-3.04801734,-0.01616153831,-0.9259879356,-2.469380406,1.286542303,2.433312994,-2.507965828,-0.05,0.05,-0.05,0.05
27.764,0.006261407272,0.3587522105,-0.02715998598,0.06626874872,-0.1162470175,0.07424834126,-1.556152568,3.796919615,-6.660463486,4.25411659,-0.002889913552,-0.1655798497,3.927737298,-5.374704914,6.179150053,-3.692360034,0.05,-0.05,0.05,-0.05
27.776,-0.00140791135,-0.08066737831,0.01312360195,-0.06986079291,0.1370435445,-0.09941110659,0.7519270037,-4.002728587,7.852016711,-5.695836844,-0.01910475303,-1.094621717,-4.866418951,6.64768351,-3.574013425,0.2009173494,-0.05,0.05,-0.05,0.05
27.788,-0.002968438147,-0.1700789776,-0.01151933606,0.04803496517,-0.07740890507,0.04233902207,-0.6600093388,2.752200773,-4.435203557,2.425847273,0.001445746114,0.08283515057,6.430697594,-9.278019977,7.357657689,-2.45623513,0.05,-0.05,0.05,-0.05
27.8,-0.007368065663,-0.4221590657,0.02337141624,-0.04633657933,0.03516672697,-0.007972023232,1.339083512,-2.654890433,2.014905035,-0.4567632854,0.004229540651,0.2423348286,-5.699716468,13.41411171,-22.96057628,16.15986967,-0.05,0.05,-0.05,0.05
27.812,-0.001441111405,-0.0825696013,0.008609660061,-0.03941239696,0.02848049295,0.006801199103,0.4932971845,-2.258164006,1.631812045,0.3896800043,0.004478955156,0.2566252271,3.629496696,-16.98907858,32.03304213,-20.92369034,-0.05,0.05,-0.05,-0.05
27.824,0.00554081875,0.3174655294,-0.03842233149,0.05617237882,-0.0565816059,0.03717518637,-2.201437433,3.218440232,-3.241887216,2.129981282,-0.001656372194,-0.09490313604,-1.618964465,10.20712401,-16.16473251,9.263427069,0.05,-0.05,0.05,-0.05
27.836,-0.01221236004,-0.6997166882,0.008708678631,-0.01636138733,0.04735608025,-0.03414960308,0.4989705307,-0.9374384411,2.713303533,-1.956628128,0.005553768474,0.3182074939,-2.218544913,8.559973662,-14.1307299,8.664562815,-0.05,0.05,-0.05,0.05
27.848,-0.01556195101,-0.8916341137,0.01600674103,-0.01175404678,0.01974939842,-0.01224981388,0.9171187048,-0.6734572729,1.131557177,-0.7018626351,0.01175227878,0.673355974,-0.3323695151,1.427326387,-5.283981015,4.694809181,-0.05,0.05,-0.05,0.05
27.86,-0.003635624728,-0.2083059528,-0.008043436285,-0.006580152959,0.0311622972,-0.0149823834,-0.4608549519,-0.3770149931,1.785468109,-0.8584273356,0.001556324556,0.08917082864,-3.869494285,5.92012222,-7.353662971,4.856677237,0.05,0.05,-0.05,0.05
27.872,-0.005416887308,-0.3103647808,0.001553136407,-0.02123118127,0.02828890892,-0.00125888356,0.08898816112,-1.216457081,1.620835088,-0.07212871487,0.007351980496,0.4212374535,-2.321639659,6.049841265,-11.41491691,8.221883412,-0.03184736129,0.05,-0.05,0.0194735549
27.884,-0.004999519088,-0.2864513434,0.00800087687,-0.04361564313,0.05841331986,-0.01857586451,0.458416477,-2.498992272,3.346836695,-1.064318637,0.004222689094,0.2419422633,-2.074531472,2.461979328,-1.448031668,0.02070227335,-0.05,0.05,-0.05,0.05
27.896,-0.006521331026,-0.3736447446,0.003942302888,-0.02062992151,0.04604303682,-0.03227381377,0.2258773171,-1.182007434,2.638071686,-1.849153318,-0.002918395577,-0.1672117495,3.794010012,-5.986062027,9.028410745,-7.180264657,-0.05,0.05,-0.05,0.05
27.908,-0.01046079439,-0.5993593688,0.01337892587,-0.009956213525,0.01616852088,-0.02315475059,0.7665559868,-0.5704490149,0.9263880076,-1.326669484,-0.003563517359,-0.2041745049,1.707953732,-2.006008834,-0.200481492,0.6748087118,-0.05,0.05,-0.05,0.05
27.92,0.001909311968,0.1093955175,-0.005637684696,-0.01032516408,0.02218992624,-0.02141900687,-0.3230155393,-0.5915883244,1.271389121,-1.227218695,-0.01519192941,-0.8704334376,-5.549604475,7.834962789,-9.524150193,6.096304295,0.05,0.05,-0.05,0.05
27.932,0.0009060848002,0.05191483493,0.005025313701,-0.03252925381,0.03315272675,-0.01780952278,0.2879292658,-1.863788954,1.899511322,-1.02041049,-0.01216073614,-0.6967588565,-1.039447291,3.255286865,-7.067305437,5.34374537,-0.05,0.05,-0.05,0.05
27.944,0.001531885122,0.08777055218,-0.005459017211,-0.00148854945,-0.004188623891,-0.001539615357,-0.3127786465,-0.0852876011,-0.2399904709,-0.08821346205,-0.01267580591,-0.7262701805,-4.280539454,8.691054809,-9.915481271,4.726404428,0.05,0.0240570331,0.05,0.02914513344
27.956,-0.001285261916,-0.07364008338,-0.001790691748,-0.0007959158728,-0.002830772229,-0.005803493776,-0.1025990796,-0.04560262036,-0.1621913015,-0.3325156998,-0.01122087363,-0.6429087012,-2.063847145,0.4953150736,4.22551922,-3.935471176,0.04145906561,0.01701483413,0.05,0.05
27.968,-0.002345415403,-0.1343824038,0.001040291992,-0.002421974433,-0.02109879128,0.02016065608,0.05960434059,-0.1387689131,-1.208871693,1.155120506,-0.002319817641,-0.13291576,-3.470946117,9.619887324,-17.93125613,13.14923555,-0.0194154777,0.0436635502,0.05,-0.05
27.98,0.001228037047,0.07036133986,-0.01300424297,0.01260006615,-0.03055200685,0.02919246602,-0.7450882382,0.721930612,-1.750501048,1.672605096,-0.001763717657,-0.101053578,-3.978778841,13.89905376,-23.91622358,15.9081758,0.05,-0.05,0.05,-0.05
27.992,-0.004069071457,-0.233140621,0.002079456859,-0.01178262383,-0.008775202846,0.02470458861,0.1191441017,-0.6750946172,-0.5027820875,1.415468662,0.006226218792,0.3567360591,-5.384824172,13.24967542,-20.1090313,12.89973224,-0.04036322673,0.05,0.05,-0.05
28.004,-0.003391576583,-0.1943230241,-0.01221499089,0.01595014846,-0.02031812537,0.021124806,-0.6998674245,0.9138761895,-1.164142831,1.210362227,0.004541838209,0.2602281606,0.0960159093,7.363576675,-17.22844496,12.23840923,0.05,-0.05,0.05,-0.05
28.016,-0.007068761908,-0.4050102237,-0.004723581518,0.01605548525,-0.02161861861,0.01543693607,-0.2706412852,0.9199115431,-1.238655605,0.8844712853,0.00515022119,0.2950859378,-3.040262638,4.157015441,-0.1526580302,-2.71107416,0.05,-0.05,0.05,-0.05
28.028,-0.009292484662,-0.5324201523,0.008156426886,-0.004805880475,0.003326841259,-0.00485024158,0.4673288365,-0.275356668,0.1906139633,-0.2778983721,0.001827146091,0.1046877596,3.77242059,-10.01515654,14.05546833,-8.517311562,-0.05,0.05,-0.05,0.05
28.04,-0.002992250354,-0.1714433165,0.00297619964,-0.01514064283,0.01342117032,-0.004785016928,0.1705236783,-0.8674949331,0.7689764157,-0.2741612749,-0.003528289791,-0.2021561139,4.181091396,-10.20015758,11.66511048,-5.366245621,-0.05,0.05,-0.05,0.05
28.052,8.864036432e-05,0.00507871877,-0.007490846316,0.01140487219,-0.02512285265,0.015432708,-0.4291938789,0.6534510424,-1.439433426,0.8842290346,-0.005776118781,-0.3309472281,-2.086359578,9.49847255,-14.77234602,7.971414279,0.05,-0.05,0.05,-0.05
28.064,-0.003748139393,-0.2147525682,0.001507692624,0.007836842223,-0.01474499485,-0.003186215841,0.08638442413,0.4490179841,-0.8448259741,-0.1825567203,-0.008586675847,-0.4919802861,2.016478783,-5.349300135,8.298927302,-5.478214017,-0.0351857165,-0.05,0.05,0.05
28.076,-0.001741243695,-0.09976591485,0.007822586872,-0.01892960672,0.008094080987,-0.004606737249,0.4482012127,-1.084586573,0.4637566796,-0.2639466017,-0.007619676105,-0.4365752821,0.9224956237,-3.270460361,3.962886185,-1.538516541,-0.05,0.05,-0.05,0.05
28.088,8.351081917e-05,0.004784817482,-0.006783687326,0.01045827356,-0.01755336024,0.006250069894,-0.3886766533,0.599214936,-1.005733458,0.3581026266,-0.007628704111,-0.4370925487,-1.328958744,9.628188485,-17.44688351,11.07855315,0.05,-0.05,0.05,-0.05
28.1,-0.004229045675,-0.2423064686,0.001261112437,0.002865477164,-0.003570295063,-0.005156841276,0.07225642015,0.1641797478,-0.2045628387,-0.2954652407,-0.004600546737,-0.2635919115,0.6237510328,-5.987184725,13.25626833,-9.229646587,-0.02836822466,-0.05,0.05,0.05
28.112,-0.00265781108,-0.1522813576,-0.0009386274311,0.00478535562,-0.02735194432,0.02697619289,-0.05377939034,0.2741806805,-1.567150971,1.545622,0.003470976756,0.1988723189,5.131362516,-9.730635094,9.667580522,-3.668621422,0.01551844097,-0.05,0.05,-0.05
28.124,0.002265653116,0.1298123614,-0.01136649824,0.006564147377,-0.02310398919,0.02951555342,-0.6512523768,0.3760979408,-1.32376107,1.691116641,0.00160921337,0.09220113441,-2.078796866,1.639069157,2.604742967,-3.245078643,0.05,-0.05,0.05,-0.05
28.136,-0.009044763358,-0.5182267671,0.006458569578,0.008388035956,-0.02160111747,0.01380124211,0.3700487785,0.4805990587,-1.237652864,0.7907529249,0.007046730173,0.4037478983,4.88947409,-4.277761433,2.562643253,-1.771470036,-0.05,-0.05,0.05,-0.05
28.148,-0.005645675178,-0.3234733602,7.743197506e-05,0.001833926239,0.01965616758,-0.02627669585,0.004436525371,0.1050762334,1.126215444,-1.505543772,-0.004709170059,-0.2698155694,-2.181267324,0.2005282073,3.714326736,-3.293818595,0.0004777638729,-0.04054690546,-0.05,0.05
28.16,-0.0001406301897,-0.008057516341,-0.006240865804,0.01517006807,-0.03463631368,0.02487583226,-0.3575752711,0.8691808751,-1.984514592,1.4252802,-0.0008312791576,-0.04762878733,-5.880764981,13.38734148,-21.33543358,14.11351703,0.05,-0.05,0.05,-0.05
28.172,0.001891240536,0.1083601008,0.0004960283805,-0.01734094537,0.007044861454,0.006389588596,0.02842033272,-0.9935629825,0.4036408285,0.3660964594,-0.00341046694,-0.1954053619,-5.422806376,12.96938467,-20.63863271,13.55809362,-0.005489817995,0.05,-0.05,-0.05
28.184,-0.001615411169,-0.09255624216,0.01031403777,-0.04651736247,0.0818141557,-0.05725789573,0.5909508341,-2.665248544,4.687605826,-3.280635769,-0.01164706473,-0.6673276526,0.8981232991,-5.208837293,13.39011808,-10.81431768,-0.05,0.05,-0.05,0.05
28.196,-0.0005225512395,-0.0299399806,-0.01969232196,0.063168656,-0.07929883822,0.0303185646,-1.128286937,3.619297386,-4.54348875,1.737125792,-0.005503939574,-0.3153525083,4.233975309,-5.41731406,5.696997252,-3.585261155,0.05,-0.05,0.05,-0.05
28.208,-0.007540023119,-0.4320115022,0.008849353511,0.01081148921,-0.01056115407,-0.01519526176,0.5070306076,0.619452702,-0.6051095549,-0.8706243675,-0.006095573108,-0.3492506128,-6.992556584,19.22035046,-30.01562603,18.42166095,-0.05,-0.05,0.05,0.05
28.22,-0.00479440219,-0.2746990108,0.01904060799,-0.03719997978,0.05027628082,-0.04111468304,1.090946477,-2.131401839,2.880618701,-2.355697814,-0.00899777401,-0.5155344758,0.3690092927,-6.040732085,8.891927889,-4.021229107,-0.05,0.05,-0.05,0.05
28.232,0.002418413902,0.1385649097,0.007148504014,-0.03683718267,0.04369789061,-0.02349128053,0.4095791098,-2.110615096,2.503704705,-1.34595123,-0.009482068582,-0.5432825108,0.9662346482,-4.343780347,6.370192483,-3.096419024,-0.05,0.05,-0.05,0.05
28.244,0.00107855972,0.06179691993,0.01076514475,-0.04343447817,0.04479331176,-0.01625494696,0.6167973598,-2.488612285,2.566467714,-0.9313398569,-0.004130968618,-0.2366870671,2.246149324,-8.154001948,15.57514038,-10.70529206,-0.05,0.05,-0.05,0.05
28.256,-0.001340033484,-0.07677826302,0.0005601513983,-0.007510010833,0.02438897964,-0.02422842978,0.03209431101,-0.4302919248,1.3973856,-1.388186771,-0.006789309571,-0.3889987842,6.196880724,-14.94749113,26.3885451,-18.7120299,-0.01852021149,0.05,-0.05,0.05
28.268,-0.007056697656,-0.404318993,0.006775142344,0.009640397706,-0.002658026835,-0.01691844687,0.3881870619,0.5523541014,-0.1522937195,-0.9693556015,-0.003160933653,-0.1811081577,6.416675327,-13.28831268,18.22026655,-11.18148257,-0.05,-0.05,0.04025632382,0.05
28.28,-0.0008797762795,-0.05040746773,-0.001246945671,0.01398328329,-0.02977595127,0.01573479172,-0.07144472423,0.8011831162,-1.706036339,0.9015371569,-0.001304821937,-0.07476078999,0.2186785706,-3.559845912,5.543089196,-2.590295724,0.02721412619,-0.05,0.05,-0.05
28.292,0.002122427907,0.1216061614,-0.002558060329,-0.009164396824,0.01628390481,-0.009694347326,-0.1465660606,-0.5250812598,0.9329990198,-0.5554451869,-0.005132899665,-0.2940934875,0.905191295,0.196137748,-1.631282369,1.308528007,0.05,0.05,-0.05,0.05
28.304,1.61114914e-05,0.0009231204591,-0.004879651825,0.01094939812,-0.009024494892,2.527658006e-05,-0.2795834551,0.6273543004,-0.5170654695,0.001448241358,-0.002929472018,-0.1678463828,-0.3028602893,-0.7837345787,5.587538693,-5.507026394,0.05,-0.05,0.05,0.004950941633
28.316,-0.003910046986,-0.22402919,0.01055452354,-0.01924726124,0.02665550005,-0.01761608062,0.6047296535,-1.102786836,1.527247653,-1.009327071,0.0003466817271,0.0198633998,4.900960348,-12.43070459,14.7633426,-6.675140649,-0.05,0.05,-0.05,0.05
28.328,0.001718591979,0.09846806711,0.002353339283,-0.02712488076,0.03436938144,-0.008322973646,0.1348364087,-1.554141187,1.969220501,-0.4768712629,0.001274866316,0.07304445933,0.006094930006,-3.03722781,6.030738426,-3.302015029,-0.05,0.05,-0.05,0.05
28.34,-0.001496868915,-0.08576427134,-0.001026293377,-0.00258426667,0.002373281341,0.008643673277,-0.05880227902,-0.1480675733,0.1359790044,0.4952459982,0.007406394571,0.4243551503,-1.862552075,7.890391389,-13.12403069,8.191457984,0.02444100636,0.04896347536,-0.0390881588,-0.05
28.352,-0.003932502075,-0.2253157718,0.002149263805,-0.01659181614,0.06227174495,-0.04936556261,0.1231437451,-0.9506410394,3.567908168,-2.828438391,-0.001536370004,-0.08802751701,-4.024785248,6.754004009,-5.257910401,1.283438776,-0.04325901846,0.05,-0.05,0.05
28.364,-0.01022575522,-0.5858926164,0.01688176689,-0.02088681389,0.05024925394,-0.04072574202,0.9672539937,-1.196726284,2.879070175,-2.333413136,0.00551846492,0.3161847493,7.427064332,-19.11425398,26.79073044,-15.35518363,-0.05,0.05,-0.05,0.05
28.376,-0.0009225947263,-0.05286078402,-0.01610508511,0.0665657352,-0.1146572917,0.0793438757,-0.9227534054,3.813935687,-6.569378905,4.546069208,0.01514723409,0.8678725844,0.2111354355,1.217940999,-4.989221255,4.522676811,0.05,-0.05,0.05,-0.05
28.388,-0.0001587062353,-0.009093197462,0.01083824754,-0.04472180972,0.0617712576,-0.02364354112,0.6209858411,-2.562370949,3.539232356,-1.354675119,0.004244154295,0.2431721287,-4.972268514,7.611564562,-9.381664854,5.924921484,-0.05,0.05,-0.05,0.05
28.4,0.001929052082,0.1105265428,-0.006163650829,-0.0005195728362,0.01532099144,-0.006912238654,-0.3531511789,-0.02976933066,0.8778281472,-0.3960421018,0.001725529116,0.09886553579,7.473280964,-19.08896634,31.43448556,-21.00836601,0.05,0.03051956874,-0.05,0.05
28.412,2.128850546e-05,0.001219741515,-0.0123643452,0.05353428642,-0.08238943874,0.04884439277,-0.7084247963,3.067288671,-4.720567116,2.798577559,0.007624895253,0.4368743172,1.764380435,-0.5366382131,-0.7074663091,-0.05036178426,0.05,-0.05,0.05,-0.05
28.424,-0.001881084482,-0.1077782017,0.001031695392,0.0250070712,-0.03545714718,0.01044537692,0.05911179171,1.432799638,-2.031544887,0.5984760131,0.001026996328,0.05884255519,-3.449006638,5.815807513,-5.895300908,2.387681453,-0.01924829199,-0.05,0.05,-0.05
28.436,0.002874125985,0.1646752888,0.002545906796,0.002431200711,-0.0163046834,0.0100357689,0.1458697144,0.1392975399,-0.9341895449,0.5750072022,-0.001291806988,-0.07401508837,4.025948278,-7.136714803,4.067467733,0.4021838505,-0.05,-0.04634970084,0.05,-0.05
28.448,0.01057969653,0.6061719598,-0.009660677401,-0.008400141919,0.01303670299,-0.002457795279,-0.5535160423,-0.4812926793,0.7469480602,-0.1408212964,-0.007481911607,-0.4286819578,-0.6857259645,-4.062921672,13.87447435,-11.02952624,0.05,0.05,-0.05,0.05
28.46,0.0008790647004,0.05036669725,0.002465815099,0.001599044093,-2.31137778e-05,-0.00345220554,0.1412807982,0.0916184778,-0.001324321916,-0.1977968075,0.0005895398743,0.03377814665,-1.058365697,7.700989379,-13.5455643,8.224966442,-0.05,-0.04287995943,0.01405406741,0.05
28.472,0.003696002348,0.2117653356,-0.00779287331,0.01556728026,-0.01490680626,0.008805890179,-0.446498751,0.8919394574,-0.854097085,0.5045403421,0.001673490865,0.0958839636,-1.151227791,0.3558504966,1.268299088,-0.7896121446,0.05,-0.05,0.05,-0.05
28.484,-0.0004930356317,-0.02824886084,0.006196721996,-0.0119498678,0.0181254852,-0.00573016061,0.3550460172,-0.6846769907,1.038513804,-0.3283140189,0.006642178789,0.3805688114,-0.7713298139,1.657060672,-2.861411475,2.249098262,-0.05,0.05,-0.05,0.05
28.496,0.001144578548,0.06557952013,-0.00205778992,0.004399151677,0.002792694788,0.0007874454921,-0.1179026775,0.2520528245,0.1600096248,0.04511730329,0.005921502037,0.3392770751,0.7224081766,-0.3345568738,1.276718161,-1.660126011,0.04454897005,-0.05,-0.05,-0.01566367481
28.508,0.0002031746939,0.01164105246,0.002870643178,0.001307977405,0.003827122392,-0.003764358129,0.1644757386,0.074941585,0.2192779607,-0.2156818334,0.004241384845,0.2430134509,1.017399309,-0.6155609292,-2.084396938,2.284530623,-0.05,-0.02815994198,-0.05,0.05
28.52,0.00588479036,0.337173651,-0.006316634255,0.007406523818,-0.01866877102,0.02266178882,-0.3619164835,0.4243625556,-1.069641788,1.298424855,0.005082907361,0.2912291394,-2.892366113,4.242996681,-4.170001027,2.378838087,0.05,-0.05,0.05,-0.05
28.532,-0.001911887057,-0.1095430593,0.01164909088,-0.02011482093,0.03949308273,-0.02807125847,0.6674437425,-1.152494345,2.26278696,-1.608364636,0.002956094205,0.1693717218,4.004995193,-11.60475674,21.57348178,-15.52550123,-0.05,0.05,-0.05,0.05
28.544,-0.001616575174,-0.09262293474,0.0008980248976,0.01381266008,0.009346424852,-0.02561791165,0.05145303653,0.7914071265,0.5355106975,-1.467798217,-0.001560801816,-0.0894273567,5.807342695,-13.31478233,20.55810833,-13.54157514,-0.02556389044,-0.05,-0.05,0.05
28.556,0.0001609360607,0.009220957051,0.007672113533,0.001268358565,-0.01057273857,0.005251354529,0.4395797254,0.0726715927,-0.6057732978,0.3008804512,0.00361908806,0.2073584715,3.568800397,-11.95188034,16.62166404,-8.705489923,-0.05,-0.0159520081,0.05,-0.05
28.568,0.01120539387,0.6420217768,-0.02438745911,0.04738446581,-0.07657626523,0.05634312028,-1.39729848,2.714929906,-4.387496808,3.228222997,0.002763861762,0.1583576141,-2.285548798,8.9342853,-16.74666181,11.74290326,0.05,-0.05,0.05,-0.05
28.58,0.003487349273,0.199810395,0.007851130277,-0.03131511963,0.03964186436,-0.01302081802,0.4498366293,-1.79422419,2.27131152,-0.7460379186,0.003157056985,0.1808860409,-3.634474109,8.201056794,-10.71487549,6.031021936,-0.05,0.05,-0.05,0.05
28.592,0.002733312831,0.1566072893,0.000400443701,-0.009139672081,0.02064675284,-0.008541558068,0.022943734,-0.5236646364,1.182971798,-0.4893952277,0.003365966392,0.1928556683,-2.768875881,7.088989947,-9.570353608,5.40846269,-0.006040885542,0.05,-0.05,0.05
28.604,-0.002501029635,-0.1432984425,0.008034804636,-0.007028871767,0.01522978306,-0.00835911924,0.4603603949,-0.402724687,0.8726022924,-0.4789422529,0.007876596693,0.4512957474,-2.549391245,6.499768777,-9.389196337,5.561487919,-0.05,0.05,-0.05,0.05
28.616,-0.006103327022,-0.3496948794,0.01852329765,-0.02180420255,0.03076982403,-0.01711623315,1.061306778,-1.249288782,1.762981053,-0.9806879208,0.01037268598,0.5943111288,0.1283028609,-0.5746783658,-0.8440882801,1.47505526,-0.05,0.05,-0.05,0.05
28.628,0.002409684516,0.1380647527,-0.006881730769,-0.00208394294,0.04058477756,-0.03206564707,-0.3942941288,-0.1194011352,2.325336467,-1.837226244,-0.0004465432168,-0.02558504169,-3.203554178,6.701130936,-7.701704382,4.025655029,0.05,0.03914561375,-0.05,0.05
28.64,-0.006040841675,-0.3461147327,0.01290181774,-0.003102403175,-0.01050717224,0.01921915452,0.7392197047,-0.1777546082,-0.6020166239,1.10117644,0.01851139685,1.060624912,-1.659577869,6.447743584,-14.10329181,10.74876424,-0.05,0.05,0.05,-0.05
28.652,0.006272285227,0.3593754714,-0.02245686093,0.01919782699,0.007979159085,0.0005401460268,-1.286683352,1.099954462,0.4571721396,0.03094808766,0.005260271174,0.3013913374,-2.897036159,9.312465219,-16.33039858,11.27635093,0.05,-0.05,-0.05,-0.02315956352
28.664,-0.002449062823,-0.1403209635,0.00100232149,0.002927650474,-0.003634937485,0.01652811663,0.05742879108,0.1677420161,-0.2082665767,0.9469913264,0.01682315111,0.9638955568,-3.759022093,9.5454752,-12.08652652,5.838656914,-0.01829205068,-0.05,0.05,-0.05
28.676,-0.001320316622,-0.07564857008,0.0007155200114,0.003923599947,0.008421873126,-0.006331810391,0.04099627681,0.2248057175,0.4825377857,-0.3627860121,0.006729182693,0.3855537679,-2.439479903,4.656397603,-5.557330777,2.223737955,-0.01330196035,-0.05,-0.05,0.05
28.688,0.006452122797,0.3696794052,-0.00567635434,0.004389971934,-0.004998366693,0.003340877892,-0.3252311467,0.251526864,-0.286385316,0.1914182031,-0.002943871207,-0.1686713956,-0.1472446844,-1.16498929,1.262592671,-0.8538068912,0.05,-0.05,0.05,-0.05
28.7,0.006436639919,0.3687923016,-0.002682072533,0.0230305166,-0.06245925898,0.04038899492,-0.1536714365,1.319551401,-3.578651931,2.314118948,-0.001721819989,-0.09865301844,4.215073188,-5.930656796,5.175276929,-3.00234163,0.05,-0.05,0.05,-0.05
28.712,0.01088292242,0.6235455233,-0.01555421654,0.04462483776,-0.06916704648,0.02520815593,-0.8911909614,2.556814865,-3.962979844,1.444320944,-0.01488826932,-0.8530349964,-10.25528599,26.23982508,-37.61686826,21.60339833,0.05,-0.05,0.05,-0.05
28.724,0.0009152173992,0.05243809431,0.01858852292,-0.0227040067,0.04550067,-0.06336698782,1.065043911,-1.300843762,2.606996356,-3.630660962,-0.0219818016,-1.259464458,4.310605092,-9.999567598,14.20462214,-8.99899587,-0.05,0.05,-0.05,0.05
28.736,0.003859361067,0.2211251008,0.007591954392,0.02579123745,-0.06175286793,0.01275042749,0.4349869449,1.477729054,-3.538178705,0.7305456821,-0.0156192486,-0.8949170242,3.451285078,-9.466015825,12.81995204,-7.159682411,-0.05,-0.05,0.05,-0.05
28.748,0.01657439817,0.9496430633,-0.0197950248,0.03203521221,-0.04432219737,0.005055553613,-1.134171376,1.835482455,-2.539474848,0.2896618851,-0.02702645635,-1.548501884,-4.063689421,10.01435508,-17.61520729,12.84270113,0.05,-0.05,0.05,-0.05
28.76,0.01332534602,0.7634860878,-0.0001970115677,-0.007421705078,-0.03836316078,0.03445508468,-0.01128793134,-0.4252323778,-2.198047201,1.974130935,-0.01152679275,-0.6604365757,-4.611055717,12.81021702,-23.70719928,17.27875834,0.008945310205,0.05,0.05,-0.05
28.772,0.01418168364,0.8125506188,-0.005141602658,-0.02769644404,0.02639728846,-0.008971928162,-0.2945921322,-1.586889351,1.512453219,-0.5140536178,-0.0154126864,-0.8830818815,-4.700998954,7.901072939,-6.87985386,3.159165406,0.05,0.05,-0.05,0.05
28.784,0.005241976488,0.3003431291,-0.00448827625,0.005311263781,-0.0109290789,0.004745101005,-0.2571592864,0.3043129985,-0.6261900947,0.271874261,-0.005360990359,-0.3071621216,-0.6080352934,9.527454712,-16.85420002,10.04947052,0.05,-0.05,0.05,-0.05
28.796,0.0008431084659,0.04830655677,-0.003299741746,0.01327330247,-0.00207368649,-0.01362226738,-0.1890612756,0.7605042118,-0.1188134839,-0.780498428,-0.005722393141,-0.3278689757,2.639878742,-7.357981437,13.88291135,-9.895045515,0.05,-0.05,0.03173819142,0.05
28.808,-0.001107472899,-0.06345352303,0.003357896319,0.01599622085,-0.04202092446,0.0272935508,0.1923932871,0.9165159427,-2.407621623,1.563805269,0.004626743507,0.2650928759,4.16608907,-8.139429297,7.95186478,-3.027512928,-0.05,-0.05,0.05,-0.05
28.82,0.005003011423,0.2866514394,-0.00565775777,0.0007285151562,-0.002629887335,0.004626694286,-0.3241656417,0.04174084376,-0.1506814449,0.2650900557,-0.002932435662,-0.1680161871,2.413637024,-7.652772567,12.77980179,-8.04003334,0.05,-0.008374560869,0.04507771958,-0.05
28.832,0.00240238664,0.1376466152,-0.0103182374,0.04105725633,-0.08166353848,0.0577687915,-0.5911914549,2.352407506,-4.678976095,3.309907941,0.006844271958,0.392147897,1.945767935,3.487046226,-12.76513954,9.974155785,0.05,-0.05,0.05,-0.05
28.844,0.0002761798848,0.01582394179,0.01066558392,-0.03052728936,0.03756180456,-0.01913848252,0.6110929447,-1.74908484,2.152132872,-1.096554275,-0.001438383395,-0.08241329786,-6.04165323,10.87646396,-11.92191108,5.844815494,-0.05,0.05,-0.05,0.05
28.856,0.000253581727,0.01452916272,0.004047547023,-0.01230243724,0.02613745537,-0.02262613185,0.2319073618,-0.7048777318,1.49756588,-1.296381861,-0.004743566701,-0.2717863518,1.089127186,0.5404106542,-3.753604893,2.892097404,-0.05,0.05,-0.05,0.05
28.868,0.002582373574,0.1479591069,-0.00544719963,0.01471917441,-0.02090540904,0.007775825555,-0.312101549,0.8433465719,-1.197791707,0.4455219865,-0.003857608704,-0.2210246977,-0.001499790635,-1.209294785,2.70485636,-1.855059608,0.05,-0.05,0.05,-0.05
28.88,5.319357492e-05,0.00304776734,0.005051458344,-0.005576665122,-0.005380784824,0.006267310698,0.2894272435,-0.3195193753,-0.3082962609,0.3590904519,0.0003613190959,0.02070205925,0.4829121647,0.6870269283,-3.709363649,3.488086858,-0.05,0.05,0.05,-0.05
28.892,-0.002374439817,-0.1360453802,0.006940015882,-0.007424843521,0.003114565973,-0.0001279786358,0.3976336198,-0.4254121973,0.1784514853,-0.0073326357,0.002501759698,0.1433402721,1.743293709,-3.297444518,2.881993679,-0.7605247577,-0.05,0.05,-0.05,0.003576054746
28.904,0.002699590702,0.1546751536,-0.01141883148,0.01855053413,-0.02009095898,0.01220065933,-0.6542508507,1.062867313,-1.151127156,0.6990462871,-0.0007585969938,-0.0434644061,-0.7304136851,8.369805886,-18.90339684,13.62556628,0.05,-0.05,0.05,-0.05
28.916,-0.0003684237177,-0.0211091241,-0.002755826555,0.001519533299,0.01093635334,-0.01198153109,-0.1578972307,0.08706284487,0.6266068896,-0.6864911637,-0.002281471009,-0.1307186599,-3.461946849,0.6660747555,9.104959933,-9.191325675,0.05,-0.03409580734,-0.05,0.05
28.928,-0.001410871531,-0.08083698415,0.004376551577,-0.0006395727626,-0.01962577942,0.02059118516,0.2507579342,-0.03664481999,-1.124474331,1.179788005,0.004702384553,0.2694267885,-3.460456954,7.851182155,-12.77463108,8.496580897,-0.05,0.006219418622,0.05,-0.05
28.94,-0.000819197317,-0.04693654885,-0.001842774151,0.008421099745,-0.01061086838,0.002747802362,-0.1055831815,0.4824934743,-0.6079579754,0.1574374783,-0.001284740428,-0.07361020431,-0.6435729006,5.242765796,-9.087014635,5.105446071,0.04118460423,-0.05,0.05,-0.05
28.952,-0.0001538707727,-0.008816145866,-0.00038346457,0.003219473052,-0.004924942756,-0.001753550997,-0.02197090145,0.1844622182,-0.2821784343,-0.1004710713,-0.003842485271,-0.2201581889,1.667763692,-4.056620813,4.935681273,-2.516995302,0.006768456847,-0.05,0.05,0.04109511724
28.964,0.0009386802849,0.05378241864,0.01101297143,-0.03689065478,0.02820314467,-0.002899760428,0.6309967826,-2.113678822,1.615921159,-0.1661440341,-0.0005742991119,-0.03290491529,2.17021516,-10.91908734,19.91594071,-12.653921,-0.05,0.05,-0.05,0.05
28.976,0.001580990486,0.09058408229,0.001360537378,-0.02881610004,0.05131809048,-0.03038371541,0.07795304965,-1.651040915,2.940309997,-1.740858659,-0.006521187601,-0.3736365269,5.121194479,-14.55551392,27.10515857,-19.12769713,-0.0350530168,0.05,-0.05,0.05
28.988,-0.006828718614,-0.3912567561,0.003799430919,0.02077520976,-0.03852843299,0.01941086118,0.2176913562,1.190331838,-2.207516601,1.112160423,0.005457068874,0.312667015,5.991323565,-7.57280839,6.392891204,-3.221963124,-0.05,-0.05,0.05,-0.05
29,-0.002186344836,-0.1252683316,-0.004874785797,0.01028905856,0.005743822417,-0.01651353521,-0.2793046522,0.5895196305,0.3290967828,-0.9461558725,-0.005355440034,-0.3068441114,-5.056506192,6.295367957,-3.567607746,0.6552584493,0.05,-0.05,-0.05,0.05
29.012,-0.00143204256,-0.0820499948,-0.0001811046047,0.007124179945,-0.03284485463,0.03030771687,-0.0103765295,0.4081854434,-1.881871549,1.736504264,0.004405937585,0.2524416284,0.8872222172,-1.717856576,-1.25154575,2.858791834,0.003097079086,-0.05,0.05,-0.05
29.024,0.007825830608,0.448387065,-0.0239298232,0.02460821493,-0.0411464135,0.03879805125,-1.371077874,1.409946857,-2.357515836,2.22296459,-0.001669970528,-0.09568226316,-1.479447531,5.022069433,-8.489682196,5.741274504,0.05,-0.05,0.05,-0.05
29.036,0.0009475263278,0.05428925956,-0.009671681519,0.01652753786,-0.04346970164,0.04235574375,-0.5541465318,0.946958165,-2.490630441,2.426805355,0.005741898449,0.3289865475,-3.737213146,15.14999974,-24.48763205,14.50209228,0.05,-0.05,0.05,-0.05
29.048,-0.003619796237,-0.2073990471,-0.003043491945,0.0065535587,0.005500481404,-0.01208144463,-0.1743792434,0.3754912543,0.3151543698,-0.692215788,-0.003070896474,-0.1759494073,-6.461569459,14.5589842,-16.58810022,7.353034924,0.05,-0.05,-0.05,0.05
29.06,-0.008988189702,-0.5149853354,0.01200739852,-0.003053893621,0.01310576474,-0.02682103653,0.6879732581,-0.1749752156,0.750905007,-1.536732195,-0.004761766893,-0.272829146,-1.736255545,4.880151952,-7.559489367,4.015074626,-0.05,0.05,-0.05,0.05
29.072,-0.006117437864,-0.350503371,0.01818727738,-0.03172046528,0.04749425221,-0.04495139229,1.042054235,-1.817448784,2.721220203,-2.575525061,-0.01099032798,-0.6296994087,0.6495697279,-4.572370114,4.385115255,-0.7979317469,-0.05,0.05,-0.05,0.05
29.084,0.0006825029344,0.03910453765,0.01202537351,-0.03757463898,0.0324422792,-0.017779474,0.6890031494,-2.15286823,1.858805676,-1.018688822,-0.01088646026,-0.623748227,1.103295382,-8.40656431,15.9340178,-10.36170409,-0.05,0.05,-0.05,0.05
29.096,0.004631739111,0.2653791029,-0.004074771708,-0.01620729773,0.0239623578,-0.02006072541,-0.2334672214,-0.928609757,1.372941969,-1.1493949,-0.01638043705,-0.9385299094,1.982359768,-1.149908177,-1.011498099,1.27408739,0.05,0.05,-0.05,0.05
29.108,0.001324685189,0.07589887049,-0.007766242626,0.01502046312,-0.02276239348,0.004272463193,-0.4449729252,0.8606091432,-1.304189078,0.2447941091,-0.0112357098,-0.6437587511,-4.594016048,8.565526845,-9.177303975,4.761439148,0.05,-0.05,0.05,-0.05
29.12,-0.002902879784,-0.16632276,0.007109186234,-0.02069183964,0.02032382954,-0.01173105178,0.407326367,-1.185555081,1.164469656,-0.6721397563,-0.004989875642,-0.2858988146,4.881835103,-12.26551625,16.70371362,-9.017343712,-0.05,0.05,-0.05,0.05
29.132,-0.002518984186,-0.1443271625,0.00481941592,-0.02926308695,0.04410248385,-0.0242511001,0.2761321919,-1.676651378,2.526886191,-1.389485684,-0.004592287286,-0.2631186798,0.4957558197,-2.848620484,6.63922947,-4.602926951,-0.05,0.05,-0.05,0.05
29.144,-0.006068514259,-0.347700255,0.007637973863,-0.02453661306,0.03715763181,-0.01977998286,0.4376236664,-1.405844372,2.128975479,-1.133309537,0.0004790097489,0.02744523696,1.453914163,-4.334828936,7.110371213,-4.416095607,-0.05,0.05,-0.05,0.05
